magnitude,trial,task,auc,w_mb,w_me,w_k,w_r,c_w_psi,c_w_q,c_w_m,c_w_b
0.0,0,wake_vs_deep_sleep,1.0,0.35,0.2,0.2,0.25,0.45,0.2,0.17,0.18
0.0,0,wake_vs_reflex,1.0,0.35,0.2,0.2,0.25,0.45,0.2,0.17,0.18
0.0,0,wake_vs_anxiety,1.0,0.35,0.2,0.2,0.25,0.45,0.2,0.17,0.18
0.0,0,wake_vs_nonwake,1.0,0.35,0.2,0.2,0.25,0.45,0.2,0.17,0.18
0.0,0,integrated_vs_low,1.0,0.35,0.2,0.2,0.25,0.45,0.2,0.17,0.18
0.05,0,wake_vs_deep_sleep,1.0,0.3595884616994587,0.19877756879504105,0.20717195839822766,0.2549342007264841,0.43173798065494423,0.2095124470327351,0.17443937493383602,0.18514915749498517
0.05,0,wake_vs_reflex,1.0,0.3595884616994587,0.19877756879504105,0.20717195839822766,0.2549342007264841,0.43173798065494423,0.2095124470327351,0.17443937493383602,0.18514915749498517
0.05,0,wake_vs_anxiety,0.9955555555555555,0.3595884616994587,0.19877756879504105,0.20717195839822766,0.2549342007264841,0.43173798065494423,0.2095124470327351,0.17443937493383602,0.18514915749498517
0.05,0,wake_vs_nonwake,0.9985185185185185,0.3595884616994587,0.19877756879504105,0.20717195839822766,0.2549342007264841,0.43173798065494423,0.2095124470327351,0.17443937493383602,0.18514915749498517
0.05,0,integrated_vs_low,1.0,0.3595884616994587,0.19877756879504105,0.20717195839822766,0.2549342007264841,0.43173798065494423,0.2095124470327351,0.17443937493383602,0.18514915749498517
0.05,1,wake_vs_deep_sleep,1.0,0.3369839771436441,0.19900771875791134,0.19741596048465163,0.26066912472121506,0.4564739304036299,0.20645523226541662,0.16903804138006465,0.17509029699212597
0.05,1,wake_vs_reflex,1.0,0.3369839771436441,0.19900771875791134,0.19741596048465163,0.26066912472121506,0.4564739304036299,0.20645523226541662,0.16903804138006465,0.17509029699212597
0.05,1,wake_vs_anxiety,1.0,0.3369839771436441,0.19900771875791134,0.19741596048465163,0.26066912472121506,0.4564739304036299,0.20645523226541662,0.16903804138006465,0.17509029699212597
0.05,1,wake_vs_nonwake,1.0,0.3369839771436441,0.19900771875791134,0.19741596048465163,0.26066912472121506,0.4564739304036299,0.20645523226541662,0.16903804138006465,0.17509029699212597
0.05,1,integrated_vs_low,1.0,0.3369839771436441,0.19900771875791134,0.19741596048465163,0.26066912472121506,0.4564739304036299,0.20645523226541662,0.16903804138006465,0.17509029699212597
0.05,2,wake_vs_deep_sleep,1.0,0.35191046754555416,0.19127634512208352,0.20655262343985165,0.2532916099780516,0.4616139483038418,0.19709051936259736,0.17800186641471338,0.18707618018379954
0.05,2,wake_vs_reflex,1.0,0.35191046754555416,0.19127634512208352,0.20655262343985165,0.2532916099780516,0.4616139483038418,0.19709051936259736,0.17800186641471338,0.18707618018379954
0.05,2,wake_vs_anxiety,1.0,0.35191046754555416,0.19127634512208352,0.20655262343985165,0.2532916099780516,0.4616139483038418,0.19709051936259736,0.17800186641471338,0.18707618018379954
0.05,2,wake_vs_nonwake,1.0,0.35191046754555416,0.19127634512208352,0.20655262343985165,0.2532916099780516,0.4616139483038418,0.19709051936259736,0.17800186641471338,0.18707618018379954
0.05,2,integrated_vs_low,1.0,0.35191046754555416,0.19127634512208352,0.20655262343985165,0.2532916099780516,0.4616139483038418,0.19709051936259736,0.17800186641471338,0.18707618018379954
0.05,3,wake_vs_deep_sleep,1.0,0.35974342239758167,0.19389277415703937,0.1993344200745407,0.23859509414468072,0.4344430271430397,0.20366097906484912,0.17416095665043288,0.1884151751838158
0.05,3,wake_vs_reflex,1.0,0.35974342239758167,0.19389277415703937,0.1993344200745407,0.23859509414468072,0.4344430271430397,0.20366097906484912,0.17416095665043288,0.1884151751838158
0.05,3,wake_vs_anxiety,1.0,0.35974342239758167,0.19389277415703937,0.1993344200745407,0.23859509414468072,0.4344430271430397,0.20366097906484912,0.17416095665043288,0.1884151751838158
0.05,3,wake_vs_nonwake,1.0,0.35974342239758167,0.19389277415703937,0.1993344200745407,0.23859509414468072,0.4344430271430397,0.20366097906484912,0.17416095665043288,0.1884151751838158
0.05,3,integrated_vs_low,1.0,0.35974342239758167,0.19389277415703937,0.1993344200745407,0.23859509414468072,0.4344430271430397,0.20366097906484912,0.17416095665043288,0.1884151751838158
0.05,4,wake_vs_deep_sleep,1.0,0.3439038875348353,0.19740919412069738,0.19939111622551617,0.24223678397710713,0.4333464677400962,0.19951409852451868,0.16535745893386505,0.1830566519042852
0.05,4,wake_vs_reflex,1.0,0.3439038875348353,0.19740919412069738,0.19939111622551617,0.24223678397710713,0.4333464677400962,0.19951409852451868,0.16535745893386505,0.1830566519042852
0.05,4,wake_vs_anxiety,1.0,0.3439038875348353,0.19740919412069738,0.19939111622551617,0.24223678397710713,0.4333464677400962,0.19951409852451868,0.16535745893386505,0.1830566519042852
0.05,4,wake_vs_nonwake,1.0,0.3439038875348353,0.19740919412069738,0.19939111622551617,0.24223678397710713,0.4333464677400962,0.19951409852451868,0.16535745893386505,0.1830566519042852
0.05,4,integrated_vs_low,1.0,0.3439038875348353,0.19740919412069738,0.19939111622551617,0.24223678397710713,0.4333464677400962,0.19951409852451868,0.16535745893386505,0.1830566519042852
0.05,5,wake_vs_deep_sleep,1.0,0.34780031716053156,0.20665356392115677,0.20400530204004497,0.24530916603455102,0.46495169106278406,0.20609528714993608,0.16808713244351298,0.17618990587074437
0.05,5,wake_vs_reflex,1.0,0.34780031716053156,0.20665356392115677,0.20400530204004497,0.24530916603455102,0.46495169106278406,0.20609528714993608,0.16808713244351298,0.17618990587074437
0.05,5,wake_vs_anxiety,1.0,0.34780031716053156,0.20665356392115677,0.20400530204004497,0.24530916603455102,0.46495169106278406,0.20609528714993608,0.16808713244351298,0.17618990587074437
0.05,5,wake_vs_nonwake,1.0,0.34780031716053156,0.20665356392115677,0.20400530204004497,0.24530916603455102,0.46495169106278406,0.20609528714993608,0.16808713244351298,0.17618990587074437
0.05,5,integrated_vs_low,1.0,0.34780031716053156,0.20665356392115677,0.20400530204004497,0.24530916603455102,0.46495169106278406,0.20609528714993608,0.16808713244351298,0.17618990587074437
0.05,6,wake_vs_deep_sleep,1.0,0.35638734263912414,0.1927950496721862,0.19399816404950218,0.23768405674377513,0.4629115969875962,0.20329701713184065,0.1734878114366477,0.18505312255839543
0.05,6,wake_vs_reflex,1.0,0.35638734263912414,0.1927950496721862,0.19399816404950218,0.23768405674377513,0.4629115969875962,0.20329701713184065,0.1734878114366477,0.18505312255839543
0.05,6,wake_vs_anxiety,1.0,0.35638734263912414,0.1927950496721862,0.19399816404950218,0.23768405674377513,0.4629115969875962,0.20329701713184065,0.1734878114366477,0.18505312255839543
0.05,6,wake_vs_nonwake,1.0,0.35638734263912414,0.1927950496721862,0.19399816404950218,0.23768405674377513,0.4629115969875962,0.20329701713184065,0.1734878114366477,0.18505312255839543
0.05,6,integrated_vs_low,1.0,0.35638734263912414,0.1927950496721862,0.19399816404950218,0.23768405674377513,0.4629115969875962,0.20329701713184065,0.1734878114366477,0.18505312255839543
0.05,7,wake_vs_deep_sleep,1.0,0.34856205214384184,0.20137482391905787,0.19279593996255318,0.24036325183839935,0.4575781332805713,0.19942192412286266,0.1711090138101802,0.18476997943348844
0.05,7,wake_vs_reflex,1.0,0.34856205214384184,0.20137482391905787,0.19279593996255318,0.24036325183839935,0.4575781332805713,0.19942192412286266,0.1711090138101802,0.18476997943348844
0.05,7,wake_vs_anxiety,1.0,0.34856205214384184,0.20137482391905787,0.19279593996255318,0.24036325183839935,0.4575781332805713,0.19942192412286266,0.1711090138101802,0.18476997943348844
0.05,7,wake_vs_nonwake,1.0,0.34856205214384184,0.20137482391905787,0.19279593996255318,0.24036325183839935,0.4575781332805713,0.19942192412286266,0.1711090138101802,0.18476997943348844
0.05,7,integrated_vs_low,1.0,0.34856205214384184,0.20137482391905787,0.19279593996255318,0.24036325183839935,0.4575781332805713,0.19942192412286266,0.1711090138101802,0.18476997943348844
0.05,8,wake_vs_deep_sleep,1.0,0.3547151412000207,0.2010715880131599,0.2011841432149083,0.24509875245156532,0.4288868025555573,0.19873434778464727,0.16514793943793202,0.17835351558704346
0.05,8,wake_vs_reflex,1.0,0.3547151412000207,0.2010715880131599,0.2011841432149083,0.24509875245156532,0.4288868025555573,0.19873434778464727,0.16514793943793202,0.17835351558704346
0.05,8,wake_vs_anxiety,1.0,0.3547151412000207,0.2010715880131599,0.2011841432149083,0.24509875245156532,0.4288868025555573,0.19873434778464727,0.16514793943793202,0.17835351558704346
0.05,8,wake_vs_nonwake,1.0,0.3547151412000207,0.2010715880131599,0.2011841432149083,0.24509875245156532,0.4288868025555573,0.19873434778464727,0.16514793943793202,0.17835351558704346
0.05,8,integrated_vs_low,1.0,0.3547151412000207,0.2010715880131599,0.2011841432149083,0.24509875245156532,0.4288868025555573,0.19873434778464727,0.16514793943793202,0.17835351558704346
0.05,9,wake_vs_deep_sleep,1.0,0.3623691075643858,0.19467878971730682,0.19116605483378135,0.2445345973005499,0.44071171909950074,0.2032383302945379,0.17096954658980176,0.18511016776391545
0.05,9,wake_vs_reflex,1.0,0.3623691075643858,0.19467878971730682,0.19116605483378135,0.2445345973005499,0.44071171909950074,0.2032383302945379,0.17096954658980176,0.18511016776391545
0.05,9,wake_vs_anxiety,1.0,0.3623691075643858,0.19467878971730682,0.19116605483378135,0.2445345973005499,0.44071171909950074,0.2032383302945379,0.17096954658980176,0.18511016776391545
0.05,9,wake_vs_nonwake,1.0,0.3623691075643858,0.19467878971730682,0.19116605483378135,0.2445345973005499,0.44071171909950074,0.2032383302945379,0.17096954658980176,0.18511016776391545
0.05,9,integrated_vs_low,1.0,0.3623691075643858,0.19467878971730682,0.19116605483378135,0.2445345973005499,0.44071171909950074,0.2032383302945379,0.17096954658980176,0.18511016776391545
0.05,10,wake_vs_deep_sleep,1.0,0.35575097391145855,0.19812773722880142,0.20628040769332068,0.2416743229976926,0.4285220432910238,0.19180095721551282,0.17378010896013968,0.17931379014452495
0.05,10,wake_vs_reflex,1.0,0.35575097391145855,0.19812773722880142,0.20628040769332068,0.2416743229976926,0.4285220432910238,0.19180095721551282,0.17378010896013968,0.17931379014452495
0.05,10,wake_vs_anxiety,1.0,0.35575097391145855,0.19812773722880142,0.20628040769332068,0.2416743229976926,0.4285220432910238,0.19180095721551282,0.17378010896013968,0.17931379014452495
0.05,10,wake_vs_nonwake,1.0,0.35575097391145855,0.19812773722880142,0.20628040769332068,0.2416743229976926,0.4285220432910238,0.19180095721551282,0.17378010896013968,0.17931379014452495
0.05,10,integrated_vs_low,1.0,0.35575097391145855,0.19812773722880142,0.20628040769332068,0.2416743229976926,0.4285220432910238,0.19180095721551282,0.17378010896013968,0.17931379014452495
0.05,11,wake_vs_deep_sleep,1.0,0.33814451226617603,0.20002089550206725,0.19304624205426338,0.2549080093769434,0.4475770324008314,0.19762042452192966,0.16662570551551392,0.18234508667614
0.05,11,wake_vs_reflex,1.0,0.33814451226617603,0.20002089550206725,0.19304624205426338,0.2549080093769434,0.4475770324008314,0.19762042452192966,0.16662570551551392,0.18234508667614
0.05,11,wake_vs_anxiety,1.0,0.33814451226617603,0.20002089550206725,0.19304624205426338,0.2549080093769434,0.4475770324008314,0.19762042452192966,0.16662570551551392,0.18234508667614
0.05,11,wake_vs_nonwake,1.0,0.33814451226617603,0.20002089550206725,0.19304624205426338,0.2549080093769434,0.4475770324008314,0.19762042452192966,0.16662570551551392,0.18234508667614
0.05,11,integrated_vs_low,1.0,0.33814451226617603,0.20002089550206725,0.19304624205426338,0.2549080093769434,0.4475770324008314,0.19762042452192966,0.16662570551551392,0.18234508667614
0.05,12,wake_vs_deep_sleep,1.0,0.34516344136936866,0.19175299838632204,0.19236011804241032,0.2615474416137379,0.46838613108184235,0.203994142676215,0.16601978934481185,0.18844517479225903
0.05,12,wake_vs_reflex,1.0,0.34516344136936866,0.19175299838632204,0.19236011804241032,0.2615474416137379,0.46838613108184235,0.203994142676215,0.16601978934481185,0.18844517479225903
0.05,12,wake_vs_anxiety,1.0,0.34516344136936866,0.19175299838632204,0.19236011804241032,0.2615474416137379,0.46838613108184235,0.203994142676215,0.16601978934481185,0.18844517479225903
0.05,12,wake_vs_nonwake,1.0,0.34516344136936866,0.19175299838632204,0.19236011804241032,0.2615474416137379,0.46838613108184235,0.203994142676215,0.16601978934481185,0.18844517479225903
0.05,12,integrated_vs_low,1.0,0.34516344136936866,0.19175299838632204,0.19236011804241032,0.2615474416137379,0.46838613108184235,0.203994142676215,0.16601978934481185,0.18844517479225903
0.05,13,wake_vs_deep_sleep,1.0,0.3597562816388028,0.20433780378317992,0.19898723004287577,0.24430603904612896,0.43183759329690746,0.20805204793087684,0.1692481969271714,0.17464254056631415
0.05,13,wake_vs_reflex,1.0,0.3597562816388028,0.20433780378317992,0.19898723004287577,0.24430603904612896,0.43183759329690746,0.20805204793087684,0.1692481969271714,0.17464254056631415
0.05,13,wake_vs_anxiety,1.0,0.3597562816388028,0.20433780378317992,0.19898723004287577,0.24430603904612896,0.43183759329690746,0.20805204793087684,0.1692481969271714,0.17464254056631415
0.05,13,wake_vs_nonwake,1.0,0.3597562816388028,0.20433780378317992,0.19898723004287577,0.24430603904612896,0.43183759329690746,0.20805204793087684,0.1692481969271714,0.17464254056631415
0.05,13,integrated_vs_low,1.0,0.3597562816388028,0.20433780378317992,0.19898723004287577,0.24430603904612896,0.43183759329690746,0.20805204793087684,0.1692481969271714,0.17464254056631415
0.05,14,wake_vs_deep_sleep,1.0,0.3432084818452728,0.2015843913788379,0.19353545565878463,0.2589153571023094,0.4616333788425845,0.20438925911901876,0.16884558167617678,0.18229155913264397
0.05,14,wake_vs_reflex,1.0,0.3432084818452728,0.2015843913788379,0.19353545565878463,0.2589153571023094,0.4616333788425845,0.20438925911901876,0.16884558167617678,0.18229155913264397
0.05,14,wake_vs_anxiety,1.0,0.3432084818452728,0.2015843913788379,0.19353545565878463,0.2589153571023094,0.4616333788425845,0.20438925911901876,0.16884558167617678,0.18229155913264397
0.05,14,wake_vs_nonwake,1.0,0.3432084818452728,0.2015843913788379,0.19353545565878463,0.2589153571023094,0.4616333788425845,0.20438925911901876,0.16884558167617678,0.18229155913264397
0.05,14,integrated_vs_low,1.0,0.3432084818452728,0.2015843913788379,0.19353545565878463,0.2589153571023094,0.4616333788425845,0.20438925911901876,0.16884558167617678,0.18229155913264397
0.05,15,wake_vs_deep_sleep,1.0,0.3529434289119457,0.2029969320310964,0.1916888864227978,0.24789518505426525,0.42937263782378515,0.19987981638489039,0.16710764060965735,0.17360143539958883
0.05,15,wake_vs_reflex,1.0,0.3529434289119457,0.2029969320310964,0.1916888864227978,0.24789518505426525,0.42937263782378515,0.19987981638489039,0.16710764060965735,0.17360143539958883
0.05,15,wake_vs_anxiety,1.0,0.3529434289119457,0.2029969320310964,0.1916888864227978,0.24789518505426525,0.42937263782378515,0.19987981638489039,0.16710764060965735,0.17360143539958883
0.05,15,wake_vs_nonwake,1.0,0.3529434289119457,0.2029969320310964,0.1916888864227978,0.24789518505426525,0.42937263782378515,0.19987981638489039,0.16710764060965735,0.17360143539958883
0.05,15,integrated_vs_low,1.0,0.3529434289119457,0.2029969320310964,0.1916888864227978,0.24789518505426525,0.42937263782378515,0.19987981638489039,0.16710764060965735,0.17360143539958883
0.05,16,wake_vs_deep_sleep,1.0,0.3361191038702893,0.20175289144355424,0.19341185937073774,0.2606280029594199,0.4536477512865178,0.19693739609069674,0.1715455633551841,0.17141046967853454
0.05,16,wake_vs_reflex,1.0,0.3361191038702893,0.20175289144355424,0.19341185937073774,0.2606280029594199,0.4536477512865178,0.19693739609069674,0.1715455633551841,0.17141046967853454
0.05,16,wake_vs_anxiety,1.0,0.3361191038702893,0.20175289144355424,0.19341185937073774,0.2606280029594199,0.4536477512865178,0.19693739609069674,0.1715455633551841,0.17141046967853454
0.05,16,wake_vs_nonwake,1.0,0.3361191038702893,0.20175289144355424,0.19341185937073774,0.2606280029594199,0.4536477512865178,0.19693739609069674,0.1715455633551841,0.17141046967853454
0.05,16,integrated_vs_low,1.0,0.3361191038702893,0.20175289144355424,0.19341185937073774,0.2606280029594199,0.4536477512865178,0.19693739609069674,0.1715455633551841,0.17141046967853454
0.05,17,wake_vs_deep_sleep,1.0,0.36604957246345055,0.199646068738858,0.20565470454500573,0.23956824999806098,0.44939962488771723,0.19981413988709043,0.17744304973457473,0.18129110494276934
0.05,17,wake_vs_reflex,1.0,0.36604957246345055,0.199646068738858,0.20565470454500573,0.23956824999806098,0.44939962488771723,0.19981413988709043,0.17744304973457473,0.18129110494276934
0.05,17,wake_vs_anxiety,0.9911111111111112,0.36604957246345055,0.199646068738858,0.20565470454500573,0.23956824999806098,0.44939962488771723,0.19981413988709043,0.17744304973457473,0.18129110494276934
0.05,17,wake_vs_nonwake,0.997037037037037,0.36604957246345055,0.199646068738858,0.20565470454500573,0.23956824999806098,0.44939962488771723,0.19981413988709043,0.17744304973457473,0.18129110494276934
0.05,17,integrated_vs_low,1.0,0.36604957246345055,0.199646068738858,0.20565470454500573,0.23956824999806098,0.44939962488771723,0.19981413988709043,0.17744304973457473,0.18129110494276934
0.05,18,wake_vs_deep_sleep,1.0,0.34907212903699336,0.19533951326183788,0.19663137994685106,0.25051681006178844,0.4472510157137271,0.19043224159760663,0.1755469627113041,0.1871308938931158
0.05,18,wake_vs_reflex,1.0,0.34907212903699336,0.19533951326183788,0.19663137994685106,0.25051681006178844,0.4472510157137271,0.19043224159760663,0.1755469627113041,0.1871308938931158
0.05,18,wake_vs_anxiety,1.0,0.34907212903699336,0.19533951326183788,0.19663137994685106,0.25051681006178844,0.4472510157137271,0.19043224159760663,0.1755469627113041,0.1871308938931158
0.05,18,wake_vs_nonwake,1.0,0.34907212903699336,0.19533951326183788,0.19663137994685106,0.25051681006178844,0.4472510157137271,0.19043224159760663,0.1755469627113041,0.1871308938931158
0.05,18,integrated_vs_low,1.0,0.34907212903699336,0.19533951326183788,0.19663137994685106,0.25051681006178844,0.4472510157137271,0.19043224159760663,0.1755469627113041,0.1871308938931158
0.05,19,wake_vs_deep_sleep,1.0,0.3374087181149513,0.201080722870781,0.1921715148227089,0.2543060023259953,0.4401555202727554,0.20318845269383803,0.173858908442877,0.18483565485451783
0.05,19,wake_vs_reflex,1.0,0.3374087181149513,0.201080722870781,0.1921715148227089,0.2543060023259953,0.4401555202727554,0.20318845269383803,0.173858908442877,0.18483565485451783
0.05,19,wake_vs_anxiety,1.0,0.3374087181149513,0.201080722870781,0.1921715148227089,0.2543060023259953,0.4401555202727554,0.20318845269383803,0.173858908442877,0.18483565485451783
0.05,19,wake_vs_nonwake,1.0,0.3374087181149513,0.201080722870781,0.1921715148227089,0.2543060023259953,0.4401555202727554,0.20318845269383803,0.173858908442877,0.18483565485451783
0.05,19,integrated_vs_low,1.0,0.3374087181149513,0.201080722870781,0.1921715148227089,0.2543060023259953,0.4401555202727554,0.20318845269383803,0.173858908442877,0.18483565485451783
0.1,0,wake_vs_deep_sleep,1.0,0.3225418662169127,0.21664047380550433,0.18920855963579525,0.22687062780880898,0.4549367222452335,0.19483689135449755,0.18121285126650208,0.19109705299431484
0.1,0,wake_vs_reflex,1.0,0.3225418662169127,0.21664047380550433,0.18920855963579525,0.22687062780880898,0.4549367222452335,0.19483689135449755,0.18121285126650208,0.19109705299431484
0.1,0,wake_vs_anxiety,1.0,0.3225418662169127,0.21664047380550433,0.18920855963579525,0.22687062780880898,0.4549367222452335,0.19483689135449755,0.18121285126650208,0.19109705299431484
0.1,0,wake_vs_nonwake,1.0,0.3225418662169127,0.21664047380550433,0.18920855963579525,0.22687062780880898,0.4549367222452335,0.19483689135449755,0.18121285126650208,0.19109705299431484
0.1,0,integrated_vs_low,1.0,0.3225418662169127,0.21664047380550433,0.18920855963579525,0.22687062780880898,0.4549367222452335,0.19483689135449755,0.18121285126650208,0.19109705299431484
0.1,1,wake_vs_deep_sleep,1.0,0.33719972249759006,0.2181159758027898,0.19163671352560474,0.25075285646158574,0.4280368581510842,0.21744174280195852,0.15859666579778864,0.16361678229812385
0.1,1,wake_vs_reflex,1.0,0.33719972249759006,0.2181159758027898,0.19163671352560474,0.25075285646158574,0.4280368581510842,0.21744174280195852,0.15859666579778864,0.16361678229812385
0.1,1,wake_vs_anxiety,1.0,0.33719972249759006,0.2181159758027898,0.19163671352560474,0.25075285646158574,0.4280368581510842,0.21744174280195852,0.15859666579778864,0.16361678229812385
0.1,1,wake_vs_nonwake,1.0,0.33719972249759006,0.2181159758027898,0.19163671352560474,0.25075285646158574,0.4280368581510842,0.21744174280195852,0.15859666579778864,0.16361678229812385
0.1,1,integrated_vs_low,1.0,0.33719972249759006,0.2181159758027898,0.19163671352560474,0.25075285646158574,0.4280368581510842,0.21744174280195852,0.15859666579778864,0.16361678229812385
0.1,2,wake_vs_deep_sleep,1.0,0.34545679420021264,0.2196950225622335,0.21566709065019657,0.2624304009728475,0.4851713241790672,0.21573786558791452,0.1706411842531393,0.17337344586590853
0.1,2,wake_vs_reflex,1.0,0.34545679420021264,0.2196950225622335,0.21566709065019657,0.2624304009728475,0.4851713241790672,0.21573786558791452,0.1706411842531393,0.17337344586590853
0.1,2,wake_vs_anxiety,1.0,0.34545679420021264,0.2196950225622335,0.21566709065019657,0.2624304009728475,0.4851713241790672,0.21573786558791452,0.1706411842531393,0.17337344586590853
0.1,2,wake_vs_nonwake,1.0,0.34545679420021264,0.2196950225622335,0.21566709065019657,0.2624304009728475,0.4851713241790672,0.21573786558791452,0.1706411842531393,0.17337344586590853
0.1,2,integrated_vs_low,1.0,0.34545679420021264,0.2196950225622335,0.21566709065019657,0.2624304009728475,0.4851713241790672,0.21573786558791452,0.1706411842531393,0.17337344586590853
0.1,3,wake_vs_deep_sleep,1.0,0.36904087024776916,0.20646645052671042,0.1949463091549484,0.22972333340307577,0.4722110650214124,0.19049842063691458,0.1848516471181485,0.17067494070020464
0.1,3,wake_vs_reflex,1.0,0.36904087024776916,0.20646645052671042,0.1949463091549484,0.22972333340307577,0.4722110650214124,0.19049842063691458,0.1848516471181485,0.17067494070020464
0.1,3,wake_vs_anxiety,1.0,0.36904087024776916,0.20646645052671042,0.1949463091549484,0.22972333340307577,0.4722110650214124,0.19049842063691458,0.1848516471181485,0.17067494070020464
0.1,3,wake_vs_nonwake,1.0,0.36904087024776916,0.20646645052671042,0.1949463091549484,0.22972333340307577,0.4722110650214124,0.19049842063691458,0.1848516471181485,0.17067494070020464
0.1,3,integrated_vs_low,1.0,0.36904087024776916,0.20646645052671042,0.1949463091549484,0.22972333340307577,0.4722110650214124,0.19049842063691458,0.1848516471181485,0.17067494070020464
0.1,4,wake_vs_deep_sleep,1.0,0.323593055268804,0.21324450688499624,0.18613137266497978,0.23396341540788695,0.45894445123687594,0.21498248163349862,0.1596787786342955,0.1731716522244034
0.1,4,wake_vs_reflex,1.0,0.323593055268804,0.21324450688499624,0.18613137266497978,0.23396341540788695,0.45894445123687594,0.21498248163349862,0.1596787786342955,0.1731716522244034
0.1,4,wake_vs_anxiety,1.0,0.323593055268804,0.21324450688499624,0.18613137266497978,0.23396341540788695,0.45894445123687594,0.21498248163349862,0.1596787786342955,0.1731716522244034
0.1,4,wake_vs_nonwake,1.0,0.323593055268804,0.21324450688499624,0.18613137266497978,0.23396341540788695,0.45894445123687594,0.21498248163349862,0.1596787786342955,0.1731716522244034
0.1,4,integrated_vs_low,1.0,0.323593055268804,0.21324450688499624,0.18613137266497978,0.23396341540788695,0.45894445123687594,0.21498248163349862,0.1596787786342955,0.1731716522244034
0.1,5,wake_vs_deep_sleep,1.0,0.3694183386768824,0.2188730570424387,0.2000296474480937,0.23219487512756254,0.40625426589373814,0.18918624119995422,0.15748195540474172,0.18639571225006285
0.1,5,wake_vs_reflex,1.0,0.3694183386768824,0.2188730570424387,0.2000296474480937,0.23219487512756254,0.40625426589373814,0.18918624119995422,0.15748195540474172,0.18639571225006285
0.1,5,wake_vs_anxiety,1.0,0.3694183386768824,0.2188730570424387,0.2000296474480937,0.23219487512756254,0.40625426589373814,0.18918624119995422,0.15748195540474172,0.18639571225006285
0.1,5,wake_vs_nonwake,1.0,0.3694183386768824,0.2188730570424387,0.2000296474480937,0.23219487512756254,0.40625426589373814,0.18918624119995422,0.15748195540474172,0.18639571225006285
0.1,5,integrated_vs_low,1.0,0.3694183386768824,0.2188730570424387,0.2000296474480937,0.23219487512756254,0.40625426589373814,0.18918624119995422,0.15748195540474172,0.18639571225006285
0.1,6,wake_vs_deep_sleep,1.0,0.3235282753239972,0.20025319726482535,0.2077704974257155,0.25405583046104513,0.4229798086494052,0.2121649810472905,0.17732384240693724,0.1886034241409595
0.1,6,wake_vs_reflex,1.0,0.3235282753239972,0.20025319726482535,0.2077704974257155,0.25405583046104513,0.4229798086494052,0.2121649810472905,0.17732384240693724,0.1886034241409595
0.1,6,wake_vs_anxiety,1.0,0.3235282753239972,0.20025319726482535,0.2077704974257155,0.25405583046104513,0.4229798086494052,0.2121649810472905,0.17732384240693724,0.1886034241409595
0.1,6,wake_vs_nonwake,1.0,0.3235282753239972,0.20025319726482535,0.2077704974257155,0.25405583046104513,0.4229798086494052,0.2121649810472905,0.17732384240693724,0.1886034241409595
0.1,6,integrated_vs_low,1.0,0.3235282753239972,0.20025319726482535,0.2077704974257155,0.25405583046104513,0.4229798086494052,0.2121649810472905,0.17732384240693724,0.1886034241409595
0.1,7,wake_vs_deep_sleep,1.0,0.3241740426090119,0.1849501521460138,0.2171025020402603,0.24487890969124704,0.4320853822602846,0.19954336181406135,0.1755373832339618,0.19640243725369091
0.1,7,wake_vs_reflex,1.0,0.3241740426090119,0.1849501521460138,0.2171025020402603,0.24487890969124704,0.4320853822602846,0.19954336181406135,0.1755373832339618,0.19640243725369091
0.1,7,wake_vs_anxiety,1.0,0.3241740426090119,0.1849501521460138,0.2171025020402603,0.24487890969124704,0.4320853822602846,0.19954336181406135,0.1755373832339618,0.19640243725369091
0.1,7,wake_vs_nonwake,1.0,0.3241740426090119,0.1849501521460138,0.2171025020402603,0.24487890969124704,0.4320853822602846,0.19954336181406135,0.1755373832339618,0.19640243725369091
0.1,7,integrated_vs_low,1.0,0.3241740426090119,0.1849501521460138,0.2171025020402603,0.24487890969124704,0.4320853822602846,0.19954336181406135,0.1755373832339618,0.19640243725369091
0.1,8,wake_vs_deep_sleep,1.0,0.33505123588174385,0.2169923371724811,0.18099437965545026,0.25275990211634125,0.4620577600512977,0.18423589615003014,0.15777154630017304,0.17708811549538694
0.1,8,wake_vs_reflex,1.0,0.33505123588174385,0.2169923371724811,0.18099437965545026,0.25275990211634125,0.4620577600512977,0.18423589615003014,0.15777154630017304,0.17708811549538694
0.1,8,wake_vs_anxiety,1.0,0.33505123588174385,0.2169923371724811,0.18099437965545026,0.25275990211634125,0.4620577600512977,0.18423589615003014,0.15777154630017304,0.17708811549538694
0.1,8,wake_vs_nonwake,1.0,0.33505123588174385,0.2169923371724811,0.18099437965545026,0.25275990211634125,0.4620577600512977,0.18423589615003014,0.15777154630017304,0.17708811549538694
0.1,8,integrated_vs_low,1.0,0.33505123588174385,0.2169923371724811,0.18099437965545026,0.25275990211634125,0.4620577600512977,0.18423589615003014,0.15777154630017304,0.17708811549538694
0.1,9,wake_vs_deep_sleep,1.0,0.38263623385002266,0.2038417021293749,0.21732092886400847,0.26521804578064856,0.4470643441399762,0.21139053797008753,0.1536064506552176,0.16592918388356645
0.1,9,wake_vs_reflex,1.0,0.38263623385002266,0.2038417021293749,0.21732092886400847,0.26521804578064856,0.4470643441399762,0.21139053797008753,0.1536064506552176,0.16592918388356645
0.1,9,wake_vs_anxiety,1.0,0.38263623385002266,0.2038417021293749,0.21732092886400847,0.26521804578064856,0.4470643441399762,0.21139053797008753,0.1536064506552176,0.16592918388356645
0.1,9,wake_vs_nonwake,1.0,0.38263623385002266,0.2038417021293749,0.21732092886400847,0.26521804578064856,0.4470643441399762,0.21139053797008753,0.1536064506552176,0.16592918388356645
0.1,9,integrated_vs_low,1.0,0.38263623385002266,0.2038417021293749,0.21732092886400847,0.26521804578064856,0.4470643441399762,0.21139053797008753,0.1536064506552176,0.16592918388356645
0.1,10,wake_vs_deep_sleep,1.0,0.37306000304179154,0.21187268353300648,0.18930562967865736,0.2515384795299527,0.45954142386300095,0.21470955815104045,0.17350564334951668,0.1768525764938525
0.1,10,wake_vs_reflex,1.0,0.37306000304179154,0.21187268353300648,0.18930562967865736,0.2515384795299527,0.45954142386300095,0.21470955815104045,0.17350564334951668,0.1768525764938525
0.1,10,wake_vs_anxiety,1.0,0.37306000304179154,0.21187268353300648,0.18930562967865736,0.2515384795299527,0.45954142386300095,0.21470955815104045,0.17350564334951668,0.1768525764938525
0.1,10,wake_vs_nonwake,1.0,0.37306000304179154,0.21187268353300648,0.18930562967865736,0.2515384795299527,0.45954142386300095,0.21470955815104045,0.17350564334951668,0.1768525764938525
0.1,10,integrated_vs_low,1.0,0.37306000304179154,0.21187268353300648,0.18930562967865736,0.2515384795299527,0.45954142386300095,0.21470955815104045,0.17350564334951668,0.1768525764938525
0.1,11,wake_vs_deep_sleep,1.0,0.34119288303850276,0.1970352834549404,0.206077241023199,0.26837453158761626,0.445850719386867,0.18991358251805435,0.16104652034191777,0.18885651408876405
0.1,11,wake_vs_reflex,1.0,0.34119288303850276,0.1970352834549404,0.206077241023199,0.26837453158761626,0.445850719386867,0.18991358251805435,0.16104652034191777,0.18885651408876405
0.1,11,wake_vs_anxiety,1.0,0.34119288303850276,0.1970352834549404,0.206077241023199,0.26837453158761626,0.445850719386867,0.18991358251805435,0.16104652034191777,0.18885651408876405
0.1,11,wake_vs_nonwake,1.0,0.34119288303850276,0.1970352834549404,0.206077241023199,0.26837453158761626,0.445850719386867,0.18991358251805435,0.16104652034191777,0.18885651408876405
0.1,11,integrated_vs_low,1.0,0.34119288303850276,0.1970352834549404,0.206077241023199,0.26837453158761626,0.445850719386867,0.18991358251805435,0.16104652034191777,0.18885651408876405
0.1,12,wake_vs_deep_sleep,1.0,0.3721598134396737,0.184211123194165,0.18266235427820712,0.25472168318782257,0.41815559197734287,0.21298656761825363,0.16355137891341853,0.16717938958696113
0.1,12,wake_vs_reflex,1.0,0.3721598134396737,0.184211123194165,0.18266235427820712,0.25472168318782257,0.41815559197734287,0.21298656761825363,0.16355137891341853,0.16717938958696113
0.1,12,wake_vs_anxiety,1.0,0.3721598134396737,0.184211123194165,0.18266235427820712,0.25472168318782257,0.41815559197734287,0.21298656761825363,0.16355137891341853,0.16717938958696113
0.1,12,wake_vs_nonwake,1.0,0.3721598134396737,0.184211123194165,0.18266235427820712,0.25472168318782257,0.41815559197734287,0.21298656761825363,0.16355137891341853,0.16717938958696113
0.1,12,integrated_vs_low,1.0,0.3721598134396737,0.184211123194165,0.18266235427820712,0.25472168318782257,0.41815559197734287,0.21298656761825363,0.16355137891341853,0.16717938958696113
0.1,13,wake_vs_deep_sleep,1.0,0.37946793307412147,0.18662126890941114,0.19138880329351743,0.23268066975960294,0.41539410572988195,0.18084592065345761,0.15488344391158484,0.16828709295369068
0.1,13,wake_vs_reflex,1.0,0.37946793307412147,0.18662126890941114,0.19138880329351743,0.23268066975960294,0.41539410572988195,0.18084592065345761,0.15488344391158484,0.16828709295369068
0.1,13,wake_vs_anxiety,1.0,0.37946793307412147,0.18662126890941114,0.19138880329351743,0.23268066975960294,0.41539410572988195,0.18084592065345761,0.15488344391158484,0.16828709295369068
0.1,13,wake_vs_nonwake,1.0,0.37946793307412147,0.18662126890941114,0.19138880329351743,0.23268066975960294,0.41539410572988195,0.18084592065345761,0.15488344391158484,0.16828709295369068
0.1,13,integrated_vs_low,1.0,0.37946793307412147,0.18662126890941114,0.19138880329351743,0.23268066975960294,0.41539410572988195,0.18084592065345761,0.15488344391158484,0.16828709295369068
0.1,14,wake_vs_deep_sleep,1.0,0.31873673528390223,0.20364575264443885,0.20722858107198025,0.2446815228416014,0.43361919872568444,0.20018104948088922,0.1827501680359767,0.19264073856559943
0.1,14,wake_vs_reflex,1.0,0.31873673528390223,0.20364575264443885,0.20722858107198025,0.2446815228416014,0.43361919872568444,0.20018104948088922,0.1827501680359767,0.19264073856559943
0.1,14,wake_vs_anxiety,0.9955555555555555,0.31873673528390223,0.20364575264443885,0.20722858107198025,0.2446815228416014,0.43361919872568444,0.20018104948088922,0.1827501680359767,0.19264073856559943
0.1,14,wake_vs_nonwake,0.9985185185185185,0.31873673528390223,0.20364575264443885,0.20722858107198025,0.2446815228416014,0.43361919872568444,0.20018104948088922,0.1827501680359767,0.19264073856559943
0.1,14,integrated_vs_low,1.0,0.31873673528390223,0.20364575264443885,0.20722858107198025,0.2446815228416014,0.43361919872568444,0.20018104948088922,0.1827501680359767,0.19264073856559943
0.1,15,wake_vs_deep_sleep,1.0,0.3180432543408954,0.18725993638386096,0.18946979484417584,0.2374693787916106,0.45641093865684956,0.1966504970281277,0.1546746400775382,0.17545010898454458
0.1,15,wake_vs_reflex,1.0,0.3180432543408954,0.18725993638386096,0.18946979484417584,0.2374693787916106,0.45641093865684956,0.1966504970281277,0.1546746400775382,0.17545010898454458
0.1,15,wake_vs_anxiety,1.0,0.3180432543408954,0.18725993638386096,0.18946979484417584,0.2374693787916106,0.45641093865684956,0.1966504970281277,0.1546746400775382,0.17545010898454458
0.1,15,wake_vs_nonwake,1.0,0.3180432543408954,0.18725993638386096,0.18946979484417584,0.2374693787916106,0.45641093865684956,0.1966504970281277,0.1546746400775382,0.17545010898454458
0.1,15,integrated_vs_low,1.0,0.3180432543408954,0.18725993638386096,0.18946979484417584,0.2374693787916106,0.45641093865684956,0.1966504970281277,0.1546746400775382,0.17545010898454458
0.1,16,wake_vs_deep_sleep,1.0,0.35166270641023456,0.18406687611614864,0.21333834215154238,0.2275980933232552,0.4882357682116256,0.18396452566319502,0.1816815483543236,0.19449551318139421
0.1,16,wake_vs_reflex,1.0,0.35166270641023456,0.18406687611614864,0.21333834215154238,0.2275980933232552,0.4882357682116256,0.18396452566319502,0.1816815483543236,0.19449551318139421
0.1,16,wake_vs_anxiety,1.0,0.35166270641023456,0.18406687611614864,0.21333834215154238,0.2275980933232552,0.4882357682116256,0.18396452566319502,0.1816815483543236,0.19449551318139421
0.1,16,wake_vs_nonwake,1.0,0.35166270641023456,0.18406687611614864,0.21333834215154238,0.2275980933232552,0.4882357682116256,0.18396452566319502,0.1816815483543236,0.19449551318139421
0.1,16,integrated_vs_low,1.0,0.35166270641023456,0.18406687611614864,0.21333834215154238,0.2275980933232552,0.4882357682116256,0.18396452566319502,0.1816815483543236,0.19449551318139421
0.1,17,wake_vs_deep_sleep,1.0,0.3835699476410615,0.21208103521094374,0.21117910163085318,0.25712416379977737,0.47510967191203163,0.1853820883365259,0.17122631322221968,0.18051202332685493
0.1,17,wake_vs_reflex,1.0,0.3835699476410615,0.21208103521094374,0.21117910163085318,0.25712416379977737,0.47510967191203163,0.1853820883365259,0.17122631322221968,0.18051202332685493
0.1,17,wake_vs_anxiety,1.0,0.3835699476410615,0.21208103521094374,0.21117910163085318,0.25712416379977737,0.47510967191203163,0.1853820883365259,0.17122631322221968,0.18051202332685493
0.1,17,wake_vs_nonwake,1.0,0.3835699476410615,0.21208103521094374,0.21117910163085318,0.25712416379977737,0.47510967191203163,0.1853820883365259,0.17122631322221968,0.18051202332685493
0.1,17,integrated_vs_low,1.0,0.3835699476410615,0.21208103521094374,0.21117910163085318,0.25712416379977737,0.47510967191203163,0.1853820883365259,0.17122631322221968,0.18051202332685493
0.1,18,wake_vs_deep_sleep,1.0,0.37503005008857904,0.19851197462374065,0.19540357984401413,0.2569781635618555,0.4289816985750761,0.18559073643815827,0.16924782731680738,0.17700801726941584
0.1,18,wake_vs_reflex,1.0,0.37503005008857904,0.19851197462374065,0.19540357984401413,0.2569781635618555,0.4289816985750761,0.18559073643815827,0.16924782731680738,0.17700801726941584
0.1,18,wake_vs_anxiety,1.0,0.37503005008857904,0.19851197462374065,0.19540357984401413,0.2569781635618555,0.4289816985750761,0.18559073643815827,0.16924782731680738,0.17700801726941584
0.1,18,wake_vs_nonwake,1.0,0.37503005008857904,0.19851197462374065,0.19540357984401413,0.2569781635618555,0.4289816985750761,0.18559073643815827,0.16924782731680738,0.17700801726941584
0.1,18,integrated_vs_low,1.0,0.37503005008857904,0.19851197462374065,0.19540357984401413,0.2569781635618555,0.4289816985750761,0.18559073643815827,0.16924782731680738,0.17700801726941584
0.1,19,wake_vs_deep_sleep,1.0,0.3312798958370211,0.19470047240460514,0.1946556979930499,0.24137477822062728,0.4391517671754236,0.20742973381823782,0.1630938001354237,0.19615888536175224
0.1,19,wake_vs_reflex,1.0,0.3312798958370211,0.19470047240460514,0.1946556979930499,0.24137477822062728,0.4391517671754236,0.20742973381823782,0.1630938001354237,0.19615888536175224
0.1,19,wake_vs_anxiety,1.0,0.3312798958370211,0.19470047240460514,0.1946556979930499,0.24137477822062728,0.4391517671754236,0.20742973381823782,0.1630938001354237,0.19615888536175224
0.1,19,wake_vs_nonwake,1.0,0.3312798958370211,0.19470047240460514,0.1946556979930499,0.24137477822062728,0.4391517671754236,0.20742973381823782,0.1630938001354237,0.19615888536175224
0.1,19,integrated_vs_low,1.0,0.3312798958370211,0.19470047240460514,0.1946556979930499,0.24137477822062728,0.4391517671754236,0.20742973381823782,0.1630938001354237,0.19615888536175224
0.2,0,wake_vs_deep_sleep,1.0,0.4082887227353449,0.1984728342640063,0.1862688964003751,0.25354347898300034,0.5127408879792525,0.21220698724480816,0.1906986443004013,0.18235600387673329
0.2,0,wake_vs_reflex,1.0,0.4082887227353449,0.1984728342640063,0.1862688964003751,0.25354347898300034,0.5127408879792525,0.21220698724480816,0.1906986443004013,0.18235600387673329
0.2,0,wake_vs_anxiety,1.0,0.4082887227353449,0.1984728342640063,0.1862688964003751,0.25354347898300034,0.5127408879792525,0.21220698724480816,0.1906986443004013,0.18235600387673329
0.2,0,wake_vs_nonwake,1.0,0.4082887227353449,0.1984728342640063,0.1862688964003751,0.25354347898300034,0.5127408879792525,0.21220698724480816,0.1906986443004013,0.18235600387673329
0.2,0,integrated_vs_low,1.0,0.4082887227353449,0.1984728342640063,0.1862688964003751,0.25354347898300034,0.5127408879792525,0.21220698724480816,0.1906986443004013,0.18235600387673329
0.2,1,wake_vs_deep_sleep,1.0,0.36860846809746683,0.18305244913459695,0.21879145298482328,0.22024045931257183,0.48506366318732974,0.22885752546607155,0.144982992936505,0.18823534131901823
0.2,1,wake_vs_reflex,1.0,0.36860846809746683,0.18305244913459695,0.21879145298482328,0.22024045931257183,0.48506366318732974,0.22885752546607155,0.144982992936505,0.18823534131901823
0.2,1,wake_vs_anxiety,1.0,0.36860846809746683,0.18305244913459695,0.21879145298482328,0.22024045931257183,0.48506366318732974,0.22885752546607155,0.144982992936505,0.18823534131901823
0.2,1,wake_vs_nonwake,1.0,0.36860846809746683,0.18305244913459695,0.21879145298482328,0.22024045931257183,0.48506366318732974,0.22885752546607155,0.144982992936505,0.18823534131901823
0.2,1,integrated_vs_low,1.0,0.36860846809746683,0.18305244913459695,0.21879145298482328,0.22024045931257183,0.48506366318732974,0.22885752546607155,0.144982992936505,0.18823534131901823
0.2,2,wake_vs_deep_sleep,1.0,0.2933134047521908,0.21805725026171416,0.16675945750588161,0.2935939822700626,0.3847334274068044,0.23671041967272644,0.1904601239737866,0.18674510432157748
0.2,2,wake_vs_reflex,1.0,0.2933134047521908,0.21805725026171416,0.16675945750588161,0.2935939822700626,0.3847334274068044,0.23671041967272644,0.1904601239737866,0.18674510432157748
0.2,2,wake_vs_anxiety,1.0,0.2933134047521908,0.21805725026171416,0.16675945750588161,0.2935939822700626,0.3847334274068044,0.23671041967272644,0.1904601239737866,0.18674510432157748
0.2,2,wake_vs_nonwake,1.0,0.2933134047521908,0.21805725026171416,0.16675945750588161,0.2935939822700626,0.3847334274068044,0.23671041967272644,0.1904601239737866,0.18674510432157748
0.2,2,integrated_vs_low,1.0,0.2933134047521908,0.21805725026171416,0.16675945750588161,0.2935939822700626,0.3847334274068044,0.23671041967272644,0.1904601239737866,0.18674510432157748
0.2,3,wake_vs_deep_sleep,1.0,0.38956737464813657,0.22360918711864688,0.23568216502538641,0.22533833538391873,0.46621366116449564,0.1676039358051521,0.17789926760164027,0.1563329738946808
0.2,3,wake_vs_reflex,1.0,0.38956737464813657,0.22360918711864688,0.23568216502538641,0.22533833538391873,0.46621366116449564,0.1676039358051521,0.17789926760164027,0.1563329738946808
0.2,3,wake_vs_anxiety,1.0,0.38956737464813657,0.22360918711864688,0.23568216502538641,0.22533833538391873,0.46621366116449564,0.1676039358051521,0.17789926760164027,0.1563329738946808
0.2,3,wake_vs_nonwake,1.0,0.38956737464813657,0.22360918711864688,0.23568216502538641,0.22533833538391873,0.46621366116449564,0.1676039358051521,0.17789926760164027,0.1563329738946808
0.2,3,integrated_vs_low,1.0,0.38956737464813657,0.22360918711864688,0.23568216502538641,0.22533833538391873,0.46621366116449564,0.1676039358051521,0.17789926760164027,0.1563329738946808
0.2,4,wake_vs_deep_sleep,1.0,0.35909308560614184,0.205794441122708,0.1972788122384982,0.2522631775513123,0.49750621020118585,0.22393957732096534,0.1694664186591292,0.1871707277896281
0.2,4,wake_vs_reflex,1.0,0.35909308560614184,0.205794441122708,0.1972788122384982,0.2522631775513123,0.49750621020118585,0.22393957732096534,0.1694664186591292,0.1871707277896281
0.2,4,wake_vs_anxiety,1.0,0.35909308560614184,0.205794441122708,0.1972788122384982,0.2522631775513123,0.49750621020118585,0.22393957732096534,0.1694664186591292,0.1871707277896281
0.2,4,wake_vs_nonwake,1.0,0.35909308560614184,0.205794441122708,0.1972788122384982,0.2522631775513123,0.49750621020118585,0.22393957732096534,0.1694664186591292,0.1871707277896281
0.2,4,integrated_vs_low,1.0,0.35909308560614184,0.205794441122708,0.1972788122384982,0.2522631775513123,0.49750621020118585,0.22393957732096534,0.1694664186591292,0.1871707277896281
0.2,5,wake_vs_deep_sleep,1.0,0.41037307299661424,0.16957868708008983,0.16936828527200887,0.20877090119107683,0.4784153913072951,0.19348866406323037,0.18865385629764536,0.19232866175821864
0.2,5,wake_vs_reflex,1.0,0.41037307299661424,0.16957868708008983,0.16936828527200887,0.20877090119107683,0.4784153913072951,0.19348866406323037,0.18865385629764536,0.19232866175821864
0.2,5,wake_vs_anxiety,1.0,0.41037307299661424,0.16957868708008983,0.16936828527200887,0.20877090119107683,0.4784153913072951,0.19348866406323037,0.18865385629764536,0.19232866175821864
0.2,5,wake_vs_nonwake,1.0,0.41037307299661424,0.16957868708008983,0.16936828527200887,0.20877090119107683,0.4784153913072951,0.19348866406323037,0.18865385629764536,0.19232866175821864
0.2,5,integrated_vs_low,1.0,0.41037307299661424,0.16957868708008983,0.16936828527200887,0.20877090119107683,0.4784153913072951,0.19348866406323037,0.18865385629764536,0.19232866175821864
0.2,6,wake_vs_deep_sleep,1.0,0.3267092861659533,0.2318693237889229,0.2210025717656522,0.22705349409101758,0.4255545631989697,0.18515519841634104,0.14671759210649998,0.1546404028230378
0.2,6,wake_vs_reflex,1.0,0.3267092861659533,0.2318693237889229,0.2210025717656522,0.22705349409101758,0.4255545631989697,0.18515519841634104,0.14671759210649998,0.1546404028230378
0.2,6,wake_vs_anxiety,1.0,0.3267092861659533,0.2318693237889229,0.2210025717656522,0.22705349409101758,0.4255545631989697,0.18515519841634104,0.14671759210649998,0.1546404028230378
0.2,6,wake_vs_nonwake,1.0,0.3267092861659533,0.2318693237889229,0.2210025717656522,0.22705349409101758,0.4255545631989697,0.18515519841634104,0.14671759210649998,0.1546404028230378
0.2,6,integrated_vs_low,1.0,0.3267092861659533,0.2318693237889229,0.2210025717656522,0.22705349409101758,0.4255545631989697,0.18515519841634104,0.14671759210649998,0.1546404028230378
0.2,7,wake_vs_deep_sleep,1.0,0.4110578448726041,0.19503232297590026,0.1906655858221928,0.2729685708677378,0.459538751745522,0.234891198947077,0.1890605015858387,0.17851460861696689
0.2,7,wake_vs_reflex,1.0,0.4110578448726041,0.19503232297590026,0.1906655858221928,0.2729685708677378,0.459538751745522,0.234891198947077,0.1890605015858387,0.17851460861696689
0.2,7,wake_vs_anxiety,1.0,0.4110578448726041,0.19503232297590026,0.1906655858221928,0.2729685708677378,0.459538751745522,0.234891198947077,0.1890605015858387,0.17851460861696689
0.2,7,wake_vs_nonwake,1.0,0.4110578448726041,0.19503232297590026,0.1906655858221928,0.2729685708677378,0.459538751745522,0.234891198947077,0.1890605015858387,0.17851460861696689
0.2,7,integrated_vs_low,1.0,0.4110578448726041,0.19503232297590026,0.1906655858221928,0.2729685708677378,0.459538751745522,0.234891198947077,0.1890605015858387,0.17851460861696689
0.2,8,wake_vs_deep_sleep,1.0,0.33269032628731565,0.23893052359394576,0.2174208188802915,0.29511946600038413,0.38132614389906744,0.2280426943352626,0.17932102411140213,0.15277836084012808
0.2,8,wake_vs_reflex,1.0,0.33269032628731565,0.23893052359394576,0.2174208188802915,0.29511946600038413,0.38132614389906744,0.2280426943352626,0.17932102411140213,0.15277836084012808
0.2,8,wake_vs_anxiety,1.0,0.33269032628731565,0.23893052359394576,0.2174208188802915,0.29511946600038413,0.38132614389906744,0.2280426943352626,0.17932102411140213,0.15277836084012808
0.2,8,wake_vs_nonwake,1.0,0.33269032628731565,0.23893052359394576,0.2174208188802915,0.29511946600038413,0.38132614389906744,0.2280426943352626,0.17932102411140213,0.15277836084012808
0.2,8,integrated_vs_low,1.0,0.33269032628731565,0.23893052359394576,0.2174208188802915,0.29511946600038413,0.38132614389906744,0.2280426943352626,0.17932102411140213,0.15277836084012808
0.2,9,wake_vs_deep_sleep,1.0,0.3623561199956909,0.21488770920843592,0.16098421487108824,0.24543179618417466,0.5085719120153379,0.1836287220275272,0.16718126956230148,0.1758466171488883
0.2,9,wake_vs_reflex,1.0,0.3623561199956909,0.21488770920843592,0.16098421487108824,0.24543179618417466,0.5085719120153379,0.1836287220275272,0.16718126956230148,0.1758466171488883
0.2,9,wake_vs_anxiety,1.0,0.3623561199956909,0.21488770920843592,0.16098421487108824,0.24543179618417466,0.5085719120153379,0.1836287220275272,0.16718126956230148,0.1758466171488883
0.2,9,wake_vs_nonwake,1.0,0.3623561199956909,0.21488770920843592,0.16098421487108824,0.24543179618417466,0.5085719120153379,0.1836287220275272,0.16718126956230148,0.1758466171488883
0.2,9,integrated_vs_low,1.0,0.3623561199956909,0.21488770920843592,0.16098421487108824,0.24543179618417466,0.5085719120153379,0.1836287220275272,0.16718126956230148,0.1758466171488883
0.2,10,wake_vs_deep_sleep,1.0,0.32226983480194876,0.23347535164124436,0.22250352283452127,0.21105884109961104,0.5394662384107631,0.23033600194461964,0.15530577377475466,0.20425655373558751
0.2,10,wake_vs_reflex,1.0,0.32226983480194876,0.23347535164124436,0.22250352283452127,0.21105884109961104,0.5394662384107631,0.23033600194461964,0.15530577377475466,0.20425655373558751
0.2,10,wake_vs_anxiety,1.0,0.32226983480194876,0.23347535164124436,0.22250352283452127,0.21105884109961104,0.5394662384107631,0.23033600194461964,0.15530577377475466,0.20425655373558751
0.2,10,wake_vs_nonwake,1.0,0.32226983480194876,0.23347535164124436,0.22250352283452127,0.21105884109961104,0.5394662384107631,0.23033600194461964,0.15530577377475466,0.20425655373558751
0.2,10,integrated_vs_low,1.0,0.32226983480194876,0.23347535164124436,0.22250352283452127,0.21105884109961104,0.5394662384107631,0.23033600194461964,0.15530577377475466,0.20425655373558751
0.2,11,wake_vs_deep_sleep,1.0,0.2948987344619936,0.2399283784379391,0.21325477888852298,0.2650125015558797,0.3762793308571439,0.23176267191173003,0.13797196621790392,0.16133962017896258
0.2,11,wake_vs_reflex,1.0,0.2948987344619936,0.2399283784379391,0.21325477888852298,0.2650125015558797,0.3762793308571439,0.23176267191173003,0.13797196621790392,0.16133962017896258
0.2,11,wake_vs_anxiety,1.0,0.2948987344619936,0.2399283784379391,0.21325477888852298,0.2650125015558797,0.3762793308571439,0.23176267191173003,0.13797196621790392,0.16133962017896258
0.2,11,wake_vs_nonwake,1.0,0.2948987344619936,0.2399283784379391,0.21325477888852298,0.2650125015558797,0.3762793308571439,0.23176267191173003,0.13797196621790392,0.16133962017896258
0.2,11,integrated_vs_low,1.0,0.2948987344619936,0.2399283784379391,0.21325477888852298,0.2650125015558797,0.3762793308571439,0.23176267191173003,0.13797196621790392,0.16133962017896258
0.2,12,wake_vs_deep_sleep,1.0,0.3000230625233289,0.2221414352553775,0.17585633817703183,0.2910638227130885,0.47812842707894826,0.1628930168395757,0.13636922872075163,0.1477193700250367
0.2,12,wake_vs_reflex,1.0,0.3000230625233289,0.2221414352553775,0.17585633817703183,0.2910638227130885,0.47812842707894826,0.1628930168395757,0.13636922872075163,0.1477193700250367
0.2,12,wake_vs_anxiety,1.0,0.3000230625233289,0.2221414352553775,0.17585633817703183,0.2910638227130885,0.47812842707894826,0.1628930168395757,0.13636922872075163,0.1477193700250367
0.2,12,wake_vs_nonwake,1.0,0.3000230625233289,0.2221414352553775,0.17585633817703183,0.2910638227130885,0.47812842707894826,0.1628930168395757,0.13636922872075163,0.1477193700250367
0.2,12,integrated_vs_low,1.0,0.3000230625233289,0.2221414352553775,0.17585633817703183,0.2910638227130885,0.47812842707894826,0.1628930168395757,0.13636922872075163,0.1477193700250367
0.2,13,wake_vs_deep_sleep,1.0,0.3648295248706819,0.22411854486875324,0.1790842256501911,0.2849408842923073,0.3703017492275869,0.22407710829133412,0.19909008925171506,0.19959180473551538
0.2,13,wake_vs_reflex,1.0,0.3648295248706819,0.22411854486875324,0.1790842256501911,0.2849408842923073,0.3703017492275869,0.22407710829133412,0.19909008925171506,0.19959180473551538
0.2,13,wake_vs_anxiety,1.0,0.3648295248706819,0.22411854486875324,0.1790842256501911,0.2849408842923073,0.3703017492275869,0.22407710829133412,0.19909008925171506,0.19959180473551538
0.2,13,wake_vs_nonwake,1.0,0.3648295248706819,0.22411854486875324,0.1790842256501911,0.2849408842923073,0.3703017492275869,0.22407710829133412,0.19909008925171506,0.19959180473551538
0.2,13,integrated_vs_low,1.0,0.3648295248706819,0.22411854486875324,0.1790842256501911,0.2849408842923073,0.3703017492275869,0.22407710829133412,0.19909008925171506,0.19959180473551538
0.2,14,wake_vs_deep_sleep,1.0,0.37773690975700913,0.22703841749243067,0.16321210396376531,0.22017821107190555,0.38248626227501575,0.20036247921543893,0.18667279272636148,0.1893608528095007
0.2,14,wake_vs_reflex,1.0,0.37773690975700913,0.22703841749243067,0.16321210396376531,0.22017821107190555,0.38248626227501575,0.20036247921543893,0.18667279272636148,0.1893608528095007
0.2,14,wake_vs_anxiety,1.0,0.37773690975700913,0.22703841749243067,0.16321210396376531,0.22017821107190555,0.38248626227501575,0.20036247921543893,0.18667279272636148,0.1893608528095007
0.2,14,wake_vs_nonwake,1.0,0.37773690975700913,0.22703841749243067,0.16321210396376531,0.22017821107190555,0.38248626227501575,0.20036247921543893,0.18667279272636148,0.1893608528095007
0.2,14,integrated_vs_low,1.0,0.37773690975700913,0.22703841749243067,0.16321210396376531,0.22017821107190555,0.38248626227501575,0.20036247921543893,0.18667279272636148,0.1893608528095007
0.2,15,wake_vs_deep_sleep,1.0,0.3991583539666709,0.1724170393952873,0.21876968735481295,0.21930414908689042,0.408736575237204,0.21679237578250432,0.2026539253731104,0.188031139630349
0.2,15,wake_vs_reflex,1.0,0.3991583539666709,0.1724170393952873,0.21876968735481295,0.21930414908689042,0.408736575237204,0.21679237578250432,0.2026539253731104,0.188031139630349
0.2,15,wake_vs_anxiety,1.0,0.3991583539666709,0.1724170393952873,0.21876968735481295,0.21930414908689042,0.408736575237204,0.21679237578250432,0.2026539253731104,0.188031139630349
0.2,15,wake_vs_nonwake,1.0,0.3991583539666709,0.1724170393952873,0.21876968735481295,0.21930414908689042,0.408736575237204,0.21679237578250432,0.2026539253731104,0.188031139630349
0.2,15,integrated_vs_low,1.0,0.3991583539666709,0.1724170393952873,0.21876968735481295,0.21930414908689042,0.408736575237204,0.21679237578250432,0.2026539253731104,0.188031139630349
0.2,16,wake_vs_deep_sleep,1.0,0.28763004409878135,0.20930471759420263,0.1633880441264134,0.28841457113668173,0.48772409131811173,0.17385022771380026,0.1422370283960455,0.15721439247938296
0.2,16,wake_vs_reflex,1.0,0.28763004409878135,0.20930471759420263,0.1633880441264134,0.28841457113668173,0.48772409131811173,0.17385022771380026,0.1422370283960455,0.15721439247938296
0.2,16,wake_vs_anxiety,1.0,0.28763004409878135,0.20930471759420263,0.1633880441264134,0.28841457113668173,0.48772409131811173,0.17385022771380026,0.1422370283960455,0.15721439247938296
0.2,16,wake_vs_nonwake,1.0,0.28763004409878135,0.20930471759420263,0.1633880441264134,0.28841457113668173,0.48772409131811173,0.17385022771380026,0.1422370283960455,0.15721439247938296
0.2,16,integrated_vs_low,1.0,0.28763004409878135,0.20930471759420263,0.1633880441264134,0.28841457113668173,0.48772409131811173,0.17385022771380026,0.1422370283960455,0.15721439247938296
0.2,17,wake_vs_deep_sleep,1.0,0.417203805137587,0.1966848513966792,0.22272647586731265,0.26364083421077766,0.46303436699255474,0.17161042037320398,0.20032966284195047,0.1656966695410597
0.2,17,wake_vs_reflex,1.0,0.417203805137587,0.1966848513966792,0.22272647586731265,0.26364083421077766,0.46303436699255474,0.17161042037320398,0.20032966284195047,0.1656966695410597
0.2,17,wake_vs_anxiety,1.0,0.417203805137587,0.1966848513966792,0.22272647586731265,0.26364083421077766,0.46303436699255474,0.17161042037320398,0.20032966284195047,0.1656966695410597
0.2,17,wake_vs_nonwake,1.0,0.417203805137587,0.1966848513966792,0.22272647586731265,0.26364083421077766,0.46303436699255474,0.17161042037320398,0.20032966284195047,0.1656966695410597
0.2,17,integrated_vs_low,1.0,0.417203805137587,0.1966848513966792,0.22272647586731265,0.26364083421077766,0.46303436699255474,0.17161042037320398,0.20032966284195047,0.1656966695410597
0.2,18,wake_vs_deep_sleep,1.0,0.3609224102130559,0.21598207556712531,0.2119386524196247,0.29405944096955183,0.38671901818561044,0.20066821907575538,0.1634743385703721,0.1781401485227485
0.2,18,wake_vs_reflex,1.0,0.3609224102130559,0.21598207556712531,0.2119386524196247,0.29405944096955183,0.38671901818561044,0.20066821907575538,0.1634743385703721,0.1781401485227485
0.2,18,wake_vs_anxiety,1.0,0.3609224102130559,0.21598207556712531,0.2119386524196247,0.29405944096955183,0.38671901818561044,0.20066821907575538,0.1634743385703721,0.1781401485227485
0.2,18,wake_vs_nonwake,1.0,0.3609224102130559,0.21598207556712531,0.2119386524196247,0.29405944096955183,0.38671901818561044,0.20066821907575538,0.1634743385703721,0.1781401485227485
0.2,18,integrated_vs_low,1.0,0.3609224102130559,0.21598207556712531,0.2119386524196247,0.29405944096955183,0.38671901818561044,0.20066821907575538,0.1634743385703721,0.1781401485227485
0.2,19,wake_vs_deep_sleep,1.0,0.29669045366768426,0.17072756878982123,0.1822460436625006,0.23047046037608312,0.43702257846264303,0.20887900376293028,0.1791547799844419,0.17365038455416104
0.2,19,wake_vs_reflex,1.0,0.29669045366768426,0.17072756878982123,0.1822460436625006,0.23047046037608312,0.43702257846264303,0.20887900376293028,0.1791547799844419,0.17365038455416104
0.2,19,wake_vs_anxiety,1.0,0.29669045366768426,0.17072756878982123,0.1822460436625006,0.23047046037608312,0.43702257846264303,0.20887900376293028,0.1791547799844419,0.17365038455416104
0.2,19,wake_vs_nonwake,1.0,0.29669045366768426,0.17072756878982123,0.1822460436625006,0.23047046037608312,0.43702257846264303,0.20887900376293028,0.1791547799844419,0.17365038455416104
0.2,19,integrated_vs_low,1.0,0.29669045366768426,0.17072756878982123,0.1822460436625006,0.23047046037608312,0.43702257846264303,0.20887900376293028,0.1791547799844419,0.17365038455416104
0.3,0,wake_vs_deep_sleep,1.0,0.33084445298002635,0.16611542320363545,0.21059674980908102,0.22255613669758567,0.3247361552548882,0.19020800529882326,0.1673615328591974,0.15036402976605479
0.3,0,wake_vs_reflex,1.0,0.33084445298002635,0.16611542320363545,0.21059674980908102,0.22255613669758567,0.3247361552548882,0.19020800529882326,0.1673615328591974,0.15036402976605479
0.3,0,wake_vs_anxiety,1.0,0.33084445298002635,0.16611542320363545,0.21059674980908102,0.22255613669758567,0.3247361552548882,0.19020800529882326,0.1673615328591974,0.15036402976605479
0.3,0,wake_vs_nonwake,1.0,0.33084445298002635,0.16611542320363545,0.21059674980908102,0.22255613669758567,0.3247361552548882,0.19020800529882326,0.1673615328591974,0.15036402976605479
0.3,0,integrated_vs_low,1.0,0.33084445298002635,0.16611542320363545,0.21059674980908102,0.22255613669758567,0.3247361552548882,0.19020800529882326,0.1673615328591974,0.15036402976605479
0.3,1,wake_vs_deep_sleep,1.0,0.36521616595564427,0.2078926280518305,0.2242402617332446,0.2721922723301815,0.4911569252606785,0.17794569821888517,0.1993180866425673,0.1853075934287654
0.3,1,wake_vs_reflex,1.0,0.36521616595564427,0.2078926280518305,0.2242402617332446,0.2721922723301815,0.4911569252606785,0.17794569821888517,0.1993180866425673,0.1853075934287654
0.3,1,wake_vs_anxiety,1.0,0.36521616595564427,0.2078926280518305,0.2242402617332446,0.2721922723301815,0.4911569252606785,0.17794569821888517,0.1993180866425673,0.1853075934287654
0.3,1,wake_vs_nonwake,1.0,0.36521616595564427,0.2078926280518305,0.2242402617332446,0.2721922723301815,0.4911569252606785,0.17794569821888517,0.1993180866425673,0.1853075934287654
0.3,1,integrated_vs_low,1.0,0.36521616595564427,0.2078926280518305,0.2242402617332446,0.2721922723301815,0.4911569252606785,0.17794569821888517,0.1993180866425673,0.1853075934287654
0.3,2,wake_vs_deep_sleep,1.0,0.3355978209877769,0.21512149771292688,0.18327888013403051,0.25191088669101375,0.5139105358901994,0.2463683464068449,0.21294783412410956,0.1803923559197747
0.3,2,wake_vs_reflex,1.0,0.3355978209877769,0.21512149771292688,0.18327888013403051,0.25191088669101375,0.5139105358901994,0.2463683464068449,0.21294783412410956,0.1803923559197747
0.3,2,wake_vs_anxiety,1.0,0.3355978209877769,0.21512149771292688,0.18327888013403051,0.25191088669101375,0.5139105358901994,0.2463683464068449,0.21294783412410956,0.1803923559197747
0.3,2,wake_vs_nonwake,1.0,0.3355978209877769,0.21512149771292688,0.18327888013403051,0.25191088669101375,0.5139105358901994,0.2463683464068449,0.21294783412410956,0.1803923559197747
0.3,2,integrated_vs_low,1.0,0.3355978209877769,0.21512149771292688,0.18327888013403051,0.25191088669101375,0.5139105358901994,0.2463683464068449,0.21294783412410956,0.1803923559197747
0.3,3,wake_vs_deep_sleep,1.0,0.35425777409551945,0.2359844492916604,0.17773408300930416,0.3006073543517603,0.4484182445597043,0.15390280692023223,0.12635003300144027,0.216935266792262
0.3,3,wake_vs_reflex,1.0,0.35425777409551945,0.2359844492916604,0.17773408300930416,0.3006073543517603,0.4484182445597043,0.15390280692023223,0.12635003300144027,0.216935266792262
0.3,3,wake_vs_anxiety,1.0,0.35425777409551945,0.2359844492916604,0.17773408300930416,0.3006073543517603,0.4484182445597043,0.15390280692023223,0.12635003300144027,0.216935266792262
0.3,3,wake_vs_nonwake,1.0,0.35425777409551945,0.2359844492916604,0.17773408300930416,0.3006073543517603,0.4484182445597043,0.15390280692023223,0.12635003300144027,0.216935266792262
0.3,3,integrated_vs_low,1.0,0.35425777409551945,0.2359844492916604,0.17773408300930416,0.3006073543517603,0.4484182445597043,0.15390280692023223,0.12635003300144027,0.216935266792262
0.3,4,wake_vs_deep_sleep,1.0,0.2566692625504443,0.17367337233603874,0.1800956048601855,0.20094916677873909,0.3997512098465371,0.2291231080070103,0.12049765004312724,0.21533472984823415
0.3,4,wake_vs_reflex,1.0,0.2566692625504443,0.17367337233603874,0.1800956048601855,0.20094916677873909,0.3997512098465371,0.2291231080070103,0.12049765004312724,0.21533472984823415
0.3,4,wake_vs_anxiety,1.0,0.2566692625504443,0.17367337233603874,0.1800956048601855,0.20094916677873909,0.3997512098465371,0.2291231080070103,0.12049765004312724,0.21533472984823415
0.3,4,wake_vs_nonwake,1.0,0.2566692625504443,0.17367337233603874,0.1800956048601855,0.20094916677873909,0.3997512098465371,0.2291231080070103,0.12049765004312724,0.21533472984823415
0.3,4,integrated_vs_low,1.0,0.2566692625504443,0.17367337233603874,0.1800956048601855,0.20094916677873909,0.3997512098465371,0.2291231080070103,0.12049765004312724,0.21533472984823415
0.3,5,wake_vs_deep_sleep,1.0,0.4248750849506572,0.1846713887829858,0.15843354788727618,0.26512606119176213,0.34731159008352147,0.18379032332939033,0.21675977645189923,0.23351016303903277
0.3,5,wake_vs_reflex,1.0,0.4248750849506572,0.1846713887829858,0.15843354788727618,0.26512606119176213,0.34731159008352147,0.18379032332939033,0.21675977645189923,0.23351016303903277
0.3,5,wake_vs_anxiety,1.0,0.4248750849506572,0.1846713887829858,0.15843354788727618,0.26512606119176213,0.34731159008352147,0.18379032332939033,0.21675977645189923,0.23351016303903277
0.3,5,wake_vs_nonwake,1.0,0.4248750849506572,0.1846713887829858,0.15843354788727618,0.26512606119176213,0.34731159008352147,0.18379032332939033,0.21675977645189923,0.23351016303903277
0.3,5,integrated_vs_low,1.0,0.4248750849506572,0.1846713887829858,0.15843354788727618,0.26512606119176213,0.34731159008352147,0.18379032332939033,0.21675977645189923,0.23351016303903277
0.3,6,wake_vs_deep_sleep,1.0,0.4071420271844629,0.17731538119049195,0.22251980589993112,0.2808109548226019,0.41971725769418544,0.21690663615033912,0.12009421978751897,0.14857822712904206
0.3,6,wake_vs_reflex,1.0,0.4071420271844629,0.17731538119049195,0.22251980589993112,0.2808109548226019,0.41971725769418544,0.21690663615033912,0.12009421978751897,0.14857822712904206
0.3,6,wake_vs_anxiety,1.0,0.4071420271844629,0.17731538119049195,0.22251980589993112,0.2808109548226019,0.41971725769418544,0.21690663615033912,0.12009421978751897,0.14857822712904206
0.3,6,wake_vs_nonwake,1.0,0.4071420271844629,0.17731538119049195,0.22251980589993112,0.2808109548226019,0.41971725769418544,0.21690663615033912,0.12009421978751897,0.14857822712904206
0.3,6,integrated_vs_low,1.0,0.4071420271844629,0.17731538119049195,0.22251980589993112,0.2808109548226019,0.41971725769418544,0.21690663615033912,0.12009421978751897,0.14857822712904206
0.3,7,wake_vs_deep_sleep,1.0,0.3552685436231248,0.1596501565109955,0.15990882414518404,0.30044564358253567,0.5820659107245735,0.20671633136341383,0.20458511254993478,0.2329547397472374
0.3,7,wake_vs_reflex,1.0,0.3552685436231248,0.1596501565109955,0.15990882414518404,0.30044564358253567,0.5820659107245735,0.20671633136341383,0.20458511254993478,0.2329547397472374
0.3,7,wake_vs_anxiety,1.0,0.3552685436231248,0.1596501565109955,0.15990882414518404,0.30044564358253567,0.5820659107245735,0.20671633136341383,0.20458511254993478,0.2329547397472374
0.3,7,wake_vs_nonwake,1.0,0.3552685436231248,0.1596501565109955,0.15990882414518404,0.30044564358253567,0.5820659107245735,0.20671633136341383,0.20458511254993478,0.2329547397472374
0.3,7,integrated_vs_low,1.0,0.3552685436231248,0.1596501565109955,0.15990882414518404,0.30044564358253567,0.5820659107245735,0.20671633136341383,0.20458511254993478,0.2329547397472374
0.3,8,wake_vs_deep_sleep,1.0,0.27473513659944265,0.19378947359052212,0.1871087259010304,0.18700739254692778,0.518939146654581,0.1920534832787112,0.16687134728742092,0.14227268117182992
0.3,8,wake_vs_reflex,1.0,0.27473513659944265,0.19378947359052212,0.1871087259010304,0.18700739254692778,0.518939146654581,0.1920534832787112,0.16687134728742092,0.14227268117182992
0.3,8,wake_vs_anxiety,1.0,0.27473513659944265,0.19378947359052212,0.1871087259010304,0.18700739254692778,0.518939146654581,0.1920534832787112,0.16687134728742092,0.14227268117182992
0.3,8,wake_vs_nonwake,1.0,0.27473513659944265,0.19378947359052212,0.1871087259010304,0.18700739254692778,0.518939146654581,0.1920534832787112,0.16687134728742092,0.14227268117182992
0.3,8,integrated_vs_low,1.0,0.27473513659944265,0.19378947359052212,0.1871087259010304,0.18700739254692778,0.518939146654581,0.1920534832787112,0.16687134728742092,0.14227268117182992
0.3,9,wake_vs_deep_sleep,1.0,0.2829945969684823,0.2488524346587458,0.1453578906769135,0.20992784274155593,0.39385601918492263,0.1988237050881904,0.1788174076475092,0.179275317391872
0.3,9,wake_vs_reflex,1.0,0.2829945969684823,0.2488524346587458,0.1453578906769135,0.20992784274155593,0.39385601918492263,0.1988237050881904,0.1788174076475092,0.179275317391872
0.3,9,wake_vs_anxiety,1.0,0.2829945969684823,0.2488524346587458,0.1453578906769135,0.20992784274155593,0.39385601918492263,0.1988237050881904,0.1788174076475092,0.179275317391872
0.3,9,wake_vs_nonwake,1.0,0.2829945969684823,0.2488524346587458,0.1453578906769135,0.20992784274155593,0.39385601918492263,0.1988237050881904,0.1788174076475092,0.179275317391872
0.3,9,integrated_vs_low,1.0,0.2829945969684823,0.2488524346587458,0.1453578906769135,0.20992784274155593,0.39385601918492263,0.1988237050881904,0.1788174076475092,0.179275317391872
0.3,10,wake_vs_deep_sleep,1.0,0.26266422025694525,0.16924009448668564,0.24123060617150496,0.2706383050717689,0.4902702435362541,0.22042439064216257,0.19681610794203197,0.1322757160259163
0.3,10,wake_vs_reflex,1.0,0.26266422025694525,0.16924009448668564,0.24123060617150496,0.2706383050717689,0.4902702435362541,0.22042439064216257,0.19681610794203197,0.1322757160259163
0.3,10,wake_vs_anxiety,1.0,0.26266422025694525,0.16924009448668564,0.24123060617150496,0.2706383050717689,0.4902702435362541,0.22042439064216257,0.19681610794203197,0.1322757160259163
0.3,10,wake_vs_nonwake,1.0,0.26266422025694525,0.16924009448668564,0.24123060617150496,0.2706383050717689,0.4902702435362541,0.22042439064216257,0.19681610794203197,0.1322757160259163
0.3,10,integrated_vs_low,1.0,0.26266422025694525,0.16924009448668564,0.24123060617150496,0.2706383050717689,0.4902702435362541,0.22042439064216257,0.19681610794203197,0.1322757160259163
0.3,11,wake_vs_deep_sleep,1.0,0.3219877608358486,0.20474329223140142,0.18061477799567915,0.301671830993078,0.4452945773185694,0.23223531073512552,0.20590558272187925,0.1805174801535778
0.3,11,wake_vs_reflex,1.0,0.3219877608358486,0.20474329223140142,0.18061477799567915,0.301671830993078,0.4452945773185694,0.23223531073512552,0.20590558272187925,0.1805174801535778
0.3,11,wake_vs_anxiety,1.0,0.3219877608358486,0.20474329223140142,0.18061477799567915,0.301671830993078,0.4452945773185694,0.23223531073512552,0.20590558272187925,0.1805174801535778
0.3,11,wake_vs_nonwake,1.0,0.3219877608358486,0.20474329223140142,0.18061477799567915,0.301671830993078,0.4452945773185694,0.23223531073512552,0.20590558272187925,0.1805174801535778
0.3,11,integrated_vs_low,1.0,0.3219877608358486,0.20474329223140142,0.18061477799567915,0.301671830993078,0.4452945773185694,0.23223531073512552,0.20590558272187925,0.1805174801535778
0.3,12,wake_vs_deep_sleep,1.0,0.43600597121298346,0.21045487286443768,0.24203291586004663,0.22608861933872865,0.44968057880350104,0.20376932492054933,0.12970793102139921,0.1690436707237664
0.3,12,wake_vs_reflex,1.0,0.43600597121298346,0.21045487286443768,0.24203291586004663,0.22608861933872865,0.44968057880350104,0.20376932492054933,0.12970793102139921,0.1690436707237664
0.3,12,wake_vs_anxiety,1.0,0.43600597121298346,0.21045487286443768,0.24203291586004663,0.22608861933872865,0.44968057880350104,0.20376932492054933,0.12970793102139921,0.1690436707237664
0.3,12,wake_vs_nonwake,1.0,0.43600597121298346,0.21045487286443768,0.24203291586004663,0.22608861933872865,0.44968057880350104,0.20376932492054933,0.12970793102139921,0.1690436707237664
0.3,12,integrated_vs_low,1.0,0.43600597121298346,0.21045487286443768,0.24203291586004663,0.22608861933872865,0.44968057880350104,0.20376932492054933,0.12970793102139921,0.1690436707237664
0.3,13,wake_vs_deep_sleep,1.0,0.4376409112358519,0.21569986884376907,0.16130078989243612,0.22582834534144075,0.366732812608929,0.1429787758158287,0.21360096676741075,0.1744063914517421
0.3,13,wake_vs_reflex,1.0,0.4376409112358519,0.21569986884376907,0.16130078989243612,0.22582834534144075,0.366732812608929,0.1429787758158287,0.21360096676741075,0.1744063914517421
0.3,13,wake_vs_anxiety,1.0,0.4376409112358519,0.21569986884376907,0.16130078989243612,0.22582834534144075,0.366732812608929,0.1429787758158287,0.21360096676741075,0.1744063914517421
0.3,13,wake_vs_nonwake,1.0,0.4376409112358519,0.21569986884376907,0.16130078989243612,0.22582834534144075,0.366732812608929,0.1429787758158287,0.21360096676741075,0.1744063914517421
0.3,13,integrated_vs_low,1.0,0.4376409112358519,0.21569986884376907,0.16130078989243612,0.22582834534144075,0.366732812608929,0.1429787758158287,0.21360096676741075,0.1744063914517421
0.3,14,wake_vs_deep_sleep,1.0,0.3095823652083651,0.21181726298692838,0.14087773475516188,0.21670331599012208,0.504819035738701,0.21605237276831157,0.21914420664933865,0.19299863264306874
0.3,14,wake_vs_reflex,1.0,0.3095823652083651,0.21181726298692838,0.14087773475516188,0.21670331599012208,0.504819035738701,0.21605237276831157,0.21914420664933865,0.19299863264306874
0.3,14,wake_vs_anxiety,1.0,0.3095823652083651,0.21181726298692838,0.14087773475516188,0.21670331599012208,0.504819035738701,0.21605237276831157,0.21914420664933865,0.19299863264306874
0.3,14,wake_vs_nonwake,1.0,0.3095823652083651,0.21181726298692838,0.14087773475516188,0.21670331599012208,0.504819035738701,0.21605237276831157,0.21914420664933865,0.19299863264306874
0.3,14,integrated_vs_low,1.0,0.3095823652083651,0.21181726298692838,0.14087773475516188,0.21670331599012208,0.504819035738701,0.21605237276831157,0.21914420664933865,0.19299863264306874
0.3,15,wake_vs_deep_sleep,1.0,0.34527623346182384,0.23137190758208093,0.2483993446356864,0.2831043920077527,0.5750670303583325,0.23384062048858129,0.2074137467027165,0.1383232396878328
0.3,15,wake_vs_reflex,1.0,0.34527623346182384,0.23137190758208093,0.2483993446356864,0.2831043920077527,0.5750670303583325,0.23384062048858129,0.2074137467027165,0.1383232396878328
0.3,15,wake_vs_anxiety,1.0,0.34527623346182384,0.23137190758208093,0.2483993446356864,0.2831043920077527,0.5750670303583325,0.23384062048858129,0.2074137467027165,0.1383232396878328
0.3,15,wake_vs_nonwake,1.0,0.34527623346182384,0.23137190758208093,0.2483993446356864,0.2831043920077527,0.5750670303583325,0.23384062048858129,0.2074137467027165,0.1383232396878328
0.3,15,integrated_vs_low,1.0,0.34527623346182384,0.23137190758208093,0.2483993446356864,0.2831043920077527,0.5750670303583325,0.23384062048858129,0.2074137467027165,0.1383232396878328
0.3,16,wake_vs_deep_sleep,1.0,0.39880683562869534,0.19281064394328423,0.20637245628935302,0.2731153614223535,0.5768500815105038,0.258149369771795,0.14839928103976635,0.20524537772329496
0.3,16,wake_vs_reflex,1.0,0.39880683562869534,0.19281064394328423,0.20637245628935302,0.2731153614223535,0.5768500815105038,0.258149369771795,0.14839928103976635,0.20524537772329496
0.3,16,wake_vs_anxiety,1.0,0.39880683562869534,0.19281064394328423,0.20637245628935302,0.2731153614223535,0.5768500815105038,0.258149369771795,0.14839928103976635,0.20524537772329496
0.3,16,wake_vs_nonwake,1.0,0.39880683562869534,0.19281064394328423,0.20637245628935302,0.2731153614223535,0.5768500815105038,0.258149369771795,0.14839928103976635,0.20524537772329496
0.3,16,integrated_vs_low,1.0,0.39880683562869534,0.19281064394328423,0.20637245628935302,0.2731153614223535,0.5768500815105038,0.258149369771795,0.14839928103976635,0.20524537772329496
0.3,17,wake_vs_deep_sleep,1.0,0.40249654296640636,0.18157914335756586,0.15486437298370653,0.18114204404285797,0.5248826444328782,0.19876396901802873,0.2195250972884825,0.17621713326891453
0.3,17,wake_vs_reflex,1.0,0.40249654296640636,0.18157914335756586,0.15486437298370653,0.18114204404285797,0.5248826444328782,0.19876396901802873,0.2195250972884825,0.17621713326891453
0.3,17,wake_vs_anxiety,1.0,0.40249654296640636,0.18157914335756586,0.15486437298370653,0.18114204404285797,0.5248826444328782,0.19876396901802873,0.2195250972884825,0.17621713326891453
0.3,17,wake_vs_nonwake,1.0,0.40249654296640636,0.18157914335756586,0.15486437298370653,0.18114204404285797,0.5248826444328782,0.19876396901802873,0.2195250972884825,0.17621713326891453
0.3,17,integrated_vs_low,1.0,0.40249654296640636,0.18157914335756586,0.15486437298370653,0.18114204404285797,0.5248826444328782,0.19876396901802873,0.2195250972884825,0.17621713326891453
0.3,18,wake_vs_deep_sleep,1.0,0.4503625656055064,0.1893891202632872,0.23524185806719672,0.18772289084677482,0.4649746617371962,0.2362471744382869,0.21331957005642865,0.21483897378668262
0.3,18,wake_vs_reflex,1.0,0.4503625656055064,0.1893891202632872,0.23524185806719672,0.18772289084677482,0.4649746617371962,0.2362471744382869,0.21331957005642865,0.21483897378668262
0.3,18,wake_vs_anxiety,1.0,0.4503625656055064,0.1893891202632872,0.23524185806719672,0.18772289084677482,0.4649746617371962,0.2362471744382869,0.21331957005642865,0.21483897378668262
0.3,18,wake_vs_nonwake,1.0,0.4503625656055064,0.1893891202632872,0.23524185806719672,0.18772289084677482,0.4649746617371962,0.2362471744382869,0.21331957005642865,0.21483897378668262
0.3,18,integrated_vs_low,1.0,0.4503625656055064,0.1893891202632872,0.23524185806719672,0.18772289084677482,0.4649746617371962,0.2362471744382869,0.21331957005642865,0.21483897378668262
0.3,19,wake_vs_deep_sleep,1.0,0.2527638527122466,0.18472428095680812,0.14584381667766216,0.19139234366718372,0.4973325197402207,0.2255909835574038,0.1979195096406659,0.2194693071900116
0.3,19,wake_vs_reflex,1.0,0.2527638527122466,0.18472428095680812,0.14584381667766216,0.19139234366718372,0.4973325197402207,0.2255909835574038,0.1979195096406659,0.2194693071900116
0.3,19,wake_vs_anxiety,1.0,0.2527638527122466,0.18472428095680812,0.14584381667766216,0.19139234366718372,0.4973325197402207,0.2255909835574038,0.1979195096406659,0.2194693071900116
0.3,19,wake_vs_nonwake,1.0,0.2527638527122466,0.18472428095680812,0.14584381667766216,0.19139234366718372,0.4973325197402207,0.2255909835574038,0.1979195096406659,0.2194693071900116
0.3,19,integrated_vs_low,1.0,0.2527638527122466,0.18472428095680812,0.14584381667766216,0.19139234366718372,0.4973325197402207,0.2255909835574038,0.1979195096406659,0.2194693071900116
0.5,0,wake_vs_deep_sleep,1.0,0.4338010139667784,0.26017431842132643,0.10979274196465585,0.18363378761032464,0.5048539980188607,0.27162506092496463,0.08576502123974206,0.18263328158094294
0.5,0,wake_vs_reflex,1.0,0.4338010139667784,0.26017431842132643,0.10979274196465585,0.18363378761032464,0.5048539980188607,0.27162506092496463,0.08576502123974206,0.18263328158094294
0.5,0,wake_vs_anxiety,1.0,0.4338010139667784,0.26017431842132643,0.10979274196465585,0.18363378761032464,0.5048539980188607,0.27162506092496463,0.08576502123974206,0.18263328158094294
0.5,0,wake_vs_nonwake,1.0,0.4338010139667784,0.26017431842132643,0.10979274196465585,0.18363378761032464,0.5048539980188607,0.27162506092496463,0.08576502123974206,0.18263328158094294
0.5,0,integrated_vs_low,1.0,0.4338010139667784,0.26017431842132643,0.10979274196465585,0.18363378761032464,0.5048539980188607,0.27162506092496463,0.08576502123974206,0.18263328158094294
0.5,1,wake_vs_deep_sleep,1.0,0.41205058977753906,0.10592145782572265,0.1802711115106776,0.34890872034592424,0.5272257639851365,0.14753167267211947,0.22997279203742516,0.15264565621371257
0.5,1,wake_vs_reflex,1.0,0.41205058977753906,0.10592145782572265,0.1802711115106776,0.34890872034592424,0.5272257639851365,0.14753167267211947,0.22997279203742516,0.15264565621371257
0.5,1,wake_vs_anxiety,1.0,0.41205058977753906,0.10592145782572265,0.1802711115106776,0.34890872034592424,0.5272257639851365,0.14753167267211947,0.22997279203742516,0.15264565621371257
0.5,1,wake_vs_nonwake,1.0,0.41205058977753906,0.10592145782572265,0.1802711115106776,0.34890872034592424,0.5272257639851365,0.14753167267211947,0.22997279203742516,0.15264565621371257
0.5,1,integrated_vs_low,1.0,0.41205058977753906,0.10592145782572265,0.1802711115106776,0.34890872034592424,0.5272257639851365,0.14753167267211947,0.22997279203742516,0.15264565621371257
0.5,2,wake_vs_deep_sleep,1.0,0.4736706349004207,0.15978873022378112,0.21806405017662983,0.22423501693695852,0.34867127283978017,0.27731151243437385,0.11689092592971354,0.10526608642243736
0.5,2,wake_vs_reflex,1.0,0.4736706349004207,0.15978873022378112,0.21806405017662983,0.22423501693695852,0.34867127283978017,0.27731151243437385,0.11689092592971354,0.10526608642243736
0.5,2,wake_vs_anxiety,1.0,0.4736706349004207,0.15978873022378112,0.21806405017662983,0.22423501693695852,0.34867127283978017,0.27731151243437385,0.11689092592971354,0.10526608642243736
0.5,2,wake_vs_nonwake,1.0,0.4736706349004207,0.15978873022378112,0.21806405017662983,0.22423501693695852,0.34867127283978017,0.27731151243437385,0.11689092592971354,0.10526608642243736
0.5,2,integrated_vs_low,1.0,0.4736706349004207,0.15978873022378112,0.21806405017662983,0.22423501693695852,0.34867127283978017,0.27731151243437385,0.11689092592971354,0.10526608642243736
0.5,3,wake_vs_deep_sleep,1.0,0.29467442849098113,0.24352782952831353,0.2614863211952564,0.37468584251669124,0.3583629256550242,0.18158839022625645,0.10825961726503648,0.19347694733214604
0.5,3,wake_vs_reflex,1.0,0.29467442849098113,0.24352782952831353,0.2614863211952564,0.37468584251669124,0.3583629256550242,0.18158839022625645,0.10825961726503648,0.19347694733214604
0.5,3,wake_vs_anxiety,1.0,0.29467442849098113,0.24352782952831353,0.2614863211952564,0.37468584251669124,0.3583629256550242,0.18158839022625645,0.10825961726503648,0.19347694733214604
0.5,3,wake_vs_nonwake,1.0,0.29467442849098113,0.24352782952831353,0.2614863211952564,0.37468584251669124,0.3583629256550242,0.18158839022625645,0.10825961726503648,0.19347694733214604
0.5,3,integrated_vs_low,1.0,0.29467442849098113,0.24352782952831353,0.2614863211952564,0.37468584251669124,0.3583629256550242,0.18158839022625645,0.10825961726503648,0.19347694733214604
0.5,4,wake_vs_deep_sleep,1.0,0.524153013042021,0.2401762020241317,0.2190425680826744,0.2230922732304485,0.6368844421284997,0.1993833192260699,0.10784237526322046,0.15576812337584403
0.5,4,wake_vs_reflex,1.0,0.524153013042021,0.2401762020241317,0.2190425680826744,0.2230922732304485,0.6368844421284997,0.1993833192260699,0.10784237526322046,0.15576812337584403
0.5,4,wake_vs_anxiety,1.0,0.524153013042021,0.2401762020241317,0.2190425680826744,0.2230922732304485,0.6368844421284997,0.1993833192260699,0.10784237526322046,0.15576812337584403
0.5,4,wake_vs_nonwake,1.0,0.524153013042021,0.2401762020241317,0.2190425680826744,0.2230922732304485,0.6368844421284997,0.1993833192260699,0.10784237526322046,0.15576812337584403
0.5,4,integrated_vs_low,1.0,0.524153013042021,0.2401762020241317,0.2190425680826744,0.2230922732304485,0.6368844421284997,0.1993833192260699,0.10784237526322046,0.15576812337584403
0.5,5,wake_vs_deep_sleep,1.0,0.1985083340967184,0.14039580753775632,0.10353375619998245,0.23831997912504085,0.5105431192283088,0.16865849247578157,0.15646490115589712,0.26265766911202365
0.5,5,wake_vs_reflex,1.0,0.1985083340967184,0.14039580753775632,0.10353375619998245,0.23831997912504085,0.5105431192283088,0.16865849247578157,0.15646490115589712,0.26265766911202365
0.5,5,wake_vs_anxiety,0.9955555555555555,0.1985083340967184,0.14039580753775632,0.10353375619998245,0.23831997912504085,0.5105431192283088,0.16865849247578157,0.15646490115589712,0.26265766911202365
0.5,5,wake_vs_nonwake,0.9985185185185185,0.1985083340967184,0.14039580753775632,0.10353375619998245,0.23831997912504085,0.5105431192283088,0.16865849247578157,0.15646490115589712,0.26265766911202365
0.5,5,integrated_vs_low,1.0,0.1985083340967184,0.14039580753775632,0.10353375619998245,0.23831997912504085,0.5105431192283088,0.16865849247578157,0.15646490115589712,0.26265766911202365
0.5,6,wake_vs_deep_sleep,1.0,0.43818709255122035,0.20817132738899025,0.15690817502236507,0.3492491996932488,0.33079370259629676,0.16506854610333543,0.23954101845190126,0.185317569951313
0.5,6,wake_vs_reflex,1.0,0.43818709255122035,0.20817132738899025,0.15690817502236507,0.3492491996932488,0.33079370259629676,0.16506854610333543,0.23954101845190126,0.185317569951313
0.5,6,wake_vs_anxiety,1.0,0.43818709255122035,0.20817132738899025,0.15690817502236507,0.3492491996932488,0.33079370259629676,0.16506854610333543,0.23954101845190126,0.185317569951313
0.5,6,wake_vs_nonwake,1.0,0.43818709255122035,0.20817132738899025,0.15690817502236507,0.3492491996932488,0.33079370259629676,0.16506854610333543,0.23954101845190126,0.185317569951313
0.5,6,integrated_vs_low,1.0,0.43818709255122035,0.20817132738899025,0.15690817502236507,0.3492491996932488,0.33079370259629676,0.16506854610333543,0.23954101845190126,0.185317569951313
0.5,7,wake_vs_deep_sleep,1.0,0.4348112822962918,0.21814895883275326,0.23068784180189905,0.1998458228787064,0.3336174277319983,0.16449846943373306,0.11142506589418183,0.24737658575234533
0.5,7,wake_vs_reflex,1.0,0.4348112822962918,0.21814895883275326,0.23068784180189905,0.1998458228787064,0.3336174277319983,0.16449846943373306,0.11142506589418183,0.24737658575234533
0.5,7,wake_vs_anxiety,1.0,0.4348112822962918,0.21814895883275326,0.23068784180189905,0.1998458228787064,0.3336174277319983,0.16449846943373306,0.11142506589418183,0.24737658575234533
0.5,7,wake_vs_nonwake,1.0,0.4348112822962918,0.21814895883275326,0.23068784180189905,0.1998458228787064,0.3336174277319983,0.16449846943373306,0.11142506589418183,0.24737658575234533
0.5,7,integrated_vs_low,1.0,0.4348112822962918,0.21814895883275326,0.23068784180189905,0.1998458228787064,0.3336174277319983,0.16449846943373306,0.11142506589418183,0.24737658575234533
0.5,8,wake_vs_deep_sleep,1.0,0.2741364266375399,0.21229787888287693,0.25839488502827485,0.32095602734392836,0.4222738163628868,0.19525146171734514,0.2540992973189542,0.21142754585622434
0.5,8,wake_vs_reflex,1.0,0.2741364266375399,0.21229787888287693,0.25839488502827485,0.32095602734392836,0.4222738163628868,0.19525146171734514,0.2540992973189542,0.21142754585622434
0.5,8,wake_vs_anxiety,1.0,0.2741364266375399,0.21229787888287693,0.25839488502827485,0.32095602734392836,0.4222738163628868,0.19525146171734514,0.2540992973189542,0.21142754585622434
0.5,8,wake_vs_nonwake,1.0,0.2741364266375399,0.21229787888287693,0.25839488502827485,0.32095602734392836,0.4222738163628868,0.19525146171734514,0.2540992973189542,0.21142754585622434
0.5,8,integrated_vs_low,1.0,0.2741364266375399,0.21229787888287693,0.25839488502827485,0.32095602734392836,0.4222738163628868,0.19525146171734514,0.2540992973189542,0.21142754585622434
0.5,9,wake_vs_deep_sleep,1.0,0.46012345509125896,0.2805107938438464,0.25751796724586784,0.1712948362383919,0.47797683018190745,0.12037883146290898,0.19599676151587975,0.261962897073806
0.5,9,wake_vs_reflex,1.0,0.46012345509125896,0.2805107938438464,0.25751796724586784,0.1712948362383919,0.47797683018190745,0.12037883146290898,0.19599676151587975,0.261962897073806
0.5,9,wake_vs_anxiety,1.0,0.46012345509125896,0.2805107938438464,0.25751796724586784,0.1712948362383919,0.47797683018190745,0.12037883146290898,0.19599676151587975,0.261962897073806
0.5,9,wake_vs_nonwake,1.0,0.46012345509125896,0.2805107938438464,0.25751796724586784,0.1712948362383919,0.47797683018190745,0.12037883146290898,0.19599676151587975,0.261962897073806
0.5,9,integrated_vs_low,1.0,0.46012345509125896,0.2805107938438464,0.25751796724586784,0.1712948362383919,0.47797683018190745,0.12037883146290898,0.19599676151587975,0.261962897073806
0.5,10,wake_vs_deep_sleep,1.0,0.3544562225050389,0.18659449857355345,0.10716855028363265,0.36494363058230506,0.2713512078585715,0.1082158186609694,0.12683132395583954,0.10179547810530883
0.5,10,wake_vs_reflex,1.0,0.3544562225050389,0.18659449857355345,0.10716855028363265,0.36494363058230506,0.2713512078585715,0.1082158186609694,0.12683132395583954,0.10179547810530883
0.5,10,wake_vs_anxiety,1.0,0.3544562225050389,0.18659449857355345,0.10716855028363265,0.36494363058230506,0.2713512078585715,0.1082158186609694,0.12683132395583954,0.10179547810530883
0.5,10,wake_vs_nonwake,1.0,0.3544562225050389,0.18659449857355345,0.10716855028363265,0.36494363058230506,0.2713512078585715,0.1082158186609694,0.12683132395583954,0.10179547810530883
0.5,10,integrated_vs_low,1.0,0.3544562225050389,0.18659449857355345,0.10716855028363265,0.36494363058230506,0.2713512078585715,0.1082158186609694,0.12683132395583954,0.10179547810530883
0.5,11,wake_vs_deep_sleep,1.0,0.3342912448441168,0.20321756025142249,0.1625139898057168,0.13774012064372151,0.275220165712152,0.17690087559798562,0.09528983664051115,0.2156741506097844
0.5,11,wake_vs_reflex,1.0,0.3342912448441168,0.20321756025142249,0.1625139898057168,0.13774012064372151,0.275220165712152,0.17690087559798562,0.09528983664051115,0.2156741506097844
0.5,11,wake_vs_anxiety,0.9955555555555555,0.3342912448441168,0.20321756025142249,0.1625139898057168,0.13774012064372151,0.275220165712152,0.17690087559798562,0.09528983664051115,0.2156741506097844
0.5,11,wake_vs_nonwake,0.9985185185185185,0.3342912448441168,0.20321756025142249,0.1625139898057168,0.13774012064372151,0.275220165712152,0.17690087559798562,0.09528983664051115,0.2156741506097844
0.5,11,integrated_vs_low,1.0,0.3342912448441168,0.20321756025142249,0.1625139898057168,0.13774012064372151,0.275220165712152,0.17690087559798562,0.09528983664051115,0.2156741506097844
0.5,12,wake_vs_deep_sleep,1.0,0.24745718953368417,0.1604143137567277,0.1788251554356195,0.22915240826728697,0.22574731845366025,0.12241407419973951,0.23166997583594928,0.09022195125214347
0.5,12,wake_vs_reflex,1.0,0.24745718953368417,0.1604143137567277,0.1788251554356195,0.22915240826728697,0.22574731845366025,0.12241407419973951,0.23166997583594928,0.09022195125214347
0.5,12,wake_vs_anxiety,1.0,0.24745718953368417,0.1604143137567277,0.1788251554356195,0.22915240826728697,0.22574731845366025,0.12241407419973951,0.23166997583594928,0.09022195125214347
0.5,12,wake_vs_nonwake,1.0,0.24745718953368417,0.1604143137567277,0.1788251554356195,0.22915240826728697,0.22574731845366025,0.12241407419973951,0.23166997583594928,0.09022195125214347
0.5,12,integrated_vs_low,1.0,0.24745718953368417,0.1604143137567277,0.1788251554356195,0.22915240826728697,0.22574731845366025,0.12241407419973951,0.23166997583594928,0.09022195125214347
0.5,13,wake_vs_deep_sleep,1.0,0.3528585745345062,0.19790040130144163,0.1666188322021276,0.2328317550366124,0.576261511886963,0.2682407412429913,0.12925925238059252,0.14804827937419138
0.5,13,wake_vs_reflex,1.0,0.3528585745345062,0.19790040130144163,0.1666188322021276,0.2328317550366124,0.576261511886963,0.2682407412429913,0.12925925238059252,0.14804827937419138
0.5,13,wake_vs_anxiety,1.0,0.3528585745345062,0.19790040130144163,0.1666188322021276,0.2328317550366124,0.576261511886963,0.2682407412429913,0.12925925238059252,0.14804827937419138
0.5,13,wake_vs_nonwake,1.0,0.3528585745345062,0.19790040130144163,0.1666188322021276,0.2328317550366124,0.576261511886963,0.2682407412429913,0.12925925238059252,0.14804827937419138
0.5,13,integrated_vs_low,1.0,0.3528585745345062,0.19790040130144163,0.1666188322021276,0.2328317550366124,0.576261511886963,0.2682407412429913,0.12925925238059252,0.14804827937419138
0.5,14,wake_vs_deep_sleep,1.0,0.25986899855991646,0.19597268011021304,0.2366516715317626,0.18206321886585514,0.37383108392469,0.28607692351783015,0.09325677927398288,0.17293852894312192
0.5,14,wake_vs_reflex,1.0,0.25986899855991646,0.19597268011021304,0.2366516715317626,0.18206321886585514,0.37383108392469,0.28607692351783015,0.09325677927398288,0.17293852894312192
0.5,14,wake_vs_anxiety,1.0,0.25986899855991646,0.19597268011021304,0.2366516715317626,0.18206321886585514,0.37383108392469,0.28607692351783015,0.09325677927398288,0.17293852894312192
0.5,14,wake_vs_nonwake,1.0,0.25986899855991646,0.19597268011021304,0.2366516715317626,0.18206321886585514,0.37383108392469,0.28607692351783015,0.09325677927398288,0.17293852894312192
0.5,14,integrated_vs_low,1.0,0.25986899855991646,0.19597268011021304,0.2366516715317626,0.18206321886585514,0.37383108392469,0.28607692351783015,0.09325677927398288,0.17293852894312192
0.5,15,wake_vs_deep_sleep,1.0,0.4240453145588722,0.1300908023114948,0.10947480400109638,0.1595513429096327,0.6384704370888072,0.10185195636422469,0.11701473571792982,0.09563103232229601
0.5,15,wake_vs_reflex,1.0,0.4240453145588722,0.1300908023114948,0.10947480400109638,0.1595513429096327,0.6384704370888072,0.10185195636422469,0.11701473571792982,0.09563103232229601
0.5,15,wake_vs_anxiety,1.0,0.4240453145588722,0.1300908023114948,0.10947480400109638,0.1595513429096327,0.6384704370888072,0.10185195636422469,0.11701473571792982,0.09563103232229601
0.5,15,wake_vs_nonwake,1.0,0.4240453145588722,0.1300908023114948,0.10947480400109638,0.1595513429096327,0.6384704370888072,0.10185195636422469,0.11701473571792982,0.09563103232229601
0.5,15,integrated_vs_low,1.0,0.4240453145588722,0.1300908023114948,0.10947480400109638,0.1595513429096327,0.6384704370888072,0.10185195636422469,0.11701473571792982,0.09563103232229601
0.5,16,wake_vs_deep_sleep,1.0,0.21372031364677113,0.22402985732565928,0.14832778174781716,0.2673030126076692,0.4905879222447568,0.2698870666179558,0.08580603679501857,0.24360650268162598
0.5,16,wake_vs_reflex,1.0,0.21372031364677113,0.22402985732565928,0.14832778174781716,0.2673030126076692,0.4905879222447568,0.2698870666179558,0.08580603679501857,0.24360650268162598
0.5,16,wake_vs_anxiety,1.0,0.21372031364677113,0.22402985732565928,0.14832778174781716,0.2673030126076692,0.4905879222447568,0.2698870666179558,0.08580603679501857,0.24360650268162598
0.5,16,wake_vs_nonwake,1.0,0.21372031364677113,0.22402985732565928,0.14832778174781716,0.2673030126076692,0.4905879222447568,0.2698870666179558,0.08580603679501857,0.24360650268162598
0.5,16,integrated_vs_low,1.0,0.21372031364677113,0.22402985732565928,0.14832778174781716,0.2673030126076692,0.4905879222447568,0.2698870666179558,0.08580603679501857,0.24360650268162598
0.5,17,wake_vs_deep_sleep,1.0,0.3916916802494409,0.13254869722099152,0.25458747762705686,0.33887288544764643,0.3394185676893708,0.2837587361805362,0.16225776315077184,0.19861640177999787
0.5,17,wake_vs_reflex,1.0,0.3916916802494409,0.13254869722099152,0.25458747762705686,0.33887288544764643,0.3394185676893708,0.2837587361805362,0.16225776315077184,0.19861640177999787
0.5,17,wake_vs_anxiety,1.0,0.3916916802494409,0.13254869722099152,0.25458747762705686,0.33887288544764643,0.3394185676893708,0.2837587361805362,0.16225776315077184,0.19861640177999787
0.5,17,wake_vs_nonwake,1.0,0.3916916802494409,0.13254869722099152,0.25458747762705686,0.33887288544764643,0.3394185676893708,0.2837587361805362,0.16225776315077184,0.19861640177999787
0.5,17,integrated_vs_low,1.0,0.3916916802494409,0.13254869722099152,0.25458747762705686,0.33887288544764643,0.3394185676893708,0.2837587361805362,0.16225776315077184,0.19861640177999787
0.5,18,wake_vs_deep_sleep,1.0,0.5196273367661752,0.17230721572783989,0.26263186916402254,0.2045997794571149,0.5846460850086709,0.2201467837725285,0.12178046818831825,0.16452469688206253
0.5,18,wake_vs_reflex,1.0,0.5196273367661752,0.17230721572783989,0.26263186916402254,0.2045997794571149,0.5846460850086709,0.2201467837725285,0.12178046818831825,0.16452469688206253
0.5,18,wake_vs_anxiety,1.0,0.5196273367661752,0.17230721572783989,0.26263186916402254,0.2045997794571149,0.5846460850086709,0.2201467837725285,0.12178046818831825,0.16452469688206253
0.5,18,wake_vs_nonwake,1.0,0.5196273367661752,0.17230721572783989,0.26263186916402254,0.2045997794571149,0.5846460850086709,0.2201467837725285,0.12178046818831825,0.16452469688206253
0.5,18,integrated_vs_low,1.0,0.5196273367661752,0.17230721572783989,0.26263186916402254,0.2045997794571149,0.5846460850086709,0.2201467837725285,0.12178046818831825,0.16452469688206253
0.5,19,wake_vs_deep_sleep,1.0,0.28617247202724655,0.11562167861607278,0.1059669540199395,0.21161966385179523,0.23356536651786897,0.13309755151635502,0.20828116454464773,0.2174564224230458
0.5,19,wake_vs_reflex,1.0,0.28617247202724655,0.11562167861607278,0.1059669540199395,0.21161966385179523,0.23356536651786897,0.13309755151635502,0.20828116454464773,0.2174564224230458
0.5,19,wake_vs_anxiety,1.0,0.28617247202724655,0.11562167861607278,0.1059669540199395,0.21161966385179523,0.23356536651786897,0.13309755151635502,0.20828116454464773,0.2174564224230458
0.5,19,wake_vs_nonwake,1.0,0.28617247202724655,0.11562167861607278,0.1059669540199395,0.21161966385179523,0.23356536651786897,0.13309755151635502,0.20828116454464773,0.2174564224230458
0.5,19,integrated_vs_low,1.0,0.28617247202724655,0.11562167861607278,0.1059669540199395,0.21161966385179523,0.23356536651786897,0.13309755151635502,0.20828116454464773,0.2174564224230458
0.75,0,wake_vs_deep_sleep,1.0,0.47525470289012584,0.14514595133899363,0.31700583713530867,0.28518645551066785,0.1975677806789729,0.09311559843666024,0.2192393338670739,0.09169486283936107
0.75,0,wake_vs_reflex,1.0,0.47525470289012584,0.14514595133899363,0.31700583713530867,0.28518645551066785,0.1975677806789729,0.09311559843666024,0.2192393338670739,0.09169486283936107
0.75,0,wake_vs_anxiety,1.0,0.47525470289012584,0.14514595133899363,0.31700583713530867,0.28518645551066785,0.1975677806789729,0.09311559843666024,0.2192393338670739,0.09169486283936107
0.75,0,wake_vs_nonwake,1.0,0.47525470289012584,0.14514595133899363,0.31700583713530867,0.28518645551066785,0.1975677806789729,0.09311559843666024,0.2192393338670739,0.09169486283936107
0.75,0,integrated_vs_low,1.0,0.47525470289012584,0.14514595133899363,0.31700583713530867,0.28518645551066785,0.1975677806789729,0.09311559843666024,0.2192393338670739,0.09169486283936107
0.75,1,wake_vs_deep_sleep,1.0,0.35382866833057275,0.3475323427786132,0.051202281420001855,0.06871742571158385,0.782832092803092,0.22539165024024968,0.07486204375722086,0.2872715939336053
0.75,1,wake_vs_reflex,1.0,0.35382866833057275,0.3475323427786132,0.051202281420001855,0.06871742571158385,0.782832092803092,0.22539165024024968,0.07486204375722086,0.2872715939336053
0.75,1,wake_vs_anxiety,1.0,0.35382866833057275,0.3475323427786132,0.051202281420001855,0.06871742571158385,0.782832092803092,0.22539165024024968,0.07486204375722086,0.2872715939336053
0.75,1,wake_vs_nonwake,1.0,0.35382866833057275,0.3475323427786132,0.051202281420001855,0.06871742571158385,0.782832092803092,0.22539165024024968,0.07486204375722086,0.2872715939336053
0.75,1,integrated_vs_low,1.0,0.35382866833057275,0.3475323427786132,0.051202281420001855,0.06871742571158385,0.782832092803092,0.22539165024024968,0.07486204375722086,0.2872715939336053
0.75,2,wake_vs_deep_sleep,1.0,0.5496996575670383,0.21086012393341258,0.23653760895822695,0.16494519681282863,0.1466007950511035,0.2283702826672593,0.11766257426670457,0.224177682598295
0.75,2,wake_vs_reflex,1.0,0.5496996575670383,0.21086012393341258,0.23653760895822695,0.16494519681282863,0.1466007950511035,0.2283702826672593,0.11766257426670457,0.224177682598295
0.75,2,wake_vs_anxiety,1.0,0.5496996575670383,0.21086012393341258,0.23653760895822695,0.16494519681282863,0.1466007950511035,0.2283702826672593,0.11766257426670457,0.224177682598295
0.75,2,wake_vs_nonwake,1.0,0.5496996575670383,0.21086012393341258,0.23653760895822695,0.16494519681282863,0.1466007950511035,0.2283702826672593,0.11766257426670457,0.224177682598295
0.75,2,integrated_vs_low,1.0,0.5496996575670383,0.21086012393341258,0.23653760895822695,0.16494519681282863,0.1466007950511035,0.2283702826672593,0.11766257426670457,0.224177682598295
0.75,3,wake_vs_deep_sleep,1.0,0.5265287178423655,0.05544816317430921,0.22871413240571822,0.1492302023825696,0.702374736085066,0.12609935196854855,0.19824638397503166,0.19445602682419508
0.75,3,wake_vs_reflex,1.0,0.5265287178423655,0.05544816317430921,0.22871413240571822,0.1492302023825696,0.702374736085066,0.12609935196854855,0.19824638397503166,0.19445602682419508
0.75,3,wake_vs_anxiety,1.0,0.5265287178423655,0.05544816317430921,0.22871413240571822,0.1492302023825696,0.702374736085066,0.12609935196854855,0.19824638397503166,0.19445602682419508
0.75,3,wake_vs_nonwake,1.0,0.5265287178423655,0.05544816317430921,0.22871413240571822,0.1492302023825696,0.702374736085066,0.12609935196854855,0.19824638397503166,0.19445602682419508
0.75,3,integrated_vs_low,1.0,0.5265287178423655,0.05544816317430921,0.22871413240571822,0.1492302023825696,0.702374736085066,0.12609935196854855,0.19824638397503166,0.19445602682419508
0.75,4,wake_vs_deep_sleep,1.0,0.29548741253110566,0.2532862290799382,0.2677308904146302,0.2751016732447701,0.624435010099709,0.34502512279788133,0.1494144589147053,0.18393742400909333
0.75,4,wake_vs_reflex,1.0,0.29548741253110566,0.2532862290799382,0.2677308904146302,0.2751016732447701,0.624435010099709,0.34502512279788133,0.1494144589147053,0.18393742400909333
0.75,4,wake_vs_anxiety,1.0,0.29548741253110566,0.2532862290799382,0.2677308904146302,0.2751016732447701,0.624435010099709,0.34502512279788133,0.1494144589147053,0.18393742400909333
0.75,4,wake_vs_nonwake,1.0,0.29548741253110566,0.2532862290799382,0.2677308904146302,0.2751016732447701,0.624435010099709,0.34502512279788133,0.1494144589147053,0.18393742400909333
0.75,4,integrated_vs_low,1.0,0.29548741253110566,0.2532862290799382,0.2677308904146302,0.2751016732447701,0.624435010099709,0.34502512279788133,0.1494144589147053,0.18393742400909333
0.75,5,wake_vs_deep_sleep,1.0,0.09404668591913692,0.2888085668931135,0.20606902011379816,0.21548553638521195,0.17599857508534217,0.3168969265026192,0.1432268462103419,0.2292970315164895
0.75,5,wake_vs_reflex,1.0,0.09404668591913692,0.2888085668931135,0.20606902011379816,0.21548553638521195,0.17599857508534217,0.3168969265026192,0.1432268462103419,0.2292970315164895
0.75,5,wake_vs_anxiety,0.9955555555555555,0.09404668591913692,0.2888085668931135,0.20606902011379816,0.21548553638521195,0.17599857508534217,0.3168969265026192,0.1432268462103419,0.2292970315164895
0.75,5,wake_vs_nonwake,0.9985185185185185,0.09404668591913692,0.2888085668931135,0.20606902011379816,0.21548553638521195,0.17599857508534217,0.3168969265026192,0.1432268462103419,0.2292970315164895
0.75,5,integrated_vs_low,1.0,0.09404668591913692,0.2888085668931135,0.20606902011379816,0.21548553638521195,0.17599857508534217,0.3168969265026192,0.1432268462103419,0.2292970315164895
0.75,6,wake_vs_deep_sleep,1.0,0.16592143209327914,0.3384648888623098,0.10353252854654929,0.1373282473373089,0.6923134308764568,0.3237748232425794,0.09659758891844186,0.17184623980720354
0.75,6,wake_vs_reflex,1.0,0.16592143209327914,0.3384648888623098,0.10353252854654929,0.1373282473373089,0.6923134308764568,0.3237748232425794,0.09659758891844186,0.17184623980720354
0.75,6,wake_vs_anxiety,1.0,0.16592143209327914,0.3384648888623098,0.10353252854654929,0.1373282473373089,0.6923134308764568,0.3237748232425794,0.09659758891844186,0.17184623980720354
0.75,6,wake_vs_nonwake,1.0,0.16592143209327914,0.3384648888623098,0.10353252854654929,0.1373282473373089,0.6923134308764568,0.3237748232425794,0.09659758891844186,0.17184623980720354
0.75,6,integrated_vs_low,1.0,0.16592143209327914,0.3384648888623098,0.10353252854654929,0.1373282473373089,0.6923134308764568,0.3237748232425794,0.09659758891844186,0.17184623980720354
0.75,7,wake_vs_deep_sleep,1.0,0.47258482489548564,0.3135097201432405,0.16371580851119158,0.25638230756853597,0.6131585771008211,0.26934079299583863,0.24215483315665165,0.19888213103321212
0.75,7,wake_vs_reflex,1.0,0.47258482489548564,0.3135097201432405,0.16371580851119158,0.25638230756853597,0.6131585771008211,0.26934079299583863,0.24215483315665165,0.19888213103321212
0.75,7,wake_vs_anxiety,1.0,0.47258482489548564,0.3135097201432405,0.16371580851119158,0.25638230756853597,0.6131585771008211,0.26934079299583863,0.24215483315665165,0.19888213103321212
0.75,7,wake_vs_nonwake,1.0,0.47258482489548564,0.3135097201432405,0.16371580851119158,0.25638230756853597,0.6131585771008211,0.26934079299583863,0.24215483315665165,0.19888213103321212
0.75,7,integrated_vs_low,1.0,0.47258482489548564,0.3135097201432405,0.16371580851119158,0.25638230756853597,0.6131585771008211,0.26934079299583863,0.24215483315665165,0.19888213103321212
0.75,8,wake_vs_deep_sleep,1.0,0.14242292582250698,0.321191987263412,0.3096717617963085,0.3617865384318749,0.1799071720834924,0.11131921012442876,0.23211809310245127,0.051247825537125535
0.75,8,wake_vs_reflex,1.0,0.14242292582250698,0.321191987263412,0.3096717617963085,0.3617865384318749,0.1799071720834924,0.11131921012442876,0.23211809310245127,0.051247825537125535
0.75,8,wake_vs_anxiety,1.0,0.14242292582250698,0.321191987263412,0.3096717617963085,0.3617865384318749,0.1799071720834924,0.11131921012442876,0.23211809310245127,0.051247825537125535
0.75,8,wake_vs_nonwake,1.0,0.14242292582250698,0.321191987263412,0.3096717617963085,0.3617865384318749,0.1799071720834924,0.11131921012442876,0.23211809310245127,0.051247825537125535
0.75,8,integrated_vs_low,1.0,0.14242292582250698,0.321191987263412,0.3096717617963085,0.3617865384318749,0.1799071720834924,0.11131921012442876,0.23211809310245127,0.051247825537125535
0.75,9,wake_vs_deep_sleep,1.0,0.6015929326963217,0.16314340410670425,0.2657937601072471,0.39533915818301624,0.37887517450130553,0.14573974657989983,0.1977289878690529,0.20186713091197367
0.75,9,wake_vs_reflex,1.0,0.6015929326963217,0.16314340410670425,0.2657937601072471,0.39533915818301624,0.37887517450130553,0.14573974657989983,0.1977289878690529,0.20186713091197367
0.75,9,wake_vs_anxiety,1.0,0.6015929326963217,0.16314340410670425,0.2657937601072471,0.39533915818301624,0.37887517450130553,0.14573974657989983,0.1977289878690529,0.20186713091197367
0.75,9,wake_vs_nonwake,1.0,0.6015929326963217,0.16314340410670425,0.2657937601072471,0.39533915818301624,0.37887517450130553,0.14573974657989983,0.1977289878690529,0.20186713091197367
0.75,9,integrated_vs_low,1.0,0.6015929326963217,0.16314340410670425,0.2657937601072471,0.39533915818301624,0.37887517450130553,0.14573974657989983,0.1977289878690529,0.20186713091197367
0.75,10,wake_vs_deep_sleep,1.0,0.30229848825301847,0.23053242676031252,0.33061441086994847,0.23786509623497368,0.24530097200667614,0.16316179486490118,0.14299728056124525,0.08039934711707937
0.75,10,wake_vs_reflex,1.0,0.30229848825301847,0.23053242676031252,0.33061441086994847,0.23786509623497368,0.24530097200667614,0.16316179486490118,0.14299728056124525,0.08039934711707937
0.75,10,wake_vs_anxiety,1.0,0.30229848825301847,0.23053242676031252,0.33061441086994847,0.23786509623497368,0.24530097200667614,0.16316179486490118,0.14299728056124525,0.08039934711707937
0.75,10,wake_vs_nonwake,1.0,0.30229848825301847,0.23053242676031252,0.33061441086994847,0.23786509623497368,0.24530097200667614,0.16316179486490118,0.14299728056124525,0.08039934711707937
0.75,10,integrated_vs_low,1.0,0.30229848825301847,0.23053242676031252,0.33061441086994847,0.23786509623497368,0.24530097200667614,0.16316179486490118,0.14299728056124525,0.08039934711707937
0.75,11,wake_vs_deep_sleep,1.0,0.1730075377911413,0.2553686220181032,0.15184332626267083,0.4205868969459279,0.27692780311706,0.07967735153144671,0.23464366356506577,0.2828797340178249
0.75,11,wake_vs_reflex,1.0,0.1730075377911413,0.2553686220181032,0.15184332626267083,0.4205868969459279,0.27692780311706,0.07967735153144671,0.23464366356506577,0.2828797340178249
0.75,11,wake_vs_anxiety,0.9822222222222223,0.1730075377911413,0.2553686220181032,0.15184332626267083,0.4205868969459279,0.27692780311706,0.07967735153144671,0.23464366356506577,0.2828797340178249
0.75,11,wake_vs_nonwake,0.9940740740740741,0.1730075377911413,0.2553686220181032,0.15184332626267083,0.4205868969459279,0.27692780311706,0.07967735153144671,0.23464366356506577,0.2828797340178249
0.75,11,integrated_vs_low,1.0,0.1730075377911413,0.2553686220181032,0.15184332626267083,0.4205868969459279,0.27692780311706,0.07967735153144671,0.23464366356506577,0.2828797340178249
0.75,12,wake_vs_deep_sleep,1.0,0.23350951235753112,0.11062643049364339,0.10572984046132615,0.2582546130124421,0.4286812328415704,0.12783195195636027,0.054019144832303745,0.1750026618880958
0.75,12,wake_vs_reflex,1.0,0.23350951235753112,0.11062643049364339,0.10572984046132615,0.2582546130124421,0.4286812328415704,0.12783195195636027,0.054019144832303745,0.1750026618880958
0.75,12,wake_vs_anxiety,1.0,0.23350951235753112,0.11062643049364339,0.10572984046132615,0.2582546130124421,0.4286812328415704,0.12783195195636027,0.054019144832303745,0.1750026618880958
0.75,12,wake_vs_nonwake,1.0,0.23350951235753112,0.11062643049364339,0.10572984046132615,0.2582546130124421,0.4286812328415704,0.12783195195636027,0.054019144832303745,0.1750026618880958
0.75,12,integrated_vs_low,1.0,0.23350951235753112,0.11062643049364339,0.10572984046132615,0.2582546130124421,0.4286812328415704,0.12783195195636027,0.054019144832303745,0.1750026618880958
0.75,13,wake_vs_deep_sleep,1.0,0.5911494825086944,0.24575576022579898,0.19865196698858553,0.10400952776110606,0.2828944961209714,0.13843218487236283,0.23752490591484476,0.2817119152614472
0.75,13,wake_vs_reflex,1.0,0.5911494825086944,0.24575576022579898,0.19865196698858553,0.10400952776110606,0.2828944961209714,0.13843218487236283,0.23752490591484476,0.2817119152614472
0.75,13,wake_vs_anxiety,1.0,0.5911494825086944,0.24575576022579898,0.19865196698858553,0.10400952776110606,0.2828944961209714,0.13843218487236283,0.23752490591484476,0.2817119152614472
0.75,13,wake_vs_nonwake,1.0,0.5911494825086944,0.24575576022579898,0.19865196698858553,0.10400952776110606,0.2828944961209714,0.13843218487236283,0.23752490591484476,0.2817119152614472
0.75,13,integrated_vs_low,1.0,0.5911494825086944,0.24575576022579898,0.19865196698858553,0.10400952776110606,0.2828944961209714,0.13843218487236283,0.23752490591484476,0.2817119152614472
0.75,14,wake_vs_deep_sleep,1.0,0.5608619731223802,0.34537058247522623,0.3447100049313598,0.419874674787993,0.16097994483944694,0.09133806077834157,0.1201389642513884,0.1942825285974046
0.75,14,wake_vs_reflex,1.0,0.5608619731223802,0.34537058247522623,0.3447100049313598,0.419874674787993,0.16097994483944694,0.09133806077834157,0.1201389642513884,0.1942825285974046
0.75,14,wake_vs_anxiety,1.0,0.5608619731223802,0.34537058247522623,0.3447100049313598,0.419874674787993,0.16097994483944694,0.09133806077834157,0.1201389642513884,0.1942825285974046
0.75,14,wake_vs_nonwake,1.0,0.5608619731223802,0.34537058247522623,0.3447100049313598,0.419874674787993,0.16097994483944694,0.09133806077834157,0.1201389642513884,0.1942825285974046
0.75,14,integrated_vs_low,1.0,0.5608619731223802,0.34537058247522623,0.3447100049313598,0.419874674787993,0.16097994483944694,0.09133806077834157,0.1201389642513884,0.1942825285974046
0.75,15,wake_vs_deep_sleep,1.0,0.13841339157037663,0.30373908734064275,0.23502685372319274,0.26588665086332686,0.22408514327292153,0.1259766423200592,0.0833795663704758,0.2750219526045956
0.75,15,wake_vs_reflex,1.0,0.13841339157037663,0.30373908734064275,0.23502685372319274,0.26588665086332686,0.22408514327292153,0.1259766423200592,0.0833795663704758,0.2750219526045956
0.75,15,wake_vs_anxiety,1.0,0.13841339157037663,0.30373908734064275,0.23502685372319274,0.26588665086332686,0.22408514327292153,0.1259766423200592,0.0833795663704758,0.2750219526045956
0.75,15,wake_vs_nonwake,1.0,0.13841339157037663,0.30373908734064275,0.23502685372319274,0.26588665086332686,0.22408514327292153,0.1259766423200592,0.0833795663704758,0.2750219526045956
0.75,15,integrated_vs_low,1.0,0.13841339157037663,0.30373908734064275,0.23502685372319274,0.26588665086332686,0.22408514327292153,0.1259766423200592,0.0833795663704758,0.2750219526045956
0.75,16,wake_vs_deep_sleep,1.0,0.39421962653213954,0.27053882825589,0.13880985887300773,0.20171973890810393,0.3857771009879103,0.27800449152321044,0.23945001185701487,0.10083965242878856
0.75,16,wake_vs_reflex,1.0,0.39421962653213954,0.27053882825589,0.13880985887300773,0.20171973890810393,0.3857771009879103,0.27800449152321044,0.23945001185701487,0.10083965242878856
0.75,16,wake_vs_anxiety,1.0,0.39421962653213954,0.27053882825589,0.13880985887300773,0.20171973890810393,0.3857771009879103,0.27800449152321044,0.23945001185701487,0.10083965242878856
0.75,16,wake_vs_nonwake,1.0,0.39421962653213954,0.27053882825589,0.13880985887300773,0.20171973890810393,0.3857771009879103,0.27800449152321044,0.23945001185701487,0.10083965242878856
0.75,16,integrated_vs_low,1.0,0.39421962653213954,0.27053882825589,0.13880985887300773,0.20171973890810393,0.3857771009879103,0.27800449152321044,0.23945001185701487,0.10083965242878856
0.75,17,wake_vs_deep_sleep,1.0,0.5818078997875019,0.08619660123310591,0.3188366247270891,0.10014836711867847,0.291064372527135,0.3039435608203871,0.0882704784482523,0.15666334145369185
0.75,17,wake_vs_reflex,1.0,0.5818078997875019,0.08619660123310591,0.3188366247270891,0.10014836711867847,0.291064372527135,0.3039435608203871,0.0882704784482523,0.15666334145369185
0.75,17,wake_vs_anxiety,0.9777777777777779,0.5818078997875019,0.08619660123310591,0.3188366247270891,0.10014836711867847,0.291064372527135,0.3039435608203871,0.0882704784482523,0.15666334145369185
0.75,17,wake_vs_nonwake,0.9925925925925926,0.5818078997875019,0.08619660123310591,0.3188366247270891,0.10014836711867847,0.291064372527135,0.3039435608203871,0.0882704784482523,0.15666334145369185
0.75,17,integrated_vs_low,1.0,0.5818078997875019,0.08619660123310591,0.3188366247270891,0.10014836711867847,0.291064372527135,0.3039435608203871,0.0882704784482523,0.15666334145369185
0.75,18,wake_vs_deep_sleep,1.0,0.32367613247066623,0.12357769190696288,0.263073560400796,0.38175049352582646,0.702838219402511,0.1517966437209683,0.17786685054339268,0.1120697290437259
0.75,18,wake_vs_reflex,1.0,0.32367613247066623,0.12357769190696288,0.263073560400796,0.38175049352582646,0.702838219402511,0.1517966437209683,0.17786685054339268,0.1120697290437259
0.75,18,wake_vs_anxiety,1.0,0.32367613247066623,0.12357769190696288,0.263073560400796,0.38175049352582646,0.702838219402511,0.1517966437209683,0.17786685054339268,0.1120697290437259
0.75,18,wake_vs_nonwake,1.0,0.32367613247066623,0.12357769190696288,0.263073560400796,0.38175049352582646,0.702838219402511,0.1517966437209683,0.17786685054339268,0.1120697290437259
0.75,18,integrated_vs_low,1.0,0.32367613247066623,0.12357769190696288,0.263073560400796,0.38175049352582646,0.702838219402511,0.1517966437209683,0.17786685054339268,0.1120697290437259
0.75,19,wake_vs_deep_sleep,1.0,0.21601816331382634,0.09837621885557724,0.3320057032422544,0.3954958107270925,0.6372171314961922,0.20529845638631872,0.16760501845552733,0.18803132986927446
0.75,19,wake_vs_reflex,1.0,0.21601816331382634,0.09837621885557724,0.3320057032422544,0.3954958107270925,0.6372171314961922,0.20529845638631872,0.16760501845552733,0.18803132986927446
0.75,19,wake_vs_anxiety,1.0,0.21601816331382634,0.09837621885557724,0.3320057032422544,0.3954958107270925,0.6372171314961922,0.20529845638631872,0.16760501845552733,0.18803132986927446
0.75,19,wake_vs_nonwake,1.0,0.21601816331382634,0.09837621885557724,0.3320057032422544,0.3954958107270925,0.6372171314961922,0.20529845638631872,0.16760501845552733,0.18803132986927446
0.75,19,integrated_vs_low,1.0,0.21601816331382634,0.09837621885557724,0.3320057032422544,0.3954958107270925,0.6372171314961922,0.20529845638631872,0.16760501845552733,0.18803132986927446
1.0,0,wake_vs_deep_sleep,1.0,0.3755976095039625,0.17382523387907614,0.05270193315682699,0.06283192643426799,0.857024744261115,0.19281230383454023,0.32408987846776427,0.05888767597563959
1.0,0,wake_vs_reflex,1.0,0.3755976095039625,0.17382523387907614,0.05270193315682699,0.06283192643426799,0.857024744261115,0.19281230383454023,0.32408987846776427,0.05888767597563959
1.0,0,wake_vs_anxiety,1.0,0.3755976095039625,0.17382523387907614,0.05270193315682699,0.06283192643426799,0.857024744261115,0.19281230383454023,0.32408987846776427,0.05888767597563959
1.0,0,wake_vs_nonwake,1.0,0.3755976095039625,0.17382523387907614,0.05270193315682699,0.06283192643426799,0.857024744261115,0.19281230383454023,0.32408987846776427,0.05888767597563959
1.0,0,integrated_vs_low,1.0,0.3755976095039625,0.17382523387907614,0.05270193315682699,0.06283192643426799,0.857024744261115,0.19281230383454023,0.32408987846776427,0.05888767597563959
1.0,1,wake_vs_deep_sleep,1.0,0.3880915864279535,0.0830869013406157,0.10127384245064062,0.015027289380589393,0.10705797966619018,0.3667393630516783,0.1093212171039928,0.21892651628925297
1.0,1,wake_vs_reflex,1.0,0.3880915864279535,0.0830869013406157,0.10127384245064062,0.015027289380589393,0.10705797966619018,0.3667393630516783,0.1093212171039928,0.21892651628925297
1.0,1,wake_vs_anxiety,0.76,0.3880915864279535,0.0830869013406157,0.10127384245064062,0.015027289380589393,0.10705797966619018,0.3667393630516783,0.1093212171039928,0.21892651628925297
1.0,1,wake_vs_nonwake,0.92,0.3880915864279535,0.0830869013406157,0.10127384245064062,0.015027289380589393,0.10705797966619018,0.3667393630516783,0.1093212171039928,0.21892651628925297
1.0,1,integrated_vs_low,1.0,0.3880915864279535,0.0830869013406157,0.10127384245064062,0.015027289380589393,0.10705797966619018,0.3667393630516783,0.1093212171039928,0.21892651628925297
1.0,2,wake_vs_deep_sleep,1.0,0.32550989239249106,0.16018049809811133,0.21275443653842727,0.09361947230767076,0.8897435086676189,0.32732314748154523,0.2521489751287152,0.1687533469250229
1.0,2,wake_vs_reflex,1.0,0.32550989239249106,0.16018049809811133,0.21275443653842727,0.09361947230767076,0.8897435086676189,0.32732314748154523,0.2521489751287152,0.1687533469250229
1.0,2,wake_vs_anxiety,1.0,0.32550989239249106,0.16018049809811133,0.21275443653842727,0.09361947230767076,0.8897435086676189,0.32732314748154523,0.2521489751287152,0.1687533469250229
1.0,2,wake_vs_nonwake,1.0,0.32550989239249106,0.16018049809811133,0.21275443653842727,0.09361947230767076,0.8897435086676189,0.32732314748154523,0.2521489751287152,0.1687533469250229
1.0,2,integrated_vs_low,1.0,0.32550989239249106,0.16018049809811133,0.21275443653842727,0.09361947230767076,0.8897435086676189,0.32732314748154523,0.2521489751287152,0.1687533469250229
1.0,3,wake_vs_deep_sleep,1.0,0.10701398548843517,0.36826634330942715,0.13655482695269106,0.025053344848466885,0.3081633091295658,0.31778281219835375,0.2117209732959908,0.27030189050814946
1.0,3,wake_vs_reflex,1.0,0.10701398548843517,0.36826634330942715,0.13655482695269106,0.025053344848466885,0.3081633091295658,0.31778281219835375,0.2117209732959908,0.27030189050814946
1.0,3,wake_vs_anxiety,0.96,0.10701398548843517,0.36826634330942715,0.13655482695269106,0.025053344848466885,0.3081633091295658,0.31778281219835375,0.2117209732959908,0.27030189050814946
1.0,3,wake_vs_nonwake,0.9866666666666666,0.10701398548843517,0.36826634330942715,0.13655482695269106,0.025053344848466885,0.3081633091295658,0.31778281219835375,0.2117209732959908,0.27030189050814946
1.0,3,integrated_vs_low,1.0,0.10701398548843517,0.36826634330942715,0.13655482695269106,0.025053344848466885,0.3081633091295658,0.31778281219835375,0.2117209732959908,0.27030189050814946
1.0,4,wake_vs_deep_sleep,1.0,0.5555447687036642,0.08478184443221704,0.3695133264372721,0.2189948014601863,0.5751122843377482,0.0009235090346968012,0.33774528945980054,0.10112269894709584
1.0,4,wake_vs_reflex,1.0,0.5555447687036642,0.08478184443221704,0.3695133264372721,0.2189948014601863,0.5751122843377482,0.0009235090346968012,0.33774528945980054,0.10112269894709584
1.0,4,wake_vs_anxiety,1.0,0.5555447687036642,0.08478184443221704,0.3695133264372721,0.2189948014601863,0.5751122843377482,0.0009235090346968012,0.33774528945980054,0.10112269894709584
1.0,4,wake_vs_nonwake,1.0,0.5555447687036642,0.08478184443221704,0.3695133264372721,0.2189948014601863,0.5751122843377482,0.0009235090346968012,0.33774528945980054,0.10112269894709584
1.0,4,integrated_vs_low,1.0,0.5555447687036642,0.08478184443221704,0.3695133264372721,0.2189948014601863,0.5751122843377482,0.0009235090346968012,0.33774528945980054,0.10112269894709584
1.0,5,wake_vs_deep_sleep,1.0,0.04344417457810866,0.1833048166146056,0.0516120228728167,0.07616335507878785,0.5690545317271891,0.15717095662809333,0.31342983305269834,0.11489633805890521
1.0,5,wake_vs_reflex,1.0,0.04344417457810866,0.1833048166146056,0.0516120228728167,0.07616335507878785,0.5690545317271891,0.15717095662809333,0.31342983305269834,0.11489633805890521
1.0,5,wake_vs_anxiety,1.0,0.04344417457810866,0.1833048166146056,0.0516120228728167,0.07616335507878785,0.5690545317271891,0.15717095662809333,0.31342983305269834,0.11489633805890521
1.0,5,wake_vs_nonwake,1.0,0.04344417457810866,0.1833048166146056,0.0516120228728167,0.07616335507878785,0.5690545317271891,0.15717095662809333,0.31342983305269834,0.11489633805890521
1.0,5,integrated_vs_low,1.0,0.04344417457810866,0.1833048166146056,0.0516120228728167,0.07616335507878785,0.5690545317271891,0.15717095662809333,0.31342983305269834,0.11489633805890521
1.0,6,wake_vs_deep_sleep,1.0,0.5083260898687307,0.18443977206196305,0.26398052045171155,0.2998476783579952,0.42550557548309836,0.38002443784977485,0.116522638536685,0.06380478044973813
1.0,6,wake_vs_reflex,1.0,0.5083260898687307,0.18443977206196305,0.26398052045171155,0.2998476783579952,0.42550557548309836,0.38002443784977485,0.116522638536685,0.06380478044973813
1.0,6,wake_vs_anxiety,1.0,0.5083260898687307,0.18443977206196305,0.26398052045171155,0.2998476783579952,0.42550557548309836,0.38002443784977485,0.116522638536685,0.06380478044973813
1.0,6,wake_vs_nonwake,1.0,0.5083260898687307,0.18443977206196305,0.26398052045171155,0.2998476783579952,0.42550557548309836,0.38002443784977485,0.116522638536685,0.06380478044973813
1.0,6,integrated_vs_low,1.0,0.5083260898687307,0.18443977206196305,0.26398052045171155,0.2998476783579952,0.42550557548309836,0.38002443784977485,0.116522638536685,0.06380478044973813
1.0,7,wake_vs_deep_sleep,1.0,0.47466584261587974,0.3384030245231635,0.016101495975969504,0.22481634421134028,0.8032389207185937,0.299847447569147,0.33721462360919363,0.19130897217500775
1.0,7,wake_vs_reflex,1.0,0.47466584261587974,0.3384030245231635,0.016101495975969504,0.22481634421134028,0.8032389207185937,0.299847447569147,0.33721462360919363,0.19130897217500775
1.0,7,wake_vs_anxiety,1.0,0.47466584261587974,0.3384030245231635,0.016101495975969504,0.22481634421134028,0.8032389207185937,0.299847447569147,0.33721462360919363,0.19130897217500775
1.0,7,wake_vs_nonwake,1.0,0.47466584261587974,0.3384030245231635,0.016101495975969504,0.22481634421134028,0.8032389207185937,0.299847447569147,0.33721462360919363,0.19130897217500775
1.0,7,integrated_vs_low,1.0,0.47466584261587974,0.3384030245231635,0.016101495975969504,0.22481634421134028,0.8032389207185937,0.299847447569147,0.33721462360919363,0.19130897217500775
1.0,8,wake_vs_deep_sleep,1.0,0.46199700316080583,0.12099211245517126,0.37901423986639693,0.18316774427826815,0.6646596414179657,0.16125608164763278,0.19101843622141979,0.2591217126077566
1.0,8,wake_vs_reflex,1.0,0.46199700316080583,0.12099211245517126,0.37901423986639693,0.18316774427826815,0.6646596414179657,0.16125608164763278,0.19101843622141979,0.2591217126077566
1.0,8,wake_vs_anxiety,1.0,0.46199700316080583,0.12099211245517126,0.37901423986639693,0.18316774427826815,0.6646596414179657,0.16125608164763278,0.19101843622141979,0.2591217126077566
1.0,8,wake_vs_nonwake,1.0,0.46199700316080583,0.12099211245517126,0.37901423986639693,0.18316774427826815,0.6646596414179657,0.16125608164763278,0.19101843622141979,0.2591217126077566
1.0,8,integrated_vs_low,1.0,0.46199700316080583,0.12099211245517126,0.37901423986639693,0.18316774427826815,0.6646596414179657,0.16125608164763278,0.19101843622141979,0.2591217126077566
1.0,9,wake_vs_deep_sleep,1.0,0.35625390622594794,0.36283453076380345,0.1677203951711241,0.3235358990716626,0.3081261899700487,0.16326266729240524,0.14961703679940783,0.045290526592422685
1.0,9,wake_vs_reflex,1.0,0.35625390622594794,0.36283453076380345,0.1677203951711241,0.3235358990716626,0.3081261899700487,0.16326266729240524,0.14961703679940783,0.045290526592422685
1.0,9,wake_vs_anxiety,1.0,0.35625390622594794,0.36283453076380345,0.1677203951711241,0.3235358990716626,0.3081261899700487,0.16326266729240524,0.14961703679940783,0.045290526592422685
1.0,9,wake_vs_nonwake,1.0,0.35625390622594794,0.36283453076380345,0.1677203951711241,0.3235358990716626,0.3081261899700487,0.16326266729240524,0.14961703679940783,0.045290526592422685
1.0,9,integrated_vs_low,1.0,0.35625390622594794,0.36283453076380345,0.1677203951711241,0.3235358990716626,0.3081261899700487,0.16326266729240524,0.14961703679940783,0.045290526592422685
1.0,10,wake_vs_deep_sleep,1.0,0.06420657534130468,0.26699596925870317,0.2622070953372209,0.33145485710504763,0.017789800808422507,0.13061873706871197,0.06725534806812695,0.28013451211584445
1.0,10,wake_vs_reflex,1.0,0.06420657534130468,0.26699596925870317,0.2622070953372209,0.33145485710504763,0.017789800808422507,0.13061873706871197,0.06725534806812695,0.28013451211584445
1.0,10,wake_vs_anxiety,0.7911111111111111,0.06420657534130468,0.26699596925870317,0.2622070953372209,0.33145485710504763,0.017789800808422507,0.13061873706871197,0.06725534806812695,0.28013451211584445
1.0,10,wake_vs_nonwake,0.9303703703703703,0.06420657534130468,0.26699596925870317,0.2622070953372209,0.33145485710504763,0.017789800808422507,0.13061873706871197,0.06725534806812695,0.28013451211584445
1.0,10,integrated_vs_low,1.0,0.06420657534130468,0.26699596925870317,0.2622070953372209,0.33145485710504763,0.017789800808422507,0.13061873706871197,0.06725534806812695,0.28013451211584445
1.0,11,wake_vs_deep_sleep,1.0,0.602441280977291,0.09867215089045894,0.26713966353919455,0.06468140172913722,0.247637273041542,0.05546179849336781,0.09639706064373793,0.24290515704574003
1.0,11,wake_vs_reflex,1.0,0.602441280977291,0.09867215089045894,0.26713966353919455,0.06468140172913722,0.247637273041542,0.05546179849336781,0.09639706064373793,0.24290515704574003
1.0,11,wake_vs_anxiety,0.9822222222222222,0.602441280977291,0.09867215089045894,0.26713966353919455,0.06468140172913722,0.247637273041542,0.05546179849336781,0.09639706064373793,0.24290515704574003
1.0,11,wake_vs_nonwake,0.994074074074074,0.602441280977291,0.09867215089045894,0.26713966353919455,0.06468140172913722,0.247637273041542,0.05546179849336781,0.09639706064373793,0.24290515704574003
1.0,11,integrated_vs_low,1.0,0.602441280977291,0.09867215089045894,0.26713966353919455,0.06468140172913722,0.247637273041542,0.05546179849336781,0.09639706064373793,0.24290515704574003
1.0,12,wake_vs_deep_sleep,1.0,0.6372288371296767,0.08100896316967439,0.2168316139802877,0.35069555062171615,0.8576302216370092,0.24402419315486956,0.08673635654930945,0.22517213648901704
1.0,12,wake_vs_reflex,1.0,0.6372288371296767,0.08100896316967439,0.2168316139802877,0.35069555062171615,0.8576302216370092,0.24402419315486956,0.08673635654930945,0.22517213648901704
1.0,12,wake_vs_anxiety,1.0,0.6372288371296767,0.08100896316967439,0.2168316139802877,0.35069555062171615,0.8576302216370092,0.24402419315486956,0.08673635654930945,0.22517213648901704
1.0,12,wake_vs_nonwake,1.0,0.6372288371296767,0.08100896316967439,0.2168316139802877,0.35069555062171615,0.8576302216370092,0.24402419315486956,0.08673635654930945,0.22517213648901704
1.0,12,integrated_vs_low,1.0,0.6372288371296767,0.08100896316967439,0.2168316139802877,0.35069555062171615,0.8576302216370092,0.24402419315486956,0.08673635654930945,0.22517213648901704
1.0,13,wake_vs_deep_sleep,1.0,0.2243438131746113,0.39045135627668315,0.15987045406545475,0.3427138603805071,0.020904824112082634,0.16002457845390217,0.297536588529654,0.2196818799959685
1.0,13,wake_vs_reflex,1.0,0.2243438131746113,0.39045135627668315,0.15987045406545475,0.3427138603805071,0.020904824112082634,0.16002457845390217,0.297536588529654,0.2196818799959685
1.0,13,wake_vs_anxiety,0.9733333333333334,0.2243438131746113,0.39045135627668315,0.15987045406545475,0.3427138603805071,0.020904824112082634,0.16002457845390217,0.297536588529654,0.2196818799959685
1.0,13,wake_vs_nonwake,0.9911111111111112,0.2243438131746113,0.39045135627668315,0.15987045406545475,0.3427138603805071,0.020904824112082634,0.16002457845390217,0.297536588529654,0.2196818799959685
1.0,13,integrated_vs_low,1.0,0.2243438131746113,0.39045135627668315,0.15987045406545475,0.3427138603805071,0.020904824112082634,0.16002457845390217,0.297536588529654,0.2196818799959685
1.0,14,wake_vs_deep_sleep,1.0,0.31076002047718343,0.3743749997742904,0.3415937504588917,0.16110783691146913,0.49009356183720565,0.1959297024369851,0.2149488500390532,0.12028005610515201
1.0,14,wake_vs_reflex,1.0,0.31076002047718343,0.3743749997742904,0.3415937504588917,0.16110783691146913,0.49009356183720565,0.1959297024369851,0.2149488500390532,0.12028005610515201
1.0,14,wake_vs_anxiety,1.0,0.31076002047718343,0.3743749997742904,0.3415937504588917,0.16110783691146913,0.49009356183720565,0.1959297024369851,0.2149488500390532,0.12028005610515201
1.0,14,wake_vs_nonwake,1.0,0.31076002047718343,0.3743749997742904,0.3415937504588917,0.16110783691146913,0.49009356183720565,0.1959297024369851,0.2149488500390532,0.12028005610515201
1.0,14,integrated_vs_low,1.0,0.31076002047718343,0.3743749997742904,0.3415937504588917,0.16110783691146913,0.49009356183720565,0.1959297024369851,0.2149488500390532,0.12028005610515201
1.0,15,wake_vs_deep_sleep,1.0,0.17094350053612176,0.36506873410221446,0.36954979979940256,0.4216614428809895,0.8803839876881052,0.2979966103118754,0.2599868577110799,0.2745324331065506
1.0,15,wake_vs_reflex,1.0,0.17094350053612176,0.36506873410221446,0.36954979979940256,0.4216614428809895,0.8803839876881052,0.2979966103118754,0.2599868577110799,0.2745324331065506
1.0,15,wake_vs_anxiety,1.0,0.17094350053612176,0.36506873410221446,0.36954979979940256,0.4216614428809895,0.8803839876881052,0.2979966103118754,0.2599868577110799,0.2745324331065506
1.0,15,wake_vs_nonwake,1.0,0.17094350053612176,0.36506873410221446,0.36954979979940256,0.4216614428809895,0.8803839876881052,0.2979966103118754,0.2599868577110799,0.2745324331065506
1.0,15,integrated_vs_low,1.0,0.17094350053612176,0.36506873410221446,0.36954979979940256,0.4216614428809895,0.8803839876881052,0.2979966103118754,0.2599868577110799,0.2745324331065506
1.0,16,wake_vs_deep_sleep,1.0,0.3364253416596145,0.18258087780570867,0.09609051045960126,0.32240959717964524,0.2603881224921011,0.10312336388094177,0.19922686719265864,0.14759365976101554
1.0,16,wake_vs_reflex,1.0,0.3364253416596145,0.18258087780570867,0.09609051045960126,0.32240959717964524,0.2603881224921011,0.10312336388094177,0.19922686719265864,0.14759365976101554
1.0,16,wake_vs_anxiety,1.0,0.3364253416596145,0.18258087780570867,0.09609051045960126,0.32240959717964524,0.2603881224921011,0.10312336388094177,0.19922686719265864,0.14759365976101554
1.0,16,wake_vs_nonwake,1.0,0.3364253416596145,0.18258087780570867,0.09609051045960126,0.32240959717964524,0.2603881224921011,0.10312336388094177,0.19922686719265864,0.14759365976101554
1.0,16,integrated_vs_low,1.0,0.3364253416596145,0.18258087780570867,0.09609051045960126,0.32240959717964524,0.2603881224921011,0.10312336388094177,0.19922686719265864,0.14759365976101554
1.0,17,wake_vs_deep_sleep,1.0,0.15319962615624252,0.3264224067011325,0.34422796771775044,0.08384975983889048,0.006756329519999882,0.1344519874117495,0.2711536841314559,0.3021025918443568
1.0,17,wake_vs_reflex,1.0,0.15319962615624252,0.3264224067011325,0.34422796771775044,0.08384975983889048,0.006756329519999882,0.1344519874117495,0.2711536841314559,0.3021025918443568
1.0,17,wake_vs_anxiety,0.7466666666666667,0.15319962615624252,0.3264224067011325,0.34422796771775044,0.08384975983889048,0.006756329519999882,0.1344519874117495,0.2711536841314559,0.3021025918443568
1.0,17,wake_vs_nonwake,0.9155555555555556,0.15319962615624252,0.3264224067011325,0.34422796771775044,0.08384975983889048,0.006756329519999882,0.1344519874117495,0.2711536841314559,0.3021025918443568
1.0,17,integrated_vs_low,1.0,0.15319962615624252,0.3264224067011325,0.34422796771775044,0.08384975983889048,0.006756329519999882,0.1344519874117495,0.2711536841314559,0.3021025918443568
1.0,18,wake_vs_deep_sleep,1.0,0.09683034908123445,0.3097343604732205,0.04628166692377178,0.1950312950782646,0.8987485635107243,0.07703632929236393,0.052347618076392995,0.15220811971684564
1.0,18,wake_vs_reflex,1.0,0.09683034908123445,0.3097343604732205,0.04628166692377178,0.1950312950782646,0.8987485635107243,0.07703632929236393,0.052347618076392995,0.15220811971684564
1.0,18,wake_vs_anxiety,1.0,0.09683034908123445,0.3097343604732205,0.04628166692377178,0.1950312950782646,0.8987485635107243,0.07703632929236393,0.052347618076392995,0.15220811971684564
1.0,18,wake_vs_nonwake,1.0,0.09683034908123445,0.3097343604732205,0.04628166692377178,0.1950312950782646,0.8987485635107243,0.07703632929236393,0.052347618076392995,0.15220811971684564
1.0,18,integrated_vs_low,1.0,0.09683034908123445,0.3097343604732205,0.04628166692377178,0.1950312950782646,0.8987485635107243,0.07703632929236393,0.052347618076392995,0.15220811971684564
1.0,19,wake_vs_deep_sleep,1.0,0.433767968178903,0.37316031296530133,0.3923284582132137,0.03482031829569732,0.1241977656131148,0.3162951895583976,0.09201493177209256,0.3185456614222898
1.0,19,wake_vs_reflex,1.0,0.433767968178903,0.37316031296530133,0.3923284582132137,0.03482031829569732,0.1241977656131148,0.3162951895583976,0.09201493177209256,0.3185456614222898
1.0,19,wake_vs_anxiety,0.9955555555555555,0.433767968178903,0.37316031296530133,0.3923284582132137,0.03482031829569732,0.1241977656131148,0.3162951895583976,0.09201493177209256,0.3185456614222898
1.0,19,wake_vs_nonwake,0.9985185185185185,0.433767968178903,0.37316031296530133,0.3923284582132137,0.03482031829569732,0.1241977656131148,0.3162951895583976,0.09201493177209256,0.3185456614222898
1.0,19,integrated_vs_low,1.0,0.433767968178903,0.37316031296530133,0.3923284582132137,0.03482031829569732,0.1241977656131148,0.3162951895583976,0.09201493177209256,0.3185456614222898
