t,scenario,C_base,S,C_hum,K_ck,M_r,P_u,R_a,M_medio_agentes
0.0,privado,0.07884385752911252,0.0,0.07884385752911252,0.0,0.0,0.0,0.0,0.08322568122471788
0.1,privado,0.07950872404693485,0.0,0.07950872404693485,0.0,0.0,0.0,0.0,0.08648626256590658
0.2,privado,0.08020769365641106,0.0,0.08020769365641106,0.0,0.0,0.0,0.0,0.0897593817447932
0.30000000000000004,privado,0.080927735018286,0.0,0.080927735018286,0.0,0.0,0.0,0.0,0.09307451499733949
0.4,privado,0.0816571611967311,0.0,0.0816571611967311,0.0,0.0,0.0,0.0,0.09641732733362353
0.5,privado,0.506904758840369,0.0,0.506904758840369,0.0,0.0,0.0,0.0,0.10185390441933409
0.6000000000000001,privado,0.48131818728836123,0.0,0.48131818728836123,0.0,0.0,0.0,0.0,0.1072087112857773
0.7000000000000001,privado,0.5016866284322652,0.0,0.5016866284322652,0.0,0.0,0.0,0.0,0.11294957047040872
0.8,privado,0.5136210647619406,0.0,0.5136210647619406,0.0,0.0,0.0,0.0,0.1188019654008465
0.9,privado,0.5238002574131773,0.0,0.5238002574131773,0.0,0.0,0.0,0.0,0.12475669618123687
1.0,privado,0.5283881604622075,0.0,0.5283881604622075,0.0,0.0,0.0,0.0,0.13073702822187178
1.1,privado,0.5310033375799927,0.0,0.5310033375799927,0.0,0.0,0.0,0.0,0.13672589361105042
1.2000000000000002,privado,0.5308250663789413,0.0,0.5308250663789413,0.0,0.0,0.0,0.0,0.14273318551825678
1.3,privado,0.5336028561911494,0.0,0.5336028561911494,0.0,0.0,0.0,0.0,0.14874728520127747
1.4000000000000001,privado,0.5339805813290458,0.0,0.5339805813290458,0.0,0.0,0.0,0.0,0.15475950157427773
1.5,privado,0.5309196668782171,0.0,0.5309196668782171,0.0,0.0,0.0,0.0,0.16074674481546491
1.6,privado,0.5260945855098974,0.0,0.5260945855098974,0.0,0.0,0.0,0.0,0.1666925513811403
1.7000000000000002,privado,0.5198821326956371,0.0,0.5198821326956371,0.0,0.0,0.0,0.0,0.17257824251746406
1.8,privado,0.5133417373884638,0.0,0.5133417373884638,0.0,0.0,0.0,0.0,0.17841232110026584
1.9000000000000001,privado,0.5055385906550068,0.0,0.5055385906550068,0.0,0.0,0.0,0.0,0.18415711947965385
2.0,privado,0.5107796049095685,0.0,0.5107796049095685,0.0,0.0,0.0,0.0,0.18984881758744912
2.1,privado,0.5095224307017573,0.0,0.5095224307017573,0.0,0.0,0.0,0.0,0.1955302100376754
2.2,privado,0.49177866558926375,0.0,0.49177866558926375,0.0,0.0,0.0,0.0,0.20103473303235103
2.3000000000000003,privado,0.5003067308858825,0.0,0.5003067308858825,0.0,0.0,0.0,0.0,0.20658744647669985
2.4000000000000004,privado,0.5014370825962009,0.0,0.5014370825962009,0.0,0.0,0.0,0.0,0.2121168737060034
2.5,privado,0.5188030781621364,0.0,0.5188030781621364,0.0,0.0,0.0,0.0,0.21767893457791776
2.6,privado,0.5156644829949506,0.0,0.5156644829949506,0.0,0.0,0.0,0.0,0.2231728405980942
2.7,privado,0.5199747515705022,0.0,0.5199747515705022,0.0,0.0,0.0,0.0,0.22867281291170516
2.8000000000000003,privado,0.5218134271811643,0.0,0.5218134271811643,0.0,0.0,0.0,0.0,0.23417617033792365
2.9000000000000004,privado,0.5273543764947242,0.0,0.5273543764947242,0.0,0.0,0.0,0.0,0.23977513627967123
3.0,privado,0.5286387208699362,0.0,0.5286387208699362,0.0,0.0,0.0,0.0,0.2454194353622522
3.1,privado,0.5211039966451141,0.0,0.5211039966451141,0.0,0.0,0.0,0.0,0.2510377454021456
3.2,privado,0.5155452844998858,0.0,0.5155452844998858,0.0,0.0,0.0,0.0,0.2566471771459736
3.3000000000000003,privado,0.5176599234672301,0.0,0.5176599234672301,0.0,0.0,0.0,0.0,0.26230549499132905
3.4000000000000004,privado,0.5277491766193597,0.0,0.5277491766193597,0.0,0.0,0.0,0.0,0.26803089842055644
3.5,privado,0.5297427577441459,0.0,0.5297427577441459,0.0,0.0,0.0,0.0,0.2737691524780347
3.6,privado,0.5206251786637275,0.0,0.5206251786637275,0.0,0.0,0.0,0.0,0.2794537858800783
3.7,privado,0.5113884243732403,0.0,0.5113884243732403,0.0,0.0,0.0,0.0,0.28508011738772476
3.8000000000000003,privado,0.5091925571006191,0.0,0.5091925571006191,0.0,0.0,0.0,0.0,0.29072187148782214
3.9000000000000004,privado,0.5129002801486402,0.0,0.5129002801486402,0.0,0.0,0.0,0.0,0.2963753881620757
4.0,privado,0.5043654204451138,0.0,0.5043654204451138,0.0,0.0,0.0,0.0,0.3019844321992392
4.1000000000000005,privado,0.5147102666852692,0.0,0.5147102666852692,0.0,0.0,0.0,0.0,0.3076521058838809
4.2,privado,0.5268606102740068,0.0,0.5268606102740068,0.0,0.0,0.0,0.0,0.3133947819325201
4.3,privado,0.538547766362518,0.0,0.538547766362518,0.0,0.0,0.0,0.0,0.319209025569562
4.4,privado,0.5599196533161525,0.0,0.5599196533161525,0.0,0.0,0.0,0.0,0.3251188915269302
4.5,privado,0.5706842515570512,0.0,0.5706842515570512,0.0,0.0,0.0,0.0,0.3310397575773637
4.6000000000000005,privado,0.5799893905374227,0.0,0.5799893905374227,0.0,0.0,0.0,0.0,0.3369974611738145
4.7,privado,0.5843857121040734,0.0,0.5843857121040734,0.0,0.0,0.0,0.0,0.34296527247035113
4.800000000000001,privado,0.5832837609596319,0.0,0.5832837609596319,0.0,0.0,0.0,0.0,0.34889485180513946
4.9,privado,0.5795320708608767,0.0,0.5795320708608767,0.0,0.0,0.0,0.0,0.3547936564098314
5.0,privado,0.5809873276705524,0.0,0.5809873276705524,0.0,0.0,0.0,0.0,0.36068613794085974
5.1000000000000005,privado,0.5872424386638108,0.0,0.5872424386638108,0.0,0.0,0.0,0.0,0.3665435396649446
5.2,privado,0.5910792925486543,0.0,0.5910792925486543,0.0,0.0,0.0,0.0,0.37237889118727563
5.300000000000001,privado,0.5833630914105735,0.0,0.5833630914105735,0.0,0.0,0.0,0.0,0.3780984790101998
5.4,privado,0.5670229426291762,0.0,0.5670229426291762,0.0,0.0,0.0,0.0,0.38372647070870136
5.5,privado,0.5597114284891647,0.0,0.5597114284891647,0.0,0.0,0.0,0.0,0.38926428194674634
5.6000000000000005,privado,0.5558101081169089,0.0,0.5558101081169089,0.0,0.0,0.0,0.0,0.39475617390078765
5.7,privado,0.5633068072927145,0.0,0.5633068072927145,0.0,0.0,0.0,0.0,0.40025010755279583
5.800000000000001,privado,0.570680921655623,0.0,0.570680921655623,0.0,0.0,0.0,0.0,0.40567804811308106
5.9,privado,0.5729366798390934,0.0,0.5729366798390934,0.0,0.0,0.0,0.0,0.41105225289290004
6.0,privado,0.571156136533606,0.0,0.571156136533606,0.0,0.0,0.0,0.0,0.41637941090194397
6.1000000000000005,privado,0.5704135357752296,0.0,0.5704135357752296,0.0,0.0,0.0,0.0,0.4215970483883943
6.2,privado,0.5656776341222977,0.0,0.5656776341222977,0.0,0.0,0.0,0.0,0.42677340694968713
6.300000000000001,privado,0.5558996819871127,0.0,0.5558996819871127,0.0,0.0,0.0,0.0,0.43190783371815183
6.4,privado,0.5510096158272152,0.0,0.5510096158272152,0.0,0.0,0.0,0.0,0.43705448867525465
6.5,privado,0.5477305856761161,0.0,0.5477305856761161,0.0,0.0,0.0,0.0,0.44222431699521947
6.6000000000000005,privado,0.5365965811648992,0.0,0.5365965811648992,0.0,0.0,0.0,0.0,0.44737627272997543
6.7,privado,0.5309369006060066,0.0,0.5309369006060066,0.0,0.0,0.0,0.0,0.45253660818756974
6.800000000000001,privado,0.5401689157074069,0.0,0.5401689157074069,0.0,0.0,0.0,0.0,0.45781642779765186
6.9,privado,0.55070623215455,0.0,0.55070623215455,0.0,0.0,0.0,0.0,0.46317967180115666
7.0,privado,0.5555003172316532,0.0,0.5555003172316532,0.0,0.0,0.0,0.0,0.46860752305835585
7.1000000000000005,privado,0.5695112111406432,0.0,0.5695112111406432,0.0,0.0,0.0,0.0,0.4741224945312813
7.2,privado,0.578191705783999,0.0,0.578191705783999,0.0,0.0,0.0,0.0,0.4797041622197744
7.300000000000001,privado,0.5828046353767007,0.0,0.5828046353767007,0.0,0.0,0.0,0.0,0.4853223099616583
7.4,privado,0.5874743224316022,0.0,0.5874743224316022,0.0,0.0,0.0,0.0,0.49098558560416583
7.5,privado,0.5922624243999718,0.0,0.5922624243999718,0.0,0.0,0.0,0.0,0.4966837269202361
7.6000000000000005,privado,0.590471706405031,0.0,0.590471706405031,0.0,0.0,0.0,0.0,0.5023816343619495
7.7,privado,0.5900858111623275,0.0,0.5900858111623275,0.0,0.0,0.0,0.0,0.5080691676535687
7.800000000000001,privado,0.5929321686762696,0.0,0.5929321686762696,0.0,0.0,0.0,0.0,0.5137698340849519
7.9,privado,0.5949480290904862,0.0,0.5949480290904862,0.0,0.0,0.0,0.0,0.5194637100671469
8.0,privado,0.599835392960764,0.0,0.599835392960764,0.0,0.0,0.0,0.0,0.5251869801730792
8.1,privado,0.6044441674519696,0.0,0.6044441674519696,0.0,0.0,0.0,0.0,0.5309062580607086
8.200000000000001,privado,0.6046664714281457,0.0,0.6046664714281457,0.0,0.0,0.0,0.0,0.5366280050780798
8.3,privado,0.5984005790457105,0.0,0.5984005790457105,0.0,0.0,0.0,0.0,0.5423271314087398
8.4,privado,0.593212113542043,0.0,0.593212113542043,0.0,0.0,0.0,0.0,0.5480046868393457
8.5,privado,0.5774263602638667,0.0,0.5774263602638667,0.0,0.0,0.0,0.0,0.5535954871266088
8.6,privado,0.5677498208574361,0.0,0.5677498208574361,0.0,0.0,0.0,0.0,0.5591375371580186
8.700000000000001,privado,0.5701117263157506,0.0,0.5701117263157506,0.0,0.0,0.0,0.0,0.5646426491567169
8.8,privado,0.5719200506956708,0.0,0.5719200506956708,0.0,0.0,0.0,0.0,0.5701223828374553
8.9,privado,0.5780913798135139,0.0,0.5780913798135139,0.0,0.0,0.0,0.0,0.5755773980580872
9.0,privado,0.5833591634480183,0.0,0.5833591634480183,0.0,0.0,0.0,0.0,0.5810166494122145
9.1,privado,0.586953843521605,0.0,0.586953843521605,0.0,0.0,0.0,0.0,0.5864375250365872
9.200000000000001,privado,0.5877265923322194,0.0,0.5877265923322194,0.0,0.0,0.0,0.0,0.5918207019617614
9.3,privado,0.5831615122892181,0.0,0.5831615122892181,0.0,0.0,0.0,0.0,0.5971940916999922
9.4,privado,0.5764488320723267,0.0,0.5764488320723267,0.0,0.0,0.0,0.0,0.6025099514000587
9.5,privado,0.5684502720491812,0.0,0.5684502720491812,0.0,0.0,0.0,0.0,0.6077873115934349
9.600000000000001,privado,0.5645823537677035,0.0,0.5645823537677035,0.0,0.0,0.0,0.0,0.6129682653946457
9.700000000000001,privado,0.5661555527625877,0.0,0.5661555527625877,0.0,0.0,0.0,0.0,0.6181100699616523
9.8,privado,0.5638057493276684,0.0,0.5638057493276684,0.0,0.0,0.0,0.0,0.6232023950052025
9.9,privado,0.5606615133448073,0.0,0.5606615133448073,0.0,0.0,0.0,0.0,0.6282558599400931
10.0,privado,0.5604688737121839,0.0,0.5604688737121839,0.0,0.0,0.0,0.0,0.633291752800182
10.100000000000001,privado,0.5558441162596222,0.0,0.5558441162596222,0.0,0.0,0.0,0.0,0.6383078481647511
10.200000000000001,privado,0.5601763156642201,0.0,0.5601763156642201,0.0,0.0,0.0,0.0,0.643375742621678
10.3,privado,0.5670266182762803,0.0,0.5670266182762803,0.0,0.0,0.0,0.0,0.6484788170720026
10.4,privado,0.5768573092936886,0.0,0.5768573092936886,0.0,0.0,0.0,0.0,0.6536204845642779
10.5,privado,0.5826960299093022,0.0,0.5826960299093022,0.0,0.0,0.0,0.0,0.6588079949774631
10.600000000000001,privado,0.5802643925563029,0.0,0.5802643925563029,0.0,0.0,0.0,0.0,0.6639971802557201
10.700000000000001,privado,0.5752603437949235,0.0,0.5752603437949235,0.0,0.0,0.0,0.0,0.6691711076470831
10.8,privado,0.5848075617042586,0.0,0.5848075617042586,0.0,0.0,0.0,0.0,0.6743979053242886
10.9,privado,0.5882651897829239,0.0,0.5882651897829239,0.0,0.0,0.0,0.0,0.6796117361034235
11.0,privado,0.5961412282260912,0.0,0.5961412282260912,0.0,0.0,0.0,0.0,0.6848659275761927
11.100000000000001,privado,0.6061223853694229,0.0,0.6061223853694229,0.0,0.0,0.0,0.0,0.6901618548567334
11.200000000000001,privado,0.6132871574434037,0.0,0.6132871574434037,0.0,0.0,0.0,0.0,0.695477407305841
11.3,privado,0.6153898560431261,0.0,0.6153898560431261,0.0,0.0,0.0,0.0,0.7007938634872228
11.4,privado,0.6197286307914359,0.0,0.6197286307914359,0.0,0.0,0.0,0.0,0.7061102596344824
11.5,privado,0.619395734276032,0.0,0.619395734276032,0.0,0.0,0.0,0.0,0.711429087791273
11.600000000000001,privado,0.617544110811429,0.0,0.617544110811429,0.0,0.0,0.0,0.0,0.7167130089459663
11.700000000000001,privado,0.6151460619437453,0.0,0.6151460619437453,0.0,0.0,0.0,0.0,0.7219835945493553
11.8,privado,0.6179065731519433,0.0,0.6179065731519433,0.0,0.0,0.0,0.0,0.7272456541171223
11.9,privado,0.6234595235471687,0.0,0.6234595235471687,0.0,0.0,0.0,0.0,0.7324958587427416
12.0,privado,0.6294913903754911,0.0,0.6294913903754911,0.0,0.0,0.0,0.0,0.7377356983236858
12.100000000000001,privado,0.6326346587338352,0.0,0.6326346587338352,0.0,0.0,0.0,0.0,0.7429467878476033
12.200000000000001,privado,0.6357570716022647,0.0,0.6357570716022647,0.0,0.0,0.0,0.0,0.7481314827792591
12.3,privado,0.6320942696303069,0.0,0.6320942696303069,0.0,0.0,0.0,0.0,0.7532484952341205
12.4,privado,0.623877533347047,0.0,0.623877533347047,0.0,0.0,0.0,0.0,0.7582816799935599
12.5,privado,0.6160879881639962,0.0,0.6160879881639962,0.0,0.0,0.0,0.0,0.7632555700619447
12.600000000000001,privado,0.6131092914571377,0.0,0.6131092914571377,0.0,0.0,0.0,0.0,0.7681446373080396
12.700000000000001,privado,0.6166357000197309,0.0,0.6166357000197309,0.0,0.0,0.0,0.0,0.7729962003685447
12.8,privado,0.61633314359763,0.0,0.61633314359763,0.0,0.0,0.0,0.0,0.7778097956056558
12.9,privado,0.6109357505187667,0.0,0.6109357505187667,0.0,0.0,0.0,0.0,0.7825512440428177
13.0,privado,0.5984090205538247,0.0,0.5984090205538247,0.0,0.0,0.0,0.0,0.7871886841773614
13.100000000000001,privado,0.5906340344815211,0.0,0.5906340344815211,0.0,0.0,0.0,0.0,0.7917464200739729
13.200000000000001,privado,0.5916740499327451,0.0,0.5916740499327451,0.0,0.0,0.0,0.0,0.7962940268485661
13.3,privado,0.5884887448933471,0.0,0.5884887448933471,0.0,0.0,0.0,0.0,0.8008265872113876
13.4,privado,0.5806134988016769,0.0,0.5806134988016769,0.0,0.0,0.0,0.0,0.805365810636812
13.5,privado,0.5848712750380911,0.0,0.5848712750380911,0.0,0.0,0.0,0.0,0.8099157916494485
13.600000000000001,privado,0.5951844678888228,0.0,0.5951844678888228,0.0,0.0,0.0,0.0,0.8145490136710405
13.700000000000001,privado,0.5976097057495167,0.0,0.5976097057495167,0.0,0.0,0.0,0.0,0.8192368657874816
13.8,privado,0.5954657153427447,0.0,0.5954657153427447,0.0,0.0,0.0,0.0,0.8239574776119837
13.9,privado,0.5960562447488891,0.0,0.5960562447488891,0.0,0.0,0.0,0.0,0.8286949636897082
14.0,privado,0.5910577872928322,0.0,0.5910577872928322,0.0,0.0,0.0,0.0,0.8334589793362999
14.100000000000001,privado,0.5929515657838944,0.0,0.5929515657838944,0.0,0.0,0.0,0.0,0.8382368657507973
14.200000000000001,privado,0.5955885876081389,0.0,0.5955885876081389,0.0,0.0,0.0,0.0,0.8430352416671917
14.3,privado,0.6032547214241856,0.0,0.6032547214241856,0.0,0.0,0.0,0.0,0.8478536715851585
14.4,privado,0.6100667509268057,0.0,0.6100667509268057,0.0,0.0,0.0,0.0,0.852701637502771
14.5,privado,0.6103649674790947,0.0,0.6103649674790947,0.0,0.0,0.0,0.0,0.8575392384110523
14.600000000000001,privado,0.6092994858080789,0.0,0.6092994858080789,0.0,0.0,0.0,0.0,0.8623946946883275
14.700000000000001,privado,0.6105322821570058,0.0,0.6105322821570058,0.0,0.0,0.0,0.0,0.8672690417043052
14.8,privado,0.6000761587580169,0.0,0.6000761587580169,0.0,0.0,0.0,0.0,0.8720927052564654
14.9,privado,0.6015456989801631,0.0,0.6015456989801631,0.0,0.0,0.0,0.0,0.8769256932000233
15.0,privado,0.6116624512071938,0.0,0.6116624512071938,0.0,0.0,0.0,0.0,0.8817929091163654
15.100000000000001,privado,0.6154291509667715,0.0,0.6154291509667715,0.0,0.0,0.0,0.0,0.8866458848280449
15.200000000000001,privado,0.6111590381592499,0.0,0.6111590381592499,0.0,0.0,0.0,0.0,0.891490157328646
15.3,privado,0.6086050455553893,0.0,0.6086050455553893,0.0,0.0,0.0,0.0,0.8963284252880368
15.4,privado,0.6250324489886404,0.0,0.6250324489886404,0.0,0.0,0.0,0.0,0.9011912605628697
15.5,privado,0.6378731350320361,0.0,0.6378731350320361,0.0,0.0,0.0,0.0,0.9060498559778821
15.600000000000001,privado,0.6411869412203721,0.0,0.6411869412203721,0.0,0.0,0.0,0.0,0.9108677525450852
15.700000000000001,privado,0.6364367849018387,0.0,0.6364367849018387,0.0,0.0,0.0,0.0,0.9156525255728964
15.8,privado,0.6284804472210529,0.0,0.6284804472210529,0.0,0.0,0.0,0.0,0.9203729604629458
15.9,privado,0.6238092200826191,0.0,0.6238092200826191,0.0,0.0,0.0,0.0,0.9250513498265989
16.0,privado,0.6211806398539719,0.0,0.6211806398539719,0.0,0.0,0.0,0.0,0.929691234053569
16.1,privado,0.6241477695363157,0.0,0.6241477695363157,0.0,0.0,0.0,0.0,0.9343138893724383
16.2,privado,0.6280000116515263,0.0,0.6280000116515263,0.0,0.0,0.0,0.0,0.9389031208098522
16.3,privado,0.6277129358191262,0.0,0.6277129358191262,0.0,0.0,0.0,0.0,0.9434666610384277
16.400000000000002,privado,0.616405773216611,0.0,0.616405773216611,0.0,0.0,0.0,0.0,0.9479518594318849
16.5,privado,0.6202290411528365,0.0,0.6202290411528365,0.0,0.0,0.0,0.0,0.9523965287872247
16.6,privado,0.6242232343648162,0.0,0.6242232343648162,0.0,0.0,0.0,0.0,0.9568385386632869
16.7,privado,0.623239110093305,0.0,0.623239110093305,0.0,0.0,0.0,0.0,0.9612424271396353
16.8,privado,0.6216111157347082,0.0,0.6216111157347082,0.0,0.0,0.0,0.0,0.9656517704088712
16.900000000000002,privado,0.6188846109584695,0.0,0.6188846109584695,0.0,0.0,0.0,0.0,0.9700818618855771
17.0,privado,0.6242094027912335,0.0,0.6242094027912335,0.0,0.0,0.0,0.0,0.9745202619992354
17.1,privado,0.6248983526034093,0.0,0.6248983526034093,0.0,0.0,0.0,0.0,0.9789764876344419
17.2,privado,0.6248906374217758,0.0,0.6248906374217758,0.0,0.0,0.0,0.0,0.9834303086499417
17.3,privado,0.6235252466559047,0.0,0.6235252466559047,0.0,0.0,0.0,0.0,0.987913433090255
17.400000000000002,privado,0.6253391165667593,0.0,0.6253391165667593,0.0,0.0,0.0,0.0,0.9923920914947414
17.5,privado,0.6225637579540666,0.0,0.6225637579540666,0.0,0.0,0.0,0.0,0.9968793742691309
17.6,privado,0.6208381129112511,0.0,0.6208381129112511,0.0,0.0,0.0,0.0,1.0013568901774481
17.7,privado,0.6136824171034697,0.0,0.6136824171034697,0.0,0.0,0.0,0.0,1.0058099698963228
17.8,privado,0.600890037863437,0.0,0.600890037863437,0.0,0.0,0.0,0.0,1.0102291745722702
17.900000000000002,privado,0.600016537336994,0.0,0.600016537336994,0.0,0.0,0.0,0.0,1.0146257784503012
18.0,privado,0.6134380911266701,0.0,0.6134380911266701,0.0,0.0,0.0,0.0,1.0190444623281438
18.1,privado,0.6255497004734346,0.0,0.6255497004734346,0.0,0.0,0.0,0.0,1.0234803651693918
18.2,privado,0.6369140723269073,0.0,0.6369140723269073,0.0,0.0,0.0,0.0,1.027929178004901
18.3,privado,0.6454283773566518,0.0,0.6454283773566518,0.0,0.0,0.0,0.0,1.032372729334334
18.400000000000002,privado,0.6500834124343163,0.0,0.6500834124343163,0.0,0.0,0.0,0.0,1.0368183155841075
18.5,privado,0.6551293828770888,0.0,0.6551293828770888,0.0,0.0,0.0,0.0,1.041246057312029
18.6,privado,0.6554902773544964,0.0,0.6554902773544964,0.0,0.0,0.0,0.0,1.0456355549472975
18.7,privado,0.6598375976912463,0.0,0.6598375976912463,0.0,0.0,0.0,0.0,1.0500003517237029
18.8,privado,0.6596615616497585,0.0,0.6596615616497585,0.0,0.0,0.0,0.0,1.05433263484002
18.900000000000002,privado,0.6637323196092357,0.0,0.6637323196092357,0.0,0.0,0.0,0.0,1.0586266695644602
19.0,privado,0.6669929643688186,0.0,0.6669929643688186,0.0,0.0,0.0,0.0,1.0628745819027223
19.1,privado,0.6619300468051201,0.0,0.6619300468051201,0.0,0.0,0.0,0.0,1.0670647461608873
19.200000000000003,privado,0.6519680241972591,0.0,0.6519680241972591,0.0,0.0,0.0,0.0,1.0711586537157463
19.3,privado,0.6374973395269299,0.0,0.6374973395269299,0.0,0.0,0.0,0.0,1.0751669857043455
19.400000000000002,privado,0.6300723655789195,0.0,0.6300723655789195,0.0,0.0,0.0,0.0,1.0790497692923835
19.5,privado,0.6301884017171617,0.0,0.6301884017171617,0.0,0.0,0.0,0.0,1.0829090541972444
19.6,privado,0.6226587704202586,0.0,0.6226587704202586,0.0,0.0,0.0,0.0,1.0866919915470292
19.700000000000003,privado,0.6183778361962088,0.0,0.6183778361962088,0.0,0.0,0.0,0.0,1.0903509570330552
19.8,privado,0.6165133069841531,0.0,0.6165133069841531,0.0,0.0,0.0,0.0,1.0939000131518912
19.900000000000002,privado,0.6064982346956015,0.0,0.6064982346956015,0.0,0.0,0.0,0.0,1.0973225313046702
20.0,privado,0.6106595163868476,0.0,0.6106595163868476,0.0,0.0,0.0,0.0,1.1006734255052026
20.1,privado,0.617443480132025,0.0,0.617443480132025,0.0,0.0,0.0,0.0,1.103956007282187
20.200000000000003,privado,0.624094138842962,0.0,0.624094138842962,0.0,0.0,0.0,0.0,1.1071877008533664
20.3,privado,0.6239945244699793,0.0,0.6239945244699793,0.0,0.0,0.0,0.0,1.1104359619398965
20.400000000000002,privado,0.6129923596034259,0.0,0.6129923596034259,0.0,0.0,0.0,0.0,1.1137432418682254
20.5,privado,0.6077942649085959,0.0,0.6077942649085959,0.0,0.0,0.0,0.0,1.1170883736597563
20.6,privado,0.613878030092917,0.0,0.613878030092917,0.0,0.0,0.0,0.0,1.1204951462065615
20.700000000000003,privado,0.6218586020619415,0.0,0.6218586020619415,0.0,0.0,0.0,0.0,1.1239910900245675
20.8,privado,0.625339273049214,0.0,0.625339273049214,0.0,0.0,0.0,0.0,1.1275432906597582
20.900000000000002,privado,0.627619957588629,0.0,0.627619957588629,0.0,0.0,0.0,0.0,1.1311598417857835
21.0,privado,0.6306709830934033,0.0,0.6306709830934033,0.0,0.0,0.0,0.0,1.1348525219884529
21.1,privado,0.6388229351332486,0.0,0.6388229351332486,0.0,0.0,0.0,0.0,1.1386330536788631
21.200000000000003,privado,0.6359709554526833,0.0,0.6359709554526833,0.0,0.0,0.0,0.0,1.1424123276882687
21.3,privado,0.6316851241948447,0.0,0.6316851241948447,0.0,0.0,0.0,0.0,1.1462279799758495
21.400000000000002,privado,0.622910851066615,0.0,0.622910851066615,0.0,0.0,0.0,0.0,1.1500576972319372
21.5,privado,0.6302640830068996,0.0,0.6302640830068996,0.0,0.0,0.0,0.0,1.153933791337829
21.6,privado,0.6418525393316021,0.0,0.6418525393316021,0.0,0.0,0.0,0.0,1.1578592763785773
21.700000000000003,privado,0.6487820222213196,0.0,0.6487820222213196,0.0,0.0,0.0,0.0,1.161800255498947
21.8,privado,0.6521397419844082,0.0,0.6521397419844082,0.0,0.0,0.0,0.0,1.1657842635280307
21.900000000000002,privado,0.6568794348187934,0.0,0.6568794348187934,0.0,0.0,0.0,0.0,1.169773578639588
22.0,privado,0.6593722107056039,0.0,0.6593722107056039,0.0,0.0,0.0,0.0,1.1737733108819228
22.1,privado,0.6558839303749929,0.0,0.6558839303749929,0.0,0.0,0.0,0.0,1.177760766805382
22.200000000000003,privado,0.6551644636325011,0.0,0.6551644636325011,0.0,0.0,0.0,0.0,1.1817524227897966
22.3,privado,0.6553221497088291,0.0,0.6553221497088291,0.0,0.0,0.0,0.0,1.1857596108368202
22.400000000000002,privado,0.6577903298549426,0.0,0.6577903298549426,0.0,0.0,0.0,0.0,1.1897577337625975
22.5,privado,0.6634510502468052,0.0,0.6634510502468052,0.0,0.0,0.0,0.0,1.1937504331982836
22.6,privado,0.6674129812401597,0.0,0.6674129812401597,0.0,0.0,0.0,0.0,1.1977284086258648
22.700000000000003,privado,0.6615411209594255,0.0,0.6615411209594255,0.0,0.0,0.0,0.0,1.2016680927944674
22.8,privado,0.6543676088293369,0.0,0.6543676088293369,0.0,0.0,0.0,0.0,1.2055749667554487
22.900000000000002,privado,0.658383174872512,0.0,0.658383174872512,0.0,0.0,0.0,0.0,1.209457229790585
23.0,privado,0.6654239147441156,0.0,0.6654239147441156,0.0,0.0,0.0,0.0,1.213334109431429
23.1,privado,0.6722721003240701,0.0,0.6722721003240701,0.0,0.0,0.0,0.0,1.2172141149116222
23.200000000000003,privado,0.6703990345353281,0.0,0.6703990345353281,0.0,0.0,0.0,0.0,1.2210537003095037
23.3,privado,0.6634197486577554,0.0,0.6634197486577554,0.0,0.0,0.0,0.0,1.2248582256284626
23.400000000000002,privado,0.6564652635165068,0.0,0.6564652635165068,0.0,0.0,0.0,0.0,1.2286519317743922
23.5,privado,0.6484443834649596,0.0,0.6484443834649596,0.0,0.0,0.0,0.0,1.2323902605467658
23.6,privado,0.6462132123302657,0.0,0.6462132123302657,0.0,0.0,0.0,0.0,1.23607846797348
23.700000000000003,privado,0.6427272469200151,0.0,0.6427272469200151,0.0,0.0,0.0,0.0,1.2397446162490353
23.8,privado,0.6394358193402286,0.0,0.6394358193402286,0.0,0.0,0.0,0.0,1.243380654024855
23.900000000000002,privado,0.638503687643207,0.0,0.638503687643207,0.0,0.0,0.0,0.0,1.2469719547263645
24.0,privado,0.6350471876026239,0.0,0.6350471876026239,0.0,0.0,0.0,0.0,1.250565524587651
24.1,privado,0.6259864788774276,0.0,0.6259864788774276,0.0,0.0,0.0,0.0,1.2541452081242137
24.200000000000003,privado,0.6256301304858882,0.0,0.6256301304858882,0.0,0.0,0.0,0.0,1.2577607232016965
24.3,privado,0.6342045984166659,0.0,0.6342045984166659,0.0,0.0,0.0,0.0,1.2613873190578904
24.400000000000002,privado,0.6393751068414746,0.0,0.6393751068414746,0.0,0.0,0.0,0.0,1.2650429129683314
24.5,privado,0.6407485323871212,0.0,0.6407485323871212,0.0,0.0,0.0,0.0,1.2687182606694478
24.6,privado,0.6376889269855976,0.0,0.6376889269855976,0.0,0.0,0.0,0.0,1.2724016412309807
24.700000000000003,privado,0.632584142382967,0.0,0.632584142382967,0.0,0.0,0.0,0.0,1.2760810101660107
24.8,privado,0.632821388784127,0.0,0.632821388784127,0.0,0.0,0.0,0.0,1.2797716555474188
24.900000000000002,privado,0.6443148037367314,0.0,0.6443148037367314,0.0,0.0,0.0,0.0,1.283472293037792
25.0,privado,0.6542263459546309,0.0,0.6542263459546309,0.0,0.0,0.0,0.0,1.2871934977497155
25.1,privado,0.6581601607817675,0.0,0.6581601607817675,0.0,0.0,0.0,0.0,1.2908995410928328
25.200000000000003,privado,0.6548903294946192,0.0,0.6548903294946192,0.0,0.0,0.0,0.0,1.2946007715053147
25.3,privado,0.6525445231620526,0.0,0.6525445231620526,0.0,0.0,0.0,0.0,1.2983041273244087
25.400000000000002,privado,0.6587644177026835,0.0,0.6587644177026835,0.0,0.0,0.0,0.0,1.3019829362295408
25.5,privado,0.657304159540702,0.0,0.657304159540702,0.0,0.0,0.0,0.0,1.3056493601363472
25.6,privado,0.6517733755776474,0.0,0.6517733755776474,0.0,0.0,0.0,0.0,1.3093028522767391
25.700000000000003,privado,0.6583632449911057,0.0,0.6583632449911057,0.0,0.0,0.0,0.0,1.3129252581834638
25.8,privado,0.6622125548989013,0.0,0.6622125548989013,0.0,0.0,0.0,0.0,1.3165412675534423
25.900000000000002,privado,0.6658160464176666,0.0,0.6658160464176666,0.0,0.0,0.0,0.0,1.32013105013113
26.0,privado,0.662133809004717,0.0,0.662133809004717,0.0,0.0,0.0,0.0,1.3236779339449904
26.1,privado,0.6612997217140324,0.0,0.6612997217140324,0.0,0.0,0.0,0.0,1.3271676873707228
26.200000000000003,privado,0.6588253867829359,0.0,0.6588253867829359,0.0,0.0,0.0,0.0,1.3306334031274374
26.3,privado,0.6495147011432942,0.0,0.6495147011432942,0.0,0.0,0.0,0.0,1.3340346541099102
26.400000000000002,privado,0.6359901601663083,0.0,0.6359901601663083,0.0,0.0,0.0,0.0,1.3373679281427555
26.5,privado,0.6252554576390705,0.0,0.6252554576390705,0.0,0.0,0.0,0.0,1.3406225165645007
26.6,privado,0.6302969320804358,0.0,0.6302969320804358,0.0,0.0,0.0,0.0,1.3438511141329221
26.700000000000003,privado,0.6322194395919782,0.0,0.6322194395919782,0.0,0.0,0.0,0.0,1.3470382472112217
26.8,privado,0.6272608990664374,0.0,0.6272608990664374,0.0,0.0,0.0,0.0,1.3501646897716388
26.900000000000002,privado,0.6292033095911271,0.0,0.6292033095911271,0.0,0.0,0.0,0.0,1.3532459980166731
27.0,privado,0.6251937438117552,0.0,0.6251937438117552,0.0,0.0,0.0,0.0,1.3562690314733254
27.1,privado,0.6196812478411746,0.0,0.6196812478411746,0.0,0.0,0.0,0.0,1.3592627838538487
27.200000000000003,privado,0.6253538686995682,0.0,0.6253538686995682,0.0,0.0,0.0,0.0,1.3622788179121337
27.3,privado,0.6329891873217817,0.0,0.6329891873217817,0.0,0.0,0.0,0.0,1.3653446598140706
27.400000000000002,privado,0.6345987575735813,0.0,0.6345987575735813,0.0,0.0,0.0,0.0,1.3684129949266899
27.5,privado,0.6403960959555582,0.0,0.6403960959555582,0.0,0.0,0.0,0.0,1.371558044840274
27.6,privado,0.6465407495151695,0.0,0.6465407495151695,0.0,0.0,0.0,0.0,1.3747375896171863
27.700000000000003,privado,0.6493979526425999,0.0,0.6493979526425999,0.0,0.0,0.0,0.0,1.3779475530389051
27.8,privado,0.6470058307177248,0.0,0.6470058307177248,0.0,0.0,0.0,0.0,1.3811797504040895
27.900000000000002,privado,0.6416756161550454,0.0,0.6416756161550454,0.0,0.0,0.0,0.0,1.384421903900447
28.0,privado,0.6389819004113795,0.0,0.6389819004113795,0.0,0.0,0.0,0.0,1.387686993032101
28.1,privado,0.6279919518196877,0.0,0.6279919518196877,0.0,0.0,0.0,0.0,1.3909511342218674
28.200000000000003,privado,0.6299600344482632,0.0,0.6299600344482632,0.0,0.0,0.0,0.0,1.3942344638984914
28.3,privado,0.6419778357416799,0.0,0.6419778357416799,0.0,0.0,0.0,0.0,1.3975582594597178
28.400000000000002,privado,0.6540878417612564,0.0,0.6540878417612564,0.0,0.0,0.0,0.0,1.4008885425110291
28.5,privado,0.662506288772359,0.0,0.662506288772359,0.0,0.0,0.0,0.0,1.4042416591506517
28.6,privado,0.6616645608630377,0.0,0.6616645608630377,0.0,0.0,0.0,0.0,1.407606194541332
28.700000000000003,privado,0.6609016937671908,0.0,0.6609016937671908,0.0,0.0,0.0,0.0,1.4109669481855867
28.8,privado,0.6661769763131479,0.0,0.6661769763131479,0.0,0.0,0.0,0.0,1.4143438727391093
28.900000000000002,privado,0.6581919796859907,0.0,0.6581919796859907,0.0,0.0,0.0,0.0,1.417686830493201
29.0,privado,0.6584378206770232,0.0,0.6584378206770232,0.0,0.0,0.0,0.0,1.4210344290407613
29.1,privado,0.6544267366547062,0.0,0.6544267366547062,0.0,0.0,0.0,0.0,1.4243692487913875
29.200000000000003,privado,0.6439007988077299,0.0,0.6439007988077299,0.0,0.0,0.0,0.0,1.4276819013760542
29.3,privado,0.6417178657641402,0.0,0.6417178657641402,0.0,0.0,0.0,0.0,1.4309795787501838
29.400000000000002,privado,0.6501222973612242,0.0,0.6501222973612242,0.0,0.0,0.0,0.0,1.4342690687809658
29.5,privado,0.6578924256615539,0.0,0.6578924256615539,0.0,0.0,0.0,0.0,1.4375685727413363
29.6,privado,0.6605424111297378,0.0,0.6605424111297378,0.0,0.0,0.0,0.0,1.4408544478414438
29.700000000000003,privado,0.6538284388550688,0.0,0.6538284388550688,0.0,0.0,0.0,0.0,1.4440924893557334
29.8,privado,0.6429189843500438,0.0,0.6429189843500438,0.0,0.0,0.0,0.0,1.4472805264912465
29.900000000000002,privado,0.6424403445368612,0.0,0.6424403445368612,0.0,0.0,0.0,0.0,1.450457409018553
30.0,privado,0.6415678684382161,0.0,0.6415678684382161,0.0,0.0,0.0,0.0,1.4536119049740301
30.1,privado,0.6391803366724724,0.0,0.6391803366724724,0.0,0.0,0.0,0.0,1.4567316279915092
30.200000000000003,privado,0.6442956498171826,0.0,0.6442956498171826,0.0,0.0,0.0,0.0,1.4598252260828914
30.3,privado,0.6543253494477439,0.0,0.6543253494477439,0.0,0.0,0.0,0.0,1.4629058756888362
30.400000000000002,privado,0.6549274147522627,0.0,0.6549274147522627,0.0,0.0,0.0,0.0,1.465955860296849
30.5,privado,0.6496890495594091,0.0,0.6496890495594091,0.0,0.0,0.0,0.0,1.4689675375638265
30.6,privado,0.6497014412002351,0.0,0.6497014412002351,0.0,0.0,0.0,0.0,1.4719461468493804
30.700000000000003,privado,0.6444388905914596,0.0,0.6444388905914596,0.0,0.0,0.0,0.0,1.4749187529431915
30.8,privado,0.6441424763578796,0.0,0.6441424763578796,0.0,0.0,0.0,0.0,1.47791059628472
30.900000000000002,privado,0.6413184061596875,0.0,0.6413184061596875,0.0,0.0,0.0,0.0,1.4809045104160026
31.0,privado,0.6342113766404989,0.0,0.6342113766404989,0.0,0.0,0.0,0.0,1.4839152280164791
31.1,privado,0.6287196855612331,0.0,0.6287196855612331,0.0,0.0,0.0,0.0,1.486915452277843
31.200000000000003,privado,0.627703329256342,0.0,0.627703329256342,0.0,0.0,0.0,0.0,1.4899111418974584
31.3,privado,0.6455500185647829,0.0,0.6455500185647829,0.0,0.0,0.0,0.0,1.4929569187941771
31.400000000000002,privado,0.6510514290011558,0.0,0.6510514290011558,0.0,0.0,0.0,0.0,1.496006641362527
31.5,privado,0.6497261950849187,0.0,0.6497261950849187,0.0,0.0,0.0,0.0,1.4990661829635274
31.6,privado,0.6426740560349801,0.0,0.6426740560349801,0.0,0.0,0.0,0.0,1.502116595315603
31.700000000000003,privado,0.6244083711410766,0.0,0.6244083711410766,0.0,0.0,0.0,0.0,1.5051499444694627
31.8,privado,0.6168577720915834,0.0,0.6168577720915834,0.0,0.0,0.0,0.0,1.5081474835549746
31.900000000000002,privado,0.6191756011233442,0.0,0.6191756011233442,0.0,0.0,0.0,0.0,1.5111519412546826
32.0,privado,0.6268377204784183,0.0,0.6268377204784183,0.0,0.0,0.0,0.0,1.5141492135925985
32.1,privado,0.6312395262763322,0.0,0.6312395262763322,0.0,0.0,0.0,0.0,1.5171618690685955
32.2,privado,0.6375857443812347,0.0,0.6375857443812347,0.0,0.0,0.0,0.0,1.520174861659274
32.300000000000004,privado,0.6550197582552655,0.0,0.6550197582552655,0.0,0.0,0.0,0.0,1.523168755729923
32.4,privado,0.6714826628152861,0.0,0.6714826628152861,0.0,0.0,0.0,0.0,1.5261619266871977
32.5,privado,0.6774795284114082,0.0,0.6774795284114082,0.0,0.0,0.0,0.0,1.5291445054161514
32.6,privado,0.6781568793602576,0.0,0.6781568793602576,0.0,0.0,0.0,0.0,1.532098522899688
32.7,privado,0.6826674174766154,0.0,0.6826674174766154,0.0,0.0,0.0,0.0,1.535039640380529
32.800000000000004,privado,0.6806640998571891,0.0,0.6806640998571891,0.0,0.0,0.0,0.0,1.537941404287283
32.9,privado,0.679758591019115,0.0,0.679758591019115,0.0,0.0,0.0,0.0,1.5407998929771622
33.0,privado,0.6864908835737529,0.0,0.6864908835737529,0.0,0.0,0.0,0.0,1.5436440066185615
33.1,privado,0.6922790905843275,0.0,0.6922790905843275,0.0,0.0,0.0,0.0,1.5464667113924802
33.2,privado,0.6886823514042559,0.0,0.6886823514042559,0.0,0.0,0.0,0.0,1.5492124709746147
33.300000000000004,privado,0.6789958283158004,0.0,0.6789958283158004,0.0,0.0,0.0,0.0,1.5519129302277508
33.4,privado,0.6662795865489225,0.0,0.6662795865489225,0.0,0.0,0.0,0.0,1.5545374368719462
33.5,privado,0.6629014048750077,0.0,0.6629014048750077,0.0,0.0,0.0,0.0,1.5570953655262094
33.6,privado,0.6592558880697552,0.0,0.6592558880697552,0.0,0.0,0.0,0.0,1.5596147650602845
33.7,privado,0.6583102092098636,0.0,0.6583102092098636,0.0,0.0,0.0,0.0,1.5620645765359793
33.800000000000004,privado,0.6515708483035207,0.0,0.6515708483035207,0.0,0.0,0.0,0.0,1.564431134750571
33.9,privado,0.6432653424022081,0.0,0.6432653424022081,0.0,0.0,0.0,0.0,1.5667351025513403
34.0,privado,0.6354953288245417,0.0,0.6354953288245417,0.0,0.0,0.0,0.0,1.5689310453291172
34.1,privado,0.6240783104396546,0.0,0.6240783104396546,0.0,0.0,0.0,0.0,1.5710147759382784
34.2,privado,0.6193196699571268,0.0,0.6193196699571268,0.0,0.0,0.0,0.0,1.5730684380720887
34.300000000000004,privado,0.6199701613176147,0.0,0.6199701613176147,0.0,0.0,0.0,0.0,1.5751264066823307
34.4,privado,0.6303116992238909,0.0,0.6303116992238909,0.0,0.0,0.0,0.0,1.5772430728871925
34.5,privado,0.6399555874337178,0.0,0.6399555874337178,0.0,0.0,0.0,0.0,1.5793876275951328
34.6,privado,0.6448733884952145,0.0,0.6448733884952145,0.0,0.0,0.0,0.0,1.5815734596813338
34.7,privado,0.6410737725058474,0.0,0.6410737725058474,0.0,0.0,0.0,0.0,1.583796859761239
34.800000000000004,privado,0.6395571212852551,0.0,0.6395571212852551,0.0,0.0,0.0,0.0,1.586096623822633
34.9,privado,0.641475155450942,0.0,0.641475155450942,0.0,0.0,0.0,0.0,1.5884202196376833
35.0,privado,0.6500780100261229,0.0,0.6500780100261229,0.0,0.0,0.0,0.0,1.5907881130300308
35.1,privado,0.6590495154766308,0.0,0.6590495154766308,0.0,0.0,0.0,0.0,1.5931861631272601
35.2,privado,0.670544259327537,0.0,0.670544259327537,0.0,0.0,0.0,0.0,1.595625703898063
35.300000000000004,privado,0.6736060945602051,0.0,0.6736060945602051,0.0,0.0,0.0,0.0,1.5980841912494868
35.4,privado,0.6724273497328845,0.0,0.6724273497328845,0.0,0.0,0.0,0.0,1.600577549943401
35.5,privado,0.6681178328456485,0.0,0.6681178328456485,0.0,0.0,0.0,0.0,1.6030726944359854
35.6,privado,0.6673377787490051,0.0,0.6673377787490051,0.0,0.0,0.0,0.0,1.6055770729497496
35.7,privado,0.685485058714441,0.0,0.685485058714441,0.0,0.0,0.0,0.0,1.6080975702824338
35.800000000000004,privado,0.6963840624793874,0.0,0.6963840624793874,0.0,0.0,0.0,0.0,1.6106404163572061
35.9,privado,0.699182315853146,0.0,0.699182315853146,0.0,0.0,0.0,0.0,1.6131872187149163
36.0,privado,0.6960687324526442,0.0,0.6960687324526442,0.0,0.0,0.0,0.0,1.6157133500193501
36.1,privado,0.6956069584259275,0.0,0.6956069584259275,0.0,0.0,0.0,0.0,1.6182302007040403
36.2,privado,0.6927326085972234,0.0,0.6927326085972234,0.0,0.0,0.0,0.0,1.6207479139397858
36.300000000000004,privado,0.6877495940507865,0.0,0.6877495940507865,0.0,0.0,0.0,0.0,1.6232531212698316
36.4,privado,0.6827254702406172,0.0,0.6827254702406172,0.0,0.0,0.0,0.0,1.625735043951823
36.5,privado,0.6799023779773652,0.0,0.6799023779773652,0.0,0.0,0.0,0.0,1.6281795335168845
36.6,privado,0.6742430402096204,0.0,0.6742430402096204,0.0,0.0,0.0,0.0,1.630588470113627
36.7,privado,0.671471173375952,0.0,0.671471173375952,0.0,0.0,0.0,0.0,1.6329581730400409
36.800000000000004,privado,0.6672679050030945,0.0,0.6672679050030945,0.0,0.0,0.0,0.0,1.6353077917810126
36.9,privado,0.6570794672305711,0.0,0.6570794672305711,0.0,0.0,0.0,0.0,1.6376065109435167
37.0,privado,0.6545153287764583,0.0,0.6545153287764583,0.0,0.0,0.0,0.0,1.6398591085488736
37.1,privado,0.6601797442069277,0.0,0.6601797442069277,0.0,0.0,0.0,0.0,1.642085351615298
37.2,privado,0.6574928312145136,0.0,0.6574928312145136,0.0,0.0,0.0,0.0,1.644281311995123
37.300000000000004,privado,0.6505002649155419,0.0,0.6505002649155419,0.0,0.0,0.0,0.0,1.6464241783252982
37.4,privado,0.6491195763330757,0.0,0.6491195763330757,0.0,0.0,0.0,0.0,1.6485397096963585
37.5,privado,0.647265748946761,0.0,0.647265748946761,0.0,0.0,0.0,0.0,1.650606233283281
37.6,privado,0.6473057389868925,0.0,0.6473057389868925,0.0,0.0,0.0,0.0,1.6525995063931784
37.7,privado,0.6507572102563355,0.0,0.6507572102563355,0.0,0.0,0.0,0.0,1.654597298737447
37.800000000000004,privado,0.6606105974744005,0.0,0.6606105974744005,0.0,0.0,0.0,0.0,1.6566363300825704
37.9,privado,0.6646309869073894,0.0,0.6646309869073894,0.0,0.0,0.0,0.0,1.6587107783383008
38.0,privado,0.6704761074793291,0.0,0.6704761074793291,0.0,0.0,0.0,0.0,1.660803848386138
38.1,privado,0.671697389130251,0.0,0.671697389130251,0.0,0.0,0.0,0.0,1.6629208560988737
38.2,privado,0.6689617817764462,0.0,0.6689617817764462,0.0,0.0,0.0,0.0,1.6650879050074177
38.300000000000004,privado,0.6653109741763134,0.0,0.6653109741763134,0.0,0.0,0.0,0.0,1.6672484741404152
38.400000000000006,privado,0.6643646731946455,0.0,0.6643646731946455,0.0,0.0,0.0,0.0,1.669435363742961
38.5,privado,0.6684016493679527,0.0,0.6684016493679527,0.0,0.0,0.0,0.0,1.6716542094136742
38.6,privado,0.6629146220404831,0.0,0.6629146220404831,0.0,0.0,0.0,0.0,1.6738624013413326
38.7,privado,0.6572666568872891,0.0,0.6572666568872891,0.0,0.0,0.0,0.0,1.6760562360578355
38.800000000000004,privado,0.6654768722480278,0.0,0.6654768722480278,0.0,0.0,0.0,0.0,1.6782900404524925
38.900000000000006,privado,0.6708505195760239,0.0,0.6708505195760239,0.0,0.0,0.0,0.0,1.680533070220776
39.0,privado,0.6747171942402883,0.0,0.6747171942402883,0.0,0.0,0.0,0.0,1.6827675498238495
39.1,privado,0.6782270628942494,0.0,0.6782270628942494,0.0,0.0,0.0,0.0,1.6849984892295333
39.2,privado,0.6796684133714019,0.0,0.6796684133714019,0.0,0.0,0.0,0.0,1.6872321883631933
39.300000000000004,privado,0.6828774145879128,0.0,0.6828774145879128,0.0,0.0,0.0,0.0,1.689453401090132
39.400000000000006,privado,0.6968997241719372,0.0,0.6968997241719372,0.0,0.0,0.0,0.0,1.691683860905717
39.5,privado,0.7016671354807325,0.0,0.7016671354807325,0.0,0.0,0.0,0.0,1.693871022057572
39.6,privado,0.7072579337505748,0.0,0.7072579337505748,0.0,0.0,0.0,0.0,1.6960485037159607
39.7,privado,0.7069499439322082,0.0,0.7069499439322082,0.0,0.0,0.0,0.0,1.6982192828524618
39.800000000000004,privado,0.7082206111122986,0.0,0.7082206111122986,0.0,0.0,0.0,0.0,1.7003349334398257
39.900000000000006,privado,0.7070354630154678,0.0,0.7070354630154678,0.0,0.0,0.0,0.0,1.7024212430128423
0.0,compartilhado,0.07854038788607029,0.0,0.07854038788607029,4.5397868702434395e-05,0.0,0.0,0.0,0.08320012874570303
0.1,compartilhado,0.07915552344025467,0.0,0.07915552344025467,4.5397868702434395e-05,0.0,0.0,0.0,0.08644648145671993
0.2,compartilhado,0.07980030667945273,0.0,0.07980030667945273,4.5397868702434395e-05,0.0,0.0,0.0,0.0897391117191878
0.30000000000000004,compartilhado,0.0804878078760202,0.0,0.0804878078760202,4.5397868702434395e-05,0.0,0.0,0.0,0.09302933464278482
0.4,compartilhado,0.08120543082156217,0.0,0.08120543082156217,4.5397868702434395e-05,0.0,0.0,0.0,0.09636490600834545
0.5,compartilhado,0.4611927412136648,0.0,0.4611927412136648,4.5397868702434395e-05,0.0,0.0,0.0,0.10158564459719352
0.6000000000000001,compartilhado,0.44730298076064456,0.0,0.44730298076064456,4.5397868702434395e-05,0.0,0.0,0.0,0.10672871873855555
0.7000000000000001,compartilhado,0.5070746327554757,0.0,0.5070746327554757,4.5397868702434395e-05,0.0,0.0,0.0,0.11244180588116
0.8,compartilhado,0.5178874934166262,0.0,0.5178874934166262,4.5397868702434395e-05,0.0,0.0,0.0,0.11827920752665735
0.9,compartilhado,0.5217299439216304,0.0,0.5217299439216304,4.5397868702434395e-05,0.0,0.0,0.0,0.12417049978003401
1.0,compartilhado,0.5246270601606802,0.0,0.5246270601606802,4.5397868702434395e-05,0.0,0.0,0.0,0.13010948840879868
1.1,compartilhado,0.524127387166783,0.0,0.524127387166783,4.5397868702434395e-05,0.0,0.0,0.0,0.1360586794047881
1.2000000000000002,compartilhado,0.5308427091138579,0.0,0.5308427091138579,4.5397868702434395e-05,0.0,0.0,0.0,0.14203923798936668
1.3,compartilhado,0.5313173903673162,0.0,0.5313173903673162,4.5397868702434395e-05,0.0,0.0,0.0,0.1480138608647118
1.4000000000000001,compartilhado,0.5278190805609699,0.0,0.5278190805609699,4.5397868702434395e-05,0.0,0.0,0.0,0.15397161454815148
1.5,compartilhado,0.5241520865442646,0.0,0.5241520865442646,4.5397868702434395e-05,0.0,0.0,0.0,0.1598923456834272
1.6,compartilhado,0.5146043194515599,0.0,0.5146043194515599,4.5397868702434395e-05,0.0,0.0,0.0,0.165753741649179
1.7000000000000002,compartilhado,0.5029415104835018,0.0,0.5029415104835018,4.5397868702434395e-05,0.0,0.0,0.0,0.17154449068801947
1.8,compartilhado,0.49187643447171825,0.0,0.49187643447171825,4.5397868702434395e-05,0.0,0.0,0.0,0.17725068580547848
1.9000000000000001,compartilhado,0.49498956163622276,0.0,0.49498956163622276,4.5397868702434395e-05,0.0,0.0,0.0,0.18290747403315832
2.0,compartilhado,0.5139028402500179,0.0,0.5139028402500179,4.5397868702434395e-05,0.0,0.0,0.0,0.18859907985119484
2.1,compartilhado,0.5217564830597259,0.0,0.5217564830597259,4.5397868702434395e-05,0.0,0.0,0.0,0.1942913950458628
2.2,compartilhado,0.5175018129188746,0.0,0.5175018129188746,4.5397868702434395e-05,0.0,0.0,0.0,0.1999074135779344
2.3000000000000003,compartilhado,0.5242049977106726,0.0,0.5242049977106726,4.5397868702434395e-05,0.0,0.0,0.0,0.20551411217807075
2.4000000000000004,compartilhado,0.5144514632634344,0.0,0.5144514632634344,4.5397868702434395e-05,0.0,0.0,0.0,0.21101691172323123
2.5,compartilhado,0.5275161629995301,0.0,0.5275161629995301,4.5397868702434395e-05,0.0,0.0,0.0,0.2165743755312768
2.6,compartilhado,0.5225211473487589,0.0,0.5225211473487589,4.5397868702434395e-05,0.0,0.0,0.0,0.22207018591316163
2.7,compartilhado,0.5198290215126922,0.0,0.5198290215126922,4.5397868702434395e-05,0.0,0.0,0.0,0.22752545355358889
2.8000000000000003,compartilhado,0.5291637577980108,0.0,0.5291637577980108,4.5397868702434395e-05,0.0,0.0,0.0,0.23304278042739554
2.9000000000000004,compartilhado,0.5370893599814291,0.0,0.5370893599814291,4.5397868702434395e-05,0.0,0.0,0.0,0.2386043669852108
3.0,compartilhado,0.5401127190531237,0.0,0.5401127190531237,4.5397868702434395e-05,0.0,0.0,0.0,0.24421700925336515
3.1,compartilhado,0.5413468951058451,0.0,0.5413468951058451,4.5397868702434395e-05,0.0,0.0,0.0,0.24985166714872786
3.2,compartilhado,0.5364541041323706,0.0,0.5364541041323706,4.5397868702434395e-05,0.0,0.0,0.0,0.25549933741030706
3.3000000000000003,compartilhado,0.5359937779984483,0.0,0.5359937779984483,4.5397868702434395e-05,0.0,0.0,0.0,0.26116290855699253
3.4000000000000004,compartilhado,0.5393970665724563,0.0,0.5393970665724563,4.5397868702434395e-05,0.0,0.0,0.0,0.2668679639736311
3.5,compartilhado,0.5362357718877042,0.0,0.5362357718877042,4.5397868702434395e-05,0.0,0.0,0.0,0.2725925751186574
3.6,compartilhado,0.533059667200376,0.0,0.533059667200376,4.5397868702434395e-05,0.0,0.0,0.0,0.27830567499506254
3.7,compartilhado,0.5306087815417844,0.0,0.5306087815417844,4.5397868702434395e-05,0.0,0.0,0.0,0.2840373093529691
3.8000000000000003,compartilhado,0.521353073062594,0.0,0.521353073062594,4.5397868702434395e-05,0.0,0.0,0.0,0.2897106229464387
3.9000000000000004,compartilhado,0.51339553740129,0.0,0.51339553740129,4.5397868702434395e-05,0.0,0.0,0.0,0.2953574823806131
4.0,compartilhado,0.5134211771505797,0.0,0.5134211771505797,4.5397868702434395e-05,0.0,0.0,0.0,0.3010271294946977
4.1000000000000005,compartilhado,0.5256543090093078,0.0,0.5256543090093078,4.5397868702434395e-05,0.0,0.0,0.0,0.30674295854762723
4.2,compartilhado,0.5346650475383956,0.0,0.5346650475383956,4.5397868702434395e-05,0.0,0.0,0.0,0.3124988838481755
4.3,compartilhado,0.5464026575286232,0.0,0.5464026575286232,4.5397868702434395e-05,0.0,0.0,0.0,0.31833269670786335
4.4,compartilhado,0.547787439276186,0.0,0.547787439276186,4.5397868702434395e-05,0.0,0.0,0.0,0.3241672405253777
4.5,compartilhado,0.5497048628298872,0.0,0.5497048628298872,4.5397868702434395e-05,0.0,0.0,0.0,0.3300113759194403
4.6000000000000005,compartilhado,0.5560905167476423,0.0,0.5560905167476423,4.5397868702434395e-05,0.0,0.0,0.0,0.3358655028055433
4.7,compartilhado,0.5614178642584877,0.0,0.5614178642584877,4.5397868702434395e-05,0.0,0.0,0.0,0.3417174351209353
4.800000000000001,compartilhado,0.5644753482107105,0.0,0.5644753482107105,4.5397868702434395e-05,0.0,0.0,0.0,0.3475719818496268
4.9,compartilhado,0.5667507153231988,0.0,0.5667507153231988,4.5397868702434395e-05,0.0,0.0,0.0,0.3534026870296042
5.0,compartilhado,0.5722906510710293,0.0,0.5722906510710293,4.5397868702434395e-05,0.0,0.0,0.0,0.3592275362248083
5.1000000000000005,compartilhado,0.5725801671252746,0.0,0.5725801671252746,4.5397868702434395e-05,0.0,0.0,0.0,0.36501966742252445
5.2,compartilhado,0.5740103145471248,0.0,0.5740103145471248,4.5397868702434395e-05,0.0,0.0,0.0,0.37075951424281584
5.300000000000001,compartilhado,0.5719745701884432,0.0,0.5719745701884432,4.5397868702434395e-05,0.0,0.0,0.0,0.37642435424246135
5.4,compartilhado,0.5657710681195387,0.0,0.5657710681195387,4.5397868702434395e-05,0.0,0.0,0.0,0.38199781313185266
5.5,compartilhado,0.5662644451205616,0.0,0.5662644451205616,4.5397868702434395e-05,0.0,0.0,0.0,0.3875324602448358
5.6000000000000005,compartilhado,0.5676431288292993,0.0,0.5676431288292993,4.5397868702434395e-05,0.0,0.0,0.0,0.393033942018832
5.7,compartilhado,0.5626918880565452,0.0,0.5626918880565452,4.5397868702434395e-05,0.0,0.0,0.0,0.39851854554036903
5.800000000000001,compartilhado,0.569252802490047,0.0,0.569252802490047,4.5397868702434395e-05,0.0,0.0,0.0,0.40396720970526373
5.9,compartilhado,0.5703352749248798,0.0,0.5703352749248798,4.5397868702434395e-05,0.0,0.0,0.0,0.40932096596124634
6.0,compartilhado,0.572687467780959,0.0,0.572687467780959,4.5397868702434395e-05,0.0,0.0,0.0,0.41461731045312256
6.1000000000000005,compartilhado,0.5712970474490465,0.0,0.5712970474490465,4.5397868702434395e-05,0.0,0.0,0.0,0.41981610654412915
6.2,compartilhado,0.567103330710275,0.0,0.567103330710275,4.5397868702434395e-05,0.0,0.0,0.0,0.4249632049633758
6.300000000000001,compartilhado,0.5647201683985255,0.0,0.5647201683985255,4.5397868702434395e-05,0.0,0.0,0.0,0.4301241148023188
6.4,compartilhado,0.5572028580478989,0.0,0.5572028580478989,4.5397868702434395e-05,0.0,0.0,0.0,0.435277693348761
6.5,compartilhado,0.5640817064312884,0.0,0.5640817064312884,4.5397868702434395e-05,0.0,0.0,0.0,0.4404849366258426
6.6000000000000005,compartilhado,0.5750139750702733,0.0,0.5750139750702733,4.5397868702434395e-05,0.0,0.0,0.0,0.44579671323132086
6.7,compartilhado,0.5798222460865994,0.0,0.5798222460865994,4.5397868702434395e-05,0.0,0.0,0.0,0.45115519548312644
6.800000000000001,compartilhado,0.5797939639737707,0.0,0.5797939639737707,4.5397868702434395e-05,0.0,0.0,0.0,0.45655122726009406
6.9,compartilhado,0.578963833152878,0.0,0.578963833152878,4.5397868702434395e-05,0.0,0.0,0.0,0.46199766059961944
7.0,compartilhado,0.5765507775631373,0.0,0.5765507775631373,4.5397868702434395e-05,0.0,0.0,0.0,0.46748710239952174
7.1000000000000005,compartilhado,0.5814881283728404,0.0,0.5814881283728404,4.5397868702434395e-05,0.0,0.0,0.0,0.47300926344632443
7.2,compartilhado,0.5796959474587484,0.0,0.5796959474587484,4.5397868702434395e-05,0.0,0.0,0.0,0.47855370144838055
7.300000000000001,compartilhado,0.573485330461208,0.0,0.573485330461208,4.5397868702434395e-05,0.0,0.0,0.0,0.48412509719804653
7.4,compartilhado,0.5739691689819278,0.0,0.5739691689819278,4.5397868702434395e-05,0.0,0.0,0.0,0.48971947386577475
7.5,compartilhado,0.5756595595635191,0.0,0.5756595595635191,4.5397868702434395e-05,0.0,0.0,0.0,0.49533854151232715
7.6000000000000005,compartilhado,0.5732239815014185,0.0,0.5732239815014185,4.5397868702434395e-05,0.0,0.0,0.0,0.50096259961309
7.7,compartilhado,0.5728001651985246,0.0,0.5728001651985246,4.5397868702434395e-05,0.0,0.0,0.0,0.5066018356150679
7.800000000000001,compartilhado,0.5655188007853165,0.0,0.5655188007853165,4.5397868702434395e-05,0.0,0.0,0.0,0.5122088747045347
7.9,compartilhado,0.5612199625658033,0.0,0.5612199625658033,4.5397868702434395e-05,0.0,0.0,0.0,0.5177846754576282
8.0,compartilhado,0.5701231260999159,0.041666666666666664,0.5805397927665825,4.5397868702434395e-05,0.0,0.125,0.0,0.5233755360030556
8.1,compartilhado,0.5875181721830283,0.08333333333333333,0.6083515055163616,4.5397868702434395e-05,0.0,0.25,0.0,0.5290401276864927
8.200000000000001,compartilhado,0.5956109363315527,0.08333333333333333,0.6164442696648861,4.5397868702434395e-05,0.0,0.25,0.0,0.5347017322652274
8.3,compartilhado,0.5970035522282653,0.125,0.6282535522282653,4.5397868702434395e-05,0.0,0.375,0.0,0.5403596286895216
8.4,compartilhado,0.589648145428283,0.125,0.620898145428283,4.5397868702434395e-05,0.0,0.375,0.0,0.5459683726176121
8.5,compartilhado,0.5873658753142115,0.16666666666666666,0.6290325419808781,4.5397868702434395e-05,0.0,0.5,0.0,0.5515473566158577
8.6,compartilhado,0.5849194890445285,0.16666666666666666,0.6265861557111951,4.5397868702434395e-05,0.0,0.5,0.0,0.5571152293921453
8.700000000000001,compartilhado,0.5815583464933918,0.16666666666666666,0.6232250131600584,4.5397868702434395e-05,0.0,0.5,0.0,0.5626308827191357
8.8,compartilhado,0.5769993887369527,0.20833333333333331,0.629082722070286,4.5397868702434395e-05,0.0,0.625,0.0,0.5680900084936256
8.9,compartilhado,0.5736977507592258,0.25,0.6361977507592258,4.5397868702434395e-05,0.0,0.75,0.0,0.5735151811217463
9.0,compartilhado,0.5699262278943293,0.25,0.6324262278943293,4.5397868702434395e-05,0.0,0.75,0.0,0.5788610117355797
9.1,compartilhado,0.5753857367728332,0.25,0.6378857367728332,4.5397868702434395e-05,0.0,0.75,0.0,0.5842026001014896
9.200000000000001,compartilhado,0.5763316118718191,0.25,0.6388316118718191,4.5397868702434395e-05,0.0,0.75,0.0,0.5895186942334971
9.3,compartilhado,0.5823700348217536,0.25,0.6448700348217536,4.5397868702434395e-05,0.0,0.75,0.0,0.5948580733070965
9.4,compartilhado,0.5897979834179965,0.25,0.6522979834179965,4.5397868702434395e-05,0.0,0.75,0.0,0.6002003831388458
9.5,compartilhado,0.5893591590705238,0.29166666666666663,0.6622758257371905,4.5397868702434395e-05,0.0,0.875,0.0,0.6054979776208251
9.600000000000001,compartilhado,0.5892032153709688,0.29166666666666663,0.6621198820376354,4.5397868702434395e-05,0.0,0.875,0.0,0.610753831998673
9.700000000000001,compartilhado,0.5860662493645667,0.29166666666666663,0.6589829160312334,4.5397868702434395e-05,0.0,0.875,0.0,0.6159452169813678
9.8,compartilhado,0.5792180486520885,0.29166666666666663,0.6521347153187551,4.5397868702434395e-05,0.0,0.875,0.0,0.6210893078337834
9.9,compartilhado,0.5751973732330062,0.29166666666666663,0.6481140398996729,4.5397868702434395e-05,0.0,0.875,0.0,0.6261967324195135
10.0,compartilhado,0.5778757721319305,0.29166666666666663,0.6507924387985972,4.5397868702434395e-05,0.0,0.875,0.0,0.6312719710500583
10.100000000000001,compartilhado,0.5731192917678245,0.29166666666666663,0.6460359584344911,4.5397868702434395e-05,0.0,0.875,0.0,0.6363470590004541
10.200000000000001,compartilhado,0.5705133659621956,0.29166666666666663,0.6434300326288622,4.5397868702434395e-05,0.0,0.875,0.0,0.6414167178001777
10.3,compartilhado,0.5667459568434999,0.29166666666666663,0.6396626235101666,4.5397868702434395e-05,0.0,0.875,0.0,0.6464963055980303
10.4,compartilhado,0.5731301273910648,0.29166666666666663,0.6460467940577315,4.5397868702434395e-05,0.0,0.875,0.0,0.6516171389232523
10.5,compartilhado,0.5805604222750483,0.29166666666666663,0.653477088941715,4.5397868702434395e-05,0.0,0.875,0.0,0.6567729311461531
10.600000000000001,compartilhado,0.5769625281810672,0.29166666666666663,0.6498791948477338,4.5397868702434395e-05,0.0,0.875,0.0,0.661889034981358
10.700000000000001,compartilhado,0.5680759432221701,0.29166666666666663,0.6409926098888368,4.5397868702434395e-05,0.0,0.875,0.0,0.6669985113860675
10.8,compartilhado,0.5655726719398833,0.3333333333333333,0.6489060052732166,4.5397868702434395e-05,0.0,1.0,0.0,0.6721137940750106
10.9,compartilhado,0.5646401397743526,0.3333333333333333,0.6479734731076859,4.5397868702434395e-05,0.0,1.0,0.0,0.677238307308998
11.0,compartilhado,0.5684643417904337,0.3333333333333333,0.6517976751237671,4.5397868702434395e-05,0.0,1.0,0.0,0.6823643924106693
11.100000000000001,compartilhado,0.5764699183929733,0.3333333333333333,0.6598032517263067,4.5397868702434395e-05,0.0,1.0,0.0,0.6875372563693186
11.200000000000001,compartilhado,0.5769770467235713,0.3333333333333333,0.6603103800569047,4.5397868702434395e-05,0.0,1.0,0.0,0.6926934870380667
11.3,compartilhado,0.5793968760785062,0.3333333333333333,0.6627302094118396,4.5397868702434395e-05,0.0,1.0,0.0,0.6978885549575462
11.4,compartilhado,0.585007035077467,0.3333333333333333,0.6683403684108004,4.5397868702434395e-05,0.0,1.0,0.0,0.7030805056823907
11.5,compartilhado,0.5915947928977616,0.3333333333333333,0.674928126231095,4.5397868702434395e-05,0.0,1.0,0.0,0.708282043259858
11.600000000000001,compartilhado,0.5965098748934952,0.3333333333333333,0.6798432082268285,4.5397868702434395e-05,0.0,1.0,0.0,0.7134780258844169
11.700000000000001,compartilhado,0.5982031902760685,0.3333333333333333,0.6815365236094019,4.5397868702434395e-05,0.0,1.0,0.0,0.7186721438155741
11.8,compartilhado,0.5959534856040505,0.3333333333333333,0.6792868189373839,4.5397868702434395e-05,0.0,1.0,0.0,0.723840287299085
11.9,compartilhado,0.5980589346316056,0.3333333333333333,0.681392267964939,4.5397868702434395e-05,0.0,1.0,0.0,0.7289842621761558
12.0,compartilhado,0.6030722442172213,0.3333333333333333,0.6864055775505546,4.5397868702434395e-05,0.0,1.0,0.0,0.7341190550090289
12.100000000000001,compartilhado,0.6119843834723175,0.3333333333333333,0.6953177168056509,4.5397868702434395e-05,0.0,1.0,0.0,0.7392376193071664
12.200000000000001,compartilhado,0.6174594748976258,0.3333333333333333,0.7007928082309591,4.5397868702434395e-05,0.0,1.0,0.0,0.7443192200252384
12.3,compartilhado,0.6199897830341992,0.3333333333333333,0.7033231163675325,4.5397868702434395e-05,0.0,1.0,0.0,0.7493719347048327
12.4,compartilhado,0.6140387509943703,0.3333333333333333,0.6973720843277037,4.5397868702434395e-05,0.0,1.0,0.0,0.7543685104778708
12.5,compartilhado,0.6050210927083464,0.3333333333333333,0.6883544260416797,4.5397868702434395e-05,0.0,1.0,0.0,0.7592784646612685
12.600000000000001,compartilhado,0.602384787048447,0.3333333333333333,0.6857181203817804,4.5397868702434395e-05,0.0,1.0,0.0,0.7641501084453581
12.700000000000001,compartilhado,0.598846503299421,0.3333333333333333,0.6821798366327544,4.5397868702434395e-05,0.0,1.0,0.0,0.7689661824194912
12.8,compartilhado,0.598461322690663,0.3333333333333333,0.6817946560239964,4.5397868702434395e-05,0.0,1.0,0.0,0.7737474319269294
12.9,compartilhado,0.5952271017739343,0.3333333333333333,0.6785604351072677,4.5397868702434395e-05,0.0,1.0,0.0,0.7784499617167023
13.0,compartilhado,0.5951317908037035,0.3333333333333333,0.6784651241370369,4.5397868702434395e-05,0.0,1.0,0.0,0.7830620238323874
13.100000000000001,compartilhado,0.5991801434237776,0.3333333333333333,0.6825134767571109,4.5397868702434395e-05,0.0,1.0,0.0,0.7876262982161694
13.200000000000001,compartilhado,0.5997341645396097,0.3333333333333333,0.6830674978729431,4.5397868702434395e-05,0.0,1.0,0.0,0.7922275150581797
13.3,compartilhado,0.5986254009265795,0.3333333333333333,0.6819587342599128,4.5397868702434395e-05,0.0,1.0,0.0,0.7967952161482942
13.4,compartilhado,0.5943006478268135,0.3333333333333333,0.6776339811601468,4.5397868702434395e-05,0.0,1.0,0.0,0.8013646279429751
13.5,compartilhado,0.5936651193966256,0.3333333333333333,0.676998452729959,4.5397868702434395e-05,0.0,1.0,0.0,0.8059613464793267
13.600000000000001,compartilhado,0.5987505521785104,0.3333333333333333,0.6820838855118437,4.5397868702434395e-05,0.0,1.0,0.0,0.81059016759258
13.700000000000001,compartilhado,0.59651801196436,0.3333333333333333,0.6798513452976934,4.5397868702434395e-05,0.0,1.0,0.0,0.8152606299817574
13.8,compartilhado,0.5932819756895784,0.3333333333333333,0.6766153090229118,4.5397868702434395e-05,0.0,1.0,0.0,0.819962443056172
13.9,compartilhado,0.5944361073417306,0.3333333333333333,0.677769440675064,4.5397868702434395e-05,0.0,1.0,0.0,0.8247044148766846
14.0,compartilhado,0.587297445438614,0.3333333333333333,0.6706307787719473,4.5397868702434395e-05,0.0,1.0,0.0,0.8294613014217829
14.100000000000001,compartilhado,0.5791209541928773,0.3333333333333333,0.6624542875262107,4.5397868702434395e-05,0.0,1.0,0.0,0.8342132815583714
14.200000000000001,compartilhado,0.5827832240195017,0.3333333333333333,0.666116557352835,4.5397868702434395e-05,0.0,1.0,0.0,0.8390073336680626
14.3,compartilhado,0.587580254911791,0.3333333333333333,0.6709135882451244,4.5397868702434395e-05,0.0,1.0,0.0,0.8438323714968943
14.4,compartilhado,0.581469719183717,0.3333333333333333,0.6648030525170504,4.5397868702434395e-05,0.0,1.0,0.0,0.8486605381836307
14.5,compartilhado,0.5791320521910845,0.3333333333333333,0.6624653855244179,4.5397868702434395e-05,0.0,1.0,0.0,0.8534874073875276
14.600000000000001,compartilhado,0.5794103376028338,0.3333333333333333,0.6627436709361672,4.5397868702434395e-05,0.0,1.0,0.0,0.8583122201426852
14.700000000000001,compartilhado,0.5760059453523767,0.3333333333333333,0.6593392786857101,4.5397868702434395e-05,0.0,1.0,0.0,0.8631091374177002
14.8,compartilhado,0.5873217669786945,0.3333333333333333,0.6706551003120279,4.5397868702434395e-05,0.0,1.0,0.0,0.8679469532884236
14.9,compartilhado,0.5953251435303093,0.3333333333333333,0.6786584768636427,4.5397868702434395e-05,0.0,1.0,0.0,0.8727981561871754
15.0,compartilhado,0.6045781284434593,0.3333333333333333,0.6879114617767926,4.5397868702434395e-05,0.0,1.0,0.0,0.8776463076927105
15.100000000000001,compartilhado,0.6123590321172496,0.3333333333333333,0.695692365450583,4.5397868702434395e-05,0.0,1.0,0.0,0.8825237327090617
15.200000000000001,compartilhado,0.6203613676170683,0.3333333333333333,0.7036947009504017,4.5397868702434395e-05,0.0,1.0,0.0,0.8874142560293719
15.3,compartilhado,0.6254970029943734,0.3333333333333333,0.7088303363277068,4.5397868702434395e-05,0.0,1.0,0.0,0.8923045736984667
15.4,compartilhado,0.6358614234362077,0.3333333333333333,0.719194756769541,4.5397868702434395e-05,0.0,1.0,0.0,0.8972063979451409
15.5,compartilhado,0.6440199508573681,0.3333333333333333,0.7273532841907014,4.5397868702434395e-05,0.0,1.0,0.0,0.9021005448053177
15.600000000000001,compartilhado,0.6447927471832167,0.3333333333333333,0.72812608051655,4.5397868702434395e-05,0.0,1.0,0.0,0.9069709656204925
15.700000000000001,compartilhado,0.6393003928123592,0.3333333333333333,0.7226337261456925,4.5397868702434395e-05,0.0,1.0,0.0,0.9117796869158649
15.8,compartilhado,0.6305751063163565,0.3333333333333333,0.7139084396496899,4.5397868702434395e-05,0.0,1.0,0.0,0.9165338916647057
15.9,compartilhado,0.6262052578585908,0.3333333333333333,0.7095385911919242,4.5397868702434395e-05,0.0,1.0,0.0,0.9212572192908622
16.0,compartilhado,0.627454726324352,0.3333333333333333,0.7107880596576853,4.5397868702434395e-05,0.0,1.0,0.0,0.9259551821544907
16.1,compartilhado,0.6280581004293619,0.3333333333333333,0.7113914337626953,4.5397868702434395e-05,0.0,1.0,0.0,0.9306593380636347
16.2,compartilhado,0.6270104310565847,0.3333333333333333,0.7103437643899181,4.5397868702434395e-05,0.0,1.0,0.0,0.9353158113677433
16.3,compartilhado,0.6234555323405138,0.3333333333333333,0.7067888656738471,4.5397868702434395e-05,0.0,1.0,0.0,0.9399217782044023
16.400000000000002,compartilhado,0.6170792467636319,0.3333333333333333,0.7004125800969653,4.5397868702434395e-05,0.0,1.0,0.0,0.9444630350471799
16.5,compartilhado,0.6161301633860723,0.3333333333333333,0.6994634967194057,4.5397868702434395e-05,0.0,1.0,0.0,0.9489747595680408
16.6,compartilhado,0.6191556594421761,0.3333333333333333,0.7024889927755095,4.5397868702434395e-05,0.0,1.0,0.0,0.9534269290858651
16.7,compartilhado,0.6185512984654706,0.3333333333333333,0.701884631798804,4.5397868702434395e-05,0.0,1.0,0.0,0.9578433500578094
16.8,compartilhado,0.6133345224331541,0.3333333333333333,0.6966678557664875,4.5397868702434395e-05,0.0,1.0,0.0,0.9622620804453764
16.900000000000002,compartilhado,0.6163306434750009,0.3333333333333333,0.6996639768083343,4.5397868702434395e-05,0.0,1.0,0.0,0.966717607984031
17.0,compartilhado,0.6166859602560222,0.3333333333333333,0.7000192935893556,4.5397868702434395e-05,0.0,1.0,0.0,0.9711796325993127
17.1,compartilhado,0.628001915085384,0.3333333333333333,0.7113352484187174,4.5397868702434395e-05,0.0,1.0,0.0,0.9756780323125485
17.2,compartilhado,0.631448296155684,0.3333333333333333,0.7147816294890174,4.5397868702434395e-05,0.0,1.0,0.0,0.9802165089950545
17.3,compartilhado,0.627605356989186,0.3333333333333333,0.7109386903225193,4.5397868702434395e-05,0.0,1.0,0.0,0.9847321352305742
17.400000000000002,compartilhado,0.6169532441095846,0.3333333333333333,0.700286577442918,4.5397868702434395e-05,0.0,1.0,0.0,0.9892102128223285
17.5,compartilhado,0.6051299898799659,0.3333333333333333,0.6884633232132993,4.5397868702434395e-05,0.0,1.0,0.0,0.9936812702972554
17.6,compartilhado,0.5957488440930728,0.3333333333333333,0.6790821774264062,4.5397868702434395e-05,0.0,1.0,0.0,0.9981145301337857
17.7,compartilhado,0.59890892174094,0.3333333333333333,0.6822422550742734,4.5397868702434395e-05,0.0,1.0,0.0,1.0025599518355626
17.8,compartilhado,0.6023786835136651,0.3333333333333333,0.6857120168469985,4.5397868702434395e-05,0.0,1.0,0.0,1.0069922630673112
17.900000000000002,compartilhado,0.600389918493488,0.3333333333333333,0.6837232518268214,4.5397868702434395e-05,0.0,1.0,0.0,1.011391564091554
18.0,compartilhado,0.6038770659602836,0.3333333333333333,0.6872103992936169,4.5397868702434395e-05,0.0,1.0,0.0,1.0157900921105871
18.1,compartilhado,0.6126692198440719,0.3333333333333333,0.6960025531774052,4.5397868702434395e-05,0.0,1.0,0.0,1.0202027200688992
18.2,compartilhado,0.625822455644052,0.3333333333333333,0.7091557889773854,4.5397868702434395e-05,0.0,1.0,0.0,1.0246242302037267
18.3,compartilhado,0.6384104793000465,0.3333333333333333,0.7217438126333798,4.5397868702434395e-05,0.0,1.0,0.0,1.0290545584722566
18.400000000000002,compartilhado,0.6477136266311532,0.3333333333333333,0.7310469599644865,4.5397868702434395e-05,0.0,1.0,0.0,1.03347235115164
18.5,compartilhado,0.6542577216682364,0.3333333333333333,0.7375910550015697,4.5397868702434395e-05,0.0,1.0,0.0,1.037873782022973
18.6,compartilhado,0.654603668534631,0.3333333333333333,0.7379370018679644,4.5397868702434395e-05,0.0,1.0,0.0,1.0422652697063732
18.7,compartilhado,0.6521773952975665,0.3333333333333333,0.7355107286308998,4.5397868702434395e-05,0.0,1.0,0.0,1.0466191953641435
18.8,compartilhado,0.6474055258847373,0.3333333333333333,0.7307388592180707,4.5397868702434395e-05,0.0,1.0,0.0,1.0509113506107417
18.900000000000002,compartilhado,0.6446424693766096,0.3333333333333333,0.727975802709943,4.5397868702434395e-05,0.0,1.0,0.0,1.0551712936506308
19.0,compartilhado,0.642918013502368,0.3333333333333333,0.7262513468357014,4.5397868702434395e-05,0.0,1.0,0.0,1.0593710474944955
19.1,compartilhado,0.6388896178796217,0.3333333333333333,0.7222229512129551,4.5397868702434395e-05,0.0,1.0,0.0,1.0635309110642583
19.200000000000003,compartilhado,0.6290169084704432,0.3333333333333333,0.7123502418037766,4.5397868702434395e-05,0.0,1.0,0.0,1.0676113498341906
19.3,compartilhado,0.6139596332984536,0.3333333333333333,0.697292966631787,4.5397868702434395e-05,0.0,1.0,0.0,1.0715740830741258
19.400000000000002,compartilhado,0.6142931950807735,0.3333333333333333,0.6976265284141069,4.5397868702434395e-05,0.0,1.0,0.0,1.0754586027250321
19.5,compartilhado,0.6214729058856031,0.3333333333333333,0.7048062392189365,4.5397868702434395e-05,0.0,1.0,0.0,1.0793051859976825
19.6,compartilhado,0.6216170606638963,0.3333333333333333,0.7049503939972297,4.5397868702434395e-05,0.0,1.0,0.0,1.0830918465728199
19.700000000000003,compartilhado,0.6232682011926651,0.3333333333333333,0.7066015345259985,4.5397868702434395e-05,0.0,1.0,0.0,1.0867853950106334
19.8,compartilhado,0.6322350618450765,0.3333333333333333,0.7155683951784099,4.5397868702434395e-05,0.0,1.0,0.0,1.0903888308005518
19.900000000000002,compartilhado,0.6362763485073271,0.3333333333333333,0.7196096818406604,4.5397868702434395e-05,0.0,1.0,0.0,1.0938837622035216
20.0,compartilhado,0.6384808910324651,0.3333333333333333,0.7218142243657985,4.5397868702434395e-05,0.0,1.0,0.0,1.0972956949754846
20.1,compartilhado,0.6362661141819743,0.3333333333333333,0.7195994475153077,4.5397868702434395e-05,0.0,1.0,0.0,1.100630808291463
20.200000000000003,compartilhado,0.6343600037339114,0.3333333333333333,0.7176933370672448,4.5397868702434395e-05,0.0,1.0,0.0,1.1038700406099733
20.3,compartilhado,0.6345180066759697,0.3333333333333333,0.7178513400093031,4.5397868702434395e-05,0.0,1.0,0.0,1.1071631374289126
20.400000000000002,compartilhado,0.6284479938697936,0.3333333333333333,0.7117813272031269,4.5397868702434395e-05,0.0,1.0,0.0,1.1104856862312686
20.5,compartilhado,0.6226540192733206,0.3333333333333333,0.705987352606654,4.5397868702434395e-05,0.0,1.0,0.0,1.1138702527729156
20.6,compartilhado,0.6223543283248574,0.3333333333333333,0.7056876616581907,4.5397868702434395e-05,0.0,1.0,0.0,1.1172997747654838
20.700000000000003,compartilhado,0.6297790259754815,0.3333333333333333,0.7131123593088149,4.5397868702434395e-05,0.0,1.0,0.0,1.120833308372406
20.8,compartilhado,0.6323493889116929,0.3333333333333333,0.7156827222450263,4.5397868702434395e-05,0.0,1.0,0.0,1.124433353840873
20.900000000000002,compartilhado,0.6331418499273096,0.3333333333333333,0.716475183260643,4.5397868702434395e-05,0.0,1.0,0.0,1.1280683006276115
21.0,compartilhado,0.6412270195102068,0.3333333333333333,0.7245603528435401,4.5397868702434395e-05,0.0,1.0,0.0,1.1317942611952525
21.1,compartilhado,0.6490837436332679,0.3333333333333333,0.7324170769666013,4.5397868702434395e-05,0.0,1.0,0.0,1.1355803969857043
21.200000000000003,compartilhado,0.6490327286944474,0.3333333333333333,0.7323660620277808,4.5397868702434395e-05,0.0,1.0,0.0,1.139415336096678
21.3,compartilhado,0.6495585288810848,0.3333333333333333,0.7328918622144182,4.5397868702434395e-05,0.0,1.0,0.0,1.1432709633549676
21.400000000000002,compartilhado,0.6480600972416024,0.3333333333333333,0.7313934305749358,4.5397868702434395e-05,0.0,1.0,0.0,1.1471825569560403
21.5,compartilhado,0.647661402373727,0.3333333333333333,0.7309947357070604,4.5397868702434395e-05,0.0,1.0,0.0,1.151098450575409
21.6,compartilhado,0.647062782630535,0.3333333333333333,0.7303961159638683,4.5397868702434395e-05,0.0,1.0,0.0,1.155032719335931
21.700000000000003,compartilhado,0.6483036966136819,0.3333333333333333,0.7316370299470153,4.5397868702434395e-05,0.0,1.0,0.0,1.1589806443442239
21.8,compartilhado,0.6503768471704201,0.3333333333333333,0.7337101805037535,4.5397868702434395e-05,0.0,1.0,0.0,1.16295938273306
21.900000000000002,compartilhado,0.6458887007639723,0.3333333333333333,0.7292220340973057,4.5397868702434395e-05,0.0,1.0,0.0,1.1669373420653724
22.0,compartilhado,0.6404851789773921,0.3333333333333333,0.7238185123107255,4.5397868702434395e-05,0.0,1.0,0.0,1.170905495505731
22.1,compartilhado,0.6436600478446424,0.3333333333333333,0.7269933811779757,4.5397868702434395e-05,0.0,1.0,0.0,1.1748974561539423
22.200000000000003,compartilhado,0.6481107290731181,0.3333333333333333,0.7314440624064514,4.5397868702434395e-05,0.0,1.0,0.0,1.1789035095318132
22.3,compartilhado,0.6566772384801853,0.3333333333333333,0.7400105718135187,4.5397868702434395e-05,0.0,1.0,0.0,1.1829074138379438
22.400000000000002,compartilhado,0.6577707767452518,0.3333333333333333,0.7411041100785851,4.5397868702434395e-05,0.0,1.0,0.0,1.1869071328777534
22.5,compartilhado,0.6564846101332652,0.3333333333333333,0.7398179434665986,4.5397868702434395e-05,0.0,1.0,0.0,1.1908802077137688
22.6,compartilhado,0.6599146041139103,0.3333333333333333,0.7432479374472437,4.5397868702434395e-05,0.0,1.0,0.0,1.194862441436562
22.700000000000003,compartilhado,0.6593094262816932,0.3333333333333333,0.7426427596150266,4.5397868702434395e-05,0.0,1.0,0.0,1.198820305365301
22.8,compartilhado,0.6574053851543782,0.3333333333333333,0.7407387184877116,4.5397868702434395e-05,0.0,1.0,0.0,1.2027548384556495
22.900000000000002,compartilhado,0.6564948653794427,0.3333333333333333,0.739828198712776,4.5397868702434395e-05,0.0,1.0,0.0,1.2066414296177461
23.0,compartilhado,0.6583579383966172,0.3333333333333333,0.7416912717299505,4.5397868702434395e-05,0.0,1.0,0.0,1.2105224639909107
23.1,compartilhado,0.6596518662897013,0.3333333333333333,0.7429851996230347,4.5397868702434395e-05,0.0,1.0,0.0,1.2144024954254307
23.200000000000003,compartilhado,0.6552297791116508,0.3333333333333333,0.7385631124449842,4.5397868702434395e-05,0.0,1.0,0.0,1.2182404103265179
23.3,compartilhado,0.6467377668192007,0.3333333333333333,0.7300711001525341,4.5397868702434395e-05,0.0,1.0,0.0,1.2220472851014037
23.400000000000002,compartilhado,0.6515390553783593,0.3333333333333333,0.7348723887116927,4.5397868702434395e-05,0.0,1.0,0.0,1.2258478680231115
23.5,compartilhado,0.6535113328736922,0.3333333333333333,0.7368446662070256,4.5397868702434395e-05,0.0,1.0,0.0,1.2296060427225746
23.6,compartilhado,0.6547177439438883,0.3333333333333333,0.7380510772772216,4.5397868702434395e-05,0.0,1.0,0.0,1.2333287613961939
23.700000000000003,compartilhado,0.6637431063970629,0.3333333333333333,0.7470764397303963,4.5397868702434395e-05,0.0,1.0,0.0,1.2370328831230022
23.8,compartilhado,0.664608989153584,0.3333333333333333,0.7479423224869174,4.5397868702434395e-05,0.0,1.0,0.0,1.2406967361050856
23.900000000000002,compartilhado,0.6665720393965564,0.3333333333333333,0.7499053727298898,4.5397868702434395e-05,0.0,1.0,0.0,1.2443508879030423
24.0,compartilhado,0.6667927769024364,0.3333333333333333,0.7501261102357698,4.5397868702434395e-05,0.0,1.0,0.0,1.2480047883679866
24.1,compartilhado,0.666399174536606,0.3333333333333333,0.7497325078699394,4.5397868702434395e-05,0.0,1.0,0.0,1.2516642833771185
24.200000000000003,compartilhado,0.6617797506908915,0.3333333333333333,0.7451130840242248,4.5397868702434395e-05,0.0,1.0,0.0,1.2553169378189768
24.3,compartilhado,0.6501675505636135,0.3333333333333333,0.7335008838969469,4.5397868702434395e-05,0.0,1.0,0.0,1.2589805507728924
24.400000000000002,compartilhado,0.6389800149857696,0.3333333333333333,0.722313348319103,4.5397868702434395e-05,0.0,1.0,0.0,1.2626427299191025
24.5,compartilhado,0.6288450635583985,0.3333333333333333,0.7121783968917319,4.5397868702434395e-05,0.0,1.0,0.0,1.2663027398407387
24.6,compartilhado,0.6280598280136851,0.3333333333333333,0.7113931613470185,4.5397868702434395e-05,0.0,1.0,0.0,1.2699639561284464
24.700000000000003,compartilhado,0.6350036019277044,0.3333333333333333,0.7183369352610378,4.5397868702434395e-05,0.0,1.0,0.0,1.2736408845779246
24.8,compartilhado,0.6422697400489402,0.3333333333333333,0.7256030733822736,4.5397868702434395e-05,0.0,1.0,0.0,1.277355359312555
24.900000000000002,compartilhado,0.6434508992515524,0.3333333333333333,0.7267842325848858,4.5397868702434395e-05,0.0,1.0,0.0,1.2810580637801408
25.0,compartilhado,0.64516760862085,0.3333333333333333,0.7285009419541834,4.5397868702434395e-05,0.0,1.0,0.0,1.2847741621575792
25.1,compartilhado,0.6449948141493015,0.3333333333333333,0.7283281474826349,4.5397868702434395e-05,0.0,1.0,0.0,1.2884754170824515
25.200000000000003,compartilhado,0.6499498315597714,0.3333333333333333,0.7332831648931047,4.5397868702434395e-05,0.0,1.0,0.0,1.29217751442077
25.3,compartilhado,0.6538029254582319,0.3333333333333333,0.7371362587915653,4.5397868702434395e-05,0.0,1.0,0.0,1.2958690514125029
25.400000000000002,compartilhado,0.6582708654993444,0.3333333333333333,0.7416041988326778,4.5397868702434395e-05,0.0,1.0,0.0,1.2995664063819392
25.5,compartilhado,0.6646412876863135,0.3333333333333333,0.7479746210196468,4.5397868702434395e-05,0.0,1.0,0.0,1.3032380866846003
25.6,compartilhado,0.6646523509290212,0.3333333333333333,0.7479856842623546,4.5397868702434395e-05,0.0,1.0,0.0,1.3068976324196249
25.700000000000003,compartilhado,0.6649842162084114,0.3333333333333333,0.7483175495417448,4.5397868702434395e-05,0.0,1.0,0.0,1.3105305860420582
25.8,compartilhado,0.6721056849237599,0.3333333333333333,0.7554390182570933,4.5397868702434395e-05,0.0,1.0,0.0,1.3141401214850028
25.900000000000002,compartilhado,0.6783556389268744,0.3333333333333333,0.7616889722602078,4.5397868702434395e-05,0.0,1.0,0.0,1.317735236702624
26.0,compartilhado,0.6787272354043785,0.3333333333333333,0.7620605687377119,4.5397868702434395e-05,0.0,1.0,0.0,1.3213099603508678
26.1,compartilhado,0.680591779504907,0.3333333333333333,0.7639251128382404,4.5397868702434395e-05,0.0,1.0,0.0,1.3248354779388984
26.200000000000003,compartilhado,0.6730708814393747,0.3333333333333333,0.756404214772708,4.5397868702434395e-05,0.0,1.0,0.0,1.328338819318824
26.3,compartilhado,0.6628096500643608,0.3333333333333333,0.7461429833976941,4.5397868702434395e-05,0.0,1.0,0.0,1.3317763095165052
26.400000000000002,compartilhado,0.6533828454184827,0.3333333333333333,0.736716178751816,4.5397868702434395e-05,0.0,1.0,0.0,1.3351327820641536
26.5,compartilhado,0.6466778320009761,0.3333333333333333,0.7300111653343094,4.5397868702434395e-05,0.0,1.0,0.0,1.3384421174164038
26.6,compartilhado,0.647361054829094,0.3333333333333333,0.7306943881624274,4.5397868702434395e-05,0.0,1.0,0.0,1.3416955852889139
26.700000000000003,compartilhado,0.6481111677860687,0.3333333333333333,0.7314445011194021,4.5397868702434395e-05,0.0,1.0,0.0,1.3449128983635017
26.8,compartilhado,0.6482298093417469,0.3333333333333333,0.7315631426750803,4.5397868702434395e-05,0.0,1.0,0.0,1.3480679407304204
26.900000000000002,compartilhado,0.6383896143319687,0.3333333333333333,0.7217229476653021,4.5397868702434395e-05,0.0,1.0,0.0,1.351150490784594
27.0,compartilhado,0.6319885027358312,0.3333333333333333,0.7153218360691646,4.5397868702434395e-05,0.0,1.0,0.0,1.3542098474182476
27.1,compartilhado,0.6224173737456187,0.3333333333333333,0.705750707078952,4.5397868702434395e-05,0.0,1.0,0.0,1.3572053716317916
27.200000000000003,compartilhado,0.6226093624982252,0.3333333333333333,0.7059426958315586,4.5397868702434395e-05,0.0,1.0,0.0,1.3602160611071439
27.3,compartilhado,0.6226182976389751,0.3333333333333333,0.7059516309723085,4.5397868702434395e-05,0.0,1.0,0.0,1.3632877210751126
27.400000000000002,compartilhado,0.6245148159016256,0.3333333333333333,0.707848149234959,4.5397868702434395e-05,0.0,1.0,0.0,1.3663995761642718
27.5,compartilhado,0.6379019676434696,0.3333333333333333,0.721235300976803,4.5397868702434395e-05,0.0,1.0,0.0,1.3695429096924232
27.6,compartilhado,0.6549609476775275,0.3333333333333333,0.7382942810108609,4.5397868702434395e-05,0.0,1.0,0.0,1.3727605585157967
27.700000000000003,compartilhado,0.6624056327604604,0.3333333333333333,0.7457389660937938,4.5397868702434395e-05,0.0,1.0,0.0,1.376015464969087
27.8,compartilhado,0.6646292289698066,0.3333333333333333,0.74796256230314,4.5397868702434395e-05,0.0,1.0,0.0,1.3793003078665502
27.900000000000002,compartilhado,0.6614254701859001,0.3333333333333333,0.7447588035192335,4.5397868702434395e-05,0.0,1.0,0.0,1.3825883999778168
28.0,compartilhado,0.6586300767508189,0.3333333333333333,0.7419634100841522,4.5397868702434395e-05,0.0,1.0,0.0,1.3858950432314923
28.1,compartilhado,0.6653119021547207,0.3333333333333333,0.7486452354880541,4.5397868702434395e-05,0.0,1.0,0.0,1.389250899167458
28.200000000000003,compartilhado,0.6725433050000398,0.3333333333333333,0.7558766383333732,4.5397868702434395e-05,0.0,1.0,0.0,1.3926120748795405
28.3,compartilhado,0.6734812691652794,0.3333333333333333,0.7568146024986128,4.5397868702434395e-05,0.0,1.0,0.0,1.3960051396541306
28.400000000000002,compartilhado,0.6698138412401159,0.3333333333333333,0.7531471745734493,4.5397868702434395e-05,0.0,1.0,0.0,1.3993964768600793
28.5,compartilhado,0.6702622170166023,0.3333333333333333,0.7535955503499356,4.5397868702434395e-05,0.0,1.0,0.0,1.4027977029151215
28.6,compartilhado,0.6675903833934735,0.3333333333333333,0.7509237167268069,4.5397868702434395e-05,0.0,1.0,0.0,1.4061898297649664
28.700000000000003,compartilhado,0.6621816464092075,0.3333333333333333,0.7455149797425409,4.5397868702434395e-05,0.0,1.0,0.0,1.409582507191991
28.8,compartilhado,0.6576320579923252,0.3333333333333333,0.7409653913256585,4.5397868702434395e-05,0.0,1.0,0.0,1.4129580052406965
28.900000000000002,compartilhado,0.6543118062826584,0.3333333333333333,0.7376451396159918,4.5397868702434395e-05,0.0,1.0,0.0,1.416347803130102
29.0,compartilhado,0.6561747143875422,0.3333333333333333,0.7395080477208755,4.5397868702434395e-05,0.0,1.0,0.0,1.4197392956656079
29.1,compartilhado,0.6549703615798244,0.3333333333333333,0.7383036949131577,4.5397868702434395e-05,0.0,1.0,0.0,1.4231218277031628
29.200000000000003,compartilhado,0.6593667736376739,0.3333333333333333,0.7427001069710073,4.5397868702434395e-05,0.0,1.0,0.0,1.426487652794008
29.3,compartilhado,0.6649246862918698,0.3333333333333333,0.7482580196252032,4.5397868702434395e-05,0.0,1.0,0.0,1.4298529553284895
29.400000000000002,compartilhado,0.6685438871376932,0.3333333333333333,0.7518772204710266,4.5397868702434395e-05,0.0,1.0,0.0,1.433198539682552
29.5,compartilhado,0.6657191858021152,0.3333333333333333,0.7490525191354486,4.5397868702434395e-05,0.0,1.0,0.0,1.4365101383441643
29.6,compartilhado,0.6653427566581462,0.3333333333333333,0.7486760899914796,4.5397868702434395e-05,0.0,1.0,0.0,1.439809805243081
29.700000000000003,compartilhado,0.6643937552303631,0.3333333333333333,0.7477270885636965,4.5397868702434395e-05,0.0,1.0,0.0,1.4430833608851952
29.8,compartilhado,0.6629299377090322,0.3333333333333333,0.7462632710423656,4.5397868702434395e-05,0.0,1.0,0.0,1.446329403978345
29.900000000000002,compartilhado,0.6674815418505144,0.3333333333333333,0.7508148751838478,4.5397868702434395e-05,0.0,1.0,0.0,1.4495718637278818
30.0,compartilhado,0.6720138107638431,0.3333333333333333,0.7553471440971765,4.5397868702434395e-05,0.0,1.0,0.0,1.45278865441926
30.1,compartilhado,0.6740459154349998,0.3333333333333333,0.7573792487683332,4.5397868702434395e-05,0.0,1.0,0.0,1.4559789210230254
30.200000000000003,compartilhado,0.6695142328564396,0.3333333333333333,0.752847566189773,4.5397868702434395e-05,0.0,1.0,0.0,1.45912192363528
30.3,compartilhado,0.6609654591947471,0.3333333333333333,0.7442987925280805,4.5397868702434395e-05,0.0,1.0,0.0,1.4622501447057341
30.400000000000002,compartilhado,0.6525797114424531,0.3333333333333333,0.7359130447757865,4.5397868702434395e-05,0.0,1.0,0.0,1.4653090492250223
30.5,compartilhado,0.6488244154696098,0.3333333333333333,0.7321577488029432,4.5397868702434395e-05,0.0,1.0,0.0,1.4683236173892869
30.6,compartilhado,0.6416126387547032,0.3333333333333333,0.7249459720880366,4.5397868702434395e-05,0.0,1.0,0.0,1.4713013026296193
30.700000000000003,compartilhado,0.6389012908825576,0.3333333333333333,0.722234624215891,4.5397868702434395e-05,0.0,1.0,0.0,1.4742825689235668
30.8,compartilhado,0.6327169655974805,0.3333333333333333,0.7160502989308138,4.5397868702434395e-05,0.0,1.0,0.0,1.477287752763099
30.900000000000002,compartilhado,0.634563674777501,0.3333333333333333,0.7178970081108343,4.5397868702434395e-05,0.0,1.0,0.0,1.4803122969638647
31.0,compartilhado,0.6483982211085954,0.3333333333333333,0.7317315544419287,4.5397868702434395e-05,0.0,1.0,0.0,1.48335749376492
31.1,compartilhado,0.6577192027745107,0.3333333333333333,0.741052536107844,4.5397868702434395e-05,0.0,1.0,0.0,1.4864239583533763
31.200000000000003,compartilhado,0.6576101017541738,0.3333333333333333,0.7409434350875072,4.5397868702434395e-05,0.0,1.0,0.0,1.489495950198675
31.3,compartilhado,0.6495734212886086,0.3333333333333333,0.732906754621942,4.5397868702434395e-05,0.0,1.0,0.0,1.4925475167148936
31.400000000000002,compartilhado,0.6436797383977422,0.3333333333333333,0.7270130717310755,4.5397868702434395e-05,0.0,1.0,0.0,1.4956288805808653
31.5,compartilhado,0.6431374264565511,0.3333333333333333,0.7264707597898845,4.5397868702434395e-05,0.0,1.0,0.0,1.4987070269811082
31.6,compartilhado,0.6433345535843105,0.3333333333333333,0.7266678869176438,4.5397868702434395e-05,0.0,1.0,0.0,1.501767225161463
31.700000000000003,compartilhado,0.6430421572021824,0.3333333333333333,0.7263754905355158,4.5397868702434395e-05,0.0,1.0,0.0,1.504839121702624
31.8,compartilhado,0.6371241142061331,0.3333333333333333,0.7204574475394665,4.5397868702434395e-05,0.0,1.0,0.0,1.5078857801727223
31.900000000000002,compartilhado,0.6352077840244175,0.3333333333333333,0.7185411173577508,4.5397868702434395e-05,0.0,1.0,0.0,1.5109236695056065
32.0,compartilhado,0.6312463102817981,0.3333333333333333,0.7145796436151315,4.5397868702434395e-05,0.0,1.0,0.0,1.5139447498988685
32.1,compartilhado,0.6413538068970468,0.3333333333333333,0.7246871402303802,4.5397868702434395e-05,0.0,1.0,0.0,1.5169630994820165
32.2,compartilhado,0.6539530058768781,0.3333333333333333,0.7372863392102115,4.5397868702434395e-05,0.0,1.0,0.0,1.5200056692460353
32.300000000000004,compartilhado,0.6657236502120938,0.3333333333333333,0.7490569835454272,4.5397868702434395e-05,0.0,1.0,0.0,1.5230477445637205
32.4,compartilhado,0.6789521411931482,0.3333333333333333,0.7622854745264815,4.5397868702434395e-05,0.0,1.0,0.0,1.5260958141066154
32.5,compartilhado,0.6816109319484025,0.3333333333333333,0.7649442652817359,4.5397868702434395e-05,0.0,1.0,0.0,1.5291062509354996
32.6,compartilhado,0.6808924222314505,0.3333333333333333,0.7642257555647839,4.5397868702434395e-05,0.0,1.0,0.0,1.5320867028195764
32.7,compartilhado,0.6826468060062607,0.3333333333333333,0.7659801393395941,4.5397868702434395e-05,0.0,1.0,0.0,1.535057896312978
32.800000000000004,compartilhado,0.6872939127140415,0.3333333333333333,0.7706272460473749,4.5397868702434395e-05,0.0,1.0,0.0,1.5379856338634883
32.9,compartilhado,0.6909041375612643,0.3333333333333333,0.7742374708945977,4.5397868702434395e-05,0.0,1.0,0.0,1.5408969750874868
33.0,compartilhado,0.6918607577911519,0.3333333333333333,0.7751940911244852,4.5397868702434395e-05,0.0,1.0,0.0,1.5437722810528873
33.1,compartilhado,0.6910389350888455,0.3333333333333333,0.7743722684221789,4.5397868702434395e-05,0.0,1.0,0.0,1.5466037700356288
33.2,compartilhado,0.6913082556916547,0.3333333333333333,0.774641589024988,4.5397868702434395e-05,0.0,1.0,0.0,1.5493848053177497
33.300000000000004,compartilhado,0.6799652386533634,0.3333333333333333,0.7632985719866968,4.5397868702434395e-05,0.0,1.0,0.0,1.5521016839950308
33.4,compartilhado,0.6706308890483936,0.3333333333333333,0.753964222381727,4.5397868702434395e-05,0.0,1.0,0.0,1.5547575481608122
33.5,compartilhado,0.664925983489697,0.3333333333333333,0.7482593168230304,4.5397868702434395e-05,0.0,1.0,0.0,1.5573440624445836
33.6,compartilhado,0.656222105465857,0.3333333333333333,0.7395554387991904,4.5397868702434395e-05,0.0,1.0,0.0,1.5598660961238442
33.7,compartilhado,0.6525929501861696,0.3333333333333333,0.735926283519503,4.5397868702434395e-05,0.0,1.0,0.0,1.5623248040212
33.800000000000004,compartilhado,0.645279829118937,0.3333333333333333,0.7286131624522704,4.5397868702434395e-05,0.0,1.0,0.0,1.5647294543770125
33.9,compartilhado,0.6426696708886616,0.3333333333333333,0.7260030042219949,4.5397868702434395e-05,0.0,1.0,0.0,1.567066085160013
34.0,compartilhado,0.6440272295531781,0.3333333333333333,0.7273605628865115,4.5397868702434395e-05,0.0,1.0,0.0,1.5692793145533441
34.1,compartilhado,0.6414375212085905,0.3333333333333333,0.7247708545419239,4.5397868702434395e-05,0.0,1.0,0.0,1.5714242369906102
34.2,compartilhado,0.6385393046115432,0.3333333333333333,0.7218726379448765,4.5397868702434395e-05,0.0,1.0,0.0,1.5735057659164937
34.300000000000004,compartilhado,0.6418228039945488,0.3333333333333333,0.7251561373278822,4.5397868702434395e-05,0.0,1.0,0.0,1.5756280701971805
34.4,compartilhado,0.6494186211170536,0.3333333333333333,0.732751954450387,4.5397868702434395e-05,0.0,1.0,0.0,1.5777587259634922
34.5,compartilhado,0.6603118825144811,0.3333333333333333,0.7436452158478145,4.5397868702434395e-05,0.0,1.0,0.0,1.5799327213012337
34.6,compartilhado,0.6620931776955163,0.3333333333333333,0.7454265110288497,4.5397868702434395e-05,0.0,1.0,0.0,1.582170121159702
34.7,compartilhado,0.6635380309785115,0.3333333333333333,0.7468713643118449,4.5397868702434395e-05,0.0,1.0,0.0,1.5843977085510734
34.800000000000004,compartilhado,0.6646777657917703,0.3333333333333333,0.7480110991251037,4.5397868702434395e-05,0.0,1.0,0.0,1.5867035290343197
34.9,compartilhado,0.6616231769099483,0.3333333333333333,0.7449565102432817,4.5397868702434395e-05,0.0,1.0,0.0,1.589053720376875
35.0,compartilhado,0.6612846648230284,0.3333333333333333,0.7446179981563618,4.5397868702434395e-05,0.0,1.0,0.0,1.5914450387499244
35.1,compartilhado,0.6760717730163649,0.3333333333333333,0.7594051063496983,4.5397868702434395e-05,0.0,1.0,0.0,1.5938741352918093
35.2,compartilhado,0.678272587352198,0.3333333333333333,0.7616059206855313,4.5397868702434395e-05,0.0,1.0,0.0,1.5963162437159517
35.300000000000004,compartilhado,0.6781196336396105,0.3333333333333333,0.7614529669729438,4.5397868702434395e-05,0.0,1.0,0.0,1.5987993416676374
35.4,compartilhado,0.67963399262513,0.3333333333333333,0.7629673259584634,4.5397868702434395e-05,0.0,1.0,0.0,1.6012681900463512
35.5,compartilhado,0.6830817634411649,0.3333333333333333,0.7664150967744983,4.5397868702434395e-05,0.0,1.0,0.0,1.6037778641120486
35.6,compartilhado,0.6833128054337054,0.3333333333333333,0.7666461387670388,4.5397868702434395e-05,0.0,1.0,0.0,1.6062988381218952
35.7,compartilhado,0.6841245067872643,0.3333333333333333,0.7674578401205977,4.5397868702434395e-05,0.0,1.0,0.0,1.6088274500377424
35.800000000000004,compartilhado,0.6834813955637647,0.3333333333333333,0.7668147288970981,4.5397868702434395e-05,0.0,1.0,0.0,1.611350622011643
35.9,compartilhado,0.6891654689799409,0.3333333333333333,0.7724988023132743,4.5397868702434395e-05,0.0,1.0,0.0,1.6138847819043045
36.0,compartilhado,0.6979772886093971,0.3333333333333333,0.7813106219427305,4.5397868702434395e-05,0.0,1.0,0.0,1.6164301001859473
36.1,compartilhado,0.7011187786101312,0.3333333333333333,0.7844521119434645,4.5397868702434395e-05,0.0,1.0,0.0,1.6189505963790776
36.2,compartilhado,0.6970134091029736,0.3333333333333333,0.780346742436307,4.5397868702434395e-05,0.0,1.0,0.0,1.6214654380334663
36.300000000000004,compartilhado,0.6897581899903853,0.3333333333333333,0.7730915233237187,4.5397868702434395e-05,0.0,1.0,0.0,1.6239455717082296
36.4,compartilhado,0.6819826443475561,0.3333333333333333,0.7653159776808894,4.5397868702434395e-05,0.0,1.0,0.0,1.6264218484550832
36.5,compartilhado,0.6759505805736943,0.3333333333333333,0.7592839139070277,4.5397868702434395e-05,0.0,1.0,0.0,1.6288650401529046
36.6,compartilhado,0.67082685563856,0.3333333333333333,0.7541601889718934,4.5397868702434395e-05,0.0,1.0,0.0,1.6312620808262581
36.7,compartilhado,0.6712748140774258,0.3333333333333333,0.7546081474107592,4.5397868702434395e-05,0.0,1.0,0.0,1.633653246052675
36.800000000000004,compartilhado,0.66923759550388,0.3333333333333333,0.7525709288372133,4.5397868702434395e-05,0.0,1.0,0.0,1.6359995604408282
36.9,compartilhado,0.6748387661101123,0.3333333333333333,0.7581720994434457,4.5397868702434395e-05,0.0,1.0,0.0,1.638313143742128
37.0,compartilhado,0.6795561268812014,0.3333333333333333,0.7628894602145347,4.5397868702434395e-05,0.0,1.0,0.0,1.6406219143845138
37.1,compartilhado,0.678879784926001,0.3333333333333333,0.7622131182593344,4.5397868702434395e-05,0.0,1.0,0.0,1.6428797223986777
37.2,compartilhado,0.6762644038727503,0.3333333333333333,0.7595977372060837,4.5397868702434395e-05,0.0,1.0,0.0,1.6450928485374785
37.300000000000004,compartilhado,0.675661315300327,0.3333333333333333,0.7589946486336604,4.5397868702434395e-05,0.0,1.0,0.0,1.647250600071467
37.4,compartilhado,0.6740238104376685,0.3333333333333333,0.7573571437710018,4.5397868702434395e-05,0.0,1.0,0.0,1.6493519012195184
37.5,compartilhado,0.670203696187559,0.3333333333333333,0.7535370295208924,4.5397868702434395e-05,0.0,1.0,0.0,1.6514098736226082
37.6,compartilhado,0.6701926474838064,0.3333333333333333,0.7535259808171397,4.5397868702434395e-05,0.0,1.0,0.0,1.653418571469227
37.7,compartilhado,0.6644713729462406,0.3333333333333333,0.747804706279574,4.5397868702434395e-05,0.0,1.0,0.0,1.6554239559786392
37.800000000000004,compartilhado,0.6564417623669927,0.3333333333333333,0.7397750957003261,4.5397868702434395e-05,0.0,1.0,0.0,1.6574738874534152
37.9,compartilhado,0.6481602522318546,0.3333333333333333,0.731493585565188,4.5397868702434395e-05,0.0,1.0,0.0,1.659514748298812
38.0,compartilhado,0.6389165491852438,0.3333333333333333,0.7222498825185771,4.5397868702434395e-05,0.0,1.0,0.0,1.66160451872235
38.1,compartilhado,0.6361827740360009,0.3333333333333333,0.7195161073693342,4.5397868702434395e-05,0.0,1.0,0.0,1.6637048669897758
38.2,compartilhado,0.6346607665585848,0.3333333333333333,0.7179940998919182,4.5397868702434395e-05,0.0,1.0,0.0,1.6658089611917837
38.300000000000004,compartilhado,0.6361334349855872,0.3333333333333333,0.7194667683189205,4.5397868702434395e-05,0.0,1.0,0.0,1.6679462281593844
38.400000000000006,compartilhado,0.6398200192644073,0.3333333333333333,0.7231533525977407,4.5397868702434395e-05,0.0,1.0,0.0,1.670123290937393
38.5,compartilhado,0.6443033921157653,0.3333333333333333,0.7276367254490986,4.5397868702434395e-05,0.0,1.0,0.0,1.6723046010944913
38.6,compartilhado,0.6472841454361171,0.3333333333333333,0.7306174787694505,4.5397868702434395e-05,0.0,1.0,0.0,1.674507464809462
38.7,compartilhado,0.6552970997916565,0.3333333333333333,0.7386304331249899,4.5397868702434395e-05,0.0,1.0,0.0,1.67671654431218
38.800000000000004,compartilhado,0.6638691462807778,0.3333333333333333,0.7472024796141111,4.5397868702434395e-05,0.0,1.0,0.0,1.678922738942134
38.900000000000006,compartilhado,0.6657134904886336,0.3333333333333333,0.749046823821967,4.5397868702434395e-05,0.0,1.0,0.0,1.6811441656932853
39.0,compartilhado,0.665699267245664,0.3333333333333333,0.7490326005789973,4.5397868702434395e-05,0.0,1.0,0.0,1.683357576179998
39.1,compartilhado,0.6711474926847153,0.3333333333333333,0.7544808260180487,4.5397868702434395e-05,0.0,1.0,0.0,1.685587088750899
39.2,compartilhado,0.6817896131854838,0.3333333333333333,0.7651229465188172,4.5397868702434395e-05,0.0,1.0,0.0,1.6878027095837997
39.300000000000004,compartilhado,0.6892048437539445,0.3333333333333333,0.7725381770872779,4.5397868702434395e-05,0.0,1.0,0.0,1.6900015368141177
39.400000000000006,compartilhado,0.6956840341408864,0.3333333333333333,0.7790173674742198,4.5397868702434395e-05,0.0,1.0,0.0,1.692211708545757
39.5,compartilhado,0.7022546730523437,0.3333333333333333,0.785588006385677,4.5397868702434395e-05,0.0,1.0,0.0,1.6943978086576827
39.6,compartilhado,0.7062658468399283,0.3333333333333333,0.7895991801732617,4.5397868702434395e-05,0.0,1.0,0.0,1.6965864380308555
39.7,compartilhado,0.7077334920232008,0.3333333333333333,0.7910668253565342,4.5397868702434395e-05,0.0,1.0,0.0,1.6987354161317652
39.800000000000004,compartilhado,0.7085718605691175,0.3333333333333333,0.7919051939024508,4.5397868702434395e-05,0.0,1.0,0.0,1.7008721359748638
39.900000000000006,compartilhado,0.7075799359826594,0.3333333333333333,0.7909132693159928,4.5397868702434395e-05,0.0,1.0,0.0,1.7029625458731068
0.0,ratificado,0.07873156287386088,0.0,0.07873156287386088,4.5397868702434395e-05,0.0,0.0,0.0,0.08322011898230186
0.1,ratificado,0.07934218069600399,0.0,0.07934218069600399,4.5397868702434395e-05,0.0,0.0,0.0,0.0864721301623679
0.2,ratificado,0.0800349932386648,0.0,0.0800349932386648,4.5397868702434395e-05,0.0,0.0,0.0,0.08975204121472427
0.30000000000000004,ratificado,0.08077589768421872,0.0,0.08077589768421872,4.5397868702434395e-05,0.0,0.0,0.0,0.09307769364765489
0.4,ratificado,0.08155642049014622,0.0,0.08155642049014622,4.5397868702434395e-05,0.0,0.0,0.0,0.09640126374304081
0.5,ratificado,0.4723320051278662,0.0,0.4723320051278662,4.5397868702434395e-05,0.0,0.0,0.0,0.10166114564732237
0.6000000000000001,ratificado,0.4626442434030495,0.0,0.4626442434030495,4.5397868702434395e-05,0.0,0.0,0.0,0.10692084502294845
0.7000000000000001,ratificado,0.509206266386692,0.0,0.509206266386692,4.5397868702434395e-05,0.0,0.0,0.0,0.11267442839463129
0.8,ratificado,0.5158159709885461,0.0,0.5158159709885461,4.5397868702434395e-05,0.0,0.0,0.0,0.11854327029981557
0.9,ratificado,0.5090589203574664,0.0,0.5090589203574664,4.5397868702434395e-05,0.0,0.0,0.0,0.12442174321582897
1.0,ratificado,0.5001640282256922,0.0,0.5001640282256922,4.5397868702434395e-05,0.0,0.0,0.0,0.13029383563082392
1.1,ratificado,0.5010891679029504,0.0,0.5010891679029504,4.5397868702434395e-05,0.0,0.0,0.0,0.13618808351168749
1.2000000000000002,ratificado,0.5078826619418997,0.0,0.5078826619418997,4.5397868702434395e-05,0.0,0.0,0.0,0.14209439810792196
1.3,ratificado,0.512985906865087,0.0,0.512985906865087,4.5397868702434395e-05,0.0,0.0,0.0,0.1480256541061597
1.4000000000000001,ratificado,0.5159204564766101,0.0,0.5159204564766101,4.5397868702434395e-05,0.0,0.0,0.0,0.15395283042203706
1.5,ratificado,0.5150973961445677,0.0,0.5150973961445677,4.5397868702434395e-05,0.0,0.0,0.0,0.15985705322111077
1.6,ratificado,0.5096325405641533,0.0,0.5096325405641533,4.5397868702434395e-05,0.0,0.0,0.0,0.1657288966495093
1.7000000000000002,ratificado,0.5013988436412582,0.0,0.5013988436412582,4.5397868702434395e-05,0.0,0.0,0.0,0.17150916504980493
1.8,ratificado,0.4885167981637936,0.0,0.4885167981637936,4.5397868702434395e-05,0.0,0.0,0.0,0.17719983086999103
1.9000000000000001,ratificado,0.48108397444790707,0.0,0.48108397444790707,4.5397868702434395e-05,0.0,0.0,0.0,0.18282163034903642
2.0,ratificado,0.49213601133870793,0.0,0.49213601133870793,4.5397868702434395e-05,0.0,0.0,0.0,0.18845212959935143
2.1,ratificado,0.4950745897962711,0.0,0.4950745897962711,4.5397868702434395e-05,0.0,0.0,0.0,0.19404592971322449
2.2,ratificado,0.48949323212899976,0.0,0.48949323212899976,4.5397868702434395e-05,0.0,0.0,0.0,0.19954512057423676
2.3000000000000003,ratificado,0.509629532665977,0.0,0.509629532665977,4.5397868702434395e-05,0.0,0.0,0.0,0.20512728997464266
2.4000000000000004,ratificado,0.506490091349965,0.0,0.506490091349965,4.5397868702434395e-05,0.0,0.0,0.0,0.21059306813287532
2.5,ratificado,0.5240614442580104,0.0,0.5240614442580104,4.5397868702434395e-05,0.0,0.0,0.0,0.21616242789707818
2.6,ratificado,0.5278896508406947,0.0,0.5278896508406947,4.5397868702434395e-05,0.0,0.0,0.0,0.22166571875618102
2.7,ratificado,0.5261930611655479,0.0,0.5261930611655479,4.5397868702434395e-05,0.0,0.0,0.0,0.22713958707037485
2.8000000000000003,ratificado,0.5242105218558573,0.0,0.5242105218558573,4.5397868702434395e-05,0.0,0.0,0.0,0.23263403958270637
2.9000000000000004,ratificado,0.5206696487998397,0.0,0.5206696487998397,4.5397868702434395e-05,0.0,0.0,0.0,0.23812432867465066
3.0,ratificado,0.5122665569838818,0.0,0.5122665569838818,4.5397868702434395e-05,0.0,0.0,0.0,0.2436181830476642
3.1,ratificado,0.512122669695396,0.0,0.512122669695396,4.5397868702434395e-05,0.0,0.0,0.0,0.2491584376306644
3.2,ratificado,0.512105631761198,0.0,0.512105631761198,4.5397868702434395e-05,0.0,0.0,0.0,0.2547404251179245
3.3000000000000003,ratificado,0.5138375714988292,0.0,0.5138375714988292,4.5397868702434395e-05,0.0,0.0,0.0,0.26033835963023777
3.4000000000000004,ratificado,0.515417614637592,0.0,0.515417614637592,4.5397868702434395e-05,0.0,0.0,0.0,0.26597612786591485
3.5,ratificado,0.5174183174673161,0.0,0.5174183174673161,4.5397868702434395e-05,0.0,0.0,0.0,0.27161134453436014
3.6,ratificado,0.5232487563570787,0.0,0.5232487563570787,4.5397868702434395e-05,0.0,0.0,0.0,0.27727289950750655
3.7,ratificado,0.5270895991214537,0.0,0.5270895991214537,4.5397868702434395e-05,0.0,0.0,0.0,0.2829822101239199
3.8000000000000003,ratificado,0.5141706308363263,0.0,0.5141706308363263,4.5397868702434395e-05,0.0,0.0,0.0,0.28858327291520636
3.9000000000000004,ratificado,0.5072373067315127,0.0,0.5072373067315127,4.5397868702434395e-05,0.0,0.0,0.0,0.29416197900034047
4.0,ratificado,0.5091145289415103,0.0,0.5091145289415103,4.5397868702434395e-05,0.0,0.0,0.0,0.29977122396759087
4.1000000000000005,ratificado,0.5214048483650647,0.0,0.5214048483650647,4.5397868702434395e-05,0.0,0.0,0.0,0.30547232996749574
4.2,ratificado,0.5412724261930231,0.0,0.5412724261930231,4.5397868702434395e-05,0.0,0.0,0.0,0.3112695290120211
4.3,ratificado,0.559088116707981,0.0,0.559088116707981,4.5397868702434395e-05,0.0,0.0,0.0,0.31715314049032695
4.4,ratificado,0.5647822813176713,0.0,0.5647822813176713,4.5397868702434395e-05,0.0,0.0,0.0,0.3230436329819682
4.5,ratificado,0.5703093953752887,0.0,0.5703093953752887,4.5397868702434395e-05,0.0,0.0,0.0,0.32893960643381537
4.6000000000000005,ratificado,0.5711384157560147,0.0,0.5711384157560147,4.5397868702434395e-05,0.0,0.0,0.0,0.33483823662383927
4.7,ratificado,0.5633688094512668,0.0,0.5633688094512668,4.5397868702434395e-05,0.0,0.0,0.0,0.3406856662650787
4.800000000000001,ratificado,0.5525249044102822,0.0,0.5525249044102822,4.5397868702434395e-05,0.0,0.0,0.0,0.3464678196217208
4.9,ratificado,0.5491206004505271,0.0,0.5491206004505271,4.5397868702434395e-05,0.0,0.0,0.0,0.3522096899794651
5.0,ratificado,0.5538223199906417,0.0,0.5538223199906417,4.5397868702434395e-05,0.0,0.0,0.0,0.35794148639983053
5.1000000000000005,ratificado,0.5483716902265595,0.0,0.5483716902265595,4.5397868702434395e-05,0.0,0.0,0.0,0.3636114239886044
5.2,ratificado,0.5471680836948978,0.0,0.5471680836948978,4.5397868702434395e-05,0.0,0.0,0.0,0.3692396622033086
5.300000000000001,ratificado,0.540570862361448,0.0,0.540570862361448,4.5397868702434395e-05,0.0,0.0,0.0,0.374782046073076
5.4,ratificado,0.5429833195499427,0.0,0.5429833195499427,4.5397868702434395e-05,0.0,0.0,0.0,0.3802754025222482
5.5,ratificado,0.5648265408206122,0.0,0.5648265408206122,4.5397868702434395e-05,0.0,0.0,0.0,0.385820584526217
5.6000000000000005,ratificado,0.5755590555549028,0.0,0.5755590555549028,4.5397868702434395e-05,0.0,0.0,0.0,0.3913620549739499
5.7,ratificado,0.5786431753437526,0.0,0.5786431753437526,4.5397868702434395e-05,0.0,0.0,0.0,0.39688333435108714
5.800000000000001,ratificado,0.5777276373300537,0.0,0.5777276373300537,4.5397868702434395e-05,0.0,0.0,0.0,0.4023257126541141
5.9,ratificado,0.5767054900996066,0.0,0.5767054900996066,4.5397868702434395e-05,0.0,0.0,0.0,0.40769115985169346
6.0,ratificado,0.5754397886804663,0.0,0.5754397886804663,4.5397868702434395e-05,0.0,0.0,0.0,0.41299396535234173
6.1000000000000005,ratificado,0.5830816744010214,0.0,0.5830816744010214,4.5397868702434395e-05,0.0,0.0,0.0,0.4182567220997016
6.2,ratificado,0.5849232387157862,0.0,0.5849232387157862,4.5397868702434395e-05,0.0,0.0,0.0,0.4234675953031867
6.300000000000001,ratificado,0.5862340488884007,0.0,0.5862340488884007,4.5397868702434395e-05,0.0,0.0,0.0,0.42870924733236804
6.4,ratificado,0.5820313071159544,0.0,0.5820313071159544,4.5397868702434395e-05,0.0,0.0,0.0,0.4339480784161367
6.5,ratificado,0.5793699664248915,0.0,0.5793699664248915,4.5397868702434395e-05,0.0,0.0,0.0,0.43919451625052575
6.6000000000000005,ratificado,0.5795051321197671,0.0,0.5795051321197671,4.5397868702434395e-05,0.0,0.0,0.0,0.44451714670093045
6.7,ratificado,0.5845979820496378,0.0,0.5845979820496378,4.5397868702434395e-05,0.0,0.0,0.0,0.44987937369765385
6.800000000000001,ratificado,0.5828867694995432,0.0,0.5828867694995432,4.5397868702434395e-05,0.0,0.0,0.0,0.4552549502260349
6.9,ratificado,0.5767549713953517,0.0,0.5767549713953517,4.5397868702434395e-05,0.0,0.0,0.0,0.4606831089472079
7.0,ratificado,0.5751182604031786,0.0,0.5751182604031786,4.5397868702434395e-05,0.0,0.0,0.0,0.46612483758187195
7.1000000000000005,ratificado,0.5814608988936845,0.0,0.5814608988936845,4.5397868702434395e-05,0.0,0.0,0.0,0.4716286655312252
7.2,ratificado,0.5933783916122204,0.0,0.5933783916122204,4.5397868702434395e-05,0.0,0.0,0.0,0.4771887017501613
7.300000000000001,ratificado,0.6004425268308016,0.0,0.6004425268308016,4.5397868702434395e-05,0.0,0.0,0.0,0.4828112073934003
7.4,ratificado,0.6022674162935898,0.0,0.6022674162935898,4.5397868702434395e-05,0.0,0.0,0.0,0.4884735408764096
7.5,ratificado,0.603479834798621,0.0,0.603479834798621,4.5397868702434395e-05,0.0,0.0,0.0,0.4941570149819381
7.6000000000000005,ratificado,0.603352428198699,0.0,0.603352428198699,4.5397868702434395e-05,0.0,0.0,0.0,0.4998497970808976
7.7,ratificado,0.6071592879302696,0.0,0.6071592879302696,4.5397868702434395e-05,0.0,0.0,0.0,0.5055626087088185
7.800000000000001,ratificado,0.6044458057897084,0.0,0.6044458057897084,4.5397868702434395e-05,0.0,0.0,0.0,0.5112501462817669
7.9,ratificado,0.6111619439573832,0.0,0.6111619439573832,4.5397868702434395e-05,0.0,0.0,0.0,0.5169798470221552
8.0,ratificado,0.6118672313934415,0.2916666666666667,0.6847838980601081,0.0005527786369235996,0.5,0.25,0.125,0.5227175567684819
8.1,ratificado,0.6119191586403463,0.2916666666666667,0.6848358253070129,0.0005527786369235996,0.5,0.25,0.125,0.5284495151012367
8.200000000000001,ratificado,0.6091777533852885,0.2916666666666667,0.6820944200519551,0.0005527786369235996,0.5,0.25,0.125,0.5341613718261589
8.3,ratificado,0.602119107870517,0.3333333333333333,0.6854524412038504,0.0005527786369235996,0.5,0.375,0.125,0.5398106610847102
8.4,ratificado,0.5980339374280423,0.3333333333333333,0.6813672707613757,0.0005527786369235996,0.5,0.375,0.125,0.5454448250460111
8.5,ratificado,0.5940311028754854,0.3333333333333333,0.6773644362088188,0.0005527786369235996,0.5,0.375,0.125,0.5510700106646909
8.6,ratificado,0.5794991347912807,0.3333333333333333,0.662832468124614,0.0005527786369235996,0.5,0.375,0.125,0.5566193087704919
8.700000000000001,ratificado,0.5656628780245737,0.375,0.6594128780245737,0.0005527786369235996,0.5,0.5,0.125,0.5620756899122551
8.8,ratificado,0.5523244286833979,0.4583333333333333,0.6669077620167313,0.0066928509242848554,0.5,0.625,0.25,0.5675065012010854
8.9,ratificado,0.5400096777267126,0.4583333333333333,0.654593011060046,0.0066928509242848554,0.5,0.625,0.25,0.5728736204345141
9.0,ratificado,0.5412102707233566,0.4583333333333333,0.65579360405669,0.0066928509242848554,0.5,0.625,0.25,0.5781981697282884
9.1,ratificado,0.5489723166876844,0.4583333333333333,0.6635556500210178,0.0066928509242848554,0.5,0.625,0.25,0.5835280443818158
9.200000000000001,ratificado,0.5641163223911521,0.5416666666666666,0.6995329890578187,0.0066928509242848554,0.5,0.875,0.25,0.5888681789742802
9.3,ratificado,0.5709377433875249,0.5416666666666666,0.7063544100541915,0.0066928509242848554,0.5,0.875,0.25,0.594217363088648
9.4,ratificado,0.5700493555260737,0.5833333333333333,0.715882688859407,0.07585818002124355,0.5,0.875,0.375,0.5997322313955062
9.5,ratificado,0.5668768428406884,0.75,0.7543768428406884,0.9933071490757153,0.5,1.0,0.75,0.607978540375633
9.600000000000001,ratificado,0.5630898087697519,0.75,0.7505898087697519,0.9933071490757153,0.5,1.0,0.75,0.6161676846887371
9.700000000000001,ratificado,0.569967079088602,0.75,0.757467079088602,0.9933071490757153,0.5,1.0,0.75,0.6243291900354347
9.8,ratificado,0.5767185065194863,0.75,0.7642185065194863,0.9933071490757153,0.5,1.0,0.75,0.6324617158799666
9.9,ratificado,0.573734088267118,0.75,0.761234088267118,0.9933071490757153,0.5,1.0,0.75,0.6405245670079109
10.0,ratificado,0.5616262575007456,0.75,0.7491262575007456,0.9933071490757153,0.5,1.0,0.75,0.6485060904644482
10.100000000000001,ratificado,0.5558621601287771,0.75,0.7433621601287771,0.9933071490757153,0.5,1.0,0.75,0.6564719518040517
10.200000000000001,ratificado,0.5532884253502555,0.75,0.7407884253502555,0.9933071490757153,0.5,1.0,0.75,0.6644335177419265
10.3,ratificado,0.5576649934605259,0.75,0.7451649934605259,0.9933071490757153,0.5,1.0,0.75,0.6724076042832333
10.4,ratificado,0.5654439931154853,0.75,0.7529439931154853,0.9933071490757153,0.5,1.0,0.75,0.6804318371294373
10.5,ratificado,0.5621732297828057,0.75,0.7496732297828057,0.9933071490757153,0.5,1.0,0.75,0.6884306965309632
10.600000000000001,ratificado,0.566094457173367,0.75,0.753594457173367,0.9933071490757153,0.5,1.0,0.75,0.696439617354081
10.700000000000001,ratificado,0.5750603572235129,0.75,0.7625603572235129,0.9933071490757153,0.5,1.0,0.75,0.7044835754742126
10.8,ratificado,0.5777078460076418,0.75,0.7652078460076418,0.9933071490757153,0.5,1.0,0.75,0.7125425585770396
10.9,ratificado,0.5815896809736163,0.75,0.7690896809736163,0.9933071490757153,0.5,1.0,0.75,0.7206011489951599
11.0,ratificado,0.5822493381755105,0.75,0.7697493381755105,0.9933071490757153,0.5,1.0,0.75,0.7286605305947961
11.100000000000001,ratificado,0.586079745254813,0.75,0.773579745254813,0.9933071490757153,0.5,1.0,0.75,0.7367240828702355
11.200000000000001,ratificado,0.6025683366645678,0.75,0.7900683366645678,0.9933071490757153,0.5,1.0,0.75,0.7448323155186609
11.3,ratificado,0.6149828504577934,0.75,0.8024828504577934,0.9933071490757153,0.5,1.0,0.75,0.7529757946880896
11.4,ratificado,0.6219359405966024,0.75,0.8094359405966024,0.9933071490757153,0.5,1.0,0.75,0.7611072342378087
11.5,ratificado,0.6251382254016855,0.75,0.8126382254016855,0.9933071490757153,0.5,1.0,0.75,0.7692396318278438
11.600000000000001,ratificado,0.6262047900280056,0.75,0.8137047900280056,0.9933071490757153,0.5,1.0,0.75,0.7773353891055085
11.700000000000001,ratificado,0.6250103867419798,0.9583333333333333,0.8645937200753131,0.999999999986112,1.0,1.0,0.875,0.7854542473546358
11.8,ratificado,0.6265592496197445,0.9583333333333333,0.8661425829530778,0.999999999986112,1.0,1.0,0.875,0.7935455098056152
11.9,ratificado,0.6332181341892892,1.0,0.8832181341892892,0.9999999999999065,1.0,1.0,1.0,0.8016241226987568
12.0,ratificado,0.6324290343404535,1.0,0.8824290343404535,0.9999999999999065,1.0,1.0,1.0,0.80968305727447
12.100000000000001,ratificado,0.6323413167841418,1.0,0.8823413167841418,0.9999999999999065,1.0,1.0,1.0,0.8176838182663924
12.200000000000001,ratificado,0.6319442619650344,1.0,0.8819442619650344,0.9999999999999065,1.0,1.0,1.0,0.8256472288773258
12.3,ratificado,0.63018272522015,1.0,0.88018272522015,0.9999999999999065,1.0,1.0,1.0,0.8335492402165644
12.4,ratificado,0.6288257416951686,1.0,0.8788257416951686,0.9999999999999065,1.0,1.0,1.0,0.8413823598633721
12.5,ratificado,0.6299563042706529,1.0,0.8799563042706529,0.9999999999999065,1.0,1.0,1.0,0.8491745329440594
12.600000000000001,ratificado,0.6370469868749167,1.0,0.8870469868749167,0.9999999999999065,1.0,1.0,1.0,0.8569410360664006
12.700000000000001,ratificado,0.6405736942681379,1.0,0.8905736942681379,0.9999999999999065,1.0,1.0,1.0,0.8646537828346224
12.8,ratificado,0.6423790095925261,1.0,0.8923790095925261,0.9999999999999065,1.0,1.0,1.0,0.872321117327441
12.9,ratificado,0.6431031620829322,1.0,0.8931031620829322,0.9999999999999065,1.0,1.0,1.0,0.879907781501681
13.0,ratificado,0.6386532596684402,1.0,0.8886532596684402,0.9999999999999065,1.0,1.0,1.0,0.8874157741528813
13.100000000000001,ratificado,0.6384207934034911,1.0,0.8884207934034911,0.9999999999999065,1.0,1.0,1.0,0.8948421779278223
13.200000000000001,ratificado,0.6347156372559002,1.0,0.8847156372559002,0.9999999999999065,1.0,1.0,1.0,0.9022155145199643
13.3,ratificado,0.6237895516208308,1.0,0.8737895516208308,0.9999999999999065,1.0,1.0,1.0,0.9095622271836654
13.4,ratificado,0.6128112422866652,1.0,0.8628112422866652,0.9999999999999065,1.0,1.0,1.0,0.9168956124935383
13.5,ratificado,0.6046653662321289,1.0,0.8546653662321289,0.9999999999999065,1.0,1.0,1.0,0.9242486910075352
13.600000000000001,ratificado,0.6012815040854939,1.0,0.8512815040854939,0.9999999999999065,1.0,1.0,1.0,0.9315763883596294
13.700000000000001,ratificado,0.6029550357001978,1.0,0.8529550357001978,0.9999999999999065,1.0,1.0,1.0,0.9389348908628532
13.8,ratificado,0.6036647509444317,1.0,0.8536647509444317,0.9999999999999065,1.0,1.0,1.0,0.9463218886399161
13.9,ratificado,0.6098886297690529,1.0,0.8598886297690529,0.9999999999999065,1.0,1.0,1.0,0.953773689899726
14.0,ratificado,0.6130403570711842,1.0,0.8630403570711842,0.9999999999999065,1.0,1.0,1.0,0.9612329251558742
14.100000000000001,ratificado,0.6147004139619417,1.0,0.8647004139619417,0.9999999999999065,1.0,1.0,1.0,0.9686894700777848
14.200000000000001,ratificado,0.6169538936005369,1.0,0.8669538936005369,0.9999999999999065,1.0,1.0,1.0,0.9761704102393589
14.3,ratificado,0.6235795408817436,1.0,0.8735795408817436,0.9999999999999065,1.0,1.0,1.0,0.9836869811193254
14.4,ratificado,0.6220101513944345,1.0,0.8720101513944345,0.9999999999999065,1.0,1.0,1.0,0.9911943178123679
14.5,ratificado,0.618505431952067,1.0,0.868505431952067,0.9999999999999065,1.0,1.0,1.0,0.9987123343661825
14.600000000000001,ratificado,0.6173658873580059,1.0,0.8673658873580059,0.9999999999999065,1.0,1.0,1.0,1.0062370869696413
14.700000000000001,ratificado,0.6215118060986243,1.0,0.8715118060986243,0.9999999999999065,1.0,1.0,1.0,1.0137415963051095
14.8,ratificado,0.6279654841247635,1.0,0.8779654841247635,0.9999999999999065,1.0,1.0,1.0,1.0212619125163722
14.9,ratificado,0.6335220978321183,1.0,0.8835220978321183,0.9999999999999065,1.0,1.0,1.0,1.0287846015254059
15.0,ratificado,0.6372136773379087,1.0,0.8872136773379087,0.9999999999999065,1.0,1.0,1.0,1.0362993815438326
15.100000000000001,ratificado,0.6390432444248342,1.0,0.8890432444248342,0.9999999999999065,1.0,1.0,1.0,1.0437992713806263
15.200000000000001,ratificado,0.6463176014184814,1.0,0.8963176014184814,0.9999999999999065,1.0,1.0,1.0,1.0512886905701544
15.3,ratificado,0.6581224883116001,1.0,0.9081224883116001,0.9999999999999065,1.0,1.0,1.0,1.0587737348117177
15.4,ratificado,0.6637665888210517,1.0,0.9137665888210517,0.9999999999999065,1.0,1.0,1.0,1.0662347518106103
15.5,ratificado,0.6653750150419067,1.0,0.9153750150419067,0.9999999999999065,1.0,1.0,1.0,1.0736769399127086
15.600000000000001,ratificado,0.6622444925560866,1.0,0.9122444925560866,0.9999999999999065,1.0,1.0,1.0,1.0810690209191436
15.700000000000001,ratificado,0.6530409369865714,1.0,0.9030409369865714,0.9999999999999065,1.0,1.0,1.0,1.0884140536380487
15.8,ratificado,0.6423606421051626,1.0,0.8923606421051626,0.9999999999999065,1.0,1.0,1.0,1.095692455364016
15.9,ratificado,0.6395908628549616,1.0,0.8895908628549616,0.9999999999999065,1.0,1.0,1.0,1.1029102916996965
16.0,ratificado,0.6486792413003954,1.0,0.8986792413003954,0.9999999999999065,1.0,1.0,1.0,1.1101061014081985
16.1,ratificado,0.6548037644818886,1.0,0.9048037644818886,0.9999999999999065,1.0,1.0,1.0,1.117279253729503
16.2,ratificado,0.6533853367748176,1.0,0.9033853367748176,0.9999999999999065,1.0,1.0,1.0,1.1244107894122473
16.3,ratificado,0.6468126755786963,1.0,0.8968126755786963,0.9999999999999065,1.0,1.0,1.0,1.1314810082051419
16.400000000000002,ratificado,0.6435302284055727,1.0,0.8935302284055727,0.9999999999999065,1.0,1.0,1.0,1.1384866071078192
16.5,ratificado,0.6309487328161727,1.0,0.8809487328161727,0.9999999999999065,1.0,1.0,1.0,1.1454215850823375
16.6,ratificado,0.6174880453394014,1.0,0.8674880453394014,0.9999999999999065,1.0,1.0,1.0,1.152262482133688
16.7,ratificado,0.611652541102559,1.0,0.861652541102559,0.9999999999999065,1.0,1.0,1.0,1.1590581085744995
16.8,ratificado,0.6143580081399737,1.0,0.8643580081399737,0.9999999999999065,1.0,1.0,1.0,1.165871310990172
16.900000000000002,ratificado,0.6128622291583903,1.0,0.8628622291583903,0.9999999999999065,1.0,1.0,1.0,1.172709894956625
17.0,ratificado,0.6087099853543685,1.0,0.8587099853543685,0.9999999999999065,1.0,1.0,1.0,1.1795386205180705
17.1,ratificado,0.6039071969652499,1.0,0.8539071969652499,0.9999999999999065,1.0,1.0,1.0,1.1863688424122145
17.2,ratificado,0.6083488989346705,1.0,0.8583488989346705,0.9999999999999065,1.0,1.0,1.0,1.193199647273842
17.3,ratificado,0.6110258517854051,1.0,0.8610258517854051,0.9999999999999065,1.0,1.0,1.0,1.2000337691067662
17.400000000000002,ratificado,0.6139673213948917,1.0,0.8639673213948917,0.9999999999999065,1.0,1.0,1.0,1.2068682609240842
17.5,ratificado,0.6188576951773875,1.0,0.8688576951773875,0.9999999999999065,1.0,1.0,1.0,1.2136959980775974
17.6,ratificado,0.6239765732373267,1.0,0.8739765732373267,0.9999999999999065,1.0,1.0,1.0,1.2205241687064832
17.7,ratificado,0.6240704719466739,1.0,0.8740704719466739,0.9999999999999065,1.0,1.0,1.0,1.2273402064575911
17.8,ratificado,0.6262081810905911,1.0,0.8762081810905911,0.9999999999999065,1.0,1.0,1.0,1.234143791893894
17.900000000000002,ratificado,0.6264379139682215,1.0,0.8764379139682215,0.9999999999999065,1.0,1.0,1.0,1.240936138054264
18.0,ratificado,0.6259825113849065,1.0,0.8759825113849065,0.9999999999999065,1.0,1.0,1.0,1.2477080105472873
18.1,ratificado,0.6327701693682979,1.0,0.8827701693682979,0.9999999999999065,1.0,1.0,1.0,1.2544681750902789
18.2,ratificado,0.6326322938193122,1.0,0.8826322938193122,0.9999999999999065,1.0,1.0,1.0,1.2612040377462206
18.3,ratificado,0.6300064988453442,1.0,0.8800064988453442,0.9999999999999065,1.0,1.0,1.0,1.267902003905997
18.400000000000002,ratificado,0.6325311822150846,1.0,0.8825311822150846,0.9999999999999065,1.0,1.0,1.0,1.2745775426232944
18.5,ratificado,0.6340459033903971,1.0,0.8840459033903971,0.9999999999999065,1.0,1.0,1.0,1.2812240019472783
18.6,ratificado,0.641924691241317,1.0,0.891924691241317,0.9999999999999065,1.0,1.0,1.0,1.287859229353961
18.7,ratificado,0.6432900334100221,1.0,0.8932900334100221,0.9999999999999065,1.0,1.0,1.0,1.2944421644670716
18.8,ratificado,0.6404071665757987,1.0,0.8904071665757987,0.9999999999999065,1.0,1.0,1.0,1.3009696613963324
18.900000000000002,ratificado,0.6447773195147102,1.0,0.8947773195147102,0.9999999999999065,1.0,1.0,1.0,1.3074498773195118
19.0,ratificado,0.6509898710965576,1.0,0.9009898710965576,0.9999999999999065,1.0,1.0,1.0,1.313903640148955
19.1,ratificado,0.6536521518359601,1.0,0.9036521518359601,0.9999999999999065,1.0,1.0,1.0,1.3202748958599486
19.200000000000003,ratificado,0.6523014166758976,1.0,0.9023014166758976,0.9999999999999065,1.0,1.0,1.0,1.3265486789683405
19.3,ratificado,0.6465336899501297,1.0,0.8965336899501297,0.9999999999999065,1.0,1.0,1.0,1.332765950493783
19.400000000000002,ratificado,0.638260239472459,1.0,0.888260239472459,0.9999999999999065,1.0,1.0,1.0,1.3388964228238418
19.5,ratificado,0.6355453533209975,1.0,0.8855453533209975,0.9999999999999065,1.0,1.0,1.0,1.34494897658106
19.6,ratificado,0.6387367894664492,1.0,0.8887367894664492,0.9999999999999065,1.0,1.0,1.0,1.35092738378968
19.700000000000003,ratificado,0.641292986786596,1.0,0.891292986786596,0.9999999999999065,1.0,1.0,1.0,1.3568031917433236
19.8,ratificado,0.6398624726181135,1.0,0.8898624726181135,0.9999999999999065,1.0,1.0,1.0,1.3625609735177515
19.900000000000002,ratificado,0.6297121542238995,1.0,0.8797121542238995,0.9999999999999065,1.0,1.0,1.0,1.3682271128029644
20.0,ratificado,0.619417100249019,1.0,0.869417100249019,0.9999999999999065,1.0,1.0,1.0,1.3737643991890178
20.1,ratificado,0.6076335909572692,1.0,0.8576335909572692,0.9999999999999065,1.0,1.0,1.0,1.3791611099554295
20.200000000000003,ratificado,0.6116354481511902,1.0,0.8616354481511902,0.9999999999999065,1.0,1.0,1.0,1.3844937542161153
20.3,ratificado,0.6153497431125124,1.0,0.8653497431125124,0.9999999999999065,1.0,1.0,1.0,1.3898314552986806
20.400000000000002,ratificado,0.6203031096223981,1.0,0.8703031096223981,0.9999999999999065,1.0,1.0,1.0,1.395257967557082
20.5,ratificado,0.6327782787809471,1.0,0.8827782787809471,0.9999999999999065,1.0,1.0,1.0,1.4007115770648777
20.6,ratificado,0.6308049014631124,1.0,0.8808049014631124,0.9999999999999065,1.0,1.0,1.0,1.4062271796966375
20.700000000000003,ratificado,0.6316442865351934,1.0,0.8816442865351934,0.9999999999999065,1.0,1.0,1.0,1.4118190945734126
20.8,ratificado,0.6406438777722726,1.0,0.8906438777722726,0.9999999999999065,1.0,1.0,1.0,1.4174706480929973
20.900000000000002,ratificado,0.6417440913550827,1.0,0.8917440913550827,0.9999999999999065,1.0,1.0,1.0,1.423196178740231
21.0,ratificado,0.6447090078332616,1.0,0.8947090078332616,0.9999999999999065,1.0,1.0,1.0,1.4289905095689703
21.1,ratificado,0.6436276084847838,1.0,0.8936276084847838,0.9999999999999065,1.0,1.0,1.0,1.4348205558297438
21.200000000000003,ratificado,0.6494674480139513,1.0,0.8994674480139513,0.9999999999999065,1.0,1.0,1.0,1.4406895692163915
21.3,ratificado,0.6554984945826942,1.0,0.9054984945826942,0.9999999999999065,1.0,1.0,1.0,1.4466243768838338
21.400000000000002,ratificado,0.6549483603494112,1.0,0.9049483603494112,0.9999999999999065,1.0,1.0,1.0,1.4525591084189349
21.5,ratificado,0.655002642606092,1.0,0.905002642606092,0.9999999999999065,1.0,1.0,1.0,1.4584869343099593
21.6,ratificado,0.6514220174531065,1.0,0.9014220174531065,0.9999999999999065,1.0,1.0,1.0,1.464430905863004
21.700000000000003,ratificado,0.6485553963611701,1.0,0.8985553963611701,0.9999999999999065,1.0,1.0,1.0,1.4703917033506335
21.8,ratificado,0.6501084853557701,1.0,0.9001084853557701,0.9999999999999065,1.0,1.0,1.0,1.4763611749635315
21.900000000000002,ratificado,0.6584758738083103,1.0,0.9084758738083103,0.9999999999999065,1.0,1.0,1.0,1.4823608529991184
22.0,ratificado,0.6616951356857972,1.0,0.9116951356857972,0.9999999999999065,1.0,1.0,1.0,1.488370581266435
22.1,ratificado,0.6594972888455796,1.0,0.9094972888455796,0.9999999999999065,1.0,1.0,1.0,1.49435036464812
22.200000000000003,ratificado,0.6583296978861688,1.0,0.9083296978861688,0.9999999999999065,1.0,1.0,1.0,1.5003168286781103
22.3,ratificado,0.6567656244146272,1.0,0.9067656244146272,0.9999999999999065,1.0,1.0,1.0,1.5062806746948048
22.400000000000002,ratificado,0.6589239578038226,1.0,0.9089239578038226,0.9999999999999065,1.0,1.0,1.0,1.5122147512672302
22.5,ratificado,0.6596568478583278,1.0,0.9096568478583278,0.9999999999999065,1.0,1.0,1.0,1.518150332688419
22.6,ratificado,0.6622495646195601,1.0,0.9122495646195601,0.9999999999999065,1.0,1.0,1.0,1.5240632654348427
22.700000000000003,ratificado,0.6628538588589381,1.0,0.9128538588589381,0.9999999999999065,1.0,1.0,1.0,1.5299471354207308
22.8,ratificado,0.6604594672883267,1.0,0.9104594672883267,0.9999999999999065,1.0,1.0,1.0,1.535795612497576
22.900000000000002,ratificado,0.6490330361926122,1.0,0.8990330361926122,0.9999999999999065,1.0,1.0,1.0,1.5416005937450732
23.0,ratificado,0.6524237639415944,1.0,0.9024237639415944,0.9999999999999065,1.0,1.0,1.0,1.547393934909299
23.1,ratificado,0.6659477599278215,1.0,0.9159477599278215,0.9999999999999065,1.0,1.0,1.0,1.553169410434888
23.200000000000003,ratificado,0.673393711556999,1.0,0.923393711556999,0.9999999999999065,1.0,1.0,1.0,1.5589074322260277
23.3,ratificado,0.6749368882417888,1.0,0.9249368882417888,0.9999999999999065,1.0,1.0,1.0,1.5646230633780376
23.400000000000002,ratificado,0.6759433239554431,1.0,0.9259433239554431,0.9999999999999065,1.0,1.0,1.0,1.5703109182298634
23.5,ratificado,0.6801308452452838,1.0,0.9301308452452838,0.9999999999999065,1.0,1.0,1.0,1.5759531339307897
23.6,ratificado,0.6809028584356469,1.0,0.9309028584356469,0.9999999999999065,1.0,1.0,1.0,1.5815613797806785
23.700000000000003,ratificado,0.6793105449104645,1.0,0.9293105449104645,0.9999999999999065,1.0,1.0,1.0,1.5871327732407208
23.8,ratificado,0.672090231565902,1.0,0.922090231565902,0.9999999999999065,1.0,1.0,1.0,1.5926466996610449
23.900000000000002,ratificado,0.6646668206649133,1.0,0.9146668206649133,0.9999999999999065,1.0,1.0,1.0,1.598124531821676
24.0,ratificado,0.6497174611160981,1.0,0.8997174611160981,0.9999999999999065,1.0,1.0,1.0,1.603604744657245
24.1,ratificado,0.6444291568143568,1.0,0.8944291568143568,0.9999999999999065,1.0,1.0,1.0,1.609058656710531
24.200000000000003,ratificado,0.6410934287546609,1.0,0.8910934287546609,0.9999999999999065,1.0,1.0,1.0,1.6144969506021274
24.3,ratificado,0.6507513030191943,1.0,0.9007513030191943,0.9999999999999065,1.0,1.0,1.0,1.6199820736674297
24.400000000000002,ratificado,0.6569075410421277,1.0,0.9069075410421277,0.9999999999999065,1.0,1.0,1.0,1.625477223414257
24.5,ratificado,0.6650435253452329,1.0,0.9150435253452329,0.9999999999999065,1.0,1.0,1.0,1.6309822285252722
24.6,ratificado,0.6670656763265359,1.0,0.9170656763265359,0.9999999999999065,1.0,1.0,1.0,1.6364911881728372
24.700000000000003,ratificado,0.6601310453431761,1.0,0.9101310453431761,0.9999999999999065,1.0,1.0,1.0,1.6419875746529082
24.8,ratificado,0.6444790613071409,1.0,0.8944790613071409,0.9999999999999065,1.0,1.0,1.0,1.647476326988797
24.900000000000002,ratificado,0.6373118079999259,1.0,0.8873118079999259,0.9999999999999065,1.0,1.0,1.0,1.6529510237256453
25.0,ratificado,0.6494999164095199,1.0,0.8994999164095199,0.9999999999999065,1.0,1.0,1.0,1.6584276251544767
25.1,ratificado,0.6663175942492632,1.0,0.9163175942492632,0.9999999999999065,1.0,1.0,1.0,1.6639044679992039
25.200000000000003,ratificado,0.6820416802618543,1.0,0.9320416802618543,0.9999999999999065,1.0,1.0,1.0,1.6693798406404443
25.3,ratificado,0.6913699660764079,1.0,0.9413699660764079,0.9999999999999065,1.0,1.0,1.0,1.6748486075010423
25.400000000000002,ratificado,0.6956748344364333,1.0,0.9456748344364333,0.9999999999999065,1.0,1.0,1.0,1.6802797831029326
25.5,ratificado,0.6975987512179705,1.0,0.9475987512179705,0.9999999999999065,1.0,1.0,1.0,1.6857051168292083
25.6,ratificado,0.6997073903953724,1.0,0.9497073903953724,0.9999999999999065,1.0,1.0,1.0,1.6911028274335318
25.700000000000003,ratificado,0.6971222890354931,1.0,0.9471222890354931,0.9999999999999065,1.0,1.0,1.0,1.6964684273529747
25.8,ratificado,0.6914080522683511,1.0,0.9414080522683511,0.9999999999999065,1.0,1.0,1.0,1.7017913696605587
25.900000000000002,ratificado,0.6824058042431997,1.0,0.9324058042431997,0.9999999999999065,1.0,1.0,1.0,1.7070581255469732
26.0,ratificado,0.6828480494826754,1.0,0.9328480494826754,0.9999999999999065,1.0,1.0,1.0,1.7123024090440728
26.1,ratificado,0.6835325544344975,1.0,0.9335325544344975,0.9999999999999065,1.0,1.0,1.0,1.7175059333277178
26.200000000000003,ratificado,0.6859623046792211,1.0,0.9359623046792211,0.9999999999999065,1.0,1.0,1.0,1.7226688138379413
26.3,ratificado,0.6811422532964589,1.0,0.9311422532964589,0.9999999999999065,1.0,1.0,1.0,1.7277773047819804
26.400000000000002,ratificado,0.6701878873873743,1.0,0.9201878873873743,0.9999999999999065,1.0,1.0,1.0,1.7328188408992948
26.5,ratificado,0.6633722395972789,1.0,0.9133722395972789,0.9999999999999065,1.0,1.0,1.0,1.7378206528456306
26.6,ratificado,0.6630678924634814,1.0,0.9130678924634814,0.9999999999999065,1.0,1.0,1.0,1.7427576445571584
26.700000000000003,ratificado,0.6547294517077189,1.0,0.9047294517077189,0.9999999999999065,1.0,1.0,1.0,1.7476349438719982
26.8,ratificado,0.6548190824429376,1.0,0.9048190824429376,0.9999999999999065,1.0,1.0,1.0,1.752461963317919
26.900000000000002,ratificado,0.6572323153706559,1.0,0.9072323153706559,0.9999999999999065,1.0,1.0,1.0,1.7572235475402467
27.0,ratificado,0.6583168060083688,1.0,0.9083168060083688,0.9999999999999065,1.0,1.0,1.0,1.7619053538600769
27.1,ratificado,0.6520713815931355,1.0,0.9020713815931355,0.9999999999999065,1.0,1.0,1.0,1.7665862194940123
27.200000000000003,ratificado,0.6408606902455377,1.0,0.8908606902455377,0.9999999999999065,1.0,1.0,1.0,1.7712632162114117
27.3,ratificado,0.6335052847965017,1.0,0.8835052847965017,0.9999999999999065,1.0,1.0,1.0,1.7759457372090666
27.400000000000002,ratificado,0.6257773206335404,1.0,0.8757773206335404,0.9999999999999065,1.0,1.0,1.0,1.780631196128307
27.5,ratificado,0.6287240081023955,1.0,0.8787240081023955,0.9999999999999065,1.0,1.0,1.0,1.7853563990550454
27.6,ratificado,0.6323231435541814,1.0,0.8823231435541814,0.9999999999999065,1.0,1.0,1.0,1.790109856764151
27.700000000000003,ratificado,0.6340689116590794,1.0,0.8840689116590794,0.9999999999999065,1.0,1.0,1.0,1.7948998703811547
27.8,ratificado,0.6353358780077595,1.0,0.8853358780077595,0.9999999999999065,1.0,1.0,1.0,1.7996831840739294
27.900000000000002,ratificado,0.6432119072288973,1.0,0.8932119072288973,0.9999999999999065,1.0,1.0,1.0,1.8045031081590164
28.0,ratificado,0.6516949682246926,1.0,0.9016949682246926,0.9999999999999065,1.0,1.0,1.0,1.8093499710605654
28.1,ratificado,0.6549230169074997,1.0,0.9049230169074997,0.9999999999999065,1.0,1.0,1.0,1.8141879551501314
28.200000000000003,ratificado,0.6563994439680712,1.0,0.9063994439680712,0.9999999999999065,1.0,1.0,1.0,1.8190528787343636
28.3,ratificado,0.6559294427799363,1.0,0.9059294427799363,0.9999999999999065,1.0,1.0,1.0,1.8239279240314943
28.400000000000002,ratificado,0.6584748624841134,1.0,0.9084748624841134,0.9999999999999065,1.0,1.0,1.0,1.8287933030266392
28.5,ratificado,0.6623079104948015,1.0,0.9123079104948015,0.9999999999999065,1.0,1.0,1.0,1.833665398396735
28.6,ratificado,0.6663127624549394,1.0,0.9163127624549394,0.9999999999999065,1.0,1.0,1.0,1.8385401499005394
28.700000000000003,ratificado,0.6705468690575036,1.0,0.9205468690575036,0.9999999999999065,1.0,1.0,1.0,1.843417326242497
28.8,ratificado,0.6707025373037688,1.0,0.9207025373037688,0.9999999999999065,1.0,1.0,1.0,1.8482905113929455
28.900000000000002,ratificado,0.6692648101393998,1.0,0.9192648101393998,0.9999999999999065,1.0,1.0,1.0,1.8531594197833847
29.0,ratificado,0.6685204498261053,1.0,0.9185204498261053,0.9999999999999065,1.0,1.0,1.0,1.8580080528194827
29.1,ratificado,0.6691379366265711,1.0,0.9191379366265711,0.9999999999999065,1.0,1.0,1.0,1.8628580561449868
29.200000000000003,ratificado,0.6614165207671481,1.0,0.9114165207671481,0.9999999999999065,1.0,1.0,1.0,1.867664812183693
29.3,ratificado,0.6569296447498002,1.0,0.9069296447498002,0.9999999999999065,1.0,1.0,1.0,1.8724633234826267
29.400000000000002,ratificado,0.6492978609592767,1.0,0.8992978609592767,0.9999999999999065,1.0,1.0,1.0,1.8772299487320983
29.5,ratificado,0.6525383107850176,1.0,0.9025383107850176,0.9999999999999065,1.0,1.0,1.0,1.8819819858867641
29.6,ratificado,0.6588517977572848,1.0,0.9088517977572848,0.9999999999999065,1.0,1.0,1.0,1.8866958008412198
29.700000000000003,ratificado,0.6622188479839781,1.0,0.9122188479839781,0.9999999999999065,1.0,1.0,1.0,1.8913913063228482
29.8,ratificado,0.6574875374080438,1.0,0.9074875374080438,0.9999999999999065,1.0,1.0,1.0,1.8960477433653224
29.900000000000002,ratificado,0.6584048646537488,1.0,0.9084048646537488,0.9999999999999065,1.0,1.0,1.0,1.9006790623593321
30.0,ratificado,0.6627461141069461,1.0,0.9127461141069461,0.9999999999999065,1.0,1.0,1.0,1.9052730555526798
30.1,ratificado,0.6627104638982457,1.0,0.9127104638982457,0.9999999999999065,1.0,1.0,1.0,1.9098541432798988
30.200000000000003,ratificado,0.6586889226008099,1.0,0.9086889226008099,0.9999999999999065,1.0,1.0,1.0,1.9143842055003617
30.3,ratificado,0.650460169183019,1.0,0.900460169183019,0.9999999999999065,1.0,1.0,1.0,1.9188719282189282
30.400000000000002,ratificado,0.6520807870106313,1.0,0.9020807870106313,0.9999999999999065,1.0,1.0,1.0,1.9233128627175922
30.5,ratificado,0.6599364581619191,1.0,0.9099364581619191,0.9999999999999065,1.0,1.0,1.0,1.9277400957879318
30.6,ratificado,0.6616147460718995,1.0,0.9116147460718995,0.9999999999999065,1.0,1.0,1.0,1.9321306333147408
30.700000000000003,ratificado,0.6635168297088665,1.0,0.9135168297088665,0.9999999999999065,1.0,1.0,1.0,1.9364928754219637
30.8,ratificado,0.6604688038496448,1.0,0.9104688038496448,0.9999999999999065,1.0,1.0,1.0,1.9408729593993632
30.900000000000002,ratificado,0.6558564813995051,1.0,0.9058564813995051,0.9999999999999065,1.0,1.0,1.0,1.9452507924895355
31.0,ratificado,0.6565994987790607,1.0,0.9065994987790607,0.9999999999999065,1.0,1.0,1.0,1.9496445065340917
31.1,ratificado,0.6585135466662647,1.0,0.9085135466662647,0.9999999999999065,1.0,1.0,1.0,1.954041158143402
31.200000000000003,ratificado,0.6611566974116696,1.0,0.9111566974116696,0.9999999999999065,1.0,1.0,1.0,1.9584537225674226
31.3,ratificado,0.6519295322558799,1.0,0.9019295322558799,0.9999999999999065,1.0,1.0,1.0,1.962843293843643
31.400000000000002,ratificado,0.6471333473084795,1.0,0.8971333473084795,0.9999999999999065,1.0,1.0,1.0,1.9672296829705078
31.5,ratificado,0.6503381011770405,1.0,0.9003381011770405,0.9999999999999065,1.0,1.0,1.0,1.9716211718622607
31.6,ratificado,0.6542753765885418,1.0,0.9042753765885418,0.9999999999999065,1.0,1.0,1.0,1.9760067567901896
31.700000000000003,ratificado,0.6586471412036281,1.0,0.9086471412036281,0.9999999999999065,1.0,1.0,1.0,1.980390174872098
31.8,ratificado,0.6598366224891489,1.0,0.9098366224891489,0.9999999999999065,1.0,1.0,1.0,1.984756643346126
31.900000000000002,ratificado,0.6566167919160417,1.0,0.9066167919160417,0.9999999999999065,1.0,1.0,1.0,1.9889433282830518
32.0,ratificado,0.6583449524051281,1.0,0.9083449524051281,0.9999999999999065,1.0,1.0,1.0,1.992761927189128
32.1,ratificado,0.6669793904818266,1.0,0.9169793904818266,0.9999999999999065,1.0,1.0,1.0,1.9958553125853649
32.2,ratificado,0.6715926190945201,1.0,0.9215926190945201,0.9999999999999065,1.0,1.0,1.0,1.9979781058141985
32.300000000000004,ratificado,0.6704630119783985,1.0,0.9204630119783985,0.9999999999999065,1.0,1.0,1.0,1.9990365148333147
32.4,ratificado,0.6611873408203459,1.0,0.9111873408203459,0.9999999999999065,1.0,1.0,1.0,1.999578509340449
32.5,ratificado,0.6556793337345176,1.0,0.9056793337345176,0.9999999999999065,1.0,1.0,1.0,2.0
32.6,ratificado,0.6541556797926729,1.0,0.9041556797926729,0.9999999999999065,1.0,1.0,1.0,2.0
32.7,ratificado,0.6611790863907708,1.0,0.9111790863907708,0.9999999999999065,1.0,1.0,1.0,2.0
32.800000000000004,ratificado,0.6668504683023133,1.0,0.9168504683023133,0.9999999999999065,1.0,1.0,1.0,2.0
32.9,ratificado,0.6754343496153261,1.0,0.9254343496153261,0.9999999999999065,1.0,1.0,1.0,2.0
33.0,ratificado,0.6780582539343925,1.0,0.9280582539343925,0.9999999999999065,1.0,1.0,1.0,2.0
33.1,ratificado,0.6707066194151556,1.0,0.9207066194151556,0.9999999999999065,1.0,1.0,1.0,2.0
33.2,ratificado,0.6580290779575213,1.0,0.9080290779575213,0.9999999999999065,1.0,1.0,1.0,2.0
33.300000000000004,ratificado,0.6543243377206087,1.0,0.9043243377206087,0.9999999999999065,1.0,1.0,1.0,2.0
33.4,ratificado,0.6546761066368749,1.0,0.9046761066368749,0.9999999999999065,1.0,1.0,1.0,2.0
33.5,ratificado,0.663599629732793,1.0,0.913599629732793,0.9999999999999065,1.0,1.0,1.0,2.0
33.6,ratificado,0.6669274310345448,1.0,0.9169274310345448,0.9999999999999065,1.0,1.0,1.0,2.0
33.7,ratificado,0.6695493369230532,1.0,0.9195493369230532,0.9999999999999065,1.0,1.0,1.0,2.0
33.800000000000004,ratificado,0.6733663771843594,1.0,0.9233663771843594,0.9999999999999065,1.0,1.0,1.0,2.0
33.9,ratificado,0.6775381410843522,1.0,0.9275381410843522,0.9999999999999065,1.0,1.0,1.0,2.0
34.0,ratificado,0.6776825203377802,1.0,0.9276825203377802,0.9999999999999065,1.0,1.0,1.0,2.0
34.1,ratificado,0.6759856219587237,1.0,0.9259856219587237,0.9999999999999065,1.0,1.0,1.0,2.0
34.2,ratificado,0.6840827031458093,1.0,0.9340827031458093,0.9999999999999065,1.0,1.0,1.0,2.0
34.300000000000004,ratificado,0.6848621576992875,1.0,0.9348621576992875,0.9999999999999065,1.0,1.0,1.0,2.0
34.4,ratificado,0.6789810520337992,1.0,0.9289810520337992,0.9999999999999065,1.0,1.0,1.0,2.0
34.5,ratificado,0.6712699881646449,1.0,0.9212699881646449,0.9999999999999065,1.0,1.0,1.0,2.0
34.6,ratificado,0.6559331385623712,1.0,0.9059331385623712,0.9999999999999065,1.0,1.0,1.0,2.0
34.7,ratificado,0.6385627959213317,1.0,0.8885627959213317,0.9999999999999065,1.0,1.0,1.0,2.0
34.800000000000004,ratificado,0.6329349829725797,1.0,0.8829349829725797,0.9999999999999065,1.0,1.0,1.0,2.0
34.9,ratificado,0.6370954799279351,1.0,0.8870954799279351,0.9999999999999065,1.0,1.0,1.0,2.0
35.0,ratificado,0.6452572366454049,1.0,0.8952572366454049,0.9999999999999065,1.0,1.0,1.0,2.0
35.1,ratificado,0.654212142770622,1.0,0.904212142770622,0.9999999999999065,1.0,1.0,1.0,2.0
35.2,ratificado,0.6555024561531819,1.0,0.9055024561531819,0.9999999999999065,1.0,1.0,1.0,2.0
35.300000000000004,ratificado,0.6588080879065081,1.0,0.9088080879065081,0.9999999999999065,1.0,1.0,1.0,2.0
35.4,ratificado,0.6699786494232568,1.0,0.9199786494232568,0.9999999999999065,1.0,1.0,1.0,2.0
35.5,ratificado,0.677324475687541,1.0,0.927324475687541,0.9999999999999065,1.0,1.0,1.0,2.0
35.6,ratificado,0.6801782209445786,1.0,0.9301782209445786,0.9999999999999065,1.0,1.0,1.0,2.0
35.7,ratificado,0.680412248639862,1.0,0.930412248639862,0.9999999999999065,1.0,1.0,1.0,2.0
35.800000000000004,ratificado,0.6884897149516795,1.0,0.9384897149516795,0.9999999999999065,1.0,1.0,1.0,2.0
35.9,ratificado,0.6890482306382721,1.0,0.9390482306382721,0.9999999999999065,1.0,1.0,1.0,2.0
36.0,ratificado,0.6837893112431472,1.0,0.9337893112431472,0.9999999999999065,1.0,1.0,1.0,2.0
36.1,ratificado,0.6701789485162026,1.0,0.9201789485162026,0.9999999999999065,1.0,1.0,1.0,2.0
36.2,ratificado,0.66743132722331,1.0,0.91743132722331,0.9999999999999065,1.0,1.0,1.0,2.0
36.300000000000004,ratificado,0.6765925637016477,1.0,0.9265925637016477,0.9999999999999065,1.0,1.0,1.0,2.0
36.4,ratificado,0.6833491943019869,1.0,0.9333491943019869,0.9999999999999065,1.0,1.0,1.0,2.0
36.5,ratificado,0.6801986710577579,1.0,0.9301986710577579,0.9999999999999065,1.0,1.0,1.0,2.0
36.6,ratificado,0.6744073213050317,1.0,0.9244073213050317,0.9999999999999065,1.0,1.0,1.0,2.0
36.7,ratificado,0.6653770826687735,1.0,0.9153770826687735,0.9999999999999065,1.0,1.0,1.0,2.0
36.800000000000004,ratificado,0.6568020370764286,1.0,0.9068020370764286,0.9999999999999065,1.0,1.0,1.0,2.0
36.9,ratificado,0.6640205036362692,1.0,0.9140205036362692,0.9999999999999065,1.0,1.0,1.0,2.0
37.0,ratificado,0.6777235035896223,1.0,0.9277235035896223,0.9999999999999065,1.0,1.0,1.0,2.0
37.1,ratificado,0.6788151361663892,1.0,0.9288151361663892,0.9999999999999065,1.0,1.0,1.0,2.0
37.2,ratificado,0.6784513790748179,1.0,0.9284513790748179,0.9999999999999065,1.0,1.0,1.0,2.0
37.300000000000004,ratificado,0.6773667945773738,1.0,0.9273667945773738,0.9999999999999065,1.0,1.0,1.0,2.0
37.4,ratificado,0.6774541613686738,1.0,0.9274541613686738,0.9999999999999065,1.0,1.0,1.0,2.0
37.5,ratificado,0.6772189910892796,1.0,0.9272189910892796,0.9999999999999065,1.0,1.0,1.0,2.0
37.6,ratificado,0.6720921069174963,1.0,0.9220921069174963,0.9999999999999065,1.0,1.0,1.0,2.0
37.7,ratificado,0.6683801471600769,1.0,0.9183801471600769,0.9999999999999065,1.0,1.0,1.0,2.0
37.800000000000004,ratificado,0.6670992923522625,1.0,0.9170992923522625,0.9999999999999065,1.0,1.0,1.0,2.0
37.9,ratificado,0.665179845679263,1.0,0.915179845679263,0.9999999999999065,1.0,1.0,1.0,2.0
38.0,ratificado,0.6627328619193635,1.0,0.9127328619193635,0.9999999999999065,1.0,1.0,1.0,2.0
38.1,ratificado,0.6565140022243126,1.0,0.9065140022243126,0.9999999999999065,1.0,1.0,1.0,2.0
38.2,ratificado,0.6529856552706275,1.0,0.9029856552706275,0.9999999999999065,1.0,1.0,1.0,2.0
38.300000000000004,ratificado,0.644767695885127,1.0,0.894767695885127,0.9999999999999065,1.0,1.0,1.0,2.0
38.400000000000006,ratificado,0.6377118730778341,1.0,0.8877118730778341,0.9999999999999065,1.0,1.0,1.0,2.0
38.5,ratificado,0.6275172985617604,1.0,0.8775172985617604,0.9999999999999065,1.0,1.0,1.0,2.0
38.6,ratificado,0.6324574998002315,1.0,0.8824574998002315,0.9999999999999065,1.0,1.0,1.0,2.0
38.7,ratificado,0.6431331973558703,1.0,0.8931331973558703,0.9999999999999065,1.0,1.0,1.0,2.0
38.800000000000004,ratificado,0.6524176762031011,1.0,0.9024176762031011,0.9999999999999065,1.0,1.0,1.0,2.0
38.900000000000006,ratificado,0.6631239326604925,1.0,0.9131239326604925,0.9999999999999065,1.0,1.0,1.0,2.0
39.0,ratificado,0.6692733265328316,1.0,0.9192733265328316,0.9999999999999065,1.0,1.0,1.0,2.0
39.1,ratificado,0.6746808833518998,1.0,0.9246808833518998,0.9999999999999065,1.0,1.0,1.0,2.0
39.2,ratificado,0.6766737201950628,1.0,0.9266737201950628,0.9999999999999065,1.0,1.0,1.0,2.0
39.300000000000004,ratificado,0.6800689596574043,1.0,0.9300689596574043,0.9999999999999065,1.0,1.0,1.0,2.0
39.400000000000006,ratificado,0.6782618355557172,1.0,0.9282618355557172,0.9999999999999065,1.0,1.0,1.0,2.0
39.5,ratificado,0.681610044058272,1.0,0.931610044058272,0.9999999999999065,1.0,1.0,1.0,2.0
39.6,ratificado,0.6833601299237642,1.0,0.9333601299237642,0.9999999999999065,1.0,1.0,1.0,2.0
39.7,ratificado,0.684766173634179,1.0,0.934766173634179,0.9999999999999065,1.0,1.0,1.0,2.0
39.800000000000004,ratificado,0.6933846084120554,1.0,0.9433846084120554,0.9999999999999065,1.0,1.0,1.0,2.0
39.900000000000006,ratificado,0.6960409804751373,1.0,0.9460409804751373,0.9999999999999065,1.0,1.0,1.0,2.0
