subject,state,epoch,lzc,pe
02,basal,0,0.43915403196216335,0.6871420761758659
02,basal,1,0.4416348478697567,0.6915051897776769
02,basal,2,0.4398486604162896,0.6872585833982989
02,basal,3,0.4492757608651439,0.6878825879657556
02,basal,4,0.4321085147845984,0.6779123090884891
02,basal,5,0.44133714996084533,0.6793005366291254
02,basal,6,0.43498626123740664,0.6881468253982264
02,basal,7,0.4348870286011029,0.6813038646390525
02,basal,8,0.4379136240083667,0.6915127420808738
02,basal,9,0.44014635832520077,0.6934758046297799
02,basal,10,0.44396681482289435,0.6865838057017527
02,basal,11,0.4453064554129947,0.6909834244467712
02,basal,12,0.44659647968494315,0.6864978523469488
02,basal,13,0.46029058349485813,0.6974019719343593
02,basal,14,0.44808496922949914,0.6956070309392433
02,basal,15,0.4427264068690977,0.7054212815620547
02,basal,16,0.4394021135529227,0.689819813103024
02,basal,17,0.44148599891530105,0.6904066954600793
02,basal,18,0.4449095248677797,0.7019272889551847
02,basal,19,0.4278911277416899,0.6786425899350883
02,basal,20,0.43528395914631784,0.6865405053072758
02,basal,21,0.42689880137865255,0.6810194695467492
02,basal,22,0.43925326459846703,0.6818794350279062
02,basal,23,0.4320092821482947,0.6820517046852131
02,basal,24,0.4524015889087115,0.6913369270206088
02,basal,25,0.4480353529113474,0.6928513102271792
02,basal,26,0.45537856799782345,0.6964315193129212
02,basal,27,0.4413867662789973,0.6968264152626902
02,basal,28,0.43627628550935516,0.6896971310775624
02,basal,29,0.4550312537707604,0.691453478680963
02,basal,30,0.44232947632388275,0.6818510998854797
02,basal,31,0.44684456127570255,0.6818792888658448
02,basal,32,0.44317295373246457,0.6834062615654539
02,basal,33,0.44580261859451337,0.6844136443952321
02,basal,34,0.4467453286393988,0.6932031674773439
02,basal,35,0.44282563950540144,0.6913033475386421
02,basal,36,0.44768803868428436,0.7007006611145284
02,basal,37,0.45984403663149137,0.6900477132715436
02,basal,38,0.4601913508585544,0.6893780393371112
02,sedacao_leve,0,0.4883734195688142,0.7091544989918841
02,sedacao_leve,1,0.4542870089984824,0.6929662476904087
02,sedacao_leve,2,0.45661897595162004,0.6904332605529451
02,sedacao_leve,3,0.46882459021697903,0.7026595378946124
02,sedacao_leve,4,0.4533442989535969,0.6842690536706103
02,sedacao_leve,5,0.4759693400308478,0.7019612476302104
02,sedacao_leve,6,0.48212176348167907,0.7079429999098253
02,sedacao_leve,7,0.4524015889087117,0.698185485589461
02,sedacao_leve,8,0.46937036971664964,0.7112420817621503
02,sedacao_leve,9,0.4700649981707758,0.7032988204607795
02,sedacao_leve,10,0.4649049010829817,0.7002806604157884
02,sedacao_leve,11,0.468477275989916,0.6905464505219914
02,sedacao_leve,12,0.47001538185262376,0.6874277438412907
02,sedacao_leve,13,0.4552793353615197,0.6900002401996063
02,sedacao_leve,14,0.4719504182605465,0.690093268113617
02,sedacao_leve,15,0.4608859793126806,0.6898601474854309
02,sedacao_leve,16,0.46629415799123397,0.7062621261305244
02,sedacao_leve,17,0.47477854839520295,0.7036254121273148
02,sedacao_leve,18,0.4658476111278671,0.6997318377513256
02,sedacao_leve,19,0.46262255044799583,0.6994472718563554
02,sedacao_leve,20,0.4715534877153316,0.6983112217054861
02,sedacao_leve,21,0.4554778006341272,0.7018100317746675
02,sedacao_leve,22,0.4626721667661478,0.6937207533119816
02,sedacao_leve,23,0.4579090002235685,0.6923726808222624
02,sedacao_leve,24,0.47110694085196486,0.7010944325061479
02,sedacao_leve,25,0.4817248329364642,0.7061489780194291
02,sedacao_leve,26,0.45289775209023014,0.7018503459462623
02,sedacao_leve,27,0.4582066981324798,0.6949262423162189
02,sedacao_leve,28,0.46639339062753765,0.694722789579559
02,sedacao_leve,29,0.46649262326384144,0.701333780738953
02,sedacao_leve,30,0.4685765086262198,0.7016183374142985
02,sedacao_leve,31,0.47825169066583356,0.6997650967366937
02,sedacao_leve,32,0.48857188484142156,0.7102910328801967
02,sedacao_leve,33,0.4806332739371232,0.6977464059807821
02,sedacao_leve,34,0.45671820858792384,0.6966717788768937
02,sedacao_leve,35,0.4730915935780395,0.697726248210793
02,sedacao_leve,36,0.48281639193580517,0.7054424003799038
02,sedacao_leve,37,0.46941998603480145,0.6996966843518025
02,sedacao_leve,38,0.4875299421602325,0.7002551646238718
02,sedacao_leve,39,0.45711513913313884,0.7114693555953101
02,sedacao_leve,40,0.46698878644535996,0.7053772438724238
02,sedacao_leve,41,0.4719504182605467,0.7113356058863256
02,sedacao_moderada,0,0.4900107580678257,0.7058140571275435
02,sedacao_moderada,1,0.5205247937312231,0.7128118304720575
02,sedacao_moderada,2,0.5233033075477276,0.7146815025476346
02,sedacao_moderada,3,0.5060864451490301,0.7101346707856275
02,sedacao_moderada,4,0.5157120108704921,0.7131415195546768
02,sedacao_moderada,5,0.5100557506011795,0.7096717401117523
02,sedacao_moderada,6,0.5015217438790586,0.7148309898013377
02,sedacao_moderada,7,0.4932854350658489,0.7064643149705406
02,sedacao_moderada,8,0.5035560129232851,0.7101183452401821
02,sedacao_moderada,9,0.4978005200176686,0.7166246874209624
02,sedacao_moderada,10,0.5156127782341884,0.717748556456353
02,sedacao_moderada,11,0.5127846480995322,0.7090887806152062
02,sedacao_moderada,12,0.5070787715120676,0.7095660206997751
02,sedacao_moderada,13,0.5025636865602477,0.7139059886329455
02,sedacao_moderada,14,0.4999340216981989,0.7112842190034426
02,sedacao_moderada,15,0.4970066589272387,0.719778489731879
02,sedacao_moderada,16,0.5130327296902913,0.7148360592858296
02,sedacao_moderada,17,0.49829668319918724,0.7084328351729464
02,sedacao_moderada,18,0.5012736622882992,0.7172904683766637
02,sedacao_moderada,19,0.4844041141166648,0.7117188000319855
02,sedacao_moderada,20,0.5234025401840313,0.7164445454075907
02,sedacao_moderada,21,0.5198797815952488,0.7171749483030535
02,sedacao_moderada,22,0.5177462799147188,0.7153196544173905
02,sedacao_moderada,23,0.513925823417025,0.7232209972913879
02,sedacao_moderada,24,0.5157120108704922,0.7145829717336737
02,sedacao_moderada,25,0.5178951288691743,0.7155046374199454
02,sedacao_moderada,26,0.48772840743283974,0.7164329768610601
02,sedacao_moderada,27,0.518688989959604,0.7168059291933453
02,sedacao_moderada,28,0.5125861828269246,0.7186986553766637
02,sedacao_moderada,29,0.5141242886896324,0.7146757175700299
02,sedacao_moderada,30,0.5134792765536581,0.7214202850030358
02,sedacao_moderada,31,0.5174485820058075,0.7172889291672997
02,sedacao_moderada,32,0.511693089100191,0.7173486032721258
02,sedacao_moderada,33,0.4953197041100753,0.7049747858703254
02,sedacao_moderada,34,0.5010751970156917,0.7113588130465068
02,recuperacao,0,0.44183331314236407,0.6847298834380162
02,recuperacao,1,0.43017347837667563,0.6800504489494306
02,recuperacao,2,0.45810746549617604,0.690165738798852
02,recuperacao,3,0.43022309469482745,0.6771558064939533
02,recuperacao,4,0.4224333327449845,0.673495371022877
02,recuperacao,5,0.4269484176968043,0.6707082530805254
02,recuperacao,6,0.4262041729245264,0.6751565765697483
02,recuperacao,7,0.43910441564401154,0.6783262182187433
02,recuperacao,8,0.4470926428664618,0.677505641888095
02,recuperacao,9,0.45438624163478614,0.6788887059474374
02,recuperacao,10,0.4298757804677645,0.6721655948968426
02,recuperacao,11,0.4235745080624776,0.6668784850769339
02,recuperacao,12,0.4364251344638108,0.6788229758215358
02,recuperacao,13,0.4483330508202585,0.6810941753725247
02,recuperacao,14,0.4460010838671209,0.6960910494921186
02,recuperacao,15,0.4369212976453294,0.6832994067040425
02,recuperacao,16,0.4591494081773653,0.6908020548212818
02,recuperacao,17,0.44113868468823797,0.6820307269565257
02,recuperacao,18,0.44525683909484287,0.6822570520377804
02,recuperacao,19,0.4351847265100142,0.6783740700225671
02,recuperacao,20,0.4510619483186112,0.6790702100771279
02,recuperacao,21,0.43984866041628945,0.6693244315284032
02,recuperacao,22,0.43329930642024317,0.6744694733267829
02,recuperacao,23,0.43017347837667574,0.6751311426983384
02,recuperacao,24,0.4402455909615045,0.6824435439804034
02,recuperacao,25,0.4476384223661324,0.6844005540866414
02,recuperacao,26,0.43746707714499994,0.6990001332175458
02,recuperacao,27,0.45359238054435624,0.694246377986272
02,recuperacao,28,0.4393524972347707,0.6813030949104175
02,recuperacao,29,0.44912691191068843,0.6839730696821623
02,recuperacao,30,0.4348870286011029,0.6812982316579133
02,recuperacao,31,0.42575762606115974,0.6701069423265896
02,recuperacao,32,0.4419325457786679,0.6803936722039212
02,recuperacao,33,0.4501688545918775,0.6951815204703476
02,recuperacao,34,0.4537412294988119,0.699996684617097
02,recuperacao,35,0.45126041359121855,0.6945366236604317
02,recuperacao,36,0.449623075092207,0.693911666383122
02,recuperacao,37,0.43582973864598834,0.6967484877897191
02,recuperacao,38,0.438161705599126,0.6876353542788022
02,recuperacao,39,0.4419821620968196,0.69496750704048
03,basal,0,0.43057040892189063,0.7212524288887622
03,basal,1,0.43741746082684807,0.7203242563128252
03,basal,2,0.42779189510538623,0.7146905013690903
03,basal,3,0.41826556202022785,0.7101405527683394
03,basal,4,0.4253606955159447,0.7199290050847298
03,basal,5,0.4427264068690977,0.7092716276522459
03,basal,6,0.4037775971198832,0.715859431422295
03,basal,7,0.41563589715817906,0.7084764978657153
03,basal,8,0.4340931675106731,0.7318293513266364
03,basal,9,0.39479704353439554,0.7089323618464823
03,basal,10,0.40933462475289206,0.7212760953667711
03,basal,11,0.39926251216806335,0.7091491462225308
03,basal,12,0.38368298826837755,0.7044812389754722
03,basal,13,0.39767478998720374,0.7118722776309815
03,basal,14,0.35029120615217185,0.7069068313645561
03,basal,15,0.3574855722841924,0.7021051036800802
03,basal,16,0.37822519327167226,0.7025378240061986
03,basal,17,0.36274490200829024,0.6997460959765572
03,basal,18,0.3756947610459272,0.7076827845071463
03,basal,19,0.3918696807634355,0.6900822087059321
03,basal,20,0.4015448628030492,0.6856597163614823
03,basal,21,0.3748512836373454,0.6895610211192613
03,basal,22,0.3675080685508693,0.6812253685998827
03,basal,23,0.40660572725453953,0.702868903639144
03,basal,24,0.36180219196340485,0.6864091247072404
03,basal,25,0.38269066190534023,0.6761539208513572
03,basal,26,0.3776794137720018,0.6706065964568696
03,basal,27,0.3756947610459271,0.6905585131411562
03,basal,28,0.3976747899872037,0.690820898705046
03,basal,29,0.38164871922415106,0.6776983957908229
03,basal,30,0.3754466794551678,0.684748425121541
03,basal,31,0.3984190347594816,0.684197845409889
03,basal,32,0.3800609970432913,0.6844291781096898
03,basal,33,0.39921289584991154,0.6980735253919911
03,basal,34,0.40343028289282,0.7057336556010608
03,basal,35,0.39757555735089994,0.688889312853072
03,basal,36,0.38135102131523985,0.6797545282639049
03,basal,37,0.37921751963470957,0.6844392060221139
03,sedacao_leve,0,0.49720512419984625,0.7375819792472078
03,sedacao_leve,1,0.4643095052651593,0.7199357282252196
03,sedacao_leve,2,0.4727938956691284,0.7415372932661292
03,sedacao_leve,3,0.4706107776704463,0.7329203821325888
03,sedacao_leve,4,0.46103482826713604,0.7233778804966416
03,sedacao_leve,5,0.46659185590014507,0.729333906651996
03,sedacao_leve,6,0.47765629484801114,0.7429342723132185
03,sedacao_leve,7,0.4941785287925824,0.7300391468389594
03,sedacao_leve,8,0.4955181693826828,0.7562447445502681
03,sedacao_leve,9,0.46083636299452874,0.7371412094963031
03,sedacao_leve,10,0.4488292140017772,0.7491822438202073
03,sedacao_leve,11,0.45508087008891224,0.7225296975160603
03,sedacao_leve,12,0.4279407440598417,0.7194242427445063
03,sedacao_leve,13,0.49497238988301223,0.7291559134882268
03,sedacao_leve,14,0.4733396751687989,0.7328863523099582
03,sedacao_leve,15,0.46847727598991606,0.7232701526580106
03,sedacao_leve,16,0.4453560717311467,0.7213170459793742
03,sedacao_leve,17,0.43831055455358164,0.7257897506012451
03,sedacao_leve,18,0.3969801615330775,0.6946395472244459
03,sedacao_leve,19,0.4302230946948275,0.7175724551284433
03,sedacao_leve,20,0.397525941032748,0.6907216037255678
03,sedacao_leve,21,0.43930288091661895,0.7056707654551603
03,sedacao_leve,22,0.3980221042142667,0.6837755259696069
03,sedacao_leve,23,0.3961863004426476,0.7003476672739245
03,sedacao_leve,24,0.4010983159396824,0.6915715085384524
03,sedacao_leve,25,0.3951939740796103,0.7053855516134547
03,sedacao_leve,26,0.45423739268033053,0.7036447524914329
03,sedacao_leve,27,0.4120635222512446,0.7110753057840693
03,sedacao_leve,28,0.4130062322961302,0.7092603348354588
03,sedacao_leve,29,0.3685500112320584,0.7064891411991803
03,sedacao_leve,30,0.38775152635683047,0.7120127452022643
03,sedacao_leve,31,0.3962359167607995,0.702165440035515
03,sedacao_leve,32,0.3718246882300815,0.6995458022093712
03,sedacao_moderada,0,0.4183151783383797,0.7361852978341756
03,sedacao_moderada,1,0.40447222557400925,0.7262482430706908
03,sedacao_moderada,2,0.37981291545253193,0.6987149828139029
03,sedacao_moderada,3,0.4030333523476052,0.7047554650313053
03,sedacao_moderada,4,0.34771115760827487,0.6905588212903172
03,sedacao_moderada,5,0.4017929443938086,0.7044768958601503
03,sedacao_moderada,6,0.36572188109740217,0.6853422301208076
03,sedacao_moderada,7,0.32994851570990696,0.6829910582424978
03,sedacao_moderada,8,0.35768403755679984,0.6973748410961497
03,sedacao_moderada,9,0.38403030249544057,0.6763365191549109
03,sedacao_moderada,10,0.3613556451000379,0.6874542640264256
03,sedacao_moderada,11,0.34696691283599684,0.6853329028984427
03,sedacao_moderada,12,0.36725998696011003,0.6756522538508626
03,sedacao_moderada,13,0.32067026421550804,0.6776923180170095
03,sedacao_moderada,14,0.37018734973107,0.6920170465006716
03,sedacao_moderada,15,0.36373722837132744,0.6902946347278759
03,sedacao_moderada,16,0.33456283329803044,0.6916874602177852
03,sedacao_moderada,17,0.3513331488333611,0.6927850719592392
03,sedacao_moderada,18,0.3577832701931036,0.6924189421952464
03,sedacao_moderada,19,0.3496461940161976,0.6813816668234582
03,sedacao_moderada,20,0.3487531002894641,0.6701849097169872
03,sedacao_moderada,21,0.3312385399818555,0.6927992203343639
03,sedacao_moderada,22,0.28782426159897295,0.6844907297126906
03,sedacao_moderada,23,0.3255326633943909,0.6733104034677702
03,sedacao_moderada,24,0.3243418717587462,0.690485885892035
03,sedacao_moderada,25,0.31000275581285697,0.6901534618665995
03,sedacao_moderada,26,0.31422014285576555,0.6892857317371175
03,sedacao_moderada,27,0.27318744774417253,0.6892763503404243
03,sedacao_moderada,28,0.32424263912244244,0.7043747286737584
03,sedacao_moderada,29,0.2849961314643166,0.7052942171765428
03,sedacao_moderada,30,0.3109950821758943,0.7090658760732592
03,recuperacao,0,0.44982154036481437,0.7355684315291318
03,recuperacao,1,0.47343890780510245,0.7447230665558086
03,recuperacao,2,0.4272957319238675,0.7130249905781522
03,recuperacao,3,0.45567626590673466,0.748882902325114
03,recuperacao,4,0.4481345855476511,0.7443524885465289
03,recuperacao,5,0.44545530436745034,0.7352851153901019
03,recuperacao,6,0.4479361202750436,0.7307903339339801
03,recuperacao,7,0.4412379173245417,0.7310217933902149
03,recuperacao,8,0.4610348282671361,0.7480194639436966
03,recuperacao,9,0.4254599281522484,0.7243610189322632
03,recuperacao,10,0.42025021474630253,0.7275351902045163
03,recuperacao,11,0.43458933069219163,0.7244625569264795
03,recuperacao,12,0.4810302044823381,0.7487438613628294
03,recuperacao,13,0.4604394324493138,0.7487640495501724
03,recuperacao,14,0.44525683909484287,0.748987984900223
03,recuperacao,15,0.4232271938354146,0.7496123581635535
03,recuperacao,16,0.44818420186580293,0.7317688908328764
03,recuperacao,17,0.44084098677932687,0.7134261041747986
03,recuperacao,18,0.3736108756835488,0.7181686299765485
03,recuperacao,19,0.4361274365548995,0.7118705630236257
03,recuperacao,20,0.4355320407370773,0.7263573635531072
03,recuperacao,21,0.4335473880110026,0.7219147639908918
03,recuperacao,22,0.410128485843322,0.7286872126052982
03,recuperacao,23,0.43017347837667574,0.7198105437827583
03,recuperacao,24,0.45344353158990075,0.7411174552262249
03,recuperacao,25,0.40769728625388046,0.7246393469401284
03,recuperacao,26,0.408243065753551,0.7215688258554177
03,recuperacao,27,0.40089985066707495,0.7053447751754541
03,recuperacao,28,0.39370548453505433,0.7221700810531111
03,recuperacao,29,0.4307192578763462,0.7187210348131978
03,recuperacao,30,0.43602820391859587,0.7607576914269415
03,recuperacao,31,0.4081438331172472,0.7105443458903965
03,recuperacao,32,0.4340931675106731,0.736796598960929
03,recuperacao,33,0.36433262418914986,0.7262056808695214
03,recuperacao,34,0.43692129764532944,0.737411761587115
03,recuperacao,35,0.4165786072030645,0.7539727292029624
05,basal,0,0.522807144366209,0.717910244218317
05,basal,1,0.5316884653153928,0.719732251026509
05,basal,2,0.5039529434685,0.7076419462421377
05,basal,3,0.5046475719226261,0.7072431423357834
05,basal,4,0.5221125159120829,0.7172954889450709
05,basal,5,0.5109984606460649,0.7087598279249172
05,basal,6,0.49497238988301223,0.7001745960237997
05,basal,7,0.5028117681510069,0.701672282229428
05,basal,8,0.5045979556044743,0.7118444847267805
05,basal,9,0.5247917970922835,0.7177966411499561
05,basal,10,0.5299022778619257,0.7203408269237813
05,basal,11,0.5081207141932568,0.7165187752565857
05,basal,12,0.5083191794658641,0.7118840668592298
05,basal,13,0.5255856581827133,0.7240589851794837
05,basal,14,0.5058879798764229,0.7062760563091527
05,basal,15,0.5134792765536582,0.7094119978228455
05,basal,16,0.5017202091516659,0.7018403802521425
05,basal,17,0.5100557506011795,0.7141128396946792
05,basal,18,0.5004301848797175,0.6995961430188293
05,basal,19,0.4981478342447317,0.7011967063131536
05,basal,20,0.5081703305114086,0.7133930446778897
05,basal,21,0.49110231706716684,0.6952332590173987
05,basal,22,0.5100061342830274,0.7090719635399191
05,basal,23,0.5078726326024974,0.7056228083244042
05,basal,24,0.5132808112810506,0.7115049614420734
05,basal,25,0.5127846480995321,0.7141751362403448
05,basal,26,0.5181432104599336,0.7122002552210388
05,basal,27,0.5107999953734574,0.7092512389666504
05,basal,28,0.503903327150348,0.7098471988574164
05,basal,29,0.47324044253249514,0.6957046063829122
05,basal,30,0.5155135455978846,0.7113742652452452
05,basal,31,0.5047964208770817,0.7111552146304096
05,basal,32,0.522410213820994,0.7175829728516268
05,basal,33,0.5078726326024974,0.7063957363059202
05,basal,34,0.5205247937312232,0.7187025330772905
05,basal,35,0.5130823460084432,0.7117199065685136
05,basal,36,0.5346654444045049,0.7198896350280897
05,basal,37,0.5237002380929426,0.7179702675619001
05,basal,38,0.5280168577721549,0.7130181626443467
05,basal,39,0.506185677785334,0.708620419431133
05,sedacao_leve,0,0.5339708159503787,0.7078216803641412
05,sedacao_leve,1,0.5303488247252927,0.7048284217651164
05,sedacao_leve,2,0.5214675037761085,0.703710792059337
05,sedacao_leve,3,0.5261810540005357,0.7003640511118412
05,sedacao_leve,4,0.5354593054949347,0.7090004577387883
05,sedacao_leve,5,0.5158112435067959,0.6992029420304086
05,sedacao_leve,6,0.5252383439556504,0.7049782907402217
05,sedacao_leve,7,0.5186393736414523,0.6999871746222035
05,sedacao_leve,8,0.5332265711781008,0.7045233307496556
05,sedacao_leve,9,0.52310484227512,0.7041526733851342
05,sedacao_leve,10,0.5282153230447623,0.7020086577962128
05,sedacao_leve,11,0.518688989959604,0.6996614231246899
05,sedacao_leve,12,0.5192843857774264,0.698862870785446
05,sedacao_leve,13,0.5370966439939463,0.7069280131145289
05,sedacao_leve,14,0.5181432104599336,0.7011063623345091
05,sedacao_leve,15,0.5357570034038459,0.7073600011212392
05,sedacao_leve,16,0.554561587983403,0.7136846434211698
05,sedacao_leve,17,0.540520169946425,0.7080076474884406
05,sedacao_leve,18,0.5321350121787597,0.7029472056505991
05,sedacao_leve,19,0.535310456540479,0.7081949280276003
05,sedacao_leve,20,0.5558019959371997,0.712483774587373
05,sedacao_leve,21,0.5322342448150635,0.7072780297483389
05,sedacao_leve,22,0.5365012481761239,0.7088628867883209
05,sedacao_leve,23,0.5691487855200517,0.7218913389869042
05,sedacao_leve,24,0.5400240067649064,0.707226093852342
05,sedacao_leve,25,0.5387835988111097,0.7125980343188522
05,sedacao_leve,26,0.5156623945523403,0.705343312224265
05,sedacao_leve,27,0.5514853762579873,0.7213151580595148
05,sedacao_leve,28,0.5698434139741777,0.7292438247001227
05,sedacao_leve,29,0.5583820444810969,0.7136912153548718
05,sedacao_leve,30,0.5351119912678717,0.7083012953885827
05,sedacao_leve,31,0.5499472703952795,0.712948413336521
05,sedacao_leve,32,0.5887968475081905,0.740791622315202
05,sedacao_leve,33,0.5528746331662396,0.7128880251604885
05,sedacao_leve,34,0.5511380620309244,0.7139060985740946
05,sedacao_leve,35,0.5466229770791045,0.7097331774319955
05,sedacao_leve,36,0.5302495920889889,0.7090542753952166
05,sedacao_leve,37,0.5465733607609528,0.7188426868204341
05,sedacao_leve,38,0.544936022261941,0.7134056880649746
05,sedacao_leve,39,0.5377912724480723,0.708075197915395
05,sedacao_moderada,0,0.5110480769642167,0.6912275862834325
05,sedacao_moderada,1,0.5228567606843607,0.6967294757442429
05,sedacao_moderada,2,0.5347150607226568,0.7003045292001897
05,sedacao_moderada,3,0.5367493297668832,0.6969252006627907
05,sedacao_moderada,4,0.5129831133721395,0.693099928807831
05,sedacao_moderada,5,0.5604163135253231,0.7115967923803282
05,sedacao_moderada,6,0.5282153230447624,0.691377624083471
05,sedacao_moderada,7,0.5248910297285874,0.6917543032419357
05,sedacao_moderada,8,0.5054910493312078,0.6868077370303554
05,sedacao_moderada,9,0.5520807720758097,0.7093034787938383
05,sedacao_moderada,10,0.5226086790936015,0.6959011205511646
05,sedacao_moderada,11,0.5318869305880003,0.7005411542204731
05,sedacao_moderada,12,0.5367989460850351,0.6987835785322721
05,sedacao_moderada,13,0.5351119912678717,0.7040762891502532
05,sedacao_moderada,14,0.5603170808890195,0.712637652992275
05,sedacao_moderada,15,0.5388828314474134,0.6979605028819323
05,sedacao_moderada,16,0.5332761874962526,0.6953001037259537
05,sedacao_moderada,17,0.5069299225576119,0.6861903237817442
05,sedacao_moderada,18,0.5600689992982602,0.714658130206762
05,sedacao_moderada,19,0.5415124963094622,0.7060882502210624
05,sedacao_moderada,20,0.5382378193114391,0.705100223415761
05,sedacao_moderada,21,0.5299022778619257,0.6956999399218413
05,sedacao_moderada,22,0.5302495920889887,0.694222928981495
05,sedacao_moderada,23,0.5413140310368548,0.7064224918578683
05,sedacao_moderada,24,0.5449856385800929,0.7054532486234567
05,sedacao_moderada,25,0.5492030256230014,0.7094483247378092
05,sedacao_moderada,26,0.5267764498183582,0.6978515012918692
05,sedacao_moderada,27,0.5673625980665843,0.7166507105999208
05,sedacao_moderada,28,0.542752904263259,0.7065101924140734
05,sedacao_moderada,29,0.5091626568744458,0.6940187311401551
05,sedacao_moderada,30,0.5252383439556504,0.6955475810643827
05,sedacao_moderada,31,0.5172997330513518,0.6882777721259293
05,sedacao_moderada,32,0.519433234731882,0.7001811017854082
05,sedacao_moderada,33,0.518688989959604,0.6911575011891654
05,sedacao_moderada,34,0.5372951092665537,0.7046269024426581
05,sedacao_moderada,35,0.5581339628903372,0.7150510000310394
05,sedacao_moderada,36,0.5544127390289475,0.7087820804510397
05,sedacao_moderada,37,0.5248414134104354,0.6955590664854933
05,sedacao_moderada,38,0.5246925644559798,0.6980391096008333
05,recuperacao,0,0.5197805489589451,0.7036561082584097
05,recuperacao,1,0.5250894950011948,0.7076307373625442
05,recuperacao,2,0.5296045799530146,0.7069614268366821
05,recuperacao,3,0.5188378389140597,0.7023761046134676
05,recuperacao,4,0.5163074066883145,0.6991449798016365
05,recuperacao,5,0.5036056292414369,0.694607566328271
05,recuperacao,6,0.4962127978368089,0.6937384053486574
05,recuperacao,7,0.4902588396585849,0.6888326050686754
05,recuperacao,8,0.49110231706716667,0.6921694848309315
05,recuperacao,9,0.49472430829225295,0.6932755140369843
05,recuperacao,10,0.4875299421602325,0.6891292040855389
05,recuperacao,11,0.5097084363741163,0.6984250119876555
05,recuperacao,12,0.5161585577338589,0.6970600291669264
05,recuperacao,13,0.5131815786447469,0.7043545772229625
05,recuperacao,14,0.5027125355147033,0.697796827665598
05,recuperacao,15,0.5111969259186724,0.6991173895876248
05,recuperacao,16,0.5144716029166955,0.7039711461213473
05,recuperacao,17,0.49308696979324135,0.6966778868308673
05,recuperacao,18,0.5096092037378127,0.6992159813218831
05,recuperacao,19,0.5195820836863376,0.7042850037642017
05,recuperacao,20,0.5204751774130714,0.7096957727321604
05,recuperacao,21,0.515761627188644,0.7058368921087641
05,recuperacao,22,0.523204074911424,0.7047068943973931
05,recuperacao,23,0.5256848908190171,0.7093095853342422
05,recuperacao,24,0.4996859401074395,0.6981286067390546
05,recuperacao,25,0.5212690385035011,0.7058738604654857
05,recuperacao,26,0.5275703109087881,0.7119511880203266
05,recuperacao,27,0.5002317196071101,0.6963511027349386
05,recuperacao,28,0.522062899593931,0.7103877492337001
05,recuperacao,29,0.49869361374440213,0.7048141896209723
05,recuperacao,30,0.5243948665470686,0.709123869218884
05,recuperacao,31,0.5166547209153776,0.7075570942689178
05,recuperacao,32,0.5080214815569529,0.7025571787068174
05,recuperacao,33,0.5049948861496891,0.7023772516036921
05,recuperacao,34,0.5475656871239899,0.7112111197108605
05,recuperacao,35,0.5103038321919388,0.7057565973339278
05,recuperacao,36,0.5164066393246183,0.7059039202450128
05,recuperacao,37,0.4974532057906056,0.6925440176893815
05,recuperacao,38,0.4961135652005052,0.6975547434909507
05,recuperacao,39,0.5211201895490455,0.7023321108293705
05,recuperacao,40,0.5250894950011948,0.7056155012903628
06,basal,0,0.4275934298327787,0.6951004972475229
06,basal,1,0.4290819193773346,0.6790117087652727
06,basal,2,0.42952846624070135,0.6663618881850477
06,basal,3,0.42436836915290727,0.658662316325352
06,basal,4,0.42322719383541446,0.6670272423016145
06,basal,5,0.42764304615093046,0.6633330718709163
06,basal,6,0.43181081687568723,0.6679876329221948
06,basal,7,0.4283376746050566,0.6694736183871063
06,basal,8,0.4140481749773193,0.6561231872490219
06,basal,9,0.42124254110933984,0.6654349317367502
06,basal,10,0.4100292532070182,0.6651551970620895
06,basal,11,0.41980366788293577,0.6689268076622056
06,basal,12,0.42441798547105924,0.6638863123349252
06,basal,13,0.4316123516030798,0.6669573055075664
06,basal,14,0.42461645074366666,0.6595541681425291
06,basal,15,0.4157847461126346,0.6689825415293351
06,basal,16,0.4384594035080373,0.6634970909837633
06,basal,17,0.44456221064071677,0.6680054702404535
06,basal,18,0.42421952019845177,0.6639830111392099
06,basal,19,0.4231775775172626,0.665544824101457
06,basal,20,0.43498626123740664,0.6683441550118305
06,basal,21,0.43999750937074517,0.6695135502681212
06,basal,22,0.4306696415581943,0.673111226518548
06,basal,23,0.4361274365548995,0.6761882594313716
06,basal,24,0.4112696611608149,0.6535301171247571
06,basal,25,0.42332642647171814,0.6610607533072401
06,basal,26,0.44828343450210667,0.68246661021433
06,basal,27,0.4265514871515895,0.6756188330985411
06,basal,28,0.43076887419449816,0.6737678219579423
06,basal,29,0.42034944738260627,0.6612728290004601
06,basal,30,0.4096819389799552,0.6551237535012034
06,basal,31,0.42099445951858044,0.6644556489781162
06,basal,32,0.43955096250737835,0.6738777986313044
06,basal,33,0.42263179801759204,0.6595042203326749
06,basal,34,0.4451576064585392,0.6718533165579763
06,basal,35,0.42213563483607336,0.6758311719570109
06,basal,36,0.4165289908849125,0.6565313606291586
06,basal,37,0.41236122016015603,0.660590976044015
06,basal,38,0.4100788695251701,0.6454723346291319
06,sedacao_leve,0,0.4849995099344872,0.6865488336841703
06,sedacao_leve,1,0.48207214716352725,0.6859175289974608
06,sedacao_leve,2,0.48013711075560445,0.6888296312670481
06,sedacao_leve,3,0.4582563144506317,0.675660727578618
06,sedacao_leve,4,0.45924864081366895,0.6782723140883253
06,sedacao_leve,5,0.4641606563107038,0.6895003404010969
06,sedacao_leve,6,0.47100770821566107,0.6833478729380768
06,sedacao_leve,7,0.4761678053034552,0.6828825350778442
06,sedacao_leve,8,0.4912511660216224,0.6884657358593989
06,sedacao_leve,9,0.47378622203216564,0.6790580768518473
06,sedacao_leve,10,0.48107982080048983,0.6872534167237755
06,sedacao_leve,11,0.4791944007107191,0.6856939357392495
06,sedacao_leve,12,0.4758204910763922,0.6855615934491309
06,sedacao_leve,13,0.48122866975494544,0.6830664567700926
06,sedacao_leve,14,0.4773089806209481,0.6829467686397823
06,sedacao_leve,15,0.48425526516220924,0.6858976101231042
06,sedacao_leve,16,0.4712061734882687,0.672049468026823
06,sedacao_leve,17,0.46559952953710787,0.670614031547674
06,sedacao_leve,18,0.4675841822631824,0.678206830745141
06,sedacao_leve,19,0.4743320015318362,0.6822201463602914
06,sedacao_leve,20,0.4798394128466933,0.6840776210173868
06,sedacao_leve,21,0.4754235605311771,0.6840107052727343
06,sedacao_leve,22,0.4700649981707758,0.6753264532899462
06,sedacao_leve,23,0.457760151269113,0.6713153079191843
06,sedacao_leve,24,0.4872818605694731,0.694708068795466
06,sedacao_leve,25,0.4749770136678104,0.6860805244117144
06,sedacao_leve,26,0.46912228812589024,0.6828186024740406
06,sedacao_leve,27,0.47904555175626334,0.6838060222411637
06,sedacao_leve,28,0.46912228812589035,0.6813562921830825
06,sedacao_leve,29,0.4701642308070794,0.6943618876663088
06,sedacao_leve,30,0.482915624572109,0.6904047013608086
06,sedacao_leve,31,0.46951921867110524,0.6844647482610952
06,sedacao_leve,32,0.4844041141166649,0.6888823290224241
06,sedacao_leve,33,0.479194400710719,0.6942810052978144
06,sedacao_leve,34,0.4578097675872649,0.6793554497019964
06,sedacao_leve,35,0.4713550224427242,0.686384193641426
06,sedacao_leve,36,0.4660460764004745,0.6973155405293872
06,sedacao_leve,37,0.47224811616945783,0.6932733101472727
06,sedacao_leve,38,0.4795913312559339,0.69896089857898
06,sedacao_leve,39,0.46609569271862655,0.6846434234949947
06,sedacao_moderada,0,0.45840516340508725,0.6762514368078
06,sedacao_moderada,1,0.4545350905892418,0.6811706041493322
06,sedacao_moderada,2,0.44009674200704874,0.6715100616861425
06,sedacao_moderada,3,0.4353335754644697,0.6842017060833557
06,sedacao_moderada,4,0.4423790926420346,0.6679387726704263
06,sedacao_moderada,5,0.44084098677932687,0.6695283871456242
06,sedacao_moderada,6,0.4119146732967891,0.6637035813158181
06,sedacao_moderada,7,0.42471568337997045,0.6755371679363882
06,sedacao_moderada,8,0.4502680872281811,0.6688145065516334
06,sedacao_moderada,9,0.40953309002549954,0.6613333183094932
06,sedacao_moderada,10,0.40268603812054204,0.6713437525988082
06,sedacao_moderada,11,0.43463894701034356,0.6750368601000725
06,sedacao_moderada,12,0.44406604745919814,0.6697593202822448
06,sedacao_moderada,13,0.3637868446894793,0.6745624028540953
06,sedacao_moderada,14,0.402338723893479,0.6740107807769405
06,sedacao_moderada,15,0.40640726198193194,0.6613147706446202
06,sedacao_moderada,16,0.43806247296282225,0.6751626876079476
06,sedacao_moderada,17,0.3901331096281201,0.6689161255471765
06,sedacao_moderada,18,0.39554128830667346,0.6709995341860333
06,sedacao_moderada,19,0.3844768493588074,0.6727041108222005
06,sedacao_moderada,20,0.43364662064730636,0.6677339254165687
06,sedacao_moderada,21,0.40799498416279173,0.6659399816853044
06,sedacao_moderada,22,0.42486453233442606,0.6704405155447419
06,sedacao_moderada,23,0.4284865235595123,0.681987706017965
06,sedacao_moderada,24,0.3984190347594816,0.6687672231604794
06,sedacao_moderada,25,0.40670495989084327,0.6616858026284087
06,sedacao_moderada,26,0.4253606955159447,0.6652052410679536
06,sedacao_moderada,27,0.44064252150671945,0.673294216575174
06,sedacao_moderada,28,0.3698896518221588,0.6764702118122508
06,sedacao_moderada,29,0.41811671306577225,0.6752069536959616
06,sedacao_moderada,30,0.39420164771657296,0.6697085304592103
06,sedacao_moderada,31,0.41459395447698977,0.675982803669573
06,sedacao_moderada,32,0.4167770724756719,0.6732244341251984
06,sedacao_moderada,33,0.40759805361757684,0.6573782523264796
06,sedacao_moderada,34,0.42640263819713375,0.6715033991530968
06,sedacao_moderada,35,0.40308296866575694,0.6659198883036866
06,sedacao_moderada,36,0.412658918069067,0.6741940913583336
06,sedacao_moderada,37,0.40134639753044166,0.6724770125693541
06,sedacao_moderada,38,0.38904155062877904,0.6717102597441067
06,sedacao_moderada,39,0.42025021474630253,0.6722416449945734
06,sedacao_moderada,40,0.422979112244655,0.6750738034077824
06,sedacao_moderada,41,0.40720112307236184,0.6678211192099782
06,recuperacao,0,0.48435449779851303,0.6959031732618132
06,recuperacao,1,0.47075962662490184,0.6936479514351512
06,recuperacao,2,0.46138214249419923,0.6857674624093351
06,recuperacao,3,0.45126041359121855,0.6726815532454473
06,recuperacao,4,0.464756052128526,0.6880992490884238
06,recuperacao,5,0.4633171789021218,0.6837263746844015
06,recuperacao,6,0.47145425507902805,0.6933769581401951
06,recuperacao,7,0.44897806295623277,0.6767186829596055
06,recuperacao,8,0.47090847557935733,0.685057591679658
06,recuperacao,9,0.4455049206856021,0.6750428190496043
06,recuperacao,10,0.457760151269113,0.6815506333404442
06,recuperacao,11,0.4601913508585544,0.679894493536766
06,recuperacao,12,0.4688245902169791,0.6935549044431967
06,recuperacao,13,0.47800360907507417,0.6923191623682897
06,recuperacao,14,0.469221520762194,0.6835295283777386
06,recuperacao,15,0.4440164311410461,0.6668942022709421
06,recuperacao,16,0.46733610067242315,0.690638900190706
06,recuperacao,17,0.4656491458552596,0.6897911946304193
06,recuperacao,18,0.47373660571401377,0.6915583393801042
06,recuperacao,19,0.4690726718077385,0.6857340421006527
06,recuperacao,20,0.45245120522686344,0.6751226969715393
06,recuperacao,21,0.4461499328215764,0.6716582121409257
06,recuperacao,22,0.44044405623411176,0.6670344643774921
06,recuperacao,23,0.43895556668955593,0.6641101022303852
06,recuperacao,24,0.4471422591846138,0.6723736171692716
06,recuperacao,25,0.4428752558235533,0.6863558470537025
06,recuperacao,26,0.46048904876746555,0.6770086996677088
06,recuperacao,27,0.4510619483186112,0.6744862583318842
06,recuperacao,28,0.434093167510673,0.6626925848667086
06,recuperacao,29,0.44456221064071677,0.6720592039932817
06,recuperacao,30,0.4371197629179369,0.6715957262018488
06,recuperacao,31,0.45458470690739367,0.6672981550934431
06,recuperacao,32,0.4784997722565928,0.6935266553309541
06,recuperacao,33,0.46381334208364067,0.6838053532444249
06,recuperacao,34,0.4428256395054014,0.6798195579855337
06,recuperacao,35,0.447787271320588,0.6729875124886884
06,recuperacao,36,0.4420317784149716,0.6731327408787209
06,recuperacao,37,0.46277139940245143,0.676053029935119
06,recuperacao,38,0.47314120989619146,0.6856328928891509
06,recuperacao,39,0.46222561990278094,0.6838829185003251
07,basal,0,0.4261545566063745,0.7082766430651901
07,basal,1,0.4572639880875944,0.7305813424937417
07,basal,2,0.43711976291793697,0.7322853212422579
07,basal,3,0.42173870429085847,0.7327547995248612
07,basal,4,0.40700265779975425,0.7293010099633076
07,basal,5,0.39578936989743274,0.7294964161213477
07,basal,6,0.41464357079514175,0.7141474796959824
07,basal,7,0.38462569831326304,0.7317910391647464
07,basal,8,0.39613668412449576,0.7114268526603731
07,basal,9,0.3726681656386633,0.7222928776854978
07,basal,10,0.38859500376541223,0.7194911751335439
07,basal,11,0.34994389192510883,0.7173653760580772
07,basal,12,0.3467684475633894,0.7108879573803483
07,basal,13,0.3743551204558267,0.7160837992291936
07,basal,14,0.3407648730670137,0.6961166155712167
07,basal,15,0.33416590275281555,0.6903104687476643
07,basal,16,0.3487034839713122,0.6762922907817371
07,basal,17,0.3489515655620716,0.6703344169985652
07,basal,18,0.3457761212003521,0.6847712743764657
07,basal,19,0.3544093605587767,0.681245762624202
07,basal,20,0.3404671751581025,0.6815002908425556
07,basal,21,0.3305439115277294,0.705066569554654
07,basal,22,0.333272809026082,0.693770744129084
07,basal,23,0.35480629110399164,0.6720140072491364
07,basal,24,0.3282119445745917,0.6888152919307712
07,basal,25,0.32265491694158266,0.6973984596046802
07,basal,26,0.3593709923739633,0.6656488382239232
07,sedacao_leve,0,0.3898850280373606,0.6642212797803715
07,sedacao_leve,1,0.388297305856501,0.666662347186818
07,sedacao_leve,2,0.37822519327167226,0.6595777630734194
07,sedacao_leve,3,0.35872598023798913,0.6681822939980742
07,sedacao_leve,4,0.35922214341950776,0.6551296042623161
07,sedacao_leve,5,0.3732139451383337,0.6522452927700466
07,sedacao_leve,6,0.363191448871657,0.6799036020608789
07,sedacao_leve,7,0.3513331488333611,0.6556537410541569
07,sedacao_leve,8,0.3765878547726607,0.6607309075191148
07,sedacao_leve,9,0.3411121872940767,0.668759412548043
07,sedacao_leve,10,0.35579861746702895,0.6599634971536534
07,sedacao_leve,11,0.343245688974607,0.6626307493810197
07,sedacao_leve,12,0.3553520706036622,0.666365496524756
07,sedacao_leve,13,0.35029120615217185,0.6561508083788823
07,sedacao_leve,14,0.33014698098251444,0.6633982654548933
07,sedacao_leve,15,0.32473880230396107,0.6568350112987763
07,sedacao_leve,16,0.338432906113876,0.6458618913053228
07,sedacao_leve,17,0.3511346835607536,0.6580734285616273
07,sedacao_leve,18,0.3217122068966973,0.6497786151663683
07,sedacao_leve,19,0.30434649554354426,0.6622249356167023
07,sedacao_leve,20,0.34468456220101107,0.6540988151061135
07,sedacao_leve,21,0.2951178603672972,0.6652984117940474
07,sedacao_leve,22,0.2885188900530991,0.6602678869842592
07,sedacao_leve,23,0.24847852130454343,0.6565517475757537
07,sedacao_leve,24,0.28777464528082103,0.6490735843601302
07,sedacao_leve,25,0.27819869587751106,0.6567630534004716
07,sedacao_leve,26,0.283011478738242,0.6482839471043667
07,sedacao_leve,27,0.2696646891553901,0.6521344761749265
07,sedacao_leve,28,0.2592452623434983,0.6450889887746944
07,sedacao_leve,29,0.2627680209322808,0.6428401237484669
07,sedacao_moderada,0,0.5107007627371538,0.6979801704698947
07,sedacao_moderada,1,0.48867111747772546,0.6943411607564687
07,sedacao_moderada,2,0.49943785851668027,0.6915297867770805
07,sedacao_moderada,3,0.49308696979324135,0.6939577013620362
07,sedacao_moderada,4,0.46991614921632013,0.6915676344638616
07,sedacao_moderada,5,0.46540106426450034,0.6746392542046935
07,sedacao_moderada,6,0.468080345444701,0.6854870432080075
07,sedacao_moderada,7,0.46822919439915667,0.6753962046983144
07,sedacao_moderada,8,0.4605386650856175,0.6669628184419006
07,sedacao_moderada,9,0.43582973864598834,0.6763241811880077
07,sedacao_moderada,10,0.4522031236361039,0.6714648477481292
07,sedacao_moderada,11,0.41776939883870917,0.6544333699139528
07,sedacao_moderada,12,0.4037279808017312,0.6552517074288857
07,sedacao_moderada,13,0.4327039106024208,0.6636771857141782
07,sedacao_moderada,14,0.4214410063819473,0.6575395036497957
07,sedacao_moderada,15,0.39524359039776213,0.660957029977864
07,sedacao_moderada,16,0.41747170092979796,0.6654345502221886
07,sedacao_moderada,17,0.37579399368223093,0.6518022174560144
07,sedacao_moderada,18,0.40228910757532715,0.6502343879008535
07,sedacao_moderada,19,0.40050292012186,0.6584888836447241
07,sedacao_moderada,20,0.35842828232907786,0.6575278490336879
07,sedacao_moderada,21,0.3625960530538346,0.6637948266495919
07,sedacao_moderada,22,0.36319144887165705,0.6476248659946727
07,sedacao_moderada,23,0.42451721810736304,0.6675061571629141
07,sedacao_moderada,24,0.38507224517662975,0.6543646512493054
07,sedacao_moderada,25,0.3778282627264573,0.6576309148654672
07,sedacao_moderada,26,0.35088660196999427,0.6454947596634064
07,sedacao_moderada,27,0.36964157023139943,0.6555942687595326
07,sedacao_moderada,28,0.3397229303858245,0.6543195302668785
07,sedacao_moderada,29,0.32602882657590965,0.6424100540379468
07,sedacao_moderada,30,0.304445728179848,0.6432913731522684
07,recuperacao,0,0.44227986000573094,0.6867718581734268
07,recuperacao,1,0.42283026329019957,0.6734314710884726
07,recuperacao,2,0.42377297333508496,0.683950337470001
07,recuperacao,3,0.4273949645601712,0.6875720588968987
07,recuperacao,4,0.44872998136547343,0.6991627567181005
07,recuperacao,5,0.4229294959265033,0.6699939849339187
07,recuperacao,6,0.4874803258420805,0.7242383515168441
07,recuperacao,7,0.4533442989535969,0.7018952879715411
07,recuperacao,8,0.4335970043291544,0.6860695968920821
07,recuperacao,9,0.4040256787106423,0.6644513048532388
07,recuperacao,10,0.42342565910802193,0.672057974199
07,recuperacao,11,0.399758675349582,0.7067720374897453
07,recuperacao,12,0.43503587755555856,0.7044655659469155
07,recuperacao,13,0.4565693596334683,0.7181516257477005
07,recuperacao,14,0.4528481357720783,0.730431037844895
07,recuperacao,15,0.4254103118340966,0.6764271913856015
07,recuperacao,16,0.4217387042908585,0.6745144036108333
07,recuperacao,17,0.44158523155160473,0.6911836592825124
07,recuperacao,18,0.4457530022763615,0.7027916791642741
07,recuperacao,19,0.4338450859199138,0.6923212708741547
07,recuperacao,20,0.4400967420070488,0.721774356061364
07,recuperacao,21,0.43602820391859576,0.7009856977269552
07,recuperacao,22,0.39479704353439554,0.7260658661924986
07,recuperacao,23,0.42640263819713387,0.7298020758310284
07,recuperacao,24,0.41186505697863723,0.7137000502813099
07,recuperacao,25,0.40119754857598616,0.6718742630252414
07,recuperacao,26,0.43280314323872454,0.7372347560476143
07,recuperacao,27,0.4427264068690977,0.6968030948773901
07,recuperacao,28,0.4020906423027196,0.6740276927879433
07,recuperacao,29,0.43161235160307987,0.6905796746712717
07,recuperacao,30,0.44957345877405513,0.715639787329735
07,recuperacao,31,0.4263034055608302,0.7110166744714389
07,recuperacao,32,0.39717862680568505,0.7427913278357837
07,recuperacao,33,0.42803997669614546,0.7272269351459592
07,recuperacao,34,0.39812133685057033,0.7222199302670055
07,recuperacao,35,0.410475800070385,0.7088502182979708
07,recuperacao,36,0.46029058349485813,0.7117360051454947
07,recuperacao,37,0.42630340556083013,0.7328193681948894
07,recuperacao,38,0.44446297800441303,0.7024763263437578
07,recuperacao,39,0.40333105025651633,0.6689504582183337
07,recuperacao,40,0.41588397874893834,0.6888912983386937
07,recuperacao,41,0.4341924001469768,0.6835199153686444
07,recuperacao,42,0.40268603812054216,0.7385136532138997
08,basal,0,0.5193340020955785,0.7258455872979475
08,basal,1,0.516853186187985,0.7295022524811247
08,basal,2,0.4878772563872954,0.7282874175314576
08,basal,3,0.5097580526922684,0.7241811570583564
08,basal,4,0.48604145261567655,0.7340721176373158
08,basal,5,0.49665934470017575,0.7077429092653945
08,basal,6,0.4995370911529839,0.7101684516479919
08,basal,7,0.4855949057523096,0.6978788971160562
08,basal,8,0.5030102334236146,0.7127306321005121
08,basal,9,0.499189776925921,0.715536711418103
08,basal,10,0.5057887472401191,0.7269468521475013
08,basal,11,0.5083191794658641,0.7232413797945914
08,basal,12,0.4982966831991873,0.7146397269757149
08,basal,13,0.4924915739754191,0.7087527401564108
08,basal,14,0.4889191990684847,0.7235795597485359
08,basal,15,0.5048460371952335,0.7197916394105307
08,basal,16,0.4770608990301889,0.7024447372856937
08,basal,17,0.4901596070222813,0.7071114429568194
08,basal,18,0.47502662998596235,0.7045607893956864
08,basal,19,0.48901843170478837,0.7083144242295457
08,basal,20,0.4836102530262351,0.7152008628053304
08,basal,21,0.49313658611139327,0.7153605933346029
08,basal,22,0.47482816471335487,0.7143852402163451
08,basal,23,0.49090385179455936,0.6979255355174118
08,basal,24,0.4613821424941992,0.6966147202153333
08,basal,25,0.4822209961179829,0.7002755270206064
08,basal,26,0.4772097479846443,0.7080855643219318
08,basal,27,0.5013232786064512,0.7086709165333218
08,basal,28,0.48628953420643584,0.7041319719436575
08,basal,29,0.5114450075094318,0.715006396530526
08,basal,30,0.4655995295371077,0.7257295581987333
08,basal,31,0.48802610534175106,0.6975010575676727
08,basal,32,0.473339675168799,0.6852258975924015
08,basal,33,0.4818240655727679,0.6940270327648269
08,basal,34,0.48594221997937276,0.7065112614877727
08,basal,35,0.4753739442130254,0.7137057309621054
08,basal,36,0.5037048618777407,0.7031458963813988
08,sedacao_leve,0,0.5019186744242735,0.7006264851837679
08,sedacao_leve,1,0.5303984410434444,0.7081772045769194
08,sedacao_leve,2,0.5043002576955631,0.6911332091505507
08,sedacao_leve,3,0.5077733999661935,0.6969498297338045
08,sedacao_leve,4,0.5114946238275836,0.6982720059507455
08,sedacao_leve,5,0.502811768151007,0.689664143995141
08,sedacao_leve,6,0.4969074262909351,0.6871597947846135
08,sedacao_leve,7,0.4922931087028115,0.6939776983639839
08,sedacao_leve,8,0.5087161100110791,0.6943716280168007
08,sedacao_leve,9,0.502464453923944,0.7086422273613978
08,sedacao_leve,10,0.5138762070988732,0.7030320136257487
08,sedacao_leve,11,0.48733147688762485,0.7034974691120346
08,sedacao_leve,12,0.5137273581444175,0.6953317491879724
08,sedacao_leve,13,0.5107007627371537,0.695442447049738
08,sedacao_leve,14,0.5145212192348474,0.7156450250505806
08,sedacao_leve,15,0.5130327296902913,0.6940936694444608
08,sedacao_leve,16,0.5010751970156918,0.7043378192017985
08,sedacao_leve,17,0.5087657263292309,0.7273221399568024
08,sedacao_leve,18,0.5018690581061216,0.7114351029615569
08,sedacao_leve,19,0.4506154014552443,0.7250244620100484
08,sedacao_leve,20,0.46192792199386973,0.7282379033578558
08,sedacao_leve,21,0.47656473584867004,0.7037054119563688
08,sedacao_leve,22,0.4723969651239134,0.7239305994595009
08,sedacao_leve,23,0.4818240655727679,0.7074349532428537
08,sedacao_leve,24,0.4725954303965208,0.7104822623313607
08,sedacao_leve,25,0.45408854372587487,0.7093752306817854
08,sedacao_leve,26,0.45671820858792384,0.6981875007446762
08,sedacao_leve,27,0.4506650177733963,0.6968679746473726
08,sedacao_leve,28,0.43682206500902565,0.697333158946368
08,sedacao_leve,29,0.4455049206856022,0.6803562774773809
08,sedacao_leve,30,0.45949672240442835,0.6912119540969694
08,sedacao_leve,31,0.4349862612374067,0.6927890099840329
08,sedacao_leve,32,0.43066964155819426,0.6725469260041599
08,sedacao_leve,33,0.44684456127570255,0.6625085068192156
08,sedacao_leve,34,0.4794424823014784,0.7108247498625039
08,sedacao_leve,35,0.4360778202367476,0.6970292295757471
08,sedacao_leve,36,0.4540389274077231,0.6833582600883181
08,sedacao_leve,37,0.43444048173773614,0.6613699562766276
08,sedacao_leve,38,0.4186624925654429,0.6674843081534478
08,sedacao_moderada,0,0.5073764694209788,0.6901218645199569
08,sedacao_moderada,1,0.5133800439173545,0.6966447171668056
08,sedacao_moderada,2,0.5173989656876555,0.6960738448297298
08,sedacao_moderada,3,0.48926651329554777,0.6820139862969036
08,sedacao_moderada,4,0.49735397315430185,0.6862904585688905
08,sedacao_moderada,5,0.5012240459701474,0.6989710864076893
08,sedacao_moderada,6,0.4914000149760779,0.6852268181217319
08,sedacao_moderada,7,0.460687514040073,0.6675017142204084
08,sedacao_moderada,8,0.46411103999255177,0.6685487570390257
08,sedacao_moderada,9,0.46128290985789533,0.6738778076104605
08,sedacao_moderada,10,0.4512107972730667,0.6588439056980824
08,sedacao_moderada,11,0.4018425607119604,0.6564526013680374
08,sedacao_moderada,12,0.49794936897212433,0.6930579682120119
08,sedacao_moderada,13,0.4815759839820085,0.678830975014571
08,sedacao_moderada,14,0.4678322638539417,0.6729121733703427
08,sedacao_moderada,15,0.41876172520174665,0.6479476664545712
08,sedacao_moderada,16,0.42049829633706187,0.6582999423395718
08,sedacao_moderada,17,0.43354738801100257,0.6605909256645303
08,sedacao_moderada,18,0.42967731519515695,0.6438355295988993
08,sedacao_moderada,19,0.39569013726112906,0.6387581440804883
08,sedacao_moderada,20,0.4200021331555432,0.6615085306658034
08,sedacao_moderada,21,0.4368716813271775,0.660306150342425
08,sedacao_moderada,22,0.4467949449575506,0.6630264109594172
08,sedacao_moderada,23,0.4120635222512447,0.6585906347367605
08,sedacao_moderada,24,0.45661897595162004,0.6678235386809879
08,sedacao_moderada,25,0.4442645127318055,0.6545405253666018
08,sedacao_moderada,26,0.3882476895383491,0.6439995866036468
08,sedacao_moderada,27,0.4356808896915327,0.6645126739278027
08,sedacao_moderada,28,0.46019135085855445,0.672230148979239
08,sedacao_moderada,29,0.45324506631729333,0.6612388006447228
08,sedacao_moderada,30,0.4376159260994556,0.6629324565390848
08,sedacao_moderada,31,0.4892168969773959,0.7068324721712363
08,sedacao_moderada,32,0.45532895167967163,0.6697703517278206
08,sedacao_moderada,33,0.4396005788255301,0.6547461090902851
08,sedacao_moderada,34,0.4476880386842842,0.6665749874870082
08,sedacao_moderada,35,0.4519054257271929,0.66423852165348
08,recuperacao,0,0.5322342448150633,0.7226590729786545
08,recuperacao,1,0.5065826083305489,0.7060163377344865
08,recuperacao,2,0.49383121456551937,0.7082956385231637
08,recuperacao,3,0.49110231706716667,0.7053037596602003
08,recuperacao,4,0.4963120304731127,0.7034988213553249
08,recuperacao,5,0.4956174020189865,0.6965218398501093
08,recuperacao,6,0.4933350513840006,0.7130378846850064
08,recuperacao,7,0.4759693400308476,0.6918194357945137
08,recuperacao,8,0.4726450467146727,0.6923638002866017
08,recuperacao,9,0.4671376353998156,0.6905528526034993
08,recuperacao,10,0.5093115058289016,0.7024466887110147
08,recuperacao,11,0.4749770136678104,0.7015674344942986
08,recuperacao,12,0.49343428402030454,0.6964874098093992
08,recuperacao,13,0.48455296307112045,0.701575144239371
08,recuperacao,14,0.5032086986962221,0.7022681556565933
08,recuperacao,15,0.49899131165331345,0.7006814353576198
08,recuperacao,16,0.4818736818909197,0.6926461347673684
08,recuperacao,17,0.4977509036995168,0.7023095263786353
08,recuperacao,18,0.48192329820907154,0.6996506885157304
08,recuperacao,19,0.49090385179455936,0.7010345119020825
08,recuperacao,20,0.5118915543727985,0.7174161432026639
08,recuperacao,21,0.49735397315430185,0.7034788658684492
08,recuperacao,22,0.48946497856815524,0.7042488167200847
08,recuperacao,23,0.4787974701655042,0.6977403971540698
08,recuperacao,24,0.4819729145272235,0.6980140286411486
08,recuperacao,25,0.49070538652195184,0.6980112904951926
08,recuperacao,26,0.512090019645406,0.7074744815468808
08,recuperacao,27,0.49660972838202383,0.7023120269821642
08,recuperacao,28,0.49293812083878585,0.6980214816437826
08,recuperacao,29,0.5005790338341731,0.7031983178117238
08,recuperacao,30,0.5063345267397895,0.7132975839016898
08,recuperacao,31,0.5160097087794034,0.7158268708002804
08,recuperacao,32,0.48807572165990293,0.7021344990639514
08,recuperacao,33,0.48088135552788247,0.7047434281861078
08,recuperacao,34,0.49254119029357096,0.7111633560425944
08,recuperacao,35,0.509509971101509,0.7067292271934248
08,recuperacao,36,0.48847265220511793,0.6962470274301662
08,recuperacao,37,0.49636164679126443,0.7078537769508848
08,recuperacao,38,0.5014225112427549,0.712716463249207
08,recuperacao,39,0.4935335166566081,0.7102185273050814
09,basal,0,0.4076972862538806,0.656129268577879
09,basal,1,0.38556840835814843,0.6506064532728234
09,basal,2,0.41161697538787795,0.6664658291051637
09,basal,3,0.4039760623924906,0.6553913721689034
09,basal,4,0.40075100171261924,0.6637450094742383
09,basal,5,0.41449472184068603,0.6663059403158117
09,basal,6,0.425658393424856,0.676265051447452
09,basal,7,0.4063080293456284,0.6653659811363879
09,basal,8,0.4060103314367171,0.6629816274094524
09,basal,9,0.41161697538787795,0.6629307980567253
09,basal,10,0.40670495989084315,0.6541705370891763
09,basal,11,0.402338723893479,0.6517733902910646
09,basal,12,0.41260930175091526,0.6628133532642395
09,basal,13,0.4134031628413451,0.6622786438107806
09,basal,14,0.4261049402882226,0.6740970991709879
09,basal,15,0.41017810216147377,0.6577135108780722
09,basal,16,0.41548704820372345,0.6630665667451463
09,basal,17,0.42729573192386744,0.6707023768435514
09,basal,18,0.4155862808400272,0.6635438176713363
09,basal,19,0.4194563536558727,0.6724562676653981
09,basal,20,0.4044226092558574,0.6610091613126194
09,basal,21,0.4176701662024055,0.6663373686667157
09,basal,22,0.39817095316872236,0.6573791322965877
09,basal,23,0.41752131724794994,0.665684445271895
09,basal,24,0.41811671306577225,0.6726510751720983
09,basal,25,0.4195555862921763,0.6758517081713031
09,basal,26,0.4105254163885369,0.6640355045106857
09,basal,27,0.43429163278328037,0.676514082453151
09,basal,28,0.4038768297561869,0.6532439340175414
09,basal,29,0.4100292532070182,0.6616248486677989
09,basal,30,0.42769266246908233,0.6707520589797612
09,basal,31,0.4174717009297981,0.6807202653792769
09,basal,32,0.4166778398393682,0.6768179079541553
09,basal,33,0.426005707651919,0.6786810149381536
09,basal,34,0.42803997669614546,0.7007833868273863
09,basal,35,0.4454056880492985,0.6876468979766358
09,basal,36,0.4073003557086657,0.6529617960229005
09,basal,37,0.41910903942880956,0.6706603633287317
09,basal,38,0.42357450806247743,0.6903866083813576
09,basal,39,0.43002462942222014,0.6701544149109707
09,basal,40,0.4207959942459731,0.6877781683062483
09,sedacao_leve,0,0.46048904876746555,0.6881809290516453
09,sedacao_leve,1,0.4451576064585392,0.683572223472348
09,sedacao_leve,2,0.4463483980941839,0.683758542358209
09,sedacao_leve,3,0.4481842018658029,0.6808747714725437
09,sedacao_leve,4,0.4687253575806753,0.6867273285507925
09,sedacao_leve,5,0.4504665525007888,0.6832021818154956
09,sedacao_leve,6,0.45944710608627637,0.6849692345373273
09,sedacao_leve,7,0.4649545174011336,0.6849370247755553
09,sedacao_leve,8,0.45111156463676294,0.6850723038723321
09,sedacao_leve,9,0.4623248525390848,0.682776152544972
09,sedacao_leve,10,0.46981691658001634,0.6868353712945879
09,sedacao_leve,11,0.4486307487291698,0.6785443734570688
09,sedacao_leve,12,0.44887883031992903,0.6786152607208848
09,sedacao_leve,13,0.4514588788638261,0.6789267204972158
09,sedacao_leve,14,0.4455545370037541,0.6834809841208629
09,sedacao_leve,15,0.45860362867769466,0.6822685135883536
09,sedacao_leve,16,0.44872998136547354,0.6815349541989804
09,sedacao_leve,17,0.458901326586606,0.6872299025736377
09,sedacao_leve,18,0.4635652604928814,0.6824642677845808
09,sedacao_leve,19,0.471454255079028,0.688349338665946
09,sedacao_leve,20,0.4483330508202586,0.6764453235067455
09,sedacao_leve,21,0.466244541673082,0.6845082840547173
09,sedacao_leve,22,0.4612332935397436,0.6858552886159894
09,sedacao_leve,23,0.45909979185921335,0.6879240763462688
09,sedacao_leve,24,0.4703626960796869,0.6876844054170049
09,sedacao_leve,25,0.4557754985430384,0.6774752254157902
09,sedacao_leve,26,0.4696184513074088,0.6870531862599655
09,sedacao_leve,27,0.46118367722159176,0.6854026671975147
09,sedacao_leve,28,0.46971768394371255,0.6905509760103327
09,sedacao_leve,29,0.45577549854303834,0.6812671888072099
09,sedacao_leve,30,0.4552793353615199,0.6792763612607214
09,sedacao_leve,31,0.449623075092207,0.6784139656323214
09,sedacao_leve,32,0.465152982673741,0.6891107748609037
09,sedacao_leve,33,0.4592982571318208,0.6873218219050999
09,sedacao_leve,34,0.4487795976836253,0.6759575318276042
09,sedacao_leve,35,0.4705611613522943,0.6865645291342574
09,sedacao_leve,36,0.4893161296136996,0.6921490442972938
09,sedacao_leve,37,0.4520542746816484,0.6804624983499162
09,sedacao_leve,38,0.471057324533813,0.6860143026567666
09,sedacao_leve,39,0.4565197433153165,0.6851106732302363
09,sedacao_leve,40,0.47254581407836904,0.6902768231088952
09,sedacao_leve,41,0.4584051634050873,0.6812561967206103
09,sedacao_moderada,0,0.5160097087794033,0.6990656598658712
09,sedacao_moderada,1,0.5146204518711511,0.6954303470126056
09,sedacao_moderada,2,0.5109488443279131,0.6979973964301853
09,sedacao_moderada,3,0.4912015497034705,0.6896874734649892
09,sedacao_moderada,4,0.5089145752836866,0.6940041382179662
09,sedacao_moderada,5,0.49948747483483197,0.6904589794117769
09,sedacao_moderada,6,0.4960143325642014,0.6888227937489994
09,sedacao_moderada,7,0.491747329203141,0.6896190118146336
09,sedacao_moderada,8,0.5016209765153623,0.6938135410301569
09,sedacao_moderada,9,0.4873810932057769,0.6857431023219227
09,sedacao_moderada,10,0.4933350513840007,0.6881969660975104
09,sedacao_moderada,11,0.5063345267397895,0.6954954767462973
09,sedacao_moderada,12,0.5099565179648757,0.6923267603960761
09,sedacao_moderada,13,0.504300257695563,0.6954522837116177
09,sedacao_moderada,14,0.49814783424473164,0.6907756591059262
09,sedacao_moderada,15,0.4950220062011641,0.692401640027836
09,sedacao_moderada,16,0.5196317000044895,0.699308910801867
09,sedacao_moderada,17,0.5330281059054933,0.7100301248324571
09,sedacao_moderada,18,0.5221125159120829,0.7078854179624081
09,sedacao_moderada,19,0.5118915543727985,0.7016715761662622
09,sedacao_moderada,20,0.5160097087794033,0.6951247925212548
09,sedacao_moderada,21,0.5109984606460649,0.6928775115033081
09,sedacao_moderada,22,0.5100061342830274,0.6989269853735701
09,sedacao_moderada,23,0.5143723702803917,0.6941610800091506
09,sedacao_moderada,24,0.49859438110809845,0.6936028218756688
09,sedacao_moderada,25,0.49923939324407274,0.6929692317534972
09,sedacao_moderada,26,0.49998363801635065,0.6899088784261878
09,sedacao_moderada,27,0.5070291551939157,0.6985411079203688
09,sedacao_moderada,28,0.5086664936929273,0.6940574550743663
09,sedacao_moderada,29,0.5089145752836866,0.6929916467559644
09,sedacao_moderada,30,0.5097580526922681,0.6940067780351709
09,sedacao_moderada,31,0.51352889287181,0.7011351835544546
09,sedacao_moderada,32,0.5137273581444176,0.701361606529067
09,sedacao_moderada,33,0.5143227539622397,0.7052163658472955
09,sedacao_moderada,34,0.4989416953351614,0.6975627793039516
09,sedacao_moderada,35,0.489167280659244,0.7056588527478105
09,sedacao_moderada,36,0.5118419380546466,0.7070996180019887
09,sedacao_moderada,37,0.49730435683614993,0.6930553738242137
09,sedacao_moderada,38,0.5074260857391305,0.6930443427926626
09,sedacao_moderada,39,0.5069299225576119,0.705760280670434
09,sedacao_moderada,40,0.5029110007873108,0.6900389488687197
09,recuperacao,0,0.44659647968494326,0.6817559758894558
09,recuperacao,1,0.41737246829349434,0.6698516378926758
09,recuperacao,2,0.42674995242419694,0.6743530227193537
09,recuperacao,3,0.44490952486777985,0.6828716670890992
09,recuperacao,4,0.43156273528492795,0.6723514775624451
09,recuperacao,5,0.43116580473971305,0.683198812432522
09,recuperacao,6,0.4340931675106732,0.6744173908160366
09,recuperacao,7,0.44198216209681973,0.6774724772348183
09,recuperacao,8,0.441882929460516,0.6852247225697987
09,recuperacao,9,0.4371197629179368,0.6757383193238622
09,recuperacao,10,0.4451079901403873,0.6844294230766967
09,recuperacao,11,0.445207222776691,0.6826760567440254
09,recuperacao,12,0.41563589715817906,0.6600277765937502
09,recuperacao,13,0.4172236193390387,0.6676753256282356
09,recuperacao,14,0.4053653193007429,0.6576990466424922
09,recuperacao,15,0.40739958834496937,0.6605971315945429
09,recuperacao,16,0.42526146287964095,0.6734481333859657
09,recuperacao,17,0.4111704285245111,0.6611524594727469
09,recuperacao,18,0.4276926624690825,0.6738940889210311
09,recuperacao,19,0.4063576456637802,0.6652379944241351
09,recuperacao,20,0.4178190151568611,0.6711411171102967
09,recuperacao,21,0.41538781556741966,0.6668204120914947
09,recuperacao,22,0.4334481553746987,0.6839711085885454
09,recuperacao,23,0.4434706516413757,0.6820386454657151
09,recuperacao,24,0.45150849518197794,0.6896700759568591
09,recuperacao,25,0.4302727110129794,0.6835649154553378
09,recuperacao,26,0.4169259214301274,0.666857392926376
09,recuperacao,27,0.4256087771067041,0.6764363859594915
09,recuperacao,28,0.41613206033969763,0.672548037252856
09,recuperacao,29,0.412311603842004,0.672774619043364
09,recuperacao,30,0.4262041729245264,0.672125845234143
09,recuperacao,31,0.44044405623411187,0.6901542156331908
09,recuperacao,32,0.43225736373905405,0.7148689479509762
09,recuperacao,33,0.4402455909615045,0.7113574826822514
09,recuperacao,34,0.46857650862621963,0.6867425603299598
09,recuperacao,35,0.4369212976453294,0.6714182566102428
09,recuperacao,36,0.42059752897336555,0.6663033076329106
09,recuperacao,37,0.4092850084347402,0.6670050984235149
09,recuperacao,38,0.4244179854710593,0.6884509010167267
09,recuperacao,39,0.43151311896677597,0.6693715283144143
09,recuperacao,40,0.4478865039568918,0.6772001720947249
09,recuperacao,41,0.445604153321906,0.6897138264768018
10,basal,0,0.42511261392518546,0.712781451388328
10,basal,1,0.352474324150854,0.7292935777373732
10,basal,2,0.35192854465118345,0.7138092283771015
10,basal,3,0.3662676605970726,0.7325030441553609
10,basal,4,0.3166017261270551,0.7120185075331795
10,basal,5,0.3575351886023443,0.7216406013148927
10,basal,6,0.3160559466273845,0.7136532237777725
10,basal,7,0.3002779574550913,0.7026630281712463
10,basal,8,0.3192810073072559,0.7121805697991579
10,basal,9,0.334364368025423,0.7066545696175294
10,basal,10,0.3113423964029573,0.6897661208016113
10,basal,11,0.30216337754486217,0.6772483984902732
10,basal,12,0.29144625282405917,0.6858763490628844
10,basal,13,0.2913966365059073,0.6598151355188543
10,basal,14,0.2934309055501338,0.6555204841252917
10,basal,15,0.3266738387118838,0.6783187514608497
10,basal,16,0.29601095409403083,0.6906118553065488
10,basal,17,0.28177107078444535,0.6743631228365642
10,basal,18,0.2958621051395752,0.6626198648933826
10,basal,19,0.29224011391448895,0.6686648644522697
10,basal,20,0.4331504574657877,0.6758203926523472
10,basal,21,0.42674995242419694,0.6948937846761531
10,basal,22,0.41310546493243383,0.7363889651023575
10,basal,23,0.35842828232907786,0.7260014897817944
10,basal,24,0.3491004145165271,0.7150883872643697
10,basal,25,0.3917208318089798,0.6608628061830585
10,basal,26,0.3937551008532062,0.7025777287820438
10,basal,27,0.3512835325152093,0.7340596214681753
10,basal,28,0.3091592784042752,0.7276885821287723
10,basal,29,0.3423029789297215,0.6834536862086339
10,basal,30,0.37901905436210215,0.7108630046319663
10,basal,31,0.32751731612046553,0.7112993201996719
10,basal,32,0.33267741320825955,0.7208001458278441
10,sedacao_leve,0,0.43667321605457005,0.7516279695844675
10,sedacao_leve,1,0.39856788371393714,0.704596932850861
10,sedacao_leve,2,0.36750806855086915,0.703581561335456
10,sedacao_leve,3,0.3477111576082748,0.6712900832432598
10,sedacao_leve,4,0.33838328979572413,0.6710388438200199
10,sedacao_leve,5,0.35029120615217185,0.6699942566190497
10,sedacao_leve,6,0.35659247855745885,0.6880324158260592
10,sedacao_leve,7,0.3597183066010263,0.6806100045710889
10,sedacao_leve,8,0.3671607543238063,0.6706810322749243
10,sedacao_leve,9,0.32493726757656843,0.6684352626975993
10,sedacao_leve,10,0.32533419812178344,0.6662280694275621
10,sedacao_leve,11,0.3113423964029573,0.6826679613549524
10,sedacao_leve,12,0.3087623478590603,0.6801158274601015
10,sedacao_leve,13,0.30509074031582223,0.6980253477171802
10,sedacao_leve,14,0.3065792298603782,0.6686050864603821
10,sedacao_leve,15,0.28757618000821367,0.6784451806761518
10,sedacao_leve,16,0.28712963314484685,0.6731887558082639
10,sedacao_leve,17,0.2687219791105047,0.6822123467833335
10,sedacao_leve,18,0.29978179427357265,0.6784165255649062
10,sedacao_leve,19,0.2578063891170942,0.6734491934708006
10,sedacao_leve,20,0.21022434000945503,0.689917526116623
10,sedacao_leve,21,0.2792406385587002,0.6837388582484256
10,sedacao_leve,22,0.2807291281032562,0.6809048525042753
10,sedacao_leve,23,0.2663403958392151,0.6780509972342785
10,sedacao_leve,24,0.23017009990650503,0.67824195159463
10,sedacao_leve,25,0.26529845315802597,0.6879794081875794
10,sedacao_leve,26,0.29055315909732554,0.6923524489835056
10,sedacao_leve,27,0.2749736351976398,0.6824451607218156
10,sedacao_leve,28,0.23141050786030168,0.6884313206024989
10,sedacao_leve,29,0.26043605397914316,0.7047527721320822
10,sedacao_leve,30,0.26271840461412893,0.7146119182520603
10,sedacao_leve,31,0.23716600076591807,0.6963232034874445
10,sedacao_leve,32,0.2511578024847442,0.7107481689795576
10,sedacao_leve,33,0.19821719101670351,0.6950725563454513
10,sedacao_leve,34,0.22937623881607522,0.6911044479325334
10,sedacao_leve,35,0.23413940535865427,0.703044188875406
10,sedacao_leve,36,0.2593941112979539,0.6971237333121858
10,sedacao_leve,37,0.23910103717384085,0.6969256580218262
10,sedacao_leve,38,0.22972355304313818,0.6818186832862612
10,sedacao_leve,39,0.21290362118965583,0.6801256286862719
10,sedacao_moderada,0,0.39529320671591406,0.6897765082648226
10,sedacao_moderada,1,0.3701873497310701,0.6933290866028238
10,sedacao_moderada,2,0.3516308467422723,0.6876758708752791
10,sedacao_moderada,3,0.3631914488716569,0.6925213953557037
10,sedacao_moderada,4,0.3745535857284343,0.6971640333794265
10,sedacao_moderada,5,0.35411166264986554,0.6902878588490112
10,sedacao_moderada,6,0.3202237173521412,0.6941244904201658
10,sedacao_moderada,7,0.30945697631318647,0.680022405423169
10,sedacao_moderada,8,0.3120370248570834,0.6843960254212197
10,sedacao_moderada,9,0.33833367347757226,0.6830978411434812
10,sedacao_moderada,10,0.34716537810860437,0.6889385794187829
10,sedacao_moderada,11,0.27323706406232445,0.6935568054190928
10,sedacao_moderada,12,0.26688617533888565,0.6876629549636868
10,sedacao_moderada,13,0.26673732638443004,0.6901755838534642
10,sedacao_moderada,14,0.25661559748144946,0.6816165816343999
10,sedacao_moderada,15,0.28772502896266927,0.6975405591687495
10,sedacao_moderada,16,0.2981940720927129,0.6982019101983209
10,sedacao_moderada,17,0.28023296492173755,0.6965836970100311
10,sedacao_moderada,18,0.21895681200418338,0.687406865040362
10,sedacao_moderada,19,0.268225815928986,0.7073557035897776
10,sedacao_moderada,20,0.3036518670894181,0.7163107195315773
10,sedacao_moderada,21,0.263065718841192,0.6938458373525273
10,sedacao_moderada,22,0.25492864266428594,0.7028779348062033
10,sedacao_moderada,23,0.2336432421771356,0.7069204997604944
10,sedacao_moderada,24,0.22218187268405465,0.7067690041718376
10,sedacao_moderada,25,0.28196953605705277,0.7012693522133451
10,sedacao_moderada,26,0.26167646193293975,0.7000798471279764
10,sedacao_moderada,27,0.20769390778370983,0.6908767260547047
10,sedacao_moderada,28,0.26901967701941587,0.7007915110209417
10,sedacao_moderada,29,0.2714508766088573,0.7080785165085827
10,sedacao_moderada,30,0.2154340534154009,0.6970597795138949
10,sedacao_moderada,31,0.20332767178634564,0.6939706581256693
10,sedacao_moderada,32,0.19246169811108704,0.6822254608299662
10,sedacao_moderada,33,0.20838853623783596,0.6870442259907527
10,sedacao_moderada,34,0.21503712287018595,0.6862404074663165
10,sedacao_moderada,35,0.2402918288094856,0.6959067709127191
10,sedacao_moderada,36,0.22024683627613192,0.7042190651673449
10,recuperacao,0,0.44555453700375414,0.748344887716328
10,recuperacao,1,0.41136889379711855,0.7401382844593035
10,recuperacao,2,0.4059110988004133,0.7420666070820349
10,recuperacao,3,0.386808816311945,0.7461664938945582
10,recuperacao,4,0.4068538088452988,0.6955086575761209
10,recuperacao,5,0.43528395914631784,0.6844118855016806
10,recuperacao,6,0.45051616881894063,0.6953957207486539
10,recuperacao,7,0.4631683299476664,0.6993733047023232
10,recuperacao,8,0.4113192774789667,0.738512832722016
10,recuperacao,9,0.46912228812589035,0.7369663620605917
10,recuperacao,10,0.43642513446381076,0.7486623092362404
10,recuperacao,11,0.4125596854327633,0.7354640018394171
10,recuperacao,12,0.461828689357566,0.7061310320673598
10,recuperacao,13,0.41811671306577225,0.7534959416266361
10,recuperacao,14,0.4581570818143279,0.7088173991422176
10,recuperacao,15,0.4241202875621481,0.677412930732261
10,recuperacao,16,0.46435912158331116,0.7335830312520709
10,recuperacao,17,0.42883383778657524,0.749723799556815
10,recuperacao,18,0.4551801027252161,0.7086497686487083
10,recuperacao,19,0.45701590649683504,0.7046212272055071
10,recuperacao,20,0.4519054257271929,0.7005890414894558
10,recuperacao,21,0.4557258822248865,0.7315125800633528
10,recuperacao,22,0.43141388633047234,0.6853900481549077
10,recuperacao,23,0.46252331781169204,0.7216539603554601
10,recuperacao,24,0.4412379173245417,0.7490811543270673
10,recuperacao,25,0.4561724290882533,0.7467708618525757
10,recuperacao,26,0.4165786072030645,0.749413785044006
10,recuperacao,27,0.408590379980614,0.7579517542748535
10,recuperacao,28,0.389041550628779,0.7417609393139413
10,recuperacao,29,0.39519397407961043,0.7328827112434079
10,recuperacao,30,0.3843280004043517,0.7463267503999859
10,recuperacao,31,0.4210440758367324,0.6698501329713114
10,recuperacao,32,0.4371693792360886,0.6926983972932222
10,recuperacao,33,0.4372686118723926,0.6881683416931156
10,recuperacao,34,0.4582066981324799,0.7188229192380262
10,recuperacao,35,0.45458470690739367,0.7528226055627191
10,recuperacao,36,0.47041231239783865,0.7272875424921674
10,recuperacao,37,0.4128077670235226,0.6719116664348203
13,basal,0,0.4096819389799552,0.6778365935849769
13,basal,1,0.40571263352780595,0.6795704181170675
13,basal,2,0.40080061803077116,0.6707856728325552
13,basal,3,0.3985678837139373,0.6763922540097693
13,basal,4,0.4039760623924906,0.6752252840788183
13,basal,5,0.39578936989743274,0.6656848021520242
13,basal,6,0.394251264034725,0.6709227001724399
13,basal,7,0.4324558290116615,0.684024389648105
13,basal,8,0.38943848117399393,0.6669589476871866
13,basal,9,0.39797248789611483,0.6667607212875934
13,basal,10,0.42193716956346605,0.6906634591990473
13,basal,11,0.40610956407302073,0.6784865676573069
13,basal,12,0.402338723893479,0.6733521662331172
13,basal,13,0.4085407636624622,0.684963737295015
13,basal,14,0.39757555735089994,0.66436121504608
13,basal,15,0.42605532397007084,0.6829662831284714
13,basal,16,0.4128077670235228,0.680553972400107
13,basal,17,0.4103765674340813,0.6708179837113776
13,basal,18,0.404968388755528,0.6694246948047348
13,basal,19,0.39777402262350736,0.6636756943919373
13,basal,20,0.39479704353439543,0.6751603867663877
13,basal,21,0.4085407636624623,0.6745895123574805
13,basal,22,0.4069034251634507,0.683136888446705
13,basal,23,0.40452184189216117,0.6719350057371113
13,basal,24,0.4269980340149563,0.6842989882726711
13,basal,25,0.40318220130206084,0.6697970917521175
13,basal,26,0.3961366841244959,0.6676688380922009
13,basal,27,0.41042618375223316,0.6692326874042882
13,basal,28,0.4079949841627916,0.6716119562428593
13,basal,29,0.39112543599115746,0.6645857819905066
13,basal,30,0.4038272134380351,0.6723050554192278
13,basal,31,0.40496838875552793,0.6675110118543937
13,basal,32,0.41513973397666043,0.6799269913276567
13,basal,33,0.41429625656807867,0.6726926607309859
13,basal,34,0.4098804042525626,0.6686082019274371
13,basal,35,0.40720112307236184,0.6682028878316473
13,basal,36,0.40958270634365135,0.6698378557751329
13,basal,37,0.4067545762089952,0.6742683078607422
13,basal,38,0.41841441097468346,0.6764052245040026
13,sedacao_leve,0,0.4290819193773347,0.6789564254970417
13,sedacao_leve,1,0.41558628084002724,0.6788502695706758
13,sedacao_leve,2,0.41022771847962564,0.6793217679017757
13,sedacao_leve,3,0.4162809092941534,0.6775373826493593
13,sedacao_leve,4,0.4170251540664313,0.6739380883378548
13,sedacao_leve,5,0.4200021331555432,0.6810930265191234
13,sedacao_leve,6,0.4164297582486089,0.6814254560128399
13,sedacao_leve,7,0.4159335950670902,0.675163582392396
13,sedacao_leve,8,0.4184640272928354,0.6804377773033219
13,sedacao_leve,9,0.4050180050736798,0.6803731250062086
13,sedacao_leve,10,0.4349862612374067,0.688329627578698
13,sedacao_leve,11,0.4041745276650981,0.6837739754388461
13,sedacao_leve,12,0.4099300205707145,0.6771442598328233
13,sedacao_leve,13,0.41191467329678927,0.6793476523898501
13,sedacao_leve,14,0.4224333327449846,0.6861068466712666
13,sedacao_leve,15,0.4127085343872189,0.6801121743064685
13,sedacao_leve,16,0.4224333327449846,0.6864070556484847
13,sedacao_leve,17,0.41647937456676076,0.6807952172198207
13,sedacao_leve,18,0.42714688296941183,0.6854880973220029
13,sedacao_leve,19,0.4212425411093398,0.6810073492422697
13,sedacao_leve,20,0.4166778398393682,0.6846028245296495
13,sedacao_leve,21,0.4287842214684234,0.6886468358257553
13,sedacao_leve,22,0.4209448432004287,0.6837088777111345
13,sedacao_leve,23,0.41752131724795,0.6822680298180752
13,sedacao_leve,24,0.42803997669614535,0.6865542511194617
13,sedacao_leve,25,0.42853613987766404,0.6907601200977929
13,sedacao_leve,26,0.42025021474630253,0.6879599159096645
13,sedacao_leve,27,0.42511261392518535,0.6864974855698134
13,sedacao_leve,28,0.4484322834565623,0.6907864015634335
13,sedacao_leve,29,0.42342565910802193,0.6835464210365004
13,sedacao_leve,30,0.4254103118340966,0.6844697988799757
13,sedacao_leve,31,0.4200021331555432,0.6854926556910506
13,sedacao_leve,32,0.4342420164651288,0.6844683279636049
13,sedacao_leve,33,0.43394431855621746,0.6820884447115393
13,sedacao_leve,34,0.423772973335085,0.6799170413273944
13,sedacao_leve,35,0.41380009338656,0.6760133504169038
13,sedacao_leve,36,0.41231160384200416,0.6734126800740592
13,sedacao_leve,37,0.4194563536558727,0.6822258658155503
13,sedacao_leve,38,0.4213913900637955,0.6747051539397908
13,sedacao_leve,39,0.4225325653812884,0.6879214269197976
13,sedacao_leve,40,0.43225736373905405,0.6875855975259116
13,sedacao_leve,41,0.4202998310644545,0.6936114684815999
13,sedacao_leve,42,0.4069530414816025,0.6738838564573454
13,sedacao_moderada,0,0.4324558290116614,0.6872190462244803
13,sedacao_moderada,1,0.4280895930142973,0.679330185475734
13,sedacao_moderada,2,0.40670495989084315,0.6706829551143536
13,sedacao_moderada,3,0.420051749473695,0.673570598466782
13,sedacao_moderada,4,0.42049829633706187,0.6817561467476608
13,sedacao_moderada,5,0.4361770528730514,0.6856644316947439
13,sedacao_moderada,6,0.4289330704228789,0.6822466785262533
13,sedacao_moderada,7,0.4323069800572059,0.6734104493737643
13,sedacao_moderada,8,0.4193075047014172,0.6745377390773464
13,sedacao_moderada,9,0.4382609382354299,0.6840917191592204
13,sedacao_moderada,10,0.45369161318066004,0.7083311966471596
13,sedacao_moderada,11,0.48028595971006005,0.7136118761988837
13,sedacao_moderada,12,0.4364747507819625,0.67915392331907
13,sedacao_moderada,13,0.4264522545152856,0.6737214966019781
13,sedacao_moderada,14,0.42094484320042863,0.6743171270860846
13,sedacao_moderada,15,0.4513100299093704,0.7060300607508012
13,sedacao_moderada,16,0.489514594886307,0.7018844296877274
13,sedacao_moderada,17,0.44818420186580293,0.6870229737509842
13,sedacao_moderada,18,0.43270391060242075,0.6800523278331718
13,sedacao_moderada,19,0.4648552847648298,0.714689895363891
13,sedacao_moderada,20,0.4848506609800317,0.7164926058077107
13,sedacao_moderada,21,0.4967089610183275,0.7230423831459235
13,sedacao_moderada,22,0.45185580940904096,0.6836580778121948
13,sedacao_moderada,23,0.43364662064730636,0.6805907210744744
13,sedacao_moderada,24,0.4287346051502715,0.673116341644185
13,sedacao_moderada,25,0.43994789305259324,0.6775269240848616
13,sedacao_moderada,26,0.4391540319621633,0.6833648502657514
13,sedacao_moderada,27,0.42803997669614546,0.6800618167751318
13,sedacao_moderada,28,0.4382609382354298,0.677947345422707
13,sedacao_moderada,29,0.43166196792123157,0.6802678733966381
13,sedacao_moderada,30,0.43647475078196263,0.6812371365185469
13,sedacao_moderada,31,0.4689734391714347,0.7070604501021495
13,sedacao_moderada,32,0.4532450663172932,0.6963748909670276
13,sedacao_moderada,33,0.4538900784532675,0.6981498952848811
13,sedacao_moderada,34,0.47100770821566124,0.6952475377042485
13,sedacao_moderada,35,0.4272461156057155,0.6700528250827847
13,sedacao_moderada,36,0.43057040892189063,0.6823486430025257
13,sedacao_moderada,37,0.4131550812505858,0.6675503882118844
13,sedacao_moderada,38,0.4286353725139677,0.6727627243548633
13,sedacao_moderada,39,0.42441798547105924,0.678498013971057
13,sedacao_moderada,40,0.4476880386842842,0.692635942034544
13,recuperacao,0,0.40859037998061404,0.6837577900426496
13,recuperacao,1,0.4122619875238521,0.6876255318829341
13,recuperacao,2,0.4117658243423335,0.6843922738836958
13,recuperacao,3,0.4306200252400425,0.7017815732964334
13,recuperacao,4,0.42987578046776453,0.69305568983075
13,recuperacao,5,0.4113192774789667,0.6919450827528973
13,recuperacao,6,0.3981213368505704,0.679440786981404
13,recuperacao,7,0.40908654316213283,0.6812370235703613
13,recuperacao,8,0.4392532645984671,0.7115924273157478
13,recuperacao,9,0.4292803846499421,0.6912175435675779
13,recuperacao,10,0.4331008411476357,0.698070179452599
13,recuperacao,11,0.41370086075025625,0.6980797528364568
13,recuperacao,12,0.42764304615093063,0.6996801125927209
13,recuperacao,13,0.4287346051502714,0.7008492754983723
13,recuperacao,14,0.4352343428281661,0.6987153844587659
13,recuperacao,15,0.4283376746050567,0.7035268868060228
13,recuperacao,16,0.4289826867410309,0.6972577710137046
13,recuperacao,17,0.44366911691398325,0.7044480348166291
13,recuperacao,18,0.4386082524624928,0.7007801030005812
13,recuperacao,19,0.4217883206090104,0.6894375618329948
13,recuperacao,20,0.41454433815883807,0.6781557557529515
13,recuperacao,21,0.421589855336403,0.6845005912601022
13,recuperacao,22,0.420795994245973,0.6827446074507378
13,recuperacao,23,0.4054645519370466,0.6765997801658736
13,recuperacao,24,0.4024875728479345,0.6821898273970566
13,recuperacao,25,0.415685513476331,0.6830577621324587
13,recuperacao,26,0.4138993260228637,0.6793681190976797
13,recuperacao,27,0.4381120892809742,0.6991162800985213
13,recuperacao,28,0.42327681015356633,0.691722207686289
13,recuperacao,29,0.40923539211658844,0.6809443794721054
13,recuperacao,30,0.3947970435343954,0.6719265006679955
13,recuperacao,31,0.39038119121887943,0.674539391854172
13,recuperacao,32,0.41082311429744806,0.6909289941497002
13,recuperacao,33,0.4140481749773193,0.6874977341546928
13,recuperacao,34,0.4074988209812731,0.6895622554468512
13,recuperacao,35,0.40903692684398096,0.6825988040590154
13,recuperacao,36,0.40596071511856524,0.6866876215042143
13,recuperacao,37,0.4044226092558574,0.68781992190855
13,recuperacao,38,0.38467531463141474,0.6825448045719116
14,basal,0,0.48177444925461604,0.7082769181475214
14,basal,1,0.4651033663555891,0.6935402948508873
14,basal,2,0.4632675625839701,0.6996060063312722
14,basal,3,0.4907550028401037,0.6988706665937281
14,basal,4,0.48718262793316947,0.6926260204127324
14,basal,5,0.47502662998596223,0.6879023952336493
14,basal,6,0.4565693596334683,0.6861964523706915
14,basal,7,0.4756716421219365,0.6906124234023947
14,basal,8,0.4833621714354756,0.6925405049327429
14,basal,9,0.5106015301008499,0.7029272004178531
14,basal,10,0.5013232786064511,0.6915399194833992
14,basal,11,0.4957166346552903,0.6943413462321434
14,basal,12,0.5047964208770817,0.6919274228166145
14,basal,13,0.49144963129422986,0.6926213773050083
14,basal,14,0.49358313297476,0.6927404102170612
14,basal,15,0.4885222685232697,0.6912285480641774
14,basal,16,0.4733396751687988,0.6942694669833784
14,basal,17,0.49035807229488876,0.6895088844530423
14,basal,18,0.4879268727054474,0.6869855405346796
14,basal,19,0.4990409279714653,0.687691322815686
14,basal,20,0.4610844445852881,0.6790105592516618
14,basal,21,0.485793371024917,0.6940789242137433
14,basal,22,0.47522509525856976,0.6904758258946022
14,basal,23,0.4565693596334683,0.6877408507728724
14,basal,24,0.4911519333853186,0.6844085346902654
14,basal,25,0.5006782664704768,0.6963490887499086
14,basal,26,0.4809805881641861,0.6892131371570236
14,basal,27,0.4971058915635425,0.69776111710101
14,basal,28,0.46887420653513096,0.692161077247172
14,basal,29,0.45086348304600365,0.7000472489961896
14,basal,30,0.46703840276351194,0.6860965613791856
14,basal,31,0.4506154014552445,0.6930334853256166
14,basal,32,0.5087161100110791,0.6895977620957768
14,basal,33,0.5119411706909504,0.6988926081010509
14,basal,34,0.4676834148994861,0.6953010022642364
14,basal,35,0.43791362400836675,0.6943066887928661
14,basal,36,0.4660956927186265,0.6868030601877658
14,basal,37,0.4668399374909044,0.6926718773781387
14,basal,38,0.4987432300625541,0.6916405154099958
14,basal,39,0.4412379173245418,0.7025116815861661
14,basal,40,0.44917652822884024,0.690973586528242
14,sedacao_leve,0,0.5033575476506775,0.7056797054281179
14,sedacao_leve,1,0.49839591583549103,0.6994843295287341
14,sedacao_leve,2,0.5011744296519955,0.6951954591704766
14,sedacao_leve,3,0.5033575476506775,0.6959558855354222
14,sedacao_leve,4,0.4981974505628835,0.6914658251730876
14,sedacao_leve,5,0.4974532057906056,0.69096148842037
14,sedacao_leve,6,0.5011248133338436,0.6879533174540924
14,sedacao_leve,7,0.49636164679126443,0.6897419432225294
14,sedacao_leve,8,0.5033575476506775,0.691664767899191
14,sedacao_leve,9,0.5130327296902915,0.6929376207419319
14,sedacao_leve,10,0.5237002380929425,0.699181671778998
14,sedacao_leve,11,0.5024148376057922,0.6866951193128091
14,sedacao_leve,12,0.5107503790553055,0.695740247301897
14,sedacao_leve,13,0.5122388685998616,0.6951809033762477
14,sedacao_leve,14,0.5082695631477123,0.6931369671957106
14,sedacao_leve,15,0.5069299225576118,0.6933921197865341
14,sedacao_leve,16,0.5069795388757637,0.6959792798236223
14,sedacao_leve,17,0.49829668319918724,0.6890045401686917
14,sedacao_leve,18,0.5172997330513518,0.6961348529951712
14,sedacao_leve,19,0.5104526811463943,0.6947181316843751
14,sedacao_leve,20,0.5020675233787291,0.6898448360025969
14,sedacao_leve,21,0.5030102334236145,0.689161642843497
14,sedacao_leve,22,0.503208698696222,0.6909943573588513
14,sedacao_leve,23,0.5103038321919388,0.6961588613608609
14,sedacao_leve,24,0.5172005004150481,0.6935947644044603
14,sedacao_leve,25,0.5144716029166956,0.6945653560764325
14,sedacao_leve,26,0.5108992280097612,0.6934025699297346
14,sedacao_leve,27,0.5096588200559644,0.693721997492503
14,sedacao_leve,28,0.5152654640071254,0.6900348761094598
14,sedacao_leve,29,0.5099565179648756,0.6896308955921227
14,sedacao_leve,30,0.5143723702803917,0.6969853518627408
14,sedacao_leve,31,0.5189866878685152,0.6952783757983818
14,sedacao_leve,32,0.52017747950416,0.699341829467807
14,sedacao_leve,33,0.5240971686381575,0.6999185566451814
14,sedacao_leve,34,0.508716110011079,0.6980311634662846
14,sedacao_leve,35,0.5121892522817096,0.6933584917678954
14,sedacao_leve,36,0.5128838807358358,0.6917849414817545
14,sedacao_leve,37,0.5134296602355063,0.6910784358701264
14,sedacao_leve,38,0.5101549832374831,0.6971375900586311
14,sedacao_leve,39,0.5217155853668679,0.694486183425961
14,sedacao_moderada,0,0.4974035894724537,0.6826309279555328
14,sedacao_moderada,1,0.48137751870940115,0.6754767598095458
14,sedacao_moderada,2,0.485842987343069,0.6787006276187569
14,sedacao_moderada,3,0.4885222685232698,0.6776039636412745
14,sedacao_moderada,4,0.4770608990301889,0.6731905972463625
14,sedacao_moderada,5,0.47725936430279636,0.6758014769316623
14,sedacao_moderada,6,0.4704619287159907,0.6701419721707479
14,sedacao_moderada,7,0.47701128271203685,0.6724466103766246
14,sedacao_moderada,8,0.4891176643410921,0.679256551064303
14,sedacao_moderada,9,0.4760685726671515,0.673127471098409
14,sedacao_moderada,10,0.48782764006914364,0.6821524244740906
14,sedacao_moderada,11,0.46907267180773843,0.6753813066066319
14,sedacao_moderada,12,0.47140463876087607,0.6701792967481082
14,sedacao_moderada,13,0.4651033663555892,0.675414038826236
14,sedacao_moderada,14,0.47492739734965855,0.6794274066797417
14,sedacao_moderada,15,0.46629415799123397,0.6688871504719057
14,sedacao_moderada,16,0.49179694552129277,0.6801617086295446
14,sedacao_moderada,17,0.46411103999255177,0.6711457397176328
14,sedacao_moderada,18,0.46301948099321066,0.6755105399654664
14,sedacao_moderada,19,0.4767135848031257,0.6716161491904006
14,sedacao_moderada,20,0.4654010642645005,0.6608743736165026
14,sedacao_moderada,21,0.474728932077051,0.6796297833570052
14,sedacao_moderada,22,0.4267499524241969,0.6612091556158379
14,sedacao_moderada,23,0.4248149160162742,0.6534735830762213
14,sedacao_moderada,24,0.44545530436745023,0.6614266852063475
14,sedacao_moderada,25,0.40546455193704656,0.6386687938785357
14,sedacao_moderada,26,0.40734997202681744,0.6537150423956887
14,sedacao_moderada,27,0.42049829633706187,0.6558388199241111
14,sedacao_moderada,28,0.4003540711674044,0.6510278813481345
14,sedacao_moderada,29,0.41950596997402456,0.658805858845565
14,recuperacao,0,0.5232536912295758,0.713884779678734
14,recuperacao,1,0.514670068189303,0.7084869152605018
14,recuperacao,2,0.503556012923285,0.7035410140589098
14,recuperacao,3,0.4945258430196454,0.6969728559216564
14,recuperacao,4,0.5230552259569682,0.7105168980306209
14,recuperacao,5,0.5256848908190173,0.7040604179387844
14,recuperacao,6,0.5058383635582708,0.6952801944042278
14,recuperacao,7,0.5098572853285719,0.6926207383486159
14,recuperacao,8,0.5066322246487006,0.6945594491301388
14,recuperacao,9,0.4916480965668372,0.6879626989106733
14,recuperacao,10,0.5117427054183429,0.6978403544601662
14,recuperacao,11,0.5015713601972105,0.6920552096699701
14,recuperacao,12,0.5022163723331846,0.6920798994482769
14,recuperacao,13,0.49105270074901486,0.6882303898278928
14,recuperacao,14,0.5056895146038152,0.6957637219471269
14,recuperacao,15,0.49556778570083465,0.6885415891701294
14,recuperacao,16,0.4884726522051178,0.6882938692798317
14,recuperacao,17,0.49283888820248195,0.686837748079467
14,recuperacao,18,0.49040768861304057,0.6893340469010144
14,recuperacao,19,0.5085672610566234,0.6952442944724988
14,recuperacao,20,0.5085672610566235,0.6957727676273386
14,recuperacao,21,0.4956174020189865,0.6857715108761127
14,recuperacao,22,0.4860910689338283,0.6833813387147067
14,recuperacao,23,0.48762917479653617,0.6929580713223791
14,recuperacao,24,0.49948747483483213,0.6897295795839161
14,recuperacao,25,0.5042506413774113,0.6875430623563888
14,recuperacao,26,0.4661949253549301,0.7003367617490024
14,recuperacao,27,0.5005294175160213,0.6914556127874056
14,recuperacao,28,0.49948747483483213,0.6887564615113358
14,recuperacao,29,0.5000332543345025,0.6895192092974756
14,recuperacao,30,0.4942281451107343,0.6926889950019105
14,recuperacao,31,0.49963632378928763,0.6895794578123801
14,recuperacao,32,0.5030598497417664,0.6910394741429178
14,recuperacao,33,0.4720000345786985,0.7008018762410928
14,recuperacao,34,0.49169771288498915,0.6881108234363633
14,recuperacao,35,0.5117427054183429,0.6919776163783636
14,recuperacao,36,0.5117923217364947,0.698845118718658
14,recuperacao,37,0.4967585773364795,0.6927010516318816
14,recuperacao,38,0.5087161100110791,0.6941135403412177
14,recuperacao,39,0.5067314572850046,0.6974229535285255
18,basal,0,0.44471105959517226,0.6928630189994537
18,basal,1,0.4331008411476358,0.681144205347839
18,basal,2,0.4202005984281508,0.6800467947282685
18,basal,3,0.43295199219318015,0.6809539102861758
18,basal,4,0.4353335754644697,0.6801363102935637
18,basal,5,0.43161235160307987,0.6776372938383731
18,basal,6,0.4317115842393836,0.6788235029840183
18,basal,7,0.4421310110512754,0.6844298235818073
18,basal,8,0.4272957319238675,0.6822585131039333
18,basal,9,0.42029983106445434,0.6720511431689832
18,basal,10,0.4096819389799551,0.670956795857895
18,basal,11,0.4275438135146267,0.674286141383346
18,basal,12,0.4027852707568459,0.6551810166591779
18,basal,13,0.4241202875621481,0.6743070879990306
18,basal,14,0.41702515406643126,0.6699757783192678
18,basal,15,0.41509011765850856,0.6673399175011847
18,basal,16,0.4120635222512447,0.6679379330071901
18,basal,17,0.42878422146842343,0.6746383686603121
18,basal,18,0.42610494028822277,0.6708452500480505
18,basal,19,0.4243683691529074,0.6717323366822325
18,basal,20,0.4208952268822768,0.6791183183491138
18,basal,21,0.43339853905654696,0.6845310783073375
18,basal,22,0.4229294959265033,0.6672524129110728
18,basal,23,0.41260930175091526,0.6628944498706643
18,basal,24,0.44019597464335253,0.6875680121024639
18,basal,25,0.42674995242419694,0.6733327595227566
18,basal,26,0.4194067373377208,0.6732775598777618
18,basal,27,0.4109223469337518,0.6733103889865202
18,basal,28,0.42044868001891006,0.6681437179288737
18,basal,29,0.42173870429085847,0.6770227896782566
18,basal,30,0.4208952268822768,0.6761996384707877
18,basal,31,0.4313146536941686,0.6823346182939547
18,basal,32,0.4357305060096847,0.6760613601165227
18,basal,33,0.4196548189284802,0.6819319297515704
18,basal,34,0.42144100638194737,0.6733237358436459
18,basal,35,0.41915865574696154,0.6702100406507471
18,basal,36,0.41161697538787795,0.7110313027711623
18,basal,37,0.4204982963370619,0.6622077285184607
18,basal,38,0.3934077866261432,0.6608208968301986
18,basal,39,0.43101695578525745,0.6798121012453426
18,basal,40,0.43592897128229213,0.6982165677448123
18,sedacao_leve,0,0.47324044253249514,0.699552071304386
18,sedacao_leve,1,0.47135502244272426,0.6980432561330888
18,sedacao_leve,2,0.4531458336809895,0.6906415344481904
18,sedacao_leve,3,0.4432721863687682,0.6868142044546534
18,sedacao_leve,4,0.45845477972323906,0.6894375359573877
18,sedacao_leve,5,0.45374122949881185,0.6855300469714742
18,sedacao_leve,6,0.43453971437403976,0.675351011915405
18,sedacao_leve,7,0.431860433193839,0.6701271681541858
18,sedacao_leve,8,0.4382113219172779,0.6757762226822557
18,sedacao_leve,9,0.4364251344638108,0.6769189748366149
18,sedacao_leve,10,0.432306980057206,0.6728848865225333
18,sedacao_leve,11,0.43592897128229213,0.6765939645034982
18,sedacao_leve,12,0.455577033270431,0.6851972744073161
18,sedacao_leve,13,0.4113192774789667,0.6645517295847565
18,sedacao_leve,14,0.4240210549258444,0.6765527516642692
18,sedacao_leve,15,0.43582973864598834,0.6785300696998832
18,sedacao_leve,16,0.4516077278182816,0.6839771612530557
18,sedacao_leve,17,0.46123329353974357,0.6847905169529971
18,sedacao_leve,18,0.4497719240466626,0.681782269446614
18,sedacao_leve,19,0.43637551814565884,0.6820238762971551
18,sedacao_leve,20,0.43602820391859587,0.6801927331391351
18,sedacao_leve,21,0.44967269141035887,0.6840593808196513
18,sedacao_leve,22,0.43731822819054433,0.6768834204841804
18,sedacao_leve,23,0.4365243671001145,0.6763083431622272
18,sedacao_leve,24,0.4241699038802999,0.668674676658891
18,sedacao_leve,25,0.4606378977219213,0.6830222620036717
18,sedacao_leve,26,0.4578097675872649,0.6829991735072707
18,sedacao_leve,27,0.4630194809932107,0.6924539573748041
18,sedacao_leve,28,0.4465468633667914,0.6814636249724023
18,sedacao_leve,29,0.46197753831202165,0.69244191383131
18,sedacao_leve,30,0.45701590649683504,0.6999263624835098
18,sedacao_leve,31,0.4730915935780395,0.6871669305846988
18,sedacao_leve,32,0.45031770354633316,0.6852675918380785
18,sedacao_leve,33,0.47130540612457233,0.7063914882828429
18,sedacao_leve,34,0.5148685334619103,0.7319846340370547
18,sedacao_leve,35,0.4936823656110637,0.7057213776056254
18,sedacao_leve,36,0.4957166346552902,0.7055243332124123
18,sedacao_leve,37,0.4856941383886134,0.6943595710676082
18,sedacao_leve,38,0.4239714386076924,0.6709306785328507
18,sedacao_leve,39,0.46133252617604736,0.6887764075880596
18,sedacao_leve,40,0.48822457061435853,0.7114104032608467
18,sedacao_moderada,0,0.4963120304731126,0.7015998528684981
18,sedacao_moderada,1,0.496163181518657,0.6974068697693542
18,sedacao_moderada,2,0.49700665892723883,0.702899995798189
18,sedacao_moderada,3,0.49378159824736756,0.7002586636455723
18,sedacao_moderada,4,0.5028117681510071,0.7014798554927147
18,sedacao_moderada,5,0.5053422003767524,0.7052056274674338
18,sedacao_moderada,6,0.504697188240778,0.7018769701964955
18,sedacao_moderada,7,0.49254119029357085,0.6990375514359662
18,sedacao_moderada,8,0.5114946238275836,0.6953154890139334
18,sedacao_moderada,9,0.5224598301391459,0.707732426490238
18,sedacao_moderada,10,0.5305969063160518,0.7091817458695443
18,sedacao_moderada,11,0.5444894753985743,0.7316140634468837
18,sedacao_moderada,12,0.5503442009404944,0.7272984013380862
18,sedacao_moderada,13,0.5275703109087881,0.7112665131855387
18,sedacao_moderada,14,0.5297038125893182,0.7178319256513065
18,sedacao_moderada,15,0.5609620930249936,0.7309361641066755
18,sedacao_moderada,16,0.5244940991833724,0.7234980988646604
18,sedacao_moderada,17,0.5221125159120829,0.7085009610182852
18,sedacao_moderada,18,0.5457794996705227,0.718654419702262
18,sedacao_moderada,19,0.5318869305880004,0.7279580461058295
18,sedacao_moderada,20,0.5184905246869966,0.7262538736656595
18,sedacao_moderada,21,0.5227079117299053,0.7267187945740322
18,sedacao_moderada,22,0.5255360418645616,0.7238783109464552
18,sedacao_moderada,23,0.5195820836863376,0.745441075406692
18,sedacao_moderada,24,0.49799898529027614,0.7205739617040243
18,sedacao_moderada,25,0.489911525431522,0.7241859943583187
18,sedacao_moderada,26,0.4862895342064358,0.7114340417834693
18,sedacao_moderada,27,0.5066322246487007,0.7357183444989729
18,sedacao_moderada,28,0.47775552748431493,0.7257718487766158
18,sedacao_moderada,29,0.5339708159503788,0.7312444050331983
18,sedacao_moderada,30,0.47676320112127757,0.7267775851536589
18,sedacao_moderada,31,0.4518061930908891,0.7229280400105069
18,sedacao_moderada,32,0.436325901827507,0.7088737218732731
18,sedacao_moderada,33,0.4141970239317749,0.701977364784074
18,sedacao_moderada,34,0.4032814339383644,0.7034045308175381
18,sedacao_moderada,35,0.4226814143357439,0.7024224325375853
18,sedacao_moderada,36,0.4380128566446705,0.6780029435962183
18,sedacao_moderada,37,0.4590005592229097,0.6680902288598832
18,sedacao_moderada,38,0.49353351665660816,0.7390350703235903
18,sedacao_moderada,39,0.4663437743093858,0.7213702825253203
18,recuperacao,0,0.4232271938354144,0.6826371041829394
18,recuperacao,1,0.41891057415620214,0.6772179308778965
18,recuperacao,2,0.4117658243423335,0.6725508164040502
18,recuperacao,3,0.40814383311724733,0.6677716301681138
18,recuperacao,4,0.43627628550935516,0.6788969838250052
18,recuperacao,5,0.4134527791594969,0.6663178120145015
18,recuperacao,6,0.4214410063819473,0.6731267525718743
18,recuperacao,7,0.40734997202681744,0.6744420863402432
18,recuperacao,8,0.4194563536558726,0.6707948514725742
18,recuperacao,9,0.4198532842010876,0.6721903270242197
18,recuperacao,10,0.4173724682934943,0.6653032914811671
18,recuperacao,11,0.42322719383541446,0.673927104601737
18,recuperacao,12,0.41538781556741966,0.6753354271551992
18,recuperacao,13,0.39946097744067083,0.6731462416682458
18,recuperacao,14,0.42213563483607336,0.6728016231585324
18,recuperacao,15,0.40025483853110067,0.6766541126245424
18,recuperacao,16,0.4271964992875637,0.6941622200922501
18,recuperacao,17,0.4527985194539264,0.710135640445235
18,recuperacao,18,0.44158523155160484,0.7145370456763658
18,recuperacao,19,0.4520542746816486,0.7078193491814861
18,recuperacao,20,0.42674995242419694,0.6672751357303232
18,recuperacao,21,0.4158839787489384,0.6704751306299209
18,recuperacao,22,0.41925788838326533,0.6758643338736646
18,recuperacao,23,0.4209448432004287,0.6765724837836031
18,recuperacao,24,0.41687630511197565,0.6717893551589978
18,recuperacao,25,0.4238225896532368,0.6700681834048058
18,recuperacao,26,0.42471568337997057,0.6809872319918072
18,recuperacao,27,0.414147407613623,0.6795097604229908
18,recuperacao,28,0.4223837164268327,0.6704494080443533
18,recuperacao,29,0.4184144109746835,0.6670678647593203
18,recuperacao,30,0.4100292532070184,0.6633471499954742
18,recuperacao,31,0.3818471844967586,0.6451112778091446
18,recuperacao,32,0.4199525168373913,0.6874628653285297
18,recuperacao,33,0.4347381796466473,0.6732502368880535
18,recuperacao,34,0.4113688937971186,0.6653445808786569
18,recuperacao,35,0.4151893502948123,0.6657788607555524
18,recuperacao,36,0.4155862808400272,0.6744744674253289
18,recuperacao,37,0.3879996079475897,0.6529884831818112
18,recuperacao,38,0.41841441097468357,0.6758652099253192
20,basal,0,0.38690804894824876,0.7468676564075479
20,basal,1,0.365374566870339,0.7387781934244411
20,basal,2,0.36998888445846256,0.7380847196721593
20,basal,3,0.3904308075370312,0.7307245265592343
20,basal,4,0.3872057468571599,0.7300015188679322
20,basal,5,0.39266354185386515,0.7397293309319191
20,basal,6,0.4017929443938084,0.7495123927242092
20,basal,7,0.37371010831985246,0.74941753800658
20,basal,8,0.3777786464083055,0.7443480652085593
20,basal,9,0.3576344212386481,0.7347837862305177
20,basal,10,0.36353876309872,0.7427823617903229
20,basal,11,0.39613668412449576,0.7422991935802613
20,basal,12,0.3879003753112861,0.7348183015116388
20,basal,13,0.392713158172017,0.7254477185161083
20,basal,14,0.3830379761324033,0.7340932889540208
20,basal,15,0.37941598490731704,0.7330694580451239
20,basal,16,0.39177044812713163,0.7322870095972863
20,basal,17,0.3821448824056696,0.7337762322727049
20,basal,18,0.3823433476782771,0.729295352458789
20,basal,19,0.3785725074987354,0.7319222393348801
20,basal,20,0.3664165095515282,0.7354600696982454
20,basal,21,0.37385895727430807,0.7314285735658426
20,basal,22,0.39281239080832075,0.7400210648849789
20,basal,23,0.3884461548109567,0.7294637279728634
20,basal,24,0.39296123976277625,0.7303186532961331
20,basal,25,0.3733131777746376,0.7283419461484972
20,basal,26,0.384576081995111,0.7201516210421489
20,basal,27,0.37395818991061186,0.7358676101488327
20,basal,28,0.37073312923074064,0.7326677730725025
20,basal,29,0.3860149552215152,0.7266155248270459
20,basal,30,0.3684011622776029,0.7335260499136939
20,basal,31,0.3556497685125734,0.7338191467656686
20,basal,32,0.3839806861772887,0.7243183781417282
20,basal,33,0.36522571791588354,0.7250733493777904
20,basal,34,0.38343490667761804,0.721038349550698
20,basal,35,0.36864924386836223,0.7266728196683867
20,basal,36,0.37390857359245994,0.7315335729371388
20,basal,37,0.3829387434960995,0.7291963139661669
20,basal,38,0.37921751963470957,0.7226190751697484
20,basal,39,0.37549629577331955,0.7365120123796061
20,basal,40,0.3919192970815872,0.7275222631919759
20,sedacao_leve,0,0.4610348282671361,0.7542304708769116
20,sedacao_leve,1,0.4464972470486395,0.7363366453560976
20,sedacao_leve,2,0.4259560913337671,0.7364979695511407
20,sedacao_leve,3,0.4537908458169637,0.7411124385104538
20,sedacao_leve,4,0.429726931513309,0.7403809424530888
20,sedacao_leve,5,0.4395013461892265,0.732742588236783
20,sedacao_leve,6,0.4463483980941839,0.7422423412156206
20,sedacao_leve,7,0.41796786411131676,0.7214121110073246
20,sedacao_leve,8,0.42471568337997045,0.7291243546308731
20,sedacao_leve,9,0.4251622302433372,0.7353632847811512
20,sedacao_leve,10,0.42223486747237715,0.7363878241375017
20,sedacao_leve,11,0.42754381351462684,0.7372460542899696
20,sedacao_leve,12,0.4194563536558727,0.7406456789517787
20,sedacao_leve,13,0.4582066981324798,0.7610979461892157
20,sedacao_leve,14,0.4467453286393989,0.7584213602785617
20,sedacao_leve,15,0.434142783828825,0.7391147168930854
20,sedacao_leve,16,0.43667321605457016,0.7580137967705034
20,sedacao_leve,17,0.43592897128229213,0.746760761233286
20,sedacao_leve,18,0.4444629780044129,0.7551396904626307
20,sedacao_leve,19,0.42749419719647497,0.7567365040017089
20,sedacao_leve,20,0.4386082524624928,0.7446049457828797
20,sedacao_leve,21,0.409731555298107,0.7375879555582175
20,sedacao_leve,22,0.42436836915290743,0.7438896967958789
20,sedacao_leve,23,0.4241699038802999,0.741009331591949
20,sedacao_leve,24,0.44466144327702045,0.7405435471513973
20,sedacao_leve,25,0.42476529969812227,0.7462760051536939
20,sedacao_leve,26,0.4279903603779936,0.7399340035313792
20,sedacao_leve,27,0.4289826867410308,0.7370863088489676
20,sedacao_leve,28,0.4660460764004745,0.7469678495331209
20,sedacao_leve,29,0.44872998136547343,0.7520201728032138
20,sedacao_leve,30,0.4638133420836406,0.7423241249405471
20,sedacao_leve,31,0.44729110813906936,0.7344626374857717
20,sedacao_leve,32,0.42952846624070146,0.741806617410615
20,sedacao_leve,33,0.458901326586606,0.7471150595892007
20,sedacao_leve,34,0.45006962195557376,0.7460354775535437
20,sedacao_leve,35,0.4356808896915329,0.7475049488605714
20,sedacao_leve,36,0.41920827206511335,0.7476613434163689
20,sedacao_leve,37,0.43592897128229213,0.7393458624985937
20,sedacao_leve,38,0.4657483784915633,0.7427344057609706
20,sedacao_leve,39,0.4499207730011182,0.7389741371179961
20,sedacao_moderada,0,0.5295549636348627,0.7389266563262213
20,sedacao_moderada,1,0.5268260661365102,0.7367318984393064
20,sedacao_moderada,2,0.5346654444045047,0.7281257981058749
20,sedacao_moderada,3,0.5336731180414674,0.7278386408302643
20,sedacao_moderada,4,0.519135536822971,0.7307987305947601
20,sedacao_moderada,5,0.5156127782341885,0.7401545437114987
20,sedacao_moderada,6,0.5276695435450918,0.7363352320916028
20,sedacao_moderada,7,0.5062352941034859,0.735290336404199
20,sedacao_moderada,8,0.5331273385417971,0.7303203454632
20,sedacao_moderada,9,0.5274710782724844,0.7361201743418626
20,sedacao_moderada,10,0.4993386258803765,0.7461309075570781
20,sedacao_moderada,11,0.5396766925378434,0.7352143656053173
20,sedacao_moderada,12,0.5335242690870119,0.7357208258144672
20,sedacao_moderada,13,0.5115938564638872,0.7445156059725311
20,sedacao_moderada,14,0.5300015104982295,0.7361552833664425
20,sedacao_moderada,15,0.5188874552322116,0.740962859126973
20,sedacao_moderada,16,0.44768803868428436,0.7333169134446386
20,sedacao_moderada,17,0.51352889287181,0.736051931852903
20,sedacao_moderada,18,0.5290091841351922,0.7410128366377584
20,sedacao_moderada,19,0.49497238988301234,0.7399966280930932
20,sedacao_moderada,20,0.479889029164845,0.7428320593829483
20,sedacao_moderada,21,0.4565197433153163,0.7428299411504141
20,sedacao_moderada,22,0.4498711566829664,0.7478976195096175
20,sedacao_moderada,23,0.4537412294988119,0.7423542111227497
20,sedacao_moderada,24,0.4821713797998309,0.7299777501661707
20,sedacao_moderada,25,0.4487795976836253,0.7488075505578498
20,sedacao_moderada,26,0.45522971904336795,0.743450865325595
20,sedacao_moderada,27,0.471057324533813,0.7295524519160553
20,sedacao_moderada,28,0.5377912724480725,0.7352152858651341
20,sedacao_moderada,29,0.5252879602738023,0.74174756291431
20,sedacao_moderada,30,0.4984455321536429,0.7597938773120528
20,sedacao_moderada,31,0.5052925840586004,0.7482468965950437
20,sedacao_moderada,32,0.48534682416155034,0.741525212891932
20,sedacao_moderada,33,0.47666396848497394,0.7574662025830167
20,sedacao_moderada,34,0.45180619309088915,0.7340528772108001
20,sedacao_moderada,35,0.5150173824163661,0.724619683042201
20,sedacao_moderada,36,0.5270741477272695,0.7398003471454672
20,sedacao_moderada,37,0.5159104761430997,0.7395087331224702
20,sedacao_moderada,38,0.4883734195688142,0.7518933157859431
20,sedacao_moderada,39,0.4475888060479805,0.7395164253160847
20,recuperacao,0,0.4224829490631365,0.7537746361828577
20,recuperacao,1,0.4280895930142974,0.7378997982575299
20,recuperacao,2,0.40749882098127305,0.7352301283513853
20,recuperacao,3,0.39946097744067083,0.7332837676724799
20,recuperacao,4,0.4090369268439809,0.7267316420936103
20,recuperacao,5,0.40243795652978276,0.7241600161112934
20,recuperacao,6,0.4032318176202126,0.7093261241071399
20,recuperacao,7,0.39881596530469654,0.712365731767976
20,recuperacao,8,0.39901443057730407,0.7201088945104943
20,recuperacao,9,0.40774690257203233,0.7017278777416963
20,recuperacao,10,0.3842287677680481,0.7287952164443188
20,recuperacao,11,0.4100292532070182,0.7183329901304351
20,recuperacao,12,0.4092353921165883,0.7355498469929296
20,recuperacao,13,0.4158343624307864,0.7361729185475048
20,recuperacao,14,0.41246045279645965,0.7261893710354984
20,recuperacao,15,0.4106246490248405,0.7406282638749455
20,recuperacao,16,0.4026364218023903,0.7414964415132872
20,recuperacao,17,0.39767478998720357,0.7300160100272886
20,recuperacao,18,0.4063080293456282,0.731261937232535
20,recuperacao,19,0.39995714062218934,0.7181330709067395
20,recuperacao,20,0.38963694644660135,0.7142611624616381
20,recuperacao,21,0.40799498416279156,0.7264524480235991
20,recuperacao,22,0.4031325849839088,0.7225712203852489
20,recuperacao,23,0.39087735440039817,0.7309074964852558
20,recuperacao,24,0.40392644607433875,0.7251885447019534
20,recuperacao,25,0.39514435776145845,0.718817032777705
20,recuperacao,26,0.4007013853944674,0.7153313891934279
20,recuperacao,27,0.4008502343489231,0.7327892490558521
20,recuperacao,28,0.40283488707499765,0.7331037646686926
20,recuperacao,29,0.4197044352466321,0.7299630304934092
20,recuperacao,30,0.4034302828928201,0.7229397399857014
20,recuperacao,31,0.3936062518987507,0.7124711983070702
20,recuperacao,32,0.3869576652664007,0.7247285126544835
20,recuperacao,33,0.40481953980107227,0.7276114697037324
20,recuperacao,34,0.39251469289940966,0.7159363045861394
20,recuperacao,35,0.39276277449016894,0.7055027064204084
20,recuperacao,36,0.39226661130865026,0.717514470224086
20,recuperacao,37,0.41171620802418174,0.730107263403055
20,recuperacao,38,0.3900834933099682,0.7188235355045806
20,recuperacao,39,0.3825914292690364,0.7147686804016966
20,recuperacao,40,0.37261854932051136,0.7299394908784216
20,recuperacao,41,0.41920827206511335,0.7253085186358689
22,basal,0,0.47750744589355565,0.7096004972478771
22,basal,1,0.47294274462358393,0.7008514770466681
22,basal,2,0.45140926254567426,0.7042579243570477
22,basal,3,0.4724465814420653,0.7151161990110446
22,basal,4,0.49135039865792607,0.7113553284485884
22,basal,5,0.47711051534834076,0.7013373430117715
22,basal,6,0.4624737014935403,0.7008727825201524
22,basal,7,0.4612332935397436,0.7021038897416362
22,basal,8,0.4710573245338131,0.7104033482641217
22,basal,9,0.490258839658585,0.7070537279347552
22,basal,10,0.47214888353315404,0.7148212387647318
22,basal,11,0.44783688763873986,0.7015051860599201
22,basal,12,0.4556762659067346,0.7066016800394043
22,basal,13,0.4886711174777253,0.7099040106681741
22,basal,14,0.479938645482997,0.70118078609655
22,basal,15,0.47462969944074734,0.7021093592374117
22,basal,16,0.469618451307409,0.7077856132362016
22,basal,17,0.46450797053776677,0.7100332297892414
22,basal,18,0.4676834148994861,0.7120974561867817
22,basal,19,0.47363737307771,0.7129327059661922
22,basal,20,0.4722481161694578,0.7095493261390375
22,basal,21,0.5012736622882992,0.7108923251323582
22,basal,22,0.4930373534750896,0.7102259174430946
22,basal,23,0.48827418693251046,0.6984299460638135
22,basal,24,0.483262938799172,0.7024860060043667
22,basal,25,0.4582066981324798,0.7086820450006988
22,basal,26,0.47879747016550406,0.7014906543952677
22,basal,27,0.48961382752261073,0.7021803429136952
22,basal,28,0.4692215207621939,0.7153728016757869
22,basal,29,0.48827418693251046,0.7086448856165984
22,basal,30,0.47780514380246675,0.7028659546363198
22,basal,31,0.49770128738136493,0.7074133142102624
22,basal,32,0.47363737307771003,0.6958207945016008
22,basal,33,0.4648056684466778,0.6947124953797925
22,basal,34,0.4714046387608761,0.6970819016236649
22,basal,35,0.44456221064071666,0.6921445298675273
22,sedacao_leve,0,0.4583555470869354,0.7098578085813088
22,sedacao_leve,1,0.46197753831202165,0.705874326966451
22,sedacao_leve,2,0.44133714996084544,0.6981815394545977
22,sedacao_leve,3,0.4512604135912186,0.707915558559205
22,sedacao_leve,4,0.4661949253549302,0.7053402317140992
22,sedacao_leve,5,0.45681744122422757,0.7071629334680328
22,sedacao_leve,6,0.45056578513709256,0.7105992392624584
22,sedacao_leve,7,0.45865324499584653,0.7035714578037598
22,sedacao_leve,8,0.4657979948097153,0.7105587766765284
22,sedacao_leve,9,0.4404440562341119,0.7103762847928403
22,sedacao_leve,10,0.4826675429813496,0.716921367472476
22,sedacao_leve,11,0.4580082328598724,0.7127419230021543
22,sedacao_leve,12,0.4807821228915787,0.7074688369381612
22,sedacao_leve,13,0.46425988894700737,0.709763341817886
22,sedacao_leve,14,0.489216896977396,0.7195677336222862
22,sedacao_leve,15,0.4790951680744154,0.7181532739313758
22,sedacao_leve,16,0.5291084167714958,0.7204271272014902
22,sedacao_leve,17,0.474728932077051,0.7068883661561151
22,sedacao_leve,18,0.48341178775362764,0.7081963429193522
22,sedacao_leve,19,0.4864383831608914,0.7153226638931628
22,sedacao_leve,20,0.4943769940651898,0.7201997026268706
22,sedacao_leve,21,0.5021667560150327,0.7030044277986944
22,sedacao_leve,22,0.48251869402689396,0.7185266840313129
22,sedacao_leve,23,0.5068306899213082,0.7167358212150758
22,sedacao_leve,24,0.5009263480612361,0.7217112733952694
22,sedacao_leve,25,0.5222117485483866,0.7152615893076711
22,sedacao_leve,26,0.49973555642559137,0.7199093398996425
22,sedacao_leve,27,0.492888504520634,0.7151921546370439
22,sedacao_leve,28,0.49378159824736756,0.7125650144503411
22,sedacao_leve,29,0.5031094660599182,0.7114591428902598
22,sedacao_leve,30,0.5002317196071101,0.7193424811530882
22,sedacao_leve,31,0.504697188240778,0.7083014706296791
22,sedacao_leve,32,0.4871330116150176,0.6968290451218492
22,sedacao_leve,33,0.49685780997278317,0.7090566036640413
22,sedacao_leve,34,0.5090634242381421,0.7161982265183925
22,sedacao_leve,35,0.5196317000044894,0.7071109239889062
22,sedacao_leve,36,0.48514835888894287,0.6957210223680618
22,sedacao_leve,37,0.49333505138400074,0.7033945234133627
22,sedacao_leve,38,0.5040025597866519,0.7067718243004223
22,sedacao_leve,39,0.5096588200559645,0.7129361073516713
22,sedacao_leve,40,0.5531723310751508,0.726999162718298
22,sedacao_moderada,0,0.513925823417025,0.7084356519156652
22,sedacao_moderada,1,0.5175478146421112,0.7082483144497219
22,sedacao_moderada,2,0.5141242886896323,0.7113940505555862
22,sedacao_moderada,3,0.5184409083688447,0.7078437131769922
22,sedacao_moderada,4,0.5114946238275835,0.7021063298485977
22,sedacao_moderada,5,0.4917969455212929,0.6991094966409399
22,sedacao_moderada,6,0.5066322246487008,0.7010329569406457
22,sedacao_moderada,7,0.5125365665087728,0.7088727997041987
22,sedacao_moderada,8,0.5172501167332,0.7103675800926872
22,sedacao_moderada,9,0.4893161296136996,0.7081135902329581
22,sedacao_moderada,10,0.48941536225000337,0.7035378822567467
22,sedacao_moderada,11,0.5028613844691588,0.7081833242502811
22,sedacao_moderada,12,0.4909038517945593,0.7060337461484482
22,sedacao_moderada,13,0.5089641916018384,0.7129886666873753
22,sedacao_moderada,14,0.4881749542962066,0.7082105764727903
22,sedacao_moderada,15,0.4744312341681399,0.7054071249300334
22,sedacao_moderada,16,0.45860362867769483,0.7078673804418542
22,sedacao_moderada,17,0.5192347694592746,0.7116623572770121
22,sedacao_moderada,18,0.5237498544110943,0.7008816130020383
22,sedacao_moderada,19,0.5002813359252618,0.7026116392695168
22,sedacao_moderada,20,0.4907550028401037,0.7045789810336885
22,sedacao_moderada,21,0.5236010054566388,0.7053073659686743
22,sedacao_moderada,22,0.49348390033845635,0.7003160481457575
22,sedacao_moderada,23,0.5057887472401189,0.705522968335745
22,sedacao_moderada,24,0.5206736426856788,0.7090673657574528
22,sedacao_moderada,25,0.5050445024678409,0.711449619192275
22,sedacao_moderada,26,0.5072276204665231,0.7019769001791076
22,sedacao_moderada,27,0.5069795388757637,0.7037418304171089
22,sedacao_moderada,28,0.5121396359635577,0.6994209701185687
22,sedacao_moderada,29,0.5177462799147186,0.7084714396071083
22,sedacao_moderada,30,0.5299022778619259,0.7097714934169671
22,sedacao_moderada,31,0.4941785287925824,0.7028076474917381
22,sedacao_moderada,32,0.520921724276438,0.7072482867464461
22,sedacao_moderada,33,0.5136777418262657,0.7090181000644642
22,sedacao_moderada,34,0.506136061467182,0.7057852396215454
22,sedacao_moderada,35,0.5098076690104201,0.7029407985448904
22,sedacao_moderada,36,0.5177462799147186,0.7083727185112424
22,sedacao_moderada,37,0.5098076690104201,0.7068469435842145
22,sedacao_moderada,38,0.48693454634240996,0.7036421590787764
22,sedacao_moderada,39,0.5076245510117381,0.7091037206428524
22,recuperacao,0,0.5227575280480571,0.7156862659431444
22,recuperacao,1,0.49497238988301234,0.7111807818520721
22,recuperacao,2,0.49497238988301234,0.701922261795474
22,recuperacao,3,0.4918465618394448,0.7164620647442935
22,recuperacao,4,0.4620271546301735,0.7082707128823752
22,recuperacao,5,0.4795913312559339,0.7102225878148782
22,recuperacao,6,0.49462507565594915,0.7077767665339553
22,recuperacao,7,0.4693703697166496,0.7022154905590996
22,recuperacao,8,0.4794920986196302,0.7046090767488413
22,recuperacao,9,0.5049452698315372,0.7083972716899912
22,recuperacao,10,0.4968081936546313,0.7080630461756389
22,recuperacao,11,0.5219140506394754,0.7236558364969197
22,recuperacao,12,0.5090634242381421,0.7160163967488253
22,recuperacao,13,0.5015217438790587,0.7115238451859797
22,recuperacao,14,0.5074757020572824,0.7102025981554116
22,recuperacao,15,0.48936574593185156,0.7053699556367149
22,recuperacao,16,0.4977012873813649,0.7008730633678338
22,recuperacao,17,0.47596934003084773,0.6958407965186177
22,recuperacao,18,0.4443637453681093,0.7068484203647463
22,recuperacao,19,0.4777555274843149,0.7098156532820182
22,recuperacao,20,0.49189617815759673,0.709287237679018
22,recuperacao,21,0.509113040556294,0.7186176195842046
22,recuperacao,22,0.4926900392480264,0.7138936757277295
22,recuperacao,23,0.5136777418262656,0.7195284213883884
22,recuperacao,24,0.5164562556427703,0.7167584872804539
22,recuperacao,25,0.49546855306453086,0.7019787120672091
22,recuperacao,26,0.49120154970347046,0.7132100283234952
22,recuperacao,27,0.5071780041483712,0.7148998880675244
22,recuperacao,28,0.5049948861496891,0.7102502811488299
22,recuperacao,29,0.5008271154249324,0.7075019466113316
22,recuperacao,30,0.5068306899213082,0.7285686904375813
22,recuperacao,31,0.5043498740137149,0.7291434103659491
22,recuperacao,32,0.5105022974645465,0.7205005316362143
22,recuperacao,33,0.5284634046355215,0.7368295528908313
22,recuperacao,34,0.52761992722694,0.7317941980653075
22,recuperacao,35,0.5248910297285873,0.7301806004277933
22,recuperacao,36,0.5309938368612668,0.7239470809602696
22,recuperacao,37,0.5075749346935862,0.7139038872450554
22,recuperacao,38,0.5223109811846903,0.7242641632006638
23,basal,0,0.3506385203792349,0.6597383120797884
23,basal,1,0.3426006768386327,0.6482349385239634
23,basal,2,0.34150911783929166,0.6685458227171492
23,basal,3,0.35207739360563906,0.6634214236593883
23,basal,4,0.35173007937857603,0.6552663280946267
23,basal,5,0.35728710701158495,0.6532627878625739
23,basal,6,0.3560466990577883,0.6465147489223908
23,basal,7,0.35371473210465065,0.655971429670443
23,basal,8,0.3429976073838476,0.6272420270758443
23,basal,9,0.34483341115546673,0.6532908439587547
23,basal,10,0.3542108952861692,0.6517751265695573
23,basal,11,0.3439403174287331,0.6527332926815518
23,basal,12,0.35381396474095433,0.6545967606767341
23,basal,13,0.3625960530538346,0.6484653858088808
23,basal,14,0.3563940132848514,0.6445466537418091
23,basal,15,0.3412114199303805,0.6439544229214644
23,basal,16,0.352821638377917,0.6366413064945313
23,basal,17,0.35078736933369054,0.632312662211956
23,basal,18,0.34150911783929166,0.6347226680386545
23,basal,19,0.34284875842939205,0.6361782699572333
23,basal,20,0.3573863396478887,0.6423246125138211
23,basal,21,0.3506385203792349,0.6395263531930135
23,basal,22,0.36572188109740206,0.6474651629291857
23,basal,23,0.356542862239307,0.6532843105026628
23,basal,24,0.34136026888483606,0.6225760587116665
23,basal,25,0.3496461940161976,0.6200529356655872
23,basal,26,0.3427991421112402,0.6270636058849242
23,basal,27,0.34587535383665585,0.6329432087453022
23,basal,28,0.33724211447823127,0.6196279110773937
23,basal,29,0.34438686429209986,0.632010263011462
23,basal,30,0.348405786062401,0.6304596377875291
23,basal,31,0.3485546350168566,0.6261043087333245
23,basal,32,0.34359300320167,0.6239360211054888
23,basal,33,0.3549551400584473,0.6380728609138783
23,basal,34,0.3453295743369853,0.6207466855185622
23,basal,35,0.3392763835224577,0.6309643135115647
23,basal,36,0.3578825028294073,0.6401671427026117
23,basal,37,0.3533674178775876,0.6301352821011006
23,basal,38,0.35693979278452187,0.636954249701717
23,basal,39,0.3441883990194924,0.6314879030244012
23,basal,40,0.35242470783270213,0.6286279698683579
23,basal,41,0.34656998229078195,0.6350564085154172
23,sedacao_leve,0,0.39668246362416637,0.6734245394532754
23,sedacao_leve,1,0.37271778195681515,0.6532693988232664
23,sedacao_leve,2,0.3943504966710286,0.6713986078234893
23,sedacao_leve,3,0.39350701926244697,0.6761475000524654
23,sedacao_leve,4,0.3836829882683774,0.6710748616267613
23,sedacao_leve,5,0.3858164899489078,0.6700272697216672
23,sedacao_leve,6,0.38427838408619985,0.6593545040036889
23,sedacao_leve,7,0.380160229679595,0.6658618865786584
23,sedacao_leve,8,0.3925643092175615,0.6711072078788066
23,sedacao_leve,9,0.3749505162736491,0.6562897969631564
23,sedacao_leve,10,0.37827480958982407,0.6632389245758687
23,sedacao_leve,11,0.390877354400398,0.6745247386917148
23,sedacao_leve,12,0.38785075899313415,0.664536651339586
23,sedacao_leve,13,0.3915223665363723,0.6592149385704564
23,sedacao_leve,14,0.3715269903211704,0.6556462451989192
23,sedacao_leve,15,0.3821944987238215,0.6613145733134399
23,sedacao_leve,16,0.39271315817201713,0.660838860262862
23,sedacao_leve,17,0.3717750719119297,0.6568964994690069
23,sedacao_leve,18,0.4032318176202126,0.671035467279928
23,sedacao_leve,19,0.40705227411790634,0.6712393718973185
23,sedacao_leve,20,0.37832442590797594,0.6718468550749123
23,sedacao_leve,21,0.38909116694693097,0.6698800829096504
23,sedacao_leve,22,0.3856676409944522,0.6493840445699889
23,sedacao_leve,23,0.3950451251251548,0.6599106470909272
23,sedacao_leve,24,0.389438481173994,0.6641060440257265
23,sedacao_leve,25,0.4088880778895253,0.6698207545313977
23,sedacao_leve,26,0.41399855865916746,0.6804936169625844
23,sedacao_leve,27,0.41712438670273505,0.6778799263197901
23,sedacao_leve,28,0.40610956407302085,0.6746485244793408
23,sedacao_leve,29,0.3973770920782924,0.670155118930896
23,sedacao_leve,30,0.3965336146697107,0.6686966153467607
23,sedacao_leve,31,0.4049683887555279,0.6671593257953529
23,sedacao_leve,32,0.40605994775486887,0.6823433763732631
23,sedacao_leve,33,0.3997090590314301,0.6891748128097154
23,sedacao_leve,34,0.41191467329678916,0.6929675714904364
23,sedacao_leve,35,0.384973012540326,0.6543649729132529
23,sedacao_leve,36,0.38864462008356404,0.667692652887775
23,sedacao_leve,37,0.38561802467630035,0.6742798497718185
23,sedacao_leve,38,0.3918696807634353,0.6755011955302725
23,sedacao_leve,39,0.395739753579281,0.6698330992702667
23,sedacao_moderada,0,0.485148358888943,0.7011409039099917
23,sedacao_moderada,1,0.4772097479846444,0.6923894930746597
23,sedacao_moderada,2,0.45002000563742206,0.6937977493455879
23,sedacao_moderada,3,0.4644583542196148,0.6937006643081712
23,sedacao_moderada,4,0.48504912625263924,0.6994863805527738
23,sedacao_moderada,5,0.4769616663938851,0.6925673902858142
23,sedacao_moderada,6,0.48832380325066227,0.7069478585900205
23,sedacao_moderada,7,0.46366449312918495,0.6862836589493828
23,sedacao_moderada,8,0.47284351198728014,0.700405617457018
23,sedacao_moderada,9,0.4711069408519648,0.6919999399875866
23,sedacao_moderada,10,0.4550312537707604,0.6821541119322841
23,sedacao_moderada,11,0.48559490575230974,0.7046590556746353
23,sedacao_moderada,12,0.4672864843542712,0.6915621159380175
23,sedacao_moderada,13,0.47869823752920043,0.7041368506089505
23,sedacao_moderada,14,0.47413353625922866,0.7044474107809511
23,sedacao_moderada,15,0.4696680676255608,0.7063189450773695
23,sedacao_moderada,16,0.46951921867110524,0.6967599591431791
23,sedacao_moderada,17,0.45319544999914135,0.6996293925559529
23,sedacao_moderada,18,0.481774449254616,0.7046987029128777
23,sedacao_moderada,19,0.46048904876746555,0.7117586174190833
23,sedacao_moderada,20,0.44456221064071677,0.7104936126306446
23,sedacao_moderada,21,0.42322719383541446,0.686341896261423
23,sedacao_moderada,22,0.45002000563742206,0.7076067747414962
23,sedacao_moderada,23,0.4243683691529074,0.6996091453499559
23,sedacao_moderada,24,0.4177693988387092,0.6844226352470542
23,sedacao_moderada,25,0.4211929247911879,0.6857213410211398
23,sedacao_moderada,26,0.4028348870749977,0.6987189107388883
23,sedacao_moderada,27,0.41657860720306455,0.6645369928083615
23,sedacao_moderada,28,0.4190594231106577,0.6967405806788208
23,sedacao_moderada,29,0.4313146536941687,0.7037787583059912
23,sedacao_moderada,30,0.42888345410472717,0.701442403345847
23,sedacao_moderada,31,0.44381796586843875,0.6870263047736604
23,sedacao_moderada,32,0.432257363739054,0.6847616093655265
23,sedacao_moderada,33,0.4097811716162588,0.6945137205596157
23,sedacao_moderada,34,0.4308681068308018,0.6993539809215422
23,sedacao_moderada,35,0.38958733012844954,0.68448585436132
23,sedacao_moderada,36,0.39474742721624356,0.6823831448831142
23,sedacao_moderada,37,0.44570338595820974,0.6787488592547292
23,sedacao_moderada,38,0.43979904409813764,0.72932343403834
23,sedacao_moderada,39,0.4438675821865906,0.7198983587433707
23,sedacao_moderada,40,0.4198036678829357,0.6893047616000333
23,recuperacao,0,0.4471918755027656,0.7338681320297055
23,recuperacao,1,0.4546343232255454,0.7315980068708842
23,recuperacao,2,0.45676782490607565,0.7232651738821442
23,recuperacao,3,0.46907267180773843,0.7428300522879571
23,recuperacao,4,0.4460010838671209,0.7263758924655418
23,recuperacao,5,0.44585223491266524,0.7390341958686345
23,recuperacao,6,0.45135964622752234,0.7331081369315209
23,recuperacao,7,0.4683780433536123,0.7303727770914018
23,recuperacao,8,0.4804844249826675,0.7235323948300598
23,recuperacao,9,0.502811768151007,0.7460741420361283
23,recuperacao,10,0.4985447647899467,0.7531716763064029
23,recuperacao,11,0.488373419568814,0.7249418751054335
23,recuperacao,12,0.48306447352656456,0.7151238574145234
23,recuperacao,13,0.4964112631094163,0.7291046211983442
23,recuperacao,14,0.5100557506011795,0.7358317107942737
23,recuperacao,15,0.4926900392480264,0.729720902542764
23,recuperacao,16,0.48490027729818347,0.7409418874254077
23,recuperacao,17,0.48068289025527494,0.732793965456975
23,recuperacao,18,0.45473355586184916,0.7037312041240402
23,recuperacao,19,0.4041745276650981,0.7000342951734673
23,recuperacao,20,0.4227806469720476,0.7237168921682614
23,recuperacao,21,0.47492739734965855,0.7127042599825912
23,recuperacao,22,0.42759342983277876,0.6952462950687862
23,recuperacao,23,0.42426913651660364,0.6943439395566317
23,recuperacao,24,0.4096819389799551,0.7104225696167757
23,recuperacao,25,0.4389555666895558,0.7065473770727783
23,recuperacao,26,0.468477275989916,0.7253844351758909
23,recuperacao,27,0.4369212976453294,0.7167576384848501
23,recuperacao,28,0.44014635832520066,0.7048152688923941
23,recuperacao,29,0.4310665721034092,0.7353213033876511
23,recuperacao,30,0.43498626123740664,0.7409864625021471
23,recuperacao,31,0.42674995242419694,0.7174657060331827
23,recuperacao,32,0.4111704285245112,0.7059689234988215
23,recuperacao,33,0.3982205694868741,0.6833321623091274
23,recuperacao,34,0.4097315552981071,0.6999106347292446
23,recuperacao,35,0.4249637649707298,0.7118802768728555
23,recuperacao,36,0.43027271101297937,0.7245623856747339
23,recuperacao,37,0.4366235997364182,0.72961224490697
23,recuperacao,38,0.4383601708717335,0.7013212624728508
23,recuperacao,39,0.45011923827372563,0.7299055329828723
24,basal,0,0.4014952464848973,0.6815598334097973
24,basal,1,0.3802098459977469,0.6726783546475265
24,basal,2,0.3632410651898089,0.6550121612398666
24,basal,3,0.38978579540105707,0.6571905283209931
24,basal,4,0.3976251736690517,0.6520549028697536
24,basal,5,0.39291162344462455,0.6535878394802215
24,basal,6,0.3665653585059838,0.6421188615019988
24,basal,7,0.3803586949522024,0.6491496452588861
24,basal,8,0.3828395108597956,0.6484735726713289
24,basal,9,0.3829387434960995,0.6537370102334797
24,basal,10,0.38492339622217414,0.6434586237853234
24,basal,11,0.38403030249544057,0.661809048209635
24,basal,12,0.3640349262802387,0.6519150170931399
24,basal,13,0.39132390126376493,0.6548357658359324
24,basal,14,0.38189680081491034,0.638700564017387
24,basal,15,0.37817557695352033,0.6476873479524784
24,basal,16,0.38804922426574157,0.6459003554363915
24,basal,17,0.39226661130865026,0.6479949571928599
24,basal,18,0.38204564976936595,0.6570057513772465
24,basal,19,0.35088660196999427,0.6718079358344448
24,basal,20,0.36031370241884875,0.6592447438683173
24,basal,21,0.32935311989208454,0.6638334129940293
24,basal,22,0.34136026888483606,0.6637024253603767
24,basal,23,0.3641837752346943,0.6584062436467766
24,basal,24,0.3662676605970726,0.6786297956444914
24,sedacao_leve,0,0.4324062126935096,0.7130515765099202
24,sedacao_leve,1,0.4024875728479346,0.6741488558555158
24,sedacao_leve,2,0.43721899555424054,0.6867065986822303
24,sedacao_leve,3,0.4224829490631365,0.6683624309920964
24,sedacao_leve,4,0.41563589715817906,0.6690065104499885
24,sedacao_leve,5,0.4243187528347555,0.6775030063781261
24,sedacao_leve,6,0.4339939348743694,0.6818635990322965
24,sedacao_leve,7,0.4126589180690671,0.6657187060413212
24,sedacao_leve,8,0.4075980536175767,0.6959209050677116
24,sedacao_leve,9,0.4499703893192701,0.7008786257313275
24,sedacao_leve,10,0.4453064554129947,0.6965766938418934
24,sedacao_leve,11,0.40997963688886624,0.6869269258549429
24,sedacao_leve,12,0.43806247296282236,0.6910124361731607
24,sedacao_leve,13,0.4464972470486394,0.6943354801246356
24,sedacao_leve,14,0.4131550812505857,0.678276123257089
24,sedacao_leve,15,0.4323565963753578,0.6946438872591246
24,sedacao_leve,16,0.4432225700506163,0.7003297227907751
24,sedacao_leve,17,0.4331008411476357,0.6810418489107276
24,sedacao_leve,18,0.42754381351462684,0.6819567753444293
24,sedacao_leve,19,0.4351847265100141,0.6865013373864609
24,sedacao_leve,20,0.3781259606353686,0.6590444013217988
24,sedacao_leve,21,0.42962769887700525,0.6744101785627072
24,sedacao_leve,22,0.4162809092941533,0.6698027569260188
24,sedacao_leve,23,0.41022771847962564,0.6718212134443284
24,sedacao_leve,24,0.4251622302433372,0.6734989036996956
24,sedacao_leve,25,0.41677707247567203,0.6760388865181494
24,sedacao_leve,26,0.3979724878961149,0.6792507544272561
24,sedacao_leve,27,0.43037194364928316,0.6871875329217886
24,sedacao_leve,28,0.42322719383541446,0.6772148130007042
24,sedacao_leve,29,0.43002462942222014,0.7050051420389579
24,sedacao_leve,30,0.45423739268033053,0.7041674114978548
24,sedacao_leve,31,0.4568174412242275,0.7074448509386825
24,sedacao_leve,32,0.47011461448892766,0.7040024400071375
24,sedacao_leve,33,0.43840978718988544,0.6862385237220262
24,sedacao_leve,34,0.43240621269350965,0.693128953771924
24,sedacao_leve,35,0.4327039106024209,0.6832393285327005
24,sedacao_leve,36,0.4351351101918622,0.7025101847146252
24,sedacao_moderada,0,0.45984403663149154,0.6866846662107814
24,sedacao_moderada,1,0.44972230772851074,0.6868773315008331
24,sedacao_moderada,2,0.4430737210961607,0.6817993777546303
24,sedacao_moderada,3,0.43126503737601674,0.680182927499619
24,sedacao_moderada,4,0.4301238620585239,0.6711020192525702
24,sedacao_moderada,5,0.46073713035822494,0.6984381310990909
24,sedacao_moderada,6,0.46133252617604736,0.7013173858860674
24,sedacao_moderada,7,0.4413371499608455,0.7005940869488152
24,sedacao_moderada,8,0.4321085147845985,0.6818176907695259
24,sedacao_moderada,9,0.4421310110512753,0.6870388996408447
24,sedacao_moderada,10,0.4406425215067193,0.6975246925929915
24,sedacao_moderada,11,0.4324062126935096,0.6805555460533074
24,sedacao_moderada,12,0.4431233374143126,0.6920916319827688
24,sedacao_moderada,13,0.4526496704994708,0.693173434011441
24,sedacao_moderada,14,0.469965765534472,0.7062867958798085
24,sedacao_moderada,15,0.5115442401457354,0.7338858918601222
24,sedacao_moderada,16,0.47110694085196486,0.7250156869052471
24,sedacao_moderada,17,0.4528481357720783,0.7229740413863829
24,sedacao_moderada,18,0.46197753831202165,0.7191452731468155
24,sedacao_moderada,19,0.43379546960176185,0.7218550825310951
24,sedacao_moderada,20,0.43726861187239247,0.7158883389358736
24,sedacao_moderada,21,0.4450087575040836,0.7283765146147966
24,sedacao_moderada,22,0.48008749443745263,0.7018615593338103
24,sedacao_moderada,23,0.4475888060479805,0.7154407067401828
24,sedacao_moderada,24,0.4469437939120063,0.7232497377407772
24,sedacao_moderada,25,0.42893307042287904,0.7108701452204149
24,sedacao_moderada,26,0.38502262885847793,0.6985167590080948
24,sedacao_moderada,27,0.44332180268692006,0.69276019624957
24,sedacao_moderada,28,0.39132390126376476,0.6854807981781293
24,sedacao_moderada,29,0.3896369464466015,0.6632441269154634
24,sedacao_moderada,30,0.3928620071264726,0.677357553100571
24,sedacao_moderada,31,0.3865607347211858,0.670563849230704
24,sedacao_moderada,32,0.3834349066776183,0.6681593098022869
24,sedacao_moderada,33,0.394598578261788,0.6741382480839632
24,sedacao_moderada,34,0.3839806861772887,0.6599552176343546
24,sedacao_moderada,35,0.3993617448043671,0.6733959402635048
24,sedacao_moderada,36,0.38715613053900816,0.6775851187238129
24,sedacao_moderada,37,0.3806067765429619,0.6875777876671362
24,recuperacao,0,0.40328143393836446,0.6833287533033922
24,recuperacao,1,0.41246045279645965,0.6814464861138659
24,recuperacao,2,0.401247164894138,0.6613136177502166
24,recuperacao,3,0.3959382188518884,0.6484570452735459
24,recuperacao,4,0.3962855330789515,0.6505333199850589
24,recuperacao,5,0.39117505230930927,0.6433993276843641
24,recuperacao,6,0.3875034447660712,0.6437444661780797
24,recuperacao,7,0.3844768493588072,0.6444475894282261
24,recuperacao,8,0.3879003753112861,0.6458993808237466
24,recuperacao,9,0.3935566355805989,0.6397244459669627
24,recuperacao,10,0.3831868250868588,0.6432059116272062
24,recuperacao,11,0.3955909046248254,0.645880873607265
24,recuperacao,12,0.3671607543238061,0.6658965333512586
24,recuperacao,13,0.3797136828162282,0.7077026328914823
24,recuperacao,14,0.40541493561889475,0.668107251156695
24,recuperacao,15,0.4155366645218753,0.6637634569794812
24,recuperacao,16,0.39539243935221796,0.6488444692414009
24,recuperacao,17,0.4182655620202279,0.6566967043442995
24,recuperacao,18,0.412658918069067,0.6592541707537409
24,recuperacao,19,0.38551879203999645,0.6501701803198249
24,recuperacao,20,0.40447222557400925,0.6549872593118665
24,recuperacao,21,0.3995105937588226,0.6476171181482852
24,recuperacao,22,0.40943385738919585,0.6509641237035787
24,recuperacao,23,0.39931212848621517,0.6601779472500126
24,recuperacao,24,0.3863126531304264,0.6475196468127574
24,recuperacao,25,0.40849114734431036,0.6574297402565044
24,recuperacao,26,0.403479899210972,0.6528882029414496
24,recuperacao,27,0.40060215275816374,0.6518137705998706
24,recuperacao,28,0.39464819457993977,0.6618346107811816
24,recuperacao,29,0.38879346903801976,0.6358705671050353
24,recuperacao,30,0.4092353921165883,0.6615020048075488
24,recuperacao,31,0.3919689133997391,0.6651632185989896
24,recuperacao,32,0.38651111840303387,0.6520363850719535
24,recuperacao,33,0.39464819457993977,0.6578519529832041
24,recuperacao,34,0.3954916719885216,0.6671104448923405
24,recuperacao,35,0.3786717401350391,0.6546601981298594
24,recuperacao,36,0.40085023434892303,0.6815666998535993
24,recuperacao,37,0.3985182673957854,0.6632949427182677
24,recuperacao,38,0.4138993260228637,0.66751288265688
24,recuperacao,39,0.4404440562341119,0.6796493139854188
24,recuperacao,40,0.4202998310644544,0.6793757571209426
25,basal,0,0.4942777614288862,0.7550120540431977
25,basal,1,0.4954189367463791,0.7574317081421679
25,basal,2,0.48375910198069066,0.7530888551174351
25,basal,3,0.46664147221829694,0.7519567391079441
25,basal,4,0.4532946826354451,0.7467301597507431
25,basal,5,0.4640614236743999,0.7459940505476625
25,basal,6,0.5108992280097612,0.7430943858040929
25,basal,7,0.48430488148036116,0.7515444260225322
25,basal,8,0.5144716029166956,0.7474025062867307
25,basal,9,0.5057391309219672,0.7491571945235252
25,basal,10,0.49646087942756834,0.7478565656928597
25,basal,11,0.5054414330130559,0.755222526001771
25,basal,12,0.5189866878685153,0.7554200734134549
25,basal,13,0.4904076886130407,0.7513682390595458
25,basal,14,0.49144963129422975,0.7445647818232534
25,basal,15,0.5060368288308783,0.747614243281039
25,basal,16,0.4775074458935556,0.7546463131982576
25,basal,17,0.49517085515561976,0.7525093401411677
25,basal,18,0.5019186744242734,0.7574292902277695
25,basal,19,0.4945754593377973,0.7641436032168283
25,basal,20,0.49269003924802657,0.7613810327713822
25,basal,21,0.46490490108298166,0.7613476695108484
25,basal,22,0.4812286697549456,0.7574563191773872
25,basal,23,0.5021667560150329,0.764704868744967
25,basal,24,0.5257841234553208,0.7525825676451904
25,basal,25,0.52389870336555,0.7626417211291198
25,basal,26,0.5510388293946206,0.7677689860321487
25,basal,27,0.5514853762579873,0.7632105229065342
25,basal,28,0.5221125159120829,0.7534492957619526
25,basal,29,0.5284634046355217,0.7512260804699611
25,basal,30,0.5419094268546772,0.7535671948501992
25,basal,31,0.5392797619926284,0.7563497743902083
25,basal,32,0.5469702913061676,0.7573492784597405
25,basal,33,0.5338219669959231,0.7497421837346911
25,basal,34,0.523501772820335,0.7546367473280694
25,basal,35,0.5415621126276141,0.765683137535115
25,basal,36,0.5251887276374986,0.764567702652005
25,sedacao_leve,0,0.5106511464190019,0.732972969572077
25,sedacao_leve,1,0.5077237836480417,0.7360456595111837
25,sedacao_leve,2,0.5136281255081139,0.7363291541572645
25,sedacao_leve,3,0.5558019959371996,0.7526471402332061
25,sedacao_leve,4,0.5792208981048802,0.7553097412910402
25,sedacao_leve,5,0.5226086790936015,0.7506183055446216
25,sedacao_leve,6,0.5428521368995627,0.7471153089833359
25,sedacao_leve,7,0.5463252791701932,0.7560563383018611
25,sedacao_leve,8,0.5597713013893489,0.757930170202273
25,sedacao_leve,9,0.5577370323451224,0.751484325107204
25,sedacao_leve,10,0.5493022582593052,0.7468411473806678
25,sedacao_leve,11,0.5374439582210094,0.7406094029982897
25,sedacao_leve,12,0.559721685071197,0.756520231750683
25,sedacao_leve,13,0.5468214423517119,0.7469589597343023
25,sedacao_leve,14,0.5687518549748366,0.7561614442583972
25,sedacao_leve,15,0.5834382851477888,0.7556976475359604
25,sedacao_leve,16,0.5776827922421723,0.7550685905940665
25,sedacao_leve,17,0.5287611025444328,0.7346028653935832
25,sedacao_leve,18,0.5606643951160826,0.7528057643039114
25,sedacao_leve,19,0.5632940599781313,0.7449263221114528
25,sedacao_leve,20,0.5382378193114392,0.7439488238866002
25,sedacao_leve,21,0.5369974113576426,0.734506043111462
25,sedacao_leve,22,0.5331273385417971,0.7416173729963201
25,sedacao_leve,23,0.5690991692018996,0.7559190089893031
25,sedacao_leve,24,0.5669656675213695,0.7599499979757179
25,sedacao_leve,25,0.5605155461616269,0.7508314817663658
25,sedacao_leve,26,0.5623017336150942,0.7502677341378191
25,sedacao_leve,27,0.5430009858540183,0.7398985966552775
25,sedacao_leve,28,0.5681068428388624,0.7499154051612549
25,sedacao_leve,29,0.5377416561299206,0.7390957989425135
25,sedacao_leve,30,0.5638398394778019,0.7491501794628528
25,sedacao_leve,31,0.5295053473167108,0.7524739270852385
25,sedacao_leve,32,0.5491534093048496,0.7428420403389354
25,sedacao_leve,33,0.535360072858631,0.7379790678534514
25,sedacao_leve,34,0.532035779542456,0.7396981525387103
25,sedacao_leve,35,0.5457794996705227,0.7434076921123097
25,sedacao_leve,36,0.5522792373484171,0.7498774721270571
25,sedacao_leve,37,0.546077197579434,0.749521699253017
25,sedacao_leve,38,0.5498480377589758,0.7539183262774356
25,sedacao_moderada,0,0.5359058523583015,0.7230313546692868
25,sedacao_moderada,1,0.5352112239041755,0.7222451649397141
25,sedacao_moderada,2,0.5083191794658641,0.714814890157266
25,sedacao_moderada,3,0.5031590823780702,0.7190411089766834
25,sedacao_moderada,4,0.46862612494437167,0.705807760683146
25,sedacao_moderada,5,0.4524015889087115,0.7006874587210092
25,sedacao_moderada,6,0.4660956927186264,0.7036861829725616
25,sedacao_moderada,7,0.4193075047014171,0.6798431609952394
25,sedacao_moderada,8,0.4613325261760472,0.6911271486493001
25,sedacao_moderada,9,0.4569662901786832,0.6890344908437547
25,sedacao_moderada,10,0.44019597464335253,0.6840775001970828
25,sedacao_moderada,11,0.46430950526515935,0.6835034714599589
25,sedacao_moderada,12,0.4572143717694426,0.6864028470120981
25,sedacao_moderada,13,0.40670495989084315,0.6722418634840319
25,sedacao_moderada,14,0.4413371499608455,0.6656357250002234
25,sedacao_moderada,15,0.4312650373760167,0.6640162422370106
25,sedacao_moderada,16,0.4398486604162895,0.670475377194822
25,sedacao_moderada,17,0.42779189510538607,0.6669482074625402
25,sedacao_moderada,18,0.4257576260611596,0.6730131701100894
25,sedacao_moderada,19,0.43017347837667563,0.67121211448263
25,sedacao_moderada,20,0.4121627548875484,0.6708856233589453
25,sedacao_moderada,21,0.5300015104982294,0.7525190960910438
25,sedacao_moderada,22,0.5632444436599794,0.7456096869919214
25,sedacao_moderada,23,0.5432490674447776,0.7534297542368228
25,sedacao_moderada,24,0.5259825887279285,0.746211031430878
25,sedacao_moderada,25,0.5019186744242735,0.7270222855075462
25,sedacao_moderada,26,0.5010255806975399,0.723533510043062
25,sedacao_moderada,27,0.4970562752453907,0.7188394370658814
25,sedacao_moderada,28,0.46416065631070363,0.7237976111090298
25,sedacao_moderada,29,0.4520542746816485,0.7242193613296527
25,sedacao_moderada,30,0.4387074850987966,0.693835659913513
25,sedacao_moderada,31,0.42114330847303605,0.6909727109880971
25,sedacao_moderada,32,0.4394021135529226,0.697793947040188
25,sedacao_moderada,33,0.4145939544769899,0.6908657850829749
25,sedacao_moderada,34,0.42913153569548645,0.6931894547806378
25,sedacao_moderada,35,0.3955909046248254,0.7174027934758906
25,recuperacao,0,0.4956174020189865,0.7359095581797681
25,recuperacao,1,0.520574410049375,0.7397463857278933
25,recuperacao,2,0.5102542158737869,0.7313323628861238
25,recuperacao,3,0.5322838611332152,0.7505466826354161
25,recuperacao,4,0.519036304186667,0.739492503639194
25,recuperacao,5,0.5328296406328858,0.7590593601705424
25,recuperacao,6,0.5134792765536581,0.7415050386989629
25,recuperacao,7,0.5053918166949041,0.7440783725267667
25,recuperacao,8,0.48569413838861336,0.7376015560595968
25,recuperacao,9,0.5239979360018537,0.7461186798984961
25,recuperacao,10,0.4909534681127112,0.7271946186575035
25,recuperacao,11,0.5054910493312077,0.734629078358726
25,recuperacao,12,0.5041017924229556,0.7356733073461493
25,recuperacao,13,0.5069299225576119,0.7283886680068261
25,recuperacao,14,0.5130327296902913,0.7394260288321188
25,recuperacao,15,0.5014721275609066,0.7369245379686602
25,recuperacao,16,0.48529720784339836,0.7288207193117577
25,recuperacao,17,0.5274214619543325,0.7427912146405115
25,recuperacao,18,0.5272229966817249,0.7572538972504876
25,recuperacao,19,0.5302992084071407,0.7435005866966126
25,recuperacao,20,0.48559490575230974,0.7382133954533598
25,recuperacao,21,0.49060615388564804,0.7265245838911425
25,recuperacao,22,0.508021481556953,0.7397025248857938
25,recuperacao,23,0.5217652016850197,0.7533229270458528
25,recuperacao,24,0.49581586729159405,0.7375335654791416
25,recuperacao,25,0.5026629191965515,0.7362983050024954
25,recuperacao,26,0.459992885585947,0.72067538698389
25,recuperacao,27,0.516902802506137,0.7524044635509405
25,recuperacao,28,0.5056895146038152,0.7426014897574879
25,recuperacao,29,0.5221125159120827,0.7533240944566221
25,recuperacao,30,0.4342420164651286,0.6987656147298005
25,recuperacao,31,0.5132808112810509,0.7411072636977707
25,recuperacao,32,0.5000332543345025,0.7444834843567072
25,recuperacao,33,0.530894604224963,0.7552607642695048
26,basal,0,0.4598936529496433,0.6965420647350562
26,basal,1,0.4425279415964903,0.6988594518437615
26,basal,2,0.43821132191727785,0.685224671815343
26,basal,3,0.4398486604162895,0.6884664572980289
26,basal,4,0.4267499524241969,0.6806111694499731
26,basal,5,0.4424783252783384,0.6872241305594151
26,basal,6,0.436325901827507,0.6834937190243335
26,basal,7,0.43672283237272197,0.6928024911457292
26,basal,8,0.4256087771067041,0.6762654073588359
26,basal,9,0.4288338377865753,0.6717455628632022
26,basal,10,0.42362412438062946,0.6679846123711581
26,basal,11,0.42714688296941195,0.6837974547474658
26,basal,12,0.45294736840838196,0.6905648857783768
26,basal,13,0.4402952072796562,0.6821760819181113
26,basal,14,0.43716937923608873,0.681564640858393
26,basal,15,0.4306200252400425,0.6851756237544874
26,basal,16,0.4277422787872344,0.6859474196168586
26,basal,17,0.4165289908849127,0.6807749325398245
26,basal,18,0.4392532645984671,0.6905554406238522
26,basal,19,0.44113868468823797,0.6802638522848982
26,basal,20,0.43141388633047234,0.6853668741365498
26,basal,21,0.4123612201601559,0.6727349069442596
26,basal,22,0.45046655250078876,0.6970673865187247
26,basal,23,0.45369161318066,0.6937788432914603
26,basal,24,0.4318604331938391,0.6992640785024925
26,basal,25,0.43320007378393943,0.688233627486642
26,basal,26,0.4229294959265033,0.673532103192555
26,basal,27,0.42451721810736304,0.6826506293734937
26,basal,28,0.4206967616096694,0.6741358322291556
26,basal,29,0.4324558290116615,0.6859580414479042
26,basal,30,0.4350854938737103,0.6825900114660826
26,basal,31,0.4240210549258444,0.6739664014872626
26,basal,32,0.43052079260373877,0.678140629830537
26,basal,33,0.4320092821482947,0.6794910755816755
26,basal,34,0.4247652996981223,0.6892268982589483
26,basal,35,0.44396681482289435,0.6920759167625679
26,basal,36,0.42560877710670414,0.6833196485508546
26,basal,37,0.4157847461126346,0.6758274617426396
26,basal,38,0.4298757804677645,0.6924958876272728
26,basal,39,0.4448599085496279,0.6956799176477
26,basal,40,0.4388563340532522,0.6960280863263902
26,basal,41,0.4390051830077078,0.693457142939481
26,sedacao_leve,0,0.459248640813669,0.6983719390599018
26,sedacao_leve,1,0.44416528009550177,0.6860467755925314
26,sedacao_leve,2,0.4294788499225495,0.6676171316328151
26,sedacao_leve,3,0.41737246829349434,0.6703602424607796
26,sedacao_leve,4,0.42942923360439766,0.6771997305730407
26,sedacao_leve,5,0.4283376746050566,0.6697363261970748
26,sedacao_leve,6,0.41285738334167454,0.6699001689214845
26,sedacao_leve,7,0.4357305060096846,0.6830847032451567
26,sedacao_leve,8,0.43404355119252114,0.6760757377680354
26,sedacao_leve,9,0.43453971437403993,0.6784035602490581
26,sedacao_leve,10,0.41513973397666043,0.670883410319869
26,sedacao_leve,11,0.44545530436745023,0.6807759082732091
26,sedacao_leve,12,0.4255591607885521,0.6727870951661808
26,sedacao_leve,13,0.42362412438062946,0.6713852791552781
26,sedacao_leve,14,0.4142466402499268,0.6730640071126063
26,sedacao_leve,15,0.45150849518197783,0.6858164968491876
26,sedacao_leve,16,0.4336466206473062,0.6714302830946425
26,sedacao_leve,17,0.4135520117958006,0.6709204994659338
26,sedacao_leve,18,0.42044868001891,0.6857562473260124
26,sedacao_leve,19,0.4418333131423641,0.7188463851563809
26,sedacao_leve,20,0.4399478930525933,0.7046690371705231
26,sedacao_leve,21,0.4632675625839701,0.6830349127417953
26,sedacao_leve,22,0.4441652800955019,0.6844405563405411
26,sedacao_leve,23,0.44466144327702045,0.7050233471640333
26,sedacao_leve,24,0.44203177841497165,0.7213362003110783
26,sedacao_leve,25,0.43324969010209136,0.7247953991470092
26,sedacao_leve,26,0.4097811716162588,0.7156923549973707
26,sedacao_leve,27,0.45418777636217866,0.6851621933711816
26,sedacao_leve,28,0.4465468633667914,0.6863988511000253
26,sedacao_leve,29,0.44356988427767935,0.6934347701668614
26,sedacao_leve,30,0.4580578491780243,0.710292740293153
26,sedacao_leve,31,0.4445125943225649,0.6859702757428877
26,sedacao_leve,32,0.469221520762194,0.6897174732228144
26,sedacao_leve,33,0.46391257471994435,0.7052304827537564
26,sedacao_leve,34,0.4525504378631672,0.6849714740879677
26,sedacao_leve,35,0.4398982767344414,0.703833568696638
26,sedacao_leve,36,0.4210440758367324,0.7374324485771563
26,sedacao_leve,37,0.4117658243423335,0.7173214915364324
26,sedacao_leve,38,0.42094484320042863,0.7056997309512302
26,sedacao_leve,39,0.4332993064202432,0.6774043397465888
26,sedacao_leve,40,0.44257755791464204,0.6769424216020051
26,sedacao_leve,41,0.4332000737839395,0.7231103396786762
26,sedacao_moderada,0,0.4635652604928814,0.6955759978765688
26,sedacao_moderada,1,0.4735381404414064,0.6890123179585468
26,sedacao_moderada,2,0.4467949449575507,0.6790436782800733
26,sedacao_moderada,3,0.4408409867793268,0.673243516043206
26,sedacao_moderada,4,0.4471422591846138,0.6763391285294887
26,sedacao_moderada,5,0.42630340556083013,0.6678552746698581
26,sedacao_moderada,6,0.4327535269205728,0.6779320286593087
26,sedacao_moderada,7,0.43915403196216346,0.675431659701572
26,sedacao_moderada,8,0.45036731986448497,0.7022690413721605
26,sedacao_moderada,9,0.4585043960413909,0.7107860831588387
26,sedacao_moderada,10,0.4539893110895713,0.6927034270571929
26,sedacao_moderada,11,0.4200517494736951,0.6910364546218096
26,sedacao_moderada,12,0.43885633405325214,0.7079370638096241
26,sedacao_moderada,13,0.41087273061559987,0.6807423031689669
26,sedacao_moderada,14,0.4410394520519343,0.6898948529570732
26,sedacao_moderada,15,0.4406425215067193,0.6890931902768359
26,sedacao_moderada,16,0.41136889379711855,0.6827490882149347
26,sedacao_moderada,17,0.4223341001086809,0.6759042083713178
26,sedacao_moderada,18,0.38298835981425144,0.6819323918304017
26,sedacao_moderada,19,0.4546343232255454,0.6916347232768584
26,sedacao_moderada,20,0.4345893306921917,0.6809932685312415
26,sedacao_moderada,21,0.4188113415198984,0.698691447732037
26,sedacao_moderada,22,0.4419325457786677,0.6834681609653075
26,sedacao_moderada,23,0.4351847265100141,0.6800314070197163
26,sedacao_moderada,24,0.42526146287964095,0.6971296867582564
26,sedacao_moderada,25,0.4276926624690824,0.6925370863332502
26,sedacao_moderada,26,0.41201390593309284,0.6819110271725151
26,sedacao_moderada,27,0.431910049511991,0.6799495173809963
26,sedacao_moderada,28,0.44272640686909764,0.6861586620506726
26,sedacao_moderada,29,0.41776939883870934,0.6761855466388058
26,sedacao_moderada,30,0.37926713595286154,0.6633366333389235
26,sedacao_moderada,31,0.3232006964412532,0.6605767016446603
26,sedacao_moderada,32,0.4243683691529074,0.6967186265533079
26,sedacao_moderada,33,0.4052164703462872,0.6806295263414787
26,sedacao_moderada,34,0.4209944595185806,0.675889319696323
26,sedacao_moderada,35,0.43255506164796526,0.6776676854987462
26,sedacao_moderada,36,0.40794536784463986,0.6795572127774488
26,sedacao_moderada,37,0.4102773347977775,0.676532870291062
26,sedacao_moderada,38,0.4148420360677492,0.6871761176255333
26,sedacao_moderada,39,0.38398068617728875,0.6777168887729487
26,recuperacao,0,0.4203494473826063,0.6739329945571799
26,recuperacao,1,0.42198678588161787,0.6634628294081175
26,recuperacao,2,0.408243065753551,0.6599387582659381
26,recuperacao,3,0.4092850084347403,0.6588302469713081
26,recuperacao,4,0.4018425607119604,0.6626233384727028
26,recuperacao,5,0.406407261981932,0.6543614317261383
26,recuperacao,6,0.39732747576014055,0.6556960966637584
26,recuperacao,7,0.3948466598525473,0.6587186171529813
26,recuperacao,8,0.4146931871132935,0.6658937880511745
26,recuperacao,9,0.4161320603396976,0.6690617473881477
26,recuperacao,10,0.41409779129547114,0.6661622717862525
26,recuperacao,11,0.3991632795317597,0.6585208305355911
26,recuperacao,12,0.4017929443938086,0.6570486235208319
26,recuperacao,13,0.40610956407302085,0.6610683164186755
26,recuperacao,14,0.398667116350241,0.6641954849098105
26,recuperacao,15,0.4039760623924906,0.6578267183357834
26,recuperacao,16,0.4001556058947969,0.6608487626278048
26,recuperacao,17,0.40432337661955364,0.662737605209549
26,recuperacao,18,0.40586148248226145,0.6664326375490042
26,recuperacao,19,0.4140481749773193,0.6701910986561989
26,recuperacao,20,0.39866711635024105,0.6588811442911781
26,recuperacao,21,0.4026364218023901,0.6642223651650839
26,recuperacao,22,0.41747170092979813,0.6678173675759648
26,recuperacao,23,0.4006517690763156,0.6628404290534247
26,recuperacao,24,0.40318220130206084,0.667281006917648
26,recuperacao,25,0.40695304148160255,0.6676635257740559
26,recuperacao,26,0.41360162811395257,0.6690512401798991
26,recuperacao,27,0.41260930175091515,0.6646203983406784
26,recuperacao,28,0.41251006911461147,0.6718398600171063
26,recuperacao,29,0.41082311429744806,0.6651147744708982
26,recuperacao,30,0.4264026381971339,0.6764070346382408
26,recuperacao,31,0.4071515067542101,0.6661298051280689
26,recuperacao,32,0.3970297778512294,0.6585923311346289
26,recuperacao,33,0.4103269511159293,0.6624219550832625
26,recuperacao,34,0.40968193897995525,0.6703070921743627
26,recuperacao,35,0.42511261392518535,0.6711966096310648
26,recuperacao,36,0.39276277449016883,0.6628791276596551
26,recuperacao,37,0.40343028289282007,0.6649715984233767
26,recuperacao,38,0.39440011298918054,0.6647243381717826
26,recuperacao,39,0.4262537892426782,0.6819961363162832
26,recuperacao,40,0.4130558486142821,0.6729778840593313
27,basal,0,0.36095871455482303,0.6891444473775155
27,basal,1,0.3787213564531909,0.6708456045778748
27,basal,2,0.33848252243202787,0.6700130756603323
27,basal,3,0.3605617840096081,0.6450391390296434
27,basal,4,0.3665653585059839,0.6757409646769164
27,basal,5,0.3648784036888204,0.681843663391456
27,basal,6,0.3477111576082749,0.6573739786643022
27,basal,7,0.3663172769152245,0.6632411532560935
27,basal,8,0.37147737400301856,0.6676746479966953
27,basal,9,0.38348452299577,0.6616578200438302
27,basal,10,0.3325781805719558,0.681576556935437
27,basal,11,0.3728666309112707,0.6800472005869926
27,basal,12,0.39077812176409427,0.674634786587516
27,basal,13,0.38353413931392194,0.6767516943260127
27,basal,14,0.38586610626705964,0.6783734565839006
27,basal,15,0.38586610626705964,0.6677392239177206
27,basal,16,0.37901905436210204,0.6724766590144483
27,basal,17,0.3464707496544782,0.681660636349799
27,basal,18,0.39395356612581367,0.6703305805453134
27,basal,19,0.3642333915528461,0.6712507622910387
27,basal,20,0.387602677402375,0.6740812378676486
27,basal,21,0.3773320995449388,0.6664687767248956
27,basal,22,0.3874538284479193,0.6742554101458174
27,basal,23,0.3729658635475745,0.6748861559093656
27,basal,24,0.39479704353439543,0.6787077970516172
27,basal,25,0.3784236585442797,0.6699416079434622
27,basal,26,0.3796640664980763,0.6783815124282118
27,basal,27,0.35768403755679984,0.68450087524216
27,basal,28,0.3734620267290931,0.6782548477138541
27,basal,29,0.3591725271013559,0.6660899144002288
27,basal,30,0.3684507785957547,0.6711394783663823
27,basal,31,0.36348914678056815,0.6814984689830782
27,basal,32,0.38790037531128607,0.6771445687480269
27,basal,33,0.3893888648558421,0.6730555045822256
27,basal,34,0.38164871922415106,0.6636986953031379
27,basal,35,0.38417915144989623,0.6705105046772255
27,basal,36,0.3765878547726606,0.6858135013250176
27,basal,37,0.3665653585059838,0.6920268590057512
27,sedacao_leve,0,0.4990409279714654,0.7380946803709779
27,sedacao_leve,1,0.478102841711378,0.7240684350932192
27,sedacao_leve,2,0.4692711370803458,0.7146641710695176
27,sedacao_leve,3,0.4773585969390998,0.7233445526006251
27,sedacao_leve,4,0.47467931575889905,0.7206075592496904
27,sedacao_leve,5,0.47214888353315404,0.7193330732527644
27,sedacao_leve,6,0.46440873790146303,0.7187486286316953
27,sedacao_leve,7,0.4946746919741012,0.7248806986978724
27,sedacao_leve,8,0.48867111747772535,0.725468509406404
27,sedacao_leve,9,0.4823698450724384,0.7260631730936529
27,sedacao_leve,10,0.48574375470676523,0.7256408109961809
27,sedacao_leve,11,0.4769120500757332,0.7243302799077876
27,sedacao_leve,12,0.48286600825395704,0.7270546369820055
27,sedacao_leve,13,0.4582066981324798,0.7296484711153313
27,sedacao_leve,14,0.4789463191199597,0.7269241417763785
27,sedacao_leve,15,0.48346140407177945,0.7259789349088994
27,sedacao_leve,16,0.4960143325642014,0.7263893318294115
27,sedacao_leve,17,0.48921689697739584,0.730744989331099
27,sedacao_leve,18,0.48455296307112045,0.7224934923329461
27,sedacao_leve,19,0.4664926232638414,0.7204353492944503
27,sedacao_leve,20,0.5113457748731279,0.7367739518503031
27,sedacao_leve,21,0.4650041337192853,0.7187546225000438
27,sedacao_leve,22,0.49561740201898663,0.7245241986746562
27,sedacao_leve,23,0.4950716225193161,0.7243159169872893
27,sedacao_leve,24,0.49586548360974597,0.7224248579740525
27,sedacao_leve,25,0.48127828607309736,0.7379884961278494
27,sedacao_leve,26,0.48142713502755297,0.7435244344248877
27,sedacao_leve,27,0.4827667756176533,0.7484393759047832
27,sedacao_leve,28,0.39881596530469654,0.7486987431017796
27,sedacao_leve,29,0.46500413371928534,0.7383168995350167
27,sedacao_leve,30,0.45031770354633316,0.6999249876396373
27,sedacao_leve,31,0.43543280810077334,0.6958762281210982
27,sedacao_leve,32,0.4506650177733963,0.7278463890320624
27,sedacao_leve,33,0.43994789305259313,0.7392563766839803
27,sedacao_leve,34,0.45145887886382613,0.7441197515038415
27,sedacao_leve,35,0.4525008215450153,0.727645382083042
27,sedacao_leve,36,0.4091361594802847,0.7371466925359478
27,sedacao_leve,37,0.41022771847962575,0.7274067784248848
27,sedacao_leve,38,0.47691205007573306,0.7378622114308854
27,sedacao_leve,39,0.44287525582355325,0.7385641584029747
27,sedacao_leve,40,0.4372686118723926,0.6939473832733116
27,sedacao_moderada,0,0.43776477505391115,0.6987950658320822
27,sedacao_moderada,1,0.4828163919358052,0.713147017744954
27,sedacao_moderada,2,0.4613821424941993,0.693115227481207
27,sedacao_moderada,3,0.41360162811395257,0.6680585426074256
27,sedacao_moderada,4,0.4239714386076924,0.6992463937031878
27,sedacao_moderada,5,0.3855684083581485,0.6593979136186761
27,sedacao_moderada,6,0.4541381600440268,0.6859401704493542
27,sedacao_moderada,7,0.4336962369654582,0.6995503462158241
27,sedacao_moderada,8,0.41781901515686115,0.6816146603952123
27,sedacao_moderada,9,0.4411386846882379,0.6784874031015219
27,sedacao_moderada,10,0.4166778398393682,0.686013294445875
27,sedacao_moderada,11,0.40070138539446754,0.6694516124971969
27,sedacao_moderada,12,0.39941136112251896,0.6698184897724477
27,sedacao_moderada,13,0.43439086541958427,0.6776823195714224
27,sedacao_moderada,14,0.4295284662407015,0.6746473747061905
27,sedacao_moderada,15,0.37504974890995274,0.6673533088611198
27,sedacao_moderada,16,0.4029341197113014,0.6730334356396503
27,sedacao_moderada,17,0.43463894701034356,0.6754892134809084
27,sedacao_moderada,18,0.40635764566378013,0.6836179486883386
27,sedacao_moderada,19,0.3699888844584626,0.667778715839599
27,sedacao_moderada,20,0.38730497949346365,0.6617840982862511
27,sedacao_moderada,21,0.4397494277799859,0.6787231235001874
27,sedacao_moderada,22,0.3984686510776336,0.6689659079815776
27,sedacao_moderada,23,0.438509019826189,0.6755665673617541
27,sedacao_moderada,24,0.36368761205317557,0.6553813534429255
27,sedacao_moderada,25,0.4348374122829509,0.6641401512109584
27,sedacao_moderada,26,0.4251622302433372,0.6653469319620784
27,sedacao_moderada,27,0.3564932459211551,0.6586847907647512
27,sedacao_moderada,28,0.384625698313263,0.6688920374147568
27,sedacao_moderada,29,0.40903692684398096,0.6757521910355803
27,sedacao_moderada,30,0.4298261641496126,0.69227669187975
27,recuperacao,0,0.40417452766509815,0.7143094594420724
27,recuperacao,1,0.40407529502879425,0.70208801873527
27,recuperacao,2,0.4013960138485936,0.6954404129727224
27,recuperacao,3,0.38938886485584207,0.6893698384478296
27,recuperacao,4,0.3902323422644237,0.6971161254246736
27,recuperacao,5,0.38780114267498234,0.6924742469672003
27,recuperacao,6,0.36517610159773156,0.7142062057855065
27,recuperacao,7,0.39638476571525516,0.6888935317052087
27,recuperacao,8,0.3806067765429617,0.6899161879849091
27,recuperacao,9,0.3622487388267715,0.6854135715850385
27,recuperacao,10,0.353218568923132,0.6922580360017477
27,recuperacao,11,0.39067888912779064,0.6800248844057682
27,recuperacao,12,0.39990752430403764,0.6874090124434674
27,recuperacao,13,0.3939535661258137,0.6792453008895314
27,recuperacao,14,0.40437299293770546,0.6998113969103744
27,recuperacao,15,0.3950451251251548,0.7060974105200727
27,recuperacao,16,0.4009494669852268,0.6863678176698111
27,recuperacao,17,0.38164871922415095,0.6861546136847886
27,recuperacao,18,0.3499438919251088,0.7172777440758227
27,recuperacao,19,0.29382783609534874,0.7219918258383524
27,recuperacao,20,0.4062584130274764,0.6750993207147207
27,recuperacao,21,0.3653249505521871,0.6841171269929014
27,recuperacao,22,0.36661497482413574,0.7231050506344802
27,recuperacao,23,0.37802672799906484,0.6833819942026599
27,recuperacao,24,0.3829883598142514,0.6739014336431539
27,recuperacao,25,0.3974763247145962,0.6890773018902419
27,recuperacao,26,0.40407529502879425,0.6799352789613141
27,recuperacao,27,0.3810037070881768,0.7056627949591114
27,recuperacao,28,0.3639356936439349,0.7164250376538367
27,recuperacao,29,0.39956021007697445,0.69157208911491
27,recuperacao,30,0.40883846157137327,0.697919546972413
27,recuperacao,31,0.4124108364783078,0.6982584131651904
27,recuperacao,32,0.3641837752346943,0.6871282214929962
27,recuperacao,33,0.40675457620899497,0.6972186687457684
27,recuperacao,34,0.41910903942880956,0.6969780222021222
27,recuperacao,35,0.40640726198193194,0.6855204112620237
27,recuperacao,36,0.3998082916677338,0.6791540948558309
27,recuperacao,37,0.40610956407302085,0.6810512353528204
27,recuperacao,38,0.42352489174432567,0.6959079702083949
27,recuperacao,39,0.44113868468823797,0.7122959027417783
27,recuperacao,40,0.41727323565719054,0.7043099450110242
28,basal,0,0.4429744884598571,0.7129799396116724
28,basal,1,0.4262041729245265,0.7190591005587187
28,basal,2,0.40253718916608655,0.7267088981519051
28,basal,3,0.4246164507436668,0.7174916688043704
28,basal,4,0.38606457153966706,0.6989415795854759
28,basal,5,0.3830875924505551,0.7272216638446005
28,basal,6,0.3807556254974174,0.7027024173885019
28,basal,7,0.38765229372052684,0.7038195061474719
28,basal,8,0.4258072423793116,0.7082822594168656
28,basal,9,0.42054791265521374,0.7230859758189767
28,basal,10,0.384625698313263,0.7183010631143482
28,basal,11,0.42803997669614546,0.732082869726237
28,basal,12,0.4176205498842536,0.7288305105390538
28,basal,13,0.4111208122063592,0.7132255702597019
28,basal,14,0.38740421212976744,0.7185773248937265
28,basal,15,0.4423790926420346,0.7195447542090366
28,basal,16,0.4277422787872342,0.7265810727658976
28,basal,17,0.4087888452532215,0.7034646475955201
28,basal,18,0.34691729651784503,0.7105323173070055
28,basal,19,0.3927627744901689,0.7152365095453613
28,basal,20,0.3918200644452834,0.7212769900116567
28,basal,21,0.38988502803736075,0.7179061775395753
28,basal,22,0.42158985533640286,0.721938544458025
28,basal,23,0.4653514479463485,0.7229409840912244
28,basal,24,0.4061591803911726,0.7156593324270525
28,basal,25,0.4234752754261738,0.7260854644546151
28,basal,26,0.434093167510673,0.7165133355078687
28,basal,27,0.4506650177733962,0.72148375089743
28,basal,28,0.40457145821031304,0.7045421110208019
28,basal,29,0.4269484176968044,0.7117976195839019
28,basal,30,0.4667407048546007,0.7406018606014719
28,basal,31,0.4223837164268328,0.7218268524998638
28,basal,32,0.47785476012061867,0.734500590262524
28,basal,33,0.43091772314895366,0.7291485546557513
28,basal,34,0.44743995709352496,0.7188575716745871
28,basal,35,0.44600108386712084,0.7362210013604671
28,basal,36,0.4301238620585239,0.7302147750943526
28,sedacao_leve,0,0.46450797053776666,0.722118898490863
28,sedacao_leve,1,0.4349366449192548,0.7148513614245836
28,sedacao_leve,2,0.43027271101297937,0.7037259673522218
28,sedacao_leve,3,0.4095827063436515,0.7007601434296076
28,sedacao_leve,4,0.42893307042287904,0.6965190425499558
28,sedacao_leve,5,0.4264522545152858,0.688815651149533
28,sedacao_leve,6,0.43439086541958427,0.691640963740051
28,sedacao_leve,7,0.40516685402813546,0.6858837410325638
28,sedacao_leve,8,0.3913735175819167,0.6940181164272425
28,sedacao_leve,9,0.45498163745260856,0.7087904601941332
28,sedacao_leve,10,0.4349862612374065,0.6969625776763246
28,sedacao_leve,11,0.431910049511991,0.7079023524667063
28,sedacao_leve,12,0.4247652996981223,0.6901531070222953
28,sedacao_leve,13,0.435234342828166,0.7006752635477718
28,sedacao_leve,14,0.4413867662789973,0.6982834761578424
28,sedacao_leve,15,0.4580578491780241,0.7050219112712521
28,sedacao_leve,16,0.4258072423793115,0.6986514303867146
28,sedacao_leve,17,0.390877354400398,0.6934729056942829
28,sedacao_leve,18,0.4266011034697413,0.6897844242661673
28,sedacao_leve,19,0.4333489227383951,0.6990193451179377
28,sedacao_leve,20,0.4390051830077078,0.7046737950841874
28,sedacao_leve,21,0.4490276792743847,0.7089892030337535
28,sedacao_leve,22,0.4149412687040529,0.7053048434337895
28,sedacao_leve,23,0.43855863614434093,0.7029033077749259
28,sedacao_leve,24,0.440047125688897,0.7068355853643414
28,sedacao_leve,25,0.43563127337338087,0.7000385786397613
28,sedacao_leve,26,0.4290323030591828,0.6892870327121083
28,sedacao_leve,27,0.43503587755555845,0.6973223105982036
28,sedacao_leve,28,0.4323565963753578,0.689100982788104
28,sedacao_leve,29,0.4254599281522484,0.6912297155574184
28,sedacao_leve,30,0.41509011765850845,0.6923619412084018
28,sedacao_leve,31,0.40794536784463986,0.6899476773344647
28,sedacao_leve,32,0.4486307487291697,0.6944515880672845
28,sedacao_leve,33,0.43141388633047234,0.6869354623984907
28,sedacao_leve,34,0.42888345410472717,0.686259942808762
28,sedacao_leve,35,0.43582973864598823,0.6911121045381199
28,sedacao_leve,36,0.42674995242419694,0.687671862462706
28,sedacao_leve,37,0.41315508125058564,0.6930522568113292
28,sedacao_leve,38,0.4202998310644544,0.6903040331384164
28,sedacao_leve,39,0.4342420164651286,0.6983993795940263
28,sedacao_moderada,0,0.44739034077537315,0.7062334016426617
28,sedacao_moderada,1,0.44193254577866786,0.7023183152350441
28,sedacao_moderada,2,0.47140463876087607,0.7051135787287628
28,sedacao_moderada,3,0.4561228127701014,0.710142058238936
28,sedacao_moderada,4,0.45329468263544515,0.7111454658363601
28,sedacao_moderada,5,0.43617705287305153,0.7084703943355228
28,sedacao_moderada,6,0.4384097871898854,0.7056798780275819
28,sedacao_moderada,7,0.4656987621734116,0.7063165854785958
28,sedacao_moderada,8,0.4564701269971645,0.7079680922353072
28,sedacao_moderada,9,0.4472414918209175,0.7073583896502404
28,sedacao_moderada,10,0.4738358383503175,0.7150688909368844
28,sedacao_moderada,11,0.455577033270431,0.7211127094117975
28,sedacao_moderada,12,0.43890595037140406,0.7168624889058502
28,sedacao_moderada,13,0.45116118095491486,0.7104937835927092
28,sedacao_moderada,14,0.4760685726671514,0.7119451626715169
28,sedacao_moderada,15,0.4602409671767063,0.7062208114594992
28,sedacao_moderada,16,0.46123329353974357,0.7229082015128286
28,sedacao_moderada,17,0.4798394128466931,0.7137635960002039
28,sedacao_moderada,18,0.45260005418131893,0.7062510694918347
28,sedacao_moderada,19,0.4578097675872648,0.7143990844944973
28,sedacao_moderada,20,0.4522527399542559,0.7099970062222625
28,sedacao_moderada,21,0.45289775209023003,0.7125011982657884
28,sedacao_moderada,22,0.4718015693060911,0.7145952358716968
28,sedacao_moderada,23,0.46793149649024557,0.7155853790608167
28,sedacao_moderada,24,0.4665918559001452,0.7145498585857495
28,sedacao_moderada,25,0.46743533330872694,0.7141323192059937
28,sedacao_moderada,26,0.45785938390541675,0.7150394615718566
28,sedacao_moderada,27,0.4633667952202738,0.710706261179262
28,sedacao_moderada,28,0.4888695827503327,0.7256544349989936
28,sedacao_moderada,29,0.4818736818909198,0.729571786686337
28,sedacao_moderada,30,0.4426271742327939,0.7200704471280028
28,sedacao_moderada,31,0.43955096250737824,0.7109551923696688
28,sedacao_moderada,32,0.4419325457786679,0.709152989255158
28,sedacao_moderada,33,0.47075962662490184,0.7161748960601575
28,sedacao_moderada,34,0.44868036504732156,0.719403945171484
28,sedacao_moderada,35,0.45175657677273723,0.7131435935672216
28,sedacao_moderada,36,0.4519054257271929,0.705410510985903
28,sedacao_moderada,37,0.4322077474209022,0.7120898955687402
28,sedacao_moderada,38,0.49859438110809856,0.7260375441652202
28,sedacao_moderada,39,0.4882245706143587,0.7250662334444516
28,sedacao_moderada,40,0.4753243278948735,0.7174520848274514
28,recuperacao,0,0.41489165238590103,0.7186184870678048
28,recuperacao,1,0.424120287562148,0.7116906548859719
28,recuperacao,2,0.42238371642683276,0.7298084460709883
28,recuperacao,3,0.43582973864598834,0.720828540072903
28,recuperacao,4,0.42084561056412495,0.7245746316508546
28,recuperacao,5,0.4333489227383951,0.7228345352681894
28,recuperacao,6,0.4155366645218752,0.7260116482817248
28,recuperacao,7,0.37475205100104175,0.7085299950246321
28,recuperacao,8,0.4018921770301122,0.7174032383177058
28,recuperacao,9,0.4142962565680788,0.7197087649050498
28,recuperacao,10,0.4061591803911727,0.7004353374639115
28,recuperacao,11,0.4242691365166036,0.7029805630603763
28,recuperacao,12,0.4111208122063592,0.705903011866427
28,recuperacao,13,0.41990290051923945,0.7020046701679015
28,recuperacao,14,0.41072388166114443,0.7088695112529876
28,recuperacao,15,0.43900518300770786,0.7236634103308159
28,recuperacao,16,0.45294736840838207,0.7313719264076184
28,recuperacao,17,0.4278911277416898,0.7147799135769071
28,recuperacao,18,0.427146882969412,0.7105977240515045
28,recuperacao,19,0.43439086541958427,0.7041643487751568
28,recuperacao,20,0.4172236193390387,0.7102321140330797
28,recuperacao,21,0.4390051830077078,0.714514759764741
28,recuperacao,22,0.4290819193773346,0.7166887239984129
28,recuperacao,23,0.448134585547651,0.7165379520115214
28,recuperacao,24,0.4043729929377055,0.7171120224355442
28,recuperacao,25,0.41886095783805033,0.7177766843114659
28,recuperacao,26,0.43503587755555856,0.7155485688963361
28,recuperacao,27,0.4314138863304723,0.7098062487809139
28,recuperacao,28,0.47691205007573306,0.7488248573725135
28,recuperacao,29,0.43865786878064467,0.7396748704519877
28,recuperacao,30,0.4188113415198984,0.7278041071747476
28,recuperacao,31,0.37375972463800433,0.7209234139262789
28,recuperacao,32,0.42818882565060096,0.7160957508932356
28,recuperacao,33,0.43647475078196263,0.7341707978831871
28,recuperacao,34,0.47110694085196486,0.7613317442680784
28,recuperacao,35,0.4526992868176226,0.7371184489889776
28,recuperacao,36,0.4291811520136383,0.7211133439512017
28,recuperacao,37,0.4106742653429924,0.7132861207278408
28,recuperacao,38,0.45284813577207833,0.7289699203195056
29,basal,0,0.4163305256123051,0.6972513828976817
29,basal,1,0.42312796119911084,0.6928843042706571
29,basal,2,0.4161816766578495,0.6914721029081443
29,basal,3,0.43920364828031533,0.693921479482778
29,basal,4,0.4185632599291391,0.6847289916095457
29,basal,5,0.4220364021997696,0.6745884274587937
29,basal,6,0.41861287624729093,0.6848339390654984
29,basal,7,0.4118154406604855,0.6771642196104062
29,basal,8,0.4386082524624928,0.6827997482685476
29,basal,9,0.4381120892809742,0.6838886082336517
29,basal,10,0.4273453482420193,0.6752885006781877
29,basal,11,0.4145939544769899,0.6811210998234446
29,basal,12,0.4255591607885521,0.6797289609090952
29,basal,13,0.4231279611991108,0.6718919425986578
29,basal,14,0.4310665721034092,0.6872382849062887
29,basal,15,0.429726931513309,0.687718221821938
29,basal,16,0.41896019047435407,0.6808174239100608
29,basal,17,0.42273103065389583,0.6804040559966996
29,basal,18,0.42933000096809393,0.686183719048257
29,basal,19,0.4207959942459731,0.6729636427187927
29,basal,20,0.4145939544769897,0.6659314730541496
29,basal,21,0.41499088502220477,0.6725162928405197
29,basal,22,0.4076476699357287,0.673597815044552
29,basal,23,0.41945635365587275,0.671203817948429
29,basal,24,0.4111208122063592,0.6686268468368649
29,basal,25,0.4156855134763308,0.6757246295101301
29,basal,26,0.4276926624690824,0.6761652271946113
29,basal,27,0.41697553774827945,0.6858318933625576
29,basal,28,0.4157847461126346,0.6739629042582471
29,basal,29,0.41082311429744817,0.6755319551680491
29,basal,30,0.4083919147080066,0.6680532332275262
29,basal,31,0.4112696611608148,0.670036234186908
29,basal,32,0.41910903942880967,0.680286221808137
29,basal,33,0.42034944738260627,0.6802331618948702
29,basal,34,0.42441798547105924,0.6750756713440635
29,basal,35,0.41697553774827945,0.6714530131170382
29,basal,36,0.41910903942880967,0.6681068975030349
29,basal,37,0.41915865574696154,0.6709457006246646
29,basal,38,0.40913615948028464,0.6684979456793859
29,basal,39,0.4169259214301275,0.6738833743973027
29,basal,40,0.4163305256123051,0.6742561811103064
29,basal,41,0.4149412687040529,0.6708376894037754
29,sedacao_leve,0,0.435978587600444,0.6855275283095332
29,sedacao_leve,1,0.43240621269350965,0.682753883740679
29,sedacao_leve,2,0.4241202875621481,0.6847327752937711
29,sedacao_leve,3,0.4353335754644697,0.6794465481511622
29,sedacao_leve,4,0.4375166934631518,0.6830503050702077
29,sedacao_leve,5,0.43305122482948394,0.6785809657848554
29,sedacao_leve,6,0.42600570765191886,0.679951811613667
29,sedacao_leve,7,0.44972230772851074,0.6923978572672084
29,sedacao_leve,8,0.44600108386712084,0.6905858674844969
29,sedacao_leve,9,0.4351351101918623,0.6810584651834602
29,sedacao_leve,10,0.43960057882553005,0.6882238149200319
29,sedacao_leve,11,0.44118830100638984,0.6801634168216328
29,sedacao_leve,12,0.425608777106704,0.681545148059916
29,sedacao_leve,13,0.4157847461126346,0.6812796634006487
29,sedacao_leve,14,0.457760151269113,0.6998020723345879
29,sedacao_leve,15,0.4411883010063898,0.6841353515717685
29,sedacao_leve,16,0.4391044156440116,0.6805505453942824
29,sedacao_leve,17,0.43503587755555845,0.6888446112942245
29,sedacao_leve,18,0.430371943649283,0.68457801691199
29,sedacao_leve,19,0.44600108386712084,0.6876633641657341
29,sedacao_leve,20,0.4412875336426936,0.6832018479813
29,sedacao_leve,21,0.4297269315133089,0.6811187337262853
29,sedacao_leve,22,0.43607782023674774,0.680506518707355
29,sedacao_leve,23,0.4464972470486395,0.6874447122723765
29,sedacao_leve,24,0.427841511423538,0.6840679455380136
29,sedacao_leve,25,0.45785938390541675,0.6928385116417752
29,sedacao_leve,26,0.43374585328361,0.6892231465097777
29,sedacao_leve,27,0.42605532397007073,0.6826641761815087
29,sedacao_leve,28,0.42471568337997045,0.6917907422382004
29,sedacao_leve,29,0.42392182228954056,0.6934881185457624
29,sedacao_moderada,0,0.4616302240849585,0.701479084421695
29,sedacao_moderada,1,0.47830130698398543,0.6974495267195083
29,sedacao_moderada,2,0.4620271546301734,0.6923387612206047
29,sedacao_moderada,3,0.44605070018527265,0.6911366238697637
29,sedacao_moderada,4,0.44530645541299474,0.6959168708783223
29,sedacao_moderada,5,0.4457530022763616,0.6876542246124032
29,sedacao_moderada,6,0.4480353529113474,0.6891493834409624
29,sedacao_moderada,7,0.4566189759516202,0.6951145597275028
29,sedacao_moderada,8,0.44094021941563044,0.69817507878709
29,sedacao_moderada,9,0.4597944203133395,0.6927091485439769
29,sedacao_moderada,10,0.46485528476482985,0.6939094998067219
29,sedacao_moderada,11,0.4571647554512907,0.6957135994247965
29,sedacao_moderada,12,0.47800360907507433,0.7059163501560194
29,sedacao_moderada,13,0.48494989361633545,0.7065333330200296
29,sedacao_moderada,14,0.46321794626581825,0.6970737054533968
29,sedacao_moderada,15,0.46301948099321083,0.6975866456789157
29,sedacao_moderada,16,0.46812996176285304,0.6971251906707844
29,sedacao_moderada,17,0.4778547601206186,0.6995225826022936
29,sedacao_moderada,18,0.4697673002618645,0.699842984265733
29,sedacao_moderada,19,0.46912228812589024,0.6937764816103046
29,sedacao_moderada,20,0.4575616859965056,0.7014514969548519
29,sedacao_moderada,21,0.4586036286776948,0.6965988078805391
29,sedacao_moderada,22,0.46287063203875517,0.6957066117598263
29,sedacao_moderada,23,0.463317178902122,0.6974774182261329
29,sedacao_moderada,24,0.459992885585947,0.6924949865282293
29,sedacao_moderada,25,0.46927113708034585,0.6936362965615765
29,sedacao_moderada,26,0.45279851945392646,0.6992396800501246
29,sedacao_moderada,27,0.479541714937782,0.7011092842512893
29,sedacao_moderada,28,0.47001538185262387,0.7010992557611346
29,sedacao_moderada,29,0.46912228812589035,0.6944591273202331
29,sedacao_moderada,30,0.4692711370803459,0.7029592798339227
29,sedacao_moderada,31,0.4663437743093858,0.6983432652292523
29,sedacao_moderada,32,0.46530183162819666,0.6973739888950612
29,sedacao_moderada,33,0.4585540123595429,0.7005117465644237
29,sedacao_moderada,34,0.4705611613522944,0.6967923781340681
29,sedacao_moderada,35,0.45423739268033053,0.6959911851586266
29,sedacao_moderada,36,0.4832133224810201,0.6955856359720952
29,sedacao_moderada,37,0.46971768394371266,0.6968384324472551
29,sedacao_moderada,38,0.47314120989619135,0.6932061419145019
29,sedacao_moderada,39,0.47725936430279636,0.6944771669111544
29,sedacao_moderada,40,0.45121079727306684,0.6848850861474156
29,recuperacao,0,0.409384241071044,0.6716125414147699
29,recuperacao,1,0.3983198021231778,0.6666844526666574
29,recuperacao,2,0.4102277184796258,0.6691178469941741
29,recuperacao,3,0.418215945702076,0.6744231785857546
29,recuperacao,4,0.41638014193045697,0.6836341605740587
29,recuperacao,5,0.39618630044264763,0.6735278000767535
29,recuperacao,6,0.4017433280756566,0.6746015679861082
29,recuperacao,7,0.4198532842010876,0.6838327568782699
29,recuperacao,8,0.4129069996598264,0.6816706752138727
29,recuperacao,9,0.4352839591463178,0.6893947690475619
29,recuperacao,10,0.4303223273311313,0.6840018774692636
29,recuperacao,11,0.41499088502220477,0.6920634948249179
29,recuperacao,12,0.41340316284134504,0.6874421635119695
29,recuperacao,13,0.4323069800572059,0.6856836131885004
29,recuperacao,14,0.4142466402499267,0.6797795887680104
29,recuperacao,15,0.4135520117958007,0.6733878062589144
29,recuperacao,16,0.40169371175750473,0.6776215649741955
29,recuperacao,17,0.4460010838671209,0.6989176353821037
29,recuperacao,18,0.43354738801100257,0.6964627101482684
29,recuperacao,19,0.41811671306577225,0.6975721623719227
29,recuperacao,20,0.40258680548423825,0.6745878400706912
29,recuperacao,21,0.40918577579843646,0.6747810449025221
29,recuperacao,22,0.40432337661955364,0.6745683054443335
29,recuperacao,23,0.4046210745284648,0.6756662138103561
29,recuperacao,24,0.4103765674340813,0.6770774156983633
29,recuperacao,25,0.42908191937733453,0.6885577120112387
29,recuperacao,26,0.3925146928994096,0.6708364888728597
29,recuperacao,27,0.4241699038803,0.6849646081556363
29,recuperacao,28,0.4132046975687377,0.6811389982514342
29,recuperacao,29,0.42402105492584435,0.6770600078607422
29,recuperacao,30,0.4214906227000992,0.6858758221012868
29,recuperacao,31,0.419357121019569,0.6931317019675417
29,recuperacao,32,0.4317115842393835,0.6830813031352156
29,recuperacao,33,0.43022309469482756,0.6763123259692262
29,recuperacao,34,0.42154023901825105,0.6783492046111982
29,recuperacao,35,0.42302872856280704,0.6850650563089042
29,recuperacao,36,0.4323565963753579,0.6944721833203836
29,recuperacao,37,0.43592897128229213,0.6860717556000416
29,recuperacao,38,0.42749419719647497,0.6806292201716726
29,recuperacao,39,0.42764304615093046,0.6874904434473188
29,recuperacao,40,0.41861287624729104,0.6849552452092759
