subject,stage,lzc_mean_channels,lzc_Fpz-Cz,lzc_Pz-Oz,lzc_Event_marker
0,W,0.4145434679643097,0.5467353478414735,0.6314408242676173,0.06545423178383837
0,W,0.4004258885599525,0.47358061820071296,0.6545423178383838,0.07315472964076054
0,W,0.31058674689586047,0.3388219057045751,0.5390348499845513,0.05390348499845513
0,W,0.3580731503468806,0.4620298714153297,0.5390348499845513,0.07315472964076054
0,W,0.3311214078476529,0.41197663534533563,0.5120831074853237,0.06930448071229946
0,W,0.40299272117892654,0.48898161391455724,0.6506920689099227,0.06930448071229946
0,W,0.3709073134417508,0.4966821117714794,0.5467353478414735,0.06930448071229946
0,W,0.3311214078476529,0.39657563963149134,0.527484103199168,0.06930448071229946
0,W,0.40427613748841346,0.4581796224868686,0.6891945581945335,0.06545423178383837
0,W,0.37732439498918596,0.43892837784456323,0.619890077482234,0.07315472964076054
0,W,0.40427613748841357,0.48898161391455724,0.6545423178383838,0.06930448071229946
0,W,0.40812638641687465,0.5467353478414735,0.619890077482234,0.05775373392691621
0,W,0.4684469529627649,0.6545423178383838,0.6853443092660724,0.06545423178383837
0,W,0.42096054951174483,0.523633854270707,0.6814940603376113,0.05775373392691621
0,W,0.3683404808227768,0.4620298714153297,0.5775373392691622,0.06545423178383837
0,W,0.3837414765366211,0.47743086712917404,0.6160398285537729,0.05775373392691621
0,W,0.42609421474969295,0.5890880860545453,0.619890077482234,0.06930448071229946
0,W,0.4055595537979005,0.5428850989130124,0.6044890817683897,0.06930448071229946
0,W,0.4183937168927708,0.5736870903407011,0.6044890817683897,0.07700497856922162
0,W,0.37732439498918596,0.47743086712917404,0.5813875881976233,0.07315472964076054
0,W,0.4325112962971281,0.4427786267730243,0.7854507814060605,0.06930448071229946
0,W,0.37219072975123785,0.41197663534533563,0.6429915710530005,0.06160398285537729
0,W,0.40812638641687465,0.4427786267730243,0.7122960517653,0.06930448071229946
0,W,0.3888751417745692,0.46973036927225187,0.6275905753391562,0.06930448071229946
0,W,0.42609421474969295,0.5082328585568627,0.7084458028368389,0.06160398285537729
0,W,0.37732439498918596,0.4158268842737967,0.6429915710530005,0.07315472964076054
0,W,0.3644902318943157,0.4235273821307189,0.5967885839114675,0.07315472964076054
0,W,0.3875917254650822,0.3773243949891859,0.7161463006937611,0.06930448071229946
0,W,0.3837414765366211,0.47743086712917404,0.6121895796253118,0.06160398285537729
0,W,0.4235273821307189,0.5313343521276291,0.6776438114091502,0.06160398285537729
0,W,0.4427786267730243,0.4081263864168746,0.85475526211836,0.06545423178383837
0,W,0.44919570832045946,0.43122787998764106,0.858605511046821,0.05775373392691621
0,W,0.4710137855817389,0.45047912462994644,0.8855572535460486,0.07700497856922162
0,W,0.4376449615350762,0.43507812891610215,0.808552274976827,0.06930448071229946
0,W,0.44406204308251135,0.3696238971322638,0.8971080003314319,0.06545423178383837
0,W,0.37604097867969893,0.28491842070612,0.7739000346206772,0.06930448071229946
0,W,0.37604097867969893,0.4004258885599524,0.669943313552228,0.05775373392691621
0,W,0.42224396582123186,0.42737763105918,0.7700497856922162,0.06930448071229946
0,W,0.4658801203437908,0.523633854270707,0.8124025239052881,0.06160398285537729
0,W,0.41711030058328386,0.3619233992753416,0.8201030217622103,0.06930448071229946
0,W,0.39015855808405625,0.35422290141841944,0.7430980431929886,0.07315472964076054
0,W,0.4183937168927708,0.3619233992753416,0.8278035196191323,0.06545423178383837
0,W,0.4633132877248167,0.4466288757014854,0.8663060089037432,0.07700497856922162
0,W,0.3914419743935433,0.3773243949891859,0.7276970474791443,0.06930448071229946
0,W,0.38117464391764705,0.4158268842737967,0.6660930646237669,0.06160398285537729
0,W,0.4427786267730243,0.48898161391455724,0.7739000346206772,0.06545423178383837
0,W,0.44021179415405026,0.3657736482038027,0.8894075024745097,0.06545423178383837
0,W,0.3888751417745692,0.35037265248995836,0.7469482921214496,0.06930448071229946
0,W,0.37989122760816,0.331121407847653,0.7353975453360665,0.07315472964076054
0,W,0.25668326189740537,0.334971656776114,0.3657736482038027,0.06930448071229946
0,W,0.3747575623702119,0.523633854270707,0.5351846010560902,0.06545423178383837
0,W,0.4017093048694395,0.527484103199168,0.6083393306968508,0.06930448071229946
0,W,0.4145434679643097,0.5852378371260843,0.6083393306968508,0.05005323606999405
0,W,0.4363615452255892,0.6275905753391562,0.6083393306968508,0.07315472964076054
0,W,0.4106932190358486,0.5813875881976233,0.5890880860545453,0.06160398285537729
0,W,0.4427786267730243,0.6545423178383838,0.6044890817683897,0.06930448071229946
0,W,0.3914419743935433,0.5544358456983957,0.5621363435553178,0.05775373392691621
0,W,0.41711030058328374,0.5929383349830064,0.5890880860545453,0.06930448071229946
0,W,0.4248107984402059,0.6121895796253118,0.5890880860545453,0.07315472964076054
0,W,0.4517625409394335,0.6352910731960784,0.6583925667668449,0.06160398285537729
0,N1,0.43892837784456323,0.5967885839114675,0.6506920689099227,0.06930448071229946
0,N1,0.41197663534533563,0.5736870903407011,0.5890880860545453,0.07315472964076054
0,N1,0.36320681558482865,0.523633854270707,0.5043826096284016,0.06160398285537729
0,N1,0.36320681558482865,0.49283186284301833,0.527484103199168,0.06930448071229946
0,N2,0.30801991427688646,0.4158268842737967,0.43892837784456323,0.06930448071229946
0,N2,0.30801991427688646,0.39272539070303025,0.4543293735584075,0.07700497856922162
0,N2,0.30801991427688646,0.43507812891610215,0.42737763105918,0.06160398285537729
0,N2,0.33753848939508807,0.4427786267730243,0.48898161391455724,0.0808552274976827
0,N2,0.3375384893950881,0.4620298714153297,0.49283186284301833,0.05775373392691621
0,N2,0.35037265248995836,0.46973036927225187,0.5159333564137848,0.06545423178383837
0,N2,0.33497165677611407,0.46973036927225187,0.46973036927225187,0.06545423178383837
0,N2,0.3259877426097048,0.4235273821307189,0.4851313649860962,0.06930448071229946
0,N2,0.34395557094252327,0.47743086712917404,0.48898161391455724,0.06545423178383837
0,N2,0.30801991427688646,0.4196771332022578,0.43507812891610215,0.06930448071229946
0,N2,0.3375384893950881,0.42737763105918,0.5197836053422459,0.06545423178383837
0,N2,0.3003194164199643,0.381174643917647,0.45047912462994644,0.06930448071229946
0,N2,0.3067364979673995,0.39657563963149134,0.4466288757014854,0.07700497856922162
0,N3,0.29518575118201623,0.3696238971322638,0.4466288757014854,0.06930448071229946
0,N2,0.29903600011047726,0.3773243949891859,0.45047912462994644,0.06930448071229946
0,N3,0.2926189185630422,0.38887514177456917,0.4235273821307189,0.06545423178383837
0,N3,0.26053351082586645,0.331121407847653,0.3850248928461081,0.06545423178383837
0,N3,0.2618169271353535,0.3272711589191919,0.38887514177456917,0.06930448071229946
0,N3,0.2720842576112497,0.3696238971322638,0.381174643917647,0.06545423178383837
0,N3,0.24513251511202216,0.3234209099907308,0.3388219057045751,0.07315472964076054
0,N3,0.2374320172551,0.26951742499227566,0.3696238971322638,0.07315472964076054
0,N3,0.24384909880253514,0.3195706610622697,0.3426721546330362,0.06930448071229946
0,N3,0.25539984558791834,0.3388219057045751,0.35807315034688053,0.06930448071229946
0,N3,0.24128226618356108,0.3041696653484254,0.35807315034688053,0.06160398285537729
0,N3,0.22716468677920376,0.2887686696345811,0.3272711589191919,0.06545423178383837
0,N3,0.23486518463612593,0.3003194164199643,0.334971656776114,0.06930448071229946
0,N3,0.2374320172551,0.3388219057045751,0.31572041213380864,0.05775373392691621
0,N3,0.24384909880253514,0.3041696653484254,0.34652240356149727,0.0808552274976827
0,N3,0.23871543356458702,0.2964691674915032,0.35807315034688053,0.06160398285537729
0,N3,0.2156139399938205,0.26951742499227566,0.3234209099907308,0.05390348499845513
0,N3,0.24128226618356108,0.3272711589191919,0.334971656776114,0.06160398285537729
0,N3,0.22203102154125565,0.2926189185630422,0.3041696653484254,0.06930448071229946
0,N3,0.2245978541602297,0.2926189185630422,0.30801991427688646,0.07315472964076054
0,N3,0.22716468677920376,0.27721792284919783,0.331121407847653,0.07315472964076054
0,N3,0.18609536487561892,0.21561393999382053,0.27336767392073674,0.06930448071229946
0,W,0.33497165677611407,0.527484103199168,0.4158268842737967,0.06160398285537729
0,N3,0.23999884987407405,0.31187016320534755,0.3426721546330362,0.06545423178383837
0,N3,0.2553998455879184,0.3195706610622697,0.3696238971322638,0.07700497856922162
0,N2,0.2939023348725292,0.4081263864168746,0.4158268842737967,0.05775373392691621
0,N2,0.24128226618356108,0.3003194164199643,0.35807315034688053,0.06545423178383837
0,N3,0.2464159314215092,0.35422290141841944,0.31572041213380864,0.06930448071229946
0,N3,0.25411642927843137,0.3696238971322638,0.3272711589191919,0.06545423178383837
0,N3,0.22716468677920376,0.30801991427688646,0.30801991427688646,0.06545423178383837
0,N3,0.25539984558791834,0.3195706610622697,0.381174643917647,0.06545423178383837
0,N3,0.23101493570766485,0.30801991427688646,0.31187016320534755,0.07315472964076054
0,N3,0.2335817683266389,0.31572041213380864,0.31187016320534755,0.07315472964076054
0,N3,0.23486518463612593,0.31187016320534755,0.3234209099907308,0.06930448071229946
0,N3,0.22203102154125565,0.2887686696345811,0.31187016320534755,0.06545423178383837
0,N3,0.23871543356458702,0.3003194164199643,0.34652240356149727,0.06930448071229946
0,N3,0.19636269535151515,0.23871543356458702,0.2887686696345811,0.06160398285537729
0,N2,0.3054530816579124,0.4581796224868686,0.39272539070303025,0.06545423178383837
0,N2,0.2708008413017627,0.3272711589191919,0.4081263864168746,0.07700497856922162
0,N2,0.2810681717776589,0.4004258885599524,0.381174643917647,0.06160398285537729
0,N2,0.2708008413017627,0.3426721546330362,0.4042761374884135,0.06545423178383837
0,N2,0.2977525838009903,0.4196771332022578,0.4081263864168746,0.06545423178383837
0,N2,0.26951742499227566,0.39272539070303025,0.34652240356149727,0.06930448071229946
0,N2,0.33497165677611407,0.45047912462994644,0.4812811160576351,0.07315472964076054
0,N3,0.26951742499227566,0.3619233992753416,0.3734741460607248,0.07315472964076054
0,N2,0.27850133915868486,0.39657563963149134,0.3734741460607248,0.06545423178383837
0,N2,0.2759345065397108,0.43892837784456323,0.334971656776114,0.05390348499845513
0,N3,0.24384909880253514,0.3388219057045751,0.331121407847653,0.06160398285537729
0,N3,0.2682340086827886,0.35422290141841944,0.3850248928461081,0.06545423178383837
0,N3,0.2592500945163794,0.3734741460607248,0.334971656776114,0.06930448071229946
0,N3,0.2528330129689443,0.3619233992753416,0.334971656776114,0.06160398285537729
0,N1,0.35807315034688053,0.5582860946268567,0.4543293735584075,0.06160398285537729
0,N2,0.3259877426097048,0.4235273821307189,0.48898161391455724,0.06545423178383837
0,N2,0.2797847554681719,0.35422290141841944,0.4196771332022578,0.06545423178383837
0,N2,0.26438375975432754,0.35807315034688053,0.3734741460607248,0.06160398285537729
0,N2,0.27850133915868486,0.35422290141841944,0.41197663534533563,0.06930448071229946
0,N2,0.28491842070612,0.4042761374884135,0.381174643917647,0.06930448071229946
0,N3,0.26053351082586645,0.35037265248995836,0.35422290141841944,0.07700497856922162
0,N3,0.2708008413017627,0.3657736482038027,0.3773243949891859,0.06930448071229946
0,N2,0.26053351082586645,0.35422290141841944,0.3619233992753416,0.06545423178383837
0,N3,0.2669505923733016,0.35807315034688053,0.3734741460607248,0.06930448071229946
0,N2,0.2515495966594573,0.3272711589191919,0.3619233992753416,0.06545423178383837
0,N3,0.2245978541602297,0.2502661803499703,0.35422290141841944,0.06930448071229946
0,N3,0.23614860094561296,0.3041696653484254,0.334971656776114,0.06930448071229946
0,N3,0.22588127046971673,0.3003194164199643,0.31187016320534755,0.06545423178383837
0,N3,0.23486518463612593,0.30801991427688646,0.334971656776114,0.06160398285537729
0,N3,0.22331443785074268,0.2887686696345811,0.31187016320534755,0.06930448071229946
0,N3,0.2245978541602297,0.3003194164199643,0.2964691674915032,0.07700497856922162
0,N3,0.18994561380408,0.2502661803499703,0.2502661803499703,0.06930448071229946
0,N3,0.20021294427997618,0.26566717606381457,0.26566717606381457,0.06930448071229946
0,N3,0.21176369106535944,0.27721792284919783,0.2887686696345811,0.06930448071229946
0,N3,0.22074760523176862,0.3041696653484254,0.28491842070612,0.07315472964076054
0,N2,0.2425656824930481,0.3041696653484254,0.3619233992753416,0.06160398285537729
0,N3,0.23871543356458702,0.2887686696345811,0.3619233992753416,0.06545423178383837
0,N3,0.25668326189740537,0.35422290141841944,0.35037265248995836,0.06545423178383837
0,N3,0.22973151939817782,0.2810681717776589,0.334971656776114,0.07315472964076054
0,N3,0.26951742499227566,0.35807315034688053,0.381174643917647,0.06930448071229946
0,N3,0.2245978541602297,0.2926189185630422,0.3195706610622697,0.06160398285537729
0,N3,0.22588127046971673,0.27336767392073674,0.3426721546330362,0.06160398285537729
0,N3,0.2104802747558724,0.2964691674915032,0.27721792284919783,0.05775373392691621
0,N3,0.20663002582741133,0.27721792284919783,0.26566717606381457,0.07700497856922162
0,N3,0.19892952797048916,0.24641593142150917,0.2887686696345811,0.06160398285537729
0,N3,0.19251244642305407,0.2502661803499703,0.26566717606381457,0.06160398285537729
0,N3,0.21304710737484645,0.26951742499227566,0.31187016320534755,0.05775373392691621
0,N3,0.21304710737484645,0.27336767392073674,0.3003194164199643,0.06545423178383837
0,N3,0.2143305236843335,0.2887686696345811,0.28491842070612,0.06930448071229946
0,N3,0.21304710737484645,0.26951742499227566,0.30801991427688646,0.06160398285537729
0,N3,0.17069436916177458,0.23871543356458702,0.21946418892228162,0.05390348499845513
0,N3,0.18352853225664487,0.2502661803499703,0.23871543356458702,0.06160398285537729
0,N3,0.17839486701869675,0.24641593142150917,0.21561393999382053,0.07315472964076054
0,N3,0.18352853225664487,0.23871543356458702,0.2502661803499703,0.06160398285537729
0,N3,0.18737878118510595,0.25411642927843137,0.23871543356458702,0.06930448071229946
0,N3,0.18994561380408,0.2618169271353535,0.23486518463612593,0.07315472964076054
0,N3,0.18609536487561892,0.25411642927843137,0.23871543356458702,0.06545423178383837
0,N3,0.1937958627325411,0.23486518463612593,0.2810681717776589,0.06545423178383837
0,N3,0.16941095285228758,0.23871543356458702,0.19636269535151513,0.07315472964076054
0,N3,0.17326120178074864,0.20791344213689836,0.24641593142150917,0.06545423178383837
0,N3,0.18352853225664487,0.2502661803499703,0.23486518463612593,0.06545423178383837
0,N3,0.1745446180902357,0.25411642927843137,0.2040631932084373,0.06545423178383837
0,N3,0.18224511594715784,0.22716468677920376,0.24641593142150917,0.07315472964076054
0,N3,0.17454461809023566,0.23101493570766485,0.21946418892228162,0.07315472964076054
0,N3,0.16556070392382646,0.21946418892228162,0.21561393999382053,0.06160398285537729
0,N3,0.17967828332818378,0.22716468677920376,0.24641593142150917,0.06545423178383837
0,N3,0.18994561380408,0.26951742499227566,0.22716468677920376,0.07315472964076054
0,N3,0.17711145070920972,0.2425656824930481,0.23101493570766485,0.05775373392691621
0,N3,0.1758280343997227,0.23101493570766485,0.23101493570766485,0.06545423178383837
0,N3,0.1706943691617746,0.23871543356458702,0.2040631932084373,0.06930448071229946
0,N3,0.1758280343997227,0.23871543356458702,0.23101493570766485,0.05775373392691621
0,N3,0.17967828332818378,0.2425656824930481,0.23486518463612593,0.06160398285537729
0,N3,0.18352853225664487,0.19636269535151513,0.2810681717776589,0.07315472964076054
0,N3,0.15914362237639135,0.21561393999382053,0.2002129442799762,0.06160398285537729
0,N3,0.17967828332818378,0.23101493570766485,0.2425656824930481,0.06545423178383837
0,N3,0.20406319320843727,0.26951742499227566,0.27336767392073674,0.06930448071229946
0,N3,0.1629938713048524,0.21561393999382053,0.21176369106535944,0.06160398285537729
0,N3,0.18994561380408,0.25411642927843137,0.2502661803499703,0.06545423178383837
0,N3,0.17839486701869675,0.20791344213689836,0.2579666782068924,0.06930448071229946
0,N3,0.17711145070920972,0.23101493570766485,0.23486518463612593,0.06545423178383837
0,N3,0.18352853225664487,0.24641593142150917,0.23101493570766485,0.07315472964076054
0,N3,0.17839486701869675,0.22716468677920376,0.24641593142150917,0.06160398285537729
0,N3,0.1937958627325411,0.25411642927843137,0.2618169271353535,0.06545423178383837
0,N3,0.18866219749459298,0.2425656824930481,0.2579666782068924,0.06545423178383837
0,N3,0.18224511594715784,0.2502661803499703,0.23101493570766485,0.06545423178383837
0,N3,0.17967828332818378,0.23486518463612593,0.23871543356458702,0.06545423178383837
0,N3,0.1719777854712616,0.24641593142150917,0.2002129442799762,0.06930448071229946
0,N3,0.16941095285228758,0.19636269535151513,0.23871543356458702,0.07315472964076054
0,N3,0.19251244642305407,0.25411642927843137,0.2502661803499703,0.07315472964076054
0,N3,0.1745446180902357,0.2502661803499703,0.19636269535151513,0.07700497856922162
0,N3,0.1937958627325411,0.23871543356458702,0.2618169271353535,0.0808552274976827
0,N3,0.17326120178074864,0.22716468677920376,0.21561393999382053,0.07700497856922162
0,N3,0.15786020606690432,0.2002129442799762,0.2040631932084373,0.06930448071229946
0,N3,0.15400995713844323,0.23101493570766485,0.1655607039238265,0.06545423178383837
0,N3,0.1848119485661319,0.20791344213689836,0.27721792284919783,0.06930448071229946
0,N3,0.17967828332818378,0.23101493570766485,0.23871543356458702,0.06930448071229946
0,N3,0.18737878118510595,0.26566717606381457,0.23871543356458702,0.05775373392691621
0,N3,0.17454461809023566,0.2502661803499703,0.20791344213689836,0.06545423178383837
0,N3,0.1758280343997227,0.21176369106535944,0.2502661803499703,0.06545423178383837
0,N3,0.17711145070920972,0.2233144378507427,0.2502661803499703,0.05775373392691621
0,N3,0.16812753654280052,0.21176369106535944,0.23101493570766485,0.06160398285537729
0,N3,0.16812753654280052,0.22716468677920376,0.21176369106535944,0.06545423178383837
0,N3,0.17839486701869675,0.2040631932084373,0.2579666782068924,0.07315472964076054
0,N3,0.1745446180902357,0.2502661803499703,0.2040631932084373,0.06930448071229946
0,N3,0.2014963605894632,0.3003194164199643,0.24641593142150917,0.05775373392691621
0,N1,0.34395557094252327,0.5043826096284016,0.45047912462994644,0.07700497856922162
0,N3,0.2579666782068924,0.30801991427688646,0.39272539070303025,0.07315472964076054
0,N3,0.2528330129689443,0.3003194164199643,0.39657563963149134,0.06160398285537729
0,N3,0.23614860094561296,0.30801991427688646,0.331121407847653,0.06930448071229946
0,N3,0.26951742499227566,0.3657736482038027,0.3734741460607248,0.06930448071229946
0,N3,0.2553998455879184,0.2887686696345811,0.4081263864168746,0.06930448071229946
0,N3,0.2618169271353535,0.35807315034688053,0.35037265248995836,0.07700497856922162
0,N3,0.26053351082586645,0.34652240356149727,0.3696238971322638,0.06545423178383837
0,N2,0.2720842576112497,0.35807315034688053,0.39657563963149134,0.06160398285537729
0,N2,0.25411642927843137,0.3696238971322638,0.3234209099907308,0.06930448071229946
0,N3,0.2720842576112497,0.35422290141841944,0.3850248928461081,0.07700497856922162
0,N3,0.29518575118201623,0.3619233992753416,0.4581796224868686,0.06545423178383837
0,N3,0.2631003434448405,0.3657736482038027,0.35037265248995836,0.07315472964076054
0,N2,0.27721792284919783,0.3734741460607248,0.381174643917647,0.07700497856922162
0,N2,0.30288624903893835,0.38887514177456917,0.4581796224868686,0.06160398285537729
0,N2,0.3105867468958605,0.42737763105918,0.42737763105918,0.07700497856922162
0,N2,0.35935656665636756,0.5197836053422459,0.5005323606999406,0.05775373392691621
0,N2,0.28235158808714594,0.4235273821307189,0.35807315034688053,0.06545423178383837
0,N3,0.29775258380099023,0.4158268842737967,0.4196771332022578,0.05775373392691621
0,REM,0.3478058198709843,0.4620298714153297,0.5159333564137848,0.06545423178383837
0,REM,0.3298379915381659,0.4466288757014854,0.46973036927225187,0.07315472964076054
0,REM,0.33368824046662704,0.4466288757014854,0.48898161391455724,0.06545423178383837
0,REM,0.3452389872520103,0.4851313649860962,0.4812811160576351,0.06930448071229946
0,REM,0.3375384893950881,0.49283186284301833,0.4581796224868686,0.06160398285537729
0,REM,0.3709073134417508,0.5159333564137848,0.523633854270707,0.07315472964076054
0,REM,0.3259877426097048,0.47358061820071296,0.4466288757014854,0.05775373392691621
0,REM,0.38117464391764705,0.5351846010560902,0.5351846010560902,0.07315472964076054
0,REM,0.3619233992753417,0.5159333564137848,0.5005323606999406,0.06930448071229946
0,REM,0.3439555709425232,0.5159333564137848,0.4581796224868686,0.05775373392691621
0,REM,0.33497165677611407,0.4427786267730243,0.5005323606999406,0.06160398285537729
0,REM,0.3593565666563676,0.5313343521276291,0.47743086712917404,0.06930448071229946
0,REM,0.3696238971322638,0.5313343521276291,0.5120831074853237,0.06545423178383837
0,REM,0.3580731503468806,0.5043826096284016,0.5043826096284016,0.06545423178383837
0,REM,0.36962389713226385,0.5313343521276291,0.5082328585568627,0.06930448071229946
0,REM,0.32470432630021784,0.5082328585568627,0.4004258885599524,0.06545423178383837
0,REM,0.37989122760816,0.5197836053422459,0.5505855967699346,0.06930448071229946
0,REM,0.37604097867969893,0.4966821117714794,0.5582860946268567,0.07315472964076054
0,REM,0.3811746439176471,0.5005323606999406,0.56983684141224,0.07315472964076054
0,REM,0.32855457522867887,0.5351846010560902,0.381174643917647,0.06930448071229946
0,REM,0.3824580602271341,0.5313343521276291,0.5582860946268567,0.05775373392691621
0,REM,0.2900520859440681,0.45047912462994644,0.35422290141841944,0.06545423178383837
0,REM,0.34267215463303624,0.523633854270707,0.43892837784456323,0.06545423178383837
0,REM,0.3593565666563676,0.527484103199168,0.47358061820071296,0.07700497856922162
0,REM,0.38117464391764705,0.5428850989130124,0.527484103199168,0.07315472964076054
0,REM,0.3696238971322638,0.5467353478414735,0.4966821117714794,0.06545423178383837
0,REM,0.35935656665636756,0.523633854270707,0.48898161391455724,0.06545423178383837
0,REM,0.35165606879944544,0.4851313649860962,0.5082328585568627,0.06160398285537729
0,REM,0.33497165677611407,0.4812811160576351,0.47358061820071296,0.05005323606999405
0,N1,0.41197663534533574,0.5813875881976233,0.5813875881976233,0.07315472964076054
0,N1,0.3413887383235492,0.48898161391455724,0.46973036927225187,0.06545423178383837
0,N1,0.4106932190358487,0.5852378371260843,0.5775373392691622,0.06930448071229946
0,N1,0.35807315034688053,0.4851313649860962,0.5197836053422459,0.06930448071229946
0,N1,0.31828724475278264,0.42737763105918,0.45047912462994644,0.07700497856922162
0,N1,0.3131535795148346,0.4466288757014854,0.43122787998764106,0.06160398285537729
0,N2,0.30673649796739944,0.45047912462994644,0.39657563963149134,0.07315472964076054
0,N2,0.3118701632053475,0.4158268842737967,0.4543293735584075,0.06545423178383837
0,N2,0.29133550225355515,0.4081263864168746,0.4004258885599524,0.06545423178383837
0,N2,0.31572041213380864,0.43507812891610215,0.43892837784456323,0.07315472964076054
0,N2,0.3311214078476529,0.4466288757014854,0.47743086712917404,0.06930448071229946
0,N2,0.30416966534842543,0.4427786267730243,0.4042761374884135,0.06545423178383837
0,N2,0.3247043263002178,0.43892837784456323,0.47358061820071296,0.06160398285537729
0,N2,0.28620183701560703,0.4004258885599524,0.381174643917647,0.07700497856922162
0,N3,0.28491842070612,0.381174643917647,0.4081263864168746,0.06545423178383837
0,N1,0.39015855808405614,0.527484103199168,0.5659865924837789,0.07700497856922162
0,N1,0.36705706451328973,0.5120831074853237,0.5159333564137848,0.07315472964076054
0,N1,0.3747575623702119,0.5005323606999406,0.5582860946268567,0.06545423178383837
0,N1,0.3619233992753417,0.5351846010560902,0.4812811160576351,0.06930448071229946
0,N2,0.2810681717776589,0.3734741460607248,0.39657563963149134,0.07315472964076054
0,N2,0.31828724475278264,0.42737763105918,0.4543293735584075,0.07315472964076054
0,N2,0.37732439498918596,0.5505855967699346,0.5120831074853237,0.06930448071229946
0,N1,0.39914247225046545,0.5621363435553178,0.5736870903407011,0.06160398285537729
0,N2,0.31572041213380864,0.4466288757014854,0.43507812891610215,0.06545423178383837
0,N2,0.3016028327294514,0.43122787998764106,0.4081263864168746,0.06545423178383837
0,N2,0.3131535795148345,0.4235273821307189,0.45047912462994644,0.06545423178383837
0,N2,0.3208540773717567,0.46973036927225187,0.42737763105918,0.06545423178383837
0,N2,0.32727115891919184,0.4851313649860962,0.43122787998764106,0.06545423178383837
0,N2,0.2990360001104773,0.4466288757014854,0.3850248928461081,0.06545423178383837
0,N2,0.3131535795148346,0.4235273821307189,0.43892837784456323,0.07700497856922162
0,N2,0.31187016320534755,0.4427786267730243,0.42737763105918,0.06545423178383837
0,N2,0.2926189185630422,0.3696238971322638,0.43892837784456323,0.06930448071229946
0,N2,0.3131535795148345,0.4543293735584075,0.4196771332022578,0.06545423178383837
0,N2,0.30545308165791246,0.4042761374884135,0.4427786267730243,0.06930448071229946
0,N2,0.3413887383235492,0.4620298714153297,0.48898161391455724,0.07315472964076054
0,N2,0.27850133915868486,0.3696238971322638,0.39657563963149134,0.06930448071229946
0,N2,0.283635004396633,0.38887514177456917,0.39657563963149134,0.06545423178383837
0,N2,0.283635004396633,0.4158268842737967,0.3657736482038027,0.06930448071229946
0,N2,0.283635004396633,0.4042761374884135,0.3696238971322638,0.07700497856922162
0,N2,0.2464159314215092,0.3619233992753416,0.3234209099907308,0.05390348499845513
0,N2,0.30673649796739944,0.43507812891610215,0.4158268842737967,0.06930448071229946
0,N2,0.2708008413017627,0.35037265248995836,0.381174643917647,0.0808552274976827
0,N2,0.28748525332509406,0.381174643917647,0.41197663534533563,0.06930448071229946
0,N2,0.29646916749150326,0.39272539070303025,0.4235273821307189,0.07315472964076054
0,N2,0.26438375975432754,0.3696238971322638,0.35807315034688053,0.06545423178383837
0,N2,0.27721792284919783,0.3696238971322638,0.39272539070303025,0.06930448071229946
0,N2,0.2669505923733016,0.3234209099907308,0.39657563963149134,0.0808552274976827
0,N2,0.2887686696345811,0.4081263864168746,0.38887514177456917,0.06930448071229946
0,N2,0.24513251511202216,0.3272711589191919,0.3426721546330362,0.06545423178383837
0,N2,0.25539984558791834,0.35422290141841944,0.34652240356149727,0.06545423178383837
0,N2,0.2618169271353535,0.34652240356149727,0.3657736482038027,0.07315472964076054
0,N2,0.2592500945163794,0.3426721546330362,0.3619233992753416,0.07315472964076054
0,N2,0.23486518463612593,0.3003194164199643,0.3388219057045751,0.06545423178383837
0,N2,0.2720842576112497,0.334971656776114,0.4081263864168746,0.07315472964076054
0,N3,0.22973151939817782,0.31187016320534755,0.30801991427688646,0.06930448071229946
0,N2,0.24898276404048325,0.35422290141841944,0.3272711589191919,0.06545423178383837
0,N3,0.23871543356458702,0.2926189185630422,0.35807315034688053,0.06545423178383837
0,N3,0.20663002582741133,0.26566717606381457,0.2887686696345811,0.06545423178383837
0,N3,0.20277977689895024,0.2579666782068924,0.2810681717776589,0.06930448071229946
0,N3,0.2425656824930481,0.30801991427688646,0.35807315034688053,0.06160398285537729
0,N3,0.22588127046971673,0.31572041213380864,0.2964691674915032,0.06545423178383837
0,N3,0.23871543356458702,0.28491842070612,0.3619233992753416,0.06930448071229946
0,N3,0.2104802747558724,0.27336767392073674,0.2964691674915032,0.06160398285537729
0,N3,0.283635004396633,0.3619233992753416,0.4158268842737967,0.07315472964076054
0,N2,0.2900520859440681,0.41197663534533563,0.38887514177456917,0.06930448071229946
0,N2,0.2720842576112497,0.3619233992753416,0.381174643917647,0.07315472964076054
0,N2,0.2631003434448405,0.3388219057045751,0.3850248928461081,0.06545423178383837
0,N2,0.26438375975432754,0.3272711589191919,0.4004258885599524,0.06545423178383837
0,N2,0.26951742499227566,0.3619233992753416,0.381174643917647,0.06545423178383837
0,N3,0.25668326189740537,0.3426721546330362,0.35037265248995836,0.07700497856922162
0,N3,0.20021294427997624,0.25411642927843137,0.28491842070612,0.06160398285537729
0,N3,0.21561393999382053,0.2502661803499703,0.3234209099907308,0.07315472964076054
0,N3,0.19764611166100218,0.23486518463612593,0.2926189185630422,0.06545423178383837
0,N3,0.19122903011356704,0.23871543356458702,0.27336767392073674,0.06160398285537729
0,N3,0.23871543356458702,0.27721792284919783,0.35807315034688053,0.0808552274976827
0,N3,0.24513251511202216,0.30801991427688646,0.35807315034688053,0.06930448071229946
0,N3,0.20277977689895024,0.23486518463612593,0.2964691674915032,0.07700497856922162
0,N3,0.21304710737484645,0.27721792284919783,0.2964691674915032,0.06545423178383837
0,N3,0.1848119485661319,0.23871543356458702,0.23871543356458702,0.07700497856922162
0,N3,0.1809616996376708,0.24641593142150917,0.22716468677920376,0.06930448071229946
0,N3,0.20277977689895024,0.23101493570766485,0.31572041213380864,0.06160398285537729
0,N3,0.19892952797048916,0.26566717606381457,0.26566717606381457,0.06545423178383837
0,N3,0.19764611166100218,0.2887686696345811,0.2425656824930481,0.06160398285537729
0,N3,0.19251244642305407,0.2502661803499703,0.26951742499227566,0.05775373392691621
0,N3,0.17839486701869675,0.23101493570766485,0.23871543356458702,0.06545423178383837
0,N3,0.1848119485661319,0.19636269535151513,0.2810681717776589,0.07700497856922162
0,N3,0.20663002582741138,0.2502661803499703,0.2926189185630422,0.07700497856922162
0,N3,0.21176369106535942,0.23871543356458702,0.334971656776114,0.06160398285537729
0,N3,0.2245978541602297,0.2579666782068924,0.34652240356149727,0.06930448071229946
0,N3,0.20663002582741133,0.2579666782068924,0.2926189185630422,0.06930448071229946
0,N3,0.1848119485661319,0.21561393999382053,0.2618169271353535,0.07700497856922162
0,N3,0.2014963605894632,0.27336767392073674,0.26566717606381457,0.06545423178383837
0,N3,0.18866219749459293,0.20791344213689836,0.2964691674915032,0.06160398285537729
0,N3,0.1719777854712616,0.21176369106535944,0.23486518463612593,0.06930448071229946
0,N3,0.16299387130485243,0.2040631932084373,0.21561393999382053,0.06930448071229946
0,N3,0.20534660951792436,0.2502661803499703,0.2887686696345811,0.07700497856922162
0,N3,0.1809616996376708,0.21946418892228162,0.2618169271353535,0.06160398285537729
0,N3,0.1809616996376708,0.22716468677920376,0.23871543356458702,0.07700497856922162
0,N3,0.19251244642305407,0.2040631932084373,0.3003194164199643,0.07315472964076054
0,N3,0.18737878118510595,0.21176369106535944,0.28491842070612,0.06545423178383837
0,N3,0.22588127046971673,0.3041696653484254,0.3003194164199643,0.07315472964076054
0,N1,0.3105867468958605,0.4081263864168746,0.45047912462994644,0.07315472964076054
0,N2,0.24128226618356108,0.3195706610622697,0.331121407847653,0.07315472964076054
0,N2,0.2797847554681719,0.35422290141841944,0.4196771332022578,0.06545423178383837
0,N1,0.3259877426097048,0.41197663534533563,0.4966821117714794,0.06930448071229946
0,N2,0.2515495966594573,0.2810681717776589,0.4042761374884135,0.06930448071229946
0,N2,0.26438375975432754,0.3657736482038027,0.35422290141841944,0.07315472964076054
0,N2,0.2720842576112497,0.35807315034688053,0.38887514177456917,0.06930448071229946
0,N2,0.283635004396633,0.3696238971322638,0.4158268842737967,0.06545423178383837
0,N2,0.27465109023022377,0.3850248928461081,0.3734741460607248,0.06545423178383837
0,N2,0.2797847554681719,0.39657563963149134,0.3850248928461081,0.05775373392691621
0,N2,0.27336767392073674,0.3388219057045751,0.4081263864168746,0.07315472964076054
0,N1,0.3003194164199643,0.4158268842737967,0.42737763105918,0.05775373392691621
0,N2,0.29646916749150326,0.3696238971322638,0.4466288757014854,0.07315472964076054
0,N2,0.2926189185630422,0.3734741460607248,0.4235273821307189,0.0808552274976827
0,N1,0.31058674689586047,0.4235273821307189,0.45047912462994644,0.05775373392691621
0,N2,0.31058674689586047,0.4581796224868686,0.41197663534533563,0.06160398285537729
0,N2,0.2708008413017627,0.39657563963149134,0.35422290141841944,0.06160398285537729
0,N2,0.3170038284432956,0.4543293735584075,0.4235273821307189,0.07315472964076054
0,N2,0.2541164292784313,0.35422290141841944,0.334971656776114,0.07315472964076054
0,N2,0.283635004396633,0.3426721546330362,0.43892837784456323,0.06930448071229946
0,N2,0.3413887383235492,0.4427786267730243,0.5120831074853237,0.06930448071229946
0,REM,0.35422290141841944,0.46973036927225187,0.5197836053422459,0.07315472964076054
0,REM,0.3221374936812437,0.43892837784456323,0.45047912462994644,0.07700497856922162
0,REM,0.3593565666563676,0.47743086712917404,0.5313343521276291,0.06930448071229946
0,REM,0.37989122760816,0.5505855967699346,0.523633854270707,0.06545423178383837
0,REM,0.3375384893950881,0.4620298714153297,0.48898161391455724,0.06160398285537729
0,REM,0.3734741460607249,0.527484103199168,0.523633854270707,0.06930448071229946
0,REM,0.3683404808227768,0.5082328585568627,0.523633854270707,0.07315472964076054
0,REM,0.3529394851089324,0.5197836053422459,0.4658801203437908,0.07315472964076054
0,REM,0.3696238971322638,0.5120831074853237,0.523633854270707,0.07315472964076054
0,REM,0.3503726524899584,0.39272539070303025,0.5852378371260843,0.07315472964076054
0,REM,0.35678973403739356,0.4658801203437908,0.5428850989130124,0.06160398285537729
0,REM,0.34652240356149727,0.5197836053422459,0.4543293735584075,0.06545423178383837
0,REM,0.3375384893950881,0.4966821117714794,0.4543293735584075,0.06160398285537729
0,REM,0.38630830915559516,0.5582860946268567,0.5351846010560902,0.06545423178383837
0,REM,0.3747575623702118,0.4543293735584075,0.5929383349830064,0.07700497856922162
0,REM,0.3734741460607249,0.5005323606999406,0.5505855967699346,0.06930448071229946
0,REM,0.3362550730856011,0.5043826096284016,0.4466288757014854,0.05775373392691621
0,REM,0.34267215463303624,0.5005323606999406,0.4620298714153297,0.06545423178383837
0,REM,0.37604097867969893,0.5390348499845513,0.5159333564137848,0.07315472964076054
0,REM,0.38630830915559516,0.5505855967699346,0.5428850989130124,0.06545423178383837
0,REM,0.37219072975123785,0.5313343521276291,0.5197836053422459,0.06545423178383837
0,REM,0.3824580602271341,0.5351846010560902,0.5505855967699346,0.06160398285537729
0,REM,0.3259877426097048,0.4427786267730243,0.4658801203437908,0.06930448071229946
0,REM,0.37347414606072493,0.5082328585568627,0.5544358456983957,0.05775373392691621
0,REM,0.3721907297512379,0.47358061820071296,0.5659865924837789,0.07700497856922162
0,REM,0.35678973403739356,0.49283186284301833,0.5082328585568627,0.06930448071229946
0,REM,0.37604097867969893,0.5313343521276291,0.5313343521276291,0.06545423178383837
0,REM,0.40299272117892654,0.6083393306968508,0.527484103199168,0.07315472964076054
0,REM,0.3426721546330362,0.48898161391455724,0.4581796224868686,0.0808552274976827
0,N2,0.3144369958243216,0.4427786267730243,0.4235273821307189,0.07700497856922162
0,N1,0.3978590559409784,0.5736870903407011,0.5544358456983957,0.06545423178383837
0,N1,0.3734741460607249,0.5351846010560902,0.5082328585568627,0.07700497856922162
0,W,0.3888751417745692,0.6044890817683897,0.48898161391455724,0.07315472964076054
0,N1,0.4094098027263617,0.6044890817683897,0.5621363435553178,0.06160398285537729
0,N1,0.3837414765366211,0.5544358456983957,0.5351846010560902,0.06160398285537729
0,N1,0.37989122760816,0.56983684141224,0.5159333564137848,0.05390348499845513
0,N1,0.3413887383235492,0.43892837784456323,0.5197836053422459,0.06545423178383837
0,N2,0.3413887383235492,0.5120831074853237,0.43507812891610215,0.07700497856922162
0,N2,0.32085407737175675,0.39657563963149134,0.4851313649860962,0.0808552274976827
0,N2,0.3080199142768865,0.4466288757014854,0.4081263864168746,0.06930448071229946
0,N2,0.29518575118201623,0.4004258885599524,0.4158268842737967,0.06930448071229946
0,N2,0.3362550730856011,0.4966821117714794,0.4427786267730243,0.06930448071229946
0,N2,0.31443699582432155,0.4658801203437908,0.41197663534533563,0.06545423178383837
0,N2,0.32085407737175675,0.4466288757014854,0.4466288757014854,0.06930448071229946
0,N2,0.3118701632053475,0.45047912462994644,0.4235273821307189,0.06160398285537729
0,N2,0.31572041213380864,0.43892837784456323,0.43507812891610215,0.07315472964076054
0,N2,0.30673649796739944,0.43507812891610215,0.4196771332022578,0.06545423178383837
0,N2,0.3221374936812437,0.43507812891610215,0.4543293735584075,0.07700497856922162
0,N2,0.2990360001104773,0.42737763105918,0.4042761374884135,0.06545423178383837
0,N2,0.32855457522867887,0.43507812891610215,0.4812811160576351,0.06930448071229946
0,N2,0.3105867468958605,0.4466288757014854,0.4196771332022578,0.06545423178383837
0,N2,0.26951742499227566,0.39272539070303025,0.334971656776114,0.0808552274976827
0,N2,0.29646916749150326,0.4196771332022578,0.4042761374884135,0.06545423178383837
0,N2,0.3375384893950881,0.4851313649860962,0.4658801203437908,0.06160398285537729
0,N2,0.28491842070612,0.4004258885599524,0.38887514177456917,0.06545423178383837
0,N2,0.29646916749150326,0.4004258885599524,0.4158268842737967,0.07315472964076054
0,N2,0.2631003434448405,0.3388219057045751,0.3773243949891859,0.07315472964076054
0,N2,0.2797847554681719,0.4004258885599524,0.381174643917647,0.05775373392691621
0,N2,0.3182872447527827,0.47743086712917404,0.4042761374884135,0.07315472964076054
0,N2,0.29133550225355515,0.39657563963149134,0.4081263864168746,0.06930448071229946
0,N2,0.2720842576112497,0.3272711589191919,0.4235273821307189,0.06545423178383837
0,N2,0.2939023348725292,0.38887514177456917,0.42737763105918,0.06545423178383837
0,N2,0.30673649796739944,0.42737763105918,0.4235273821307189,0.06930448071229946
0,N2,0.28748525332509406,0.4196771332022578,0.38887514177456917,0.05390348499845513
0,N2,0.31957066106226967,0.42737763105918,0.4581796224868686,0.07315472964076054
0,N2,0.31187016320534755,0.4158268842737967,0.4466288757014854,0.07315472964076054
0,N1,0.378607811298673,0.5313343521276291,0.5351846010560902,0.06930448071229946
0,N2,0.35293948510893247,0.4851313649860962,0.5082328585568627,0.06545423178383837
0,N1,0.35165606879944544,0.4851313649860962,0.4966821117714794,0.07315472964076054
0,N2,0.31443699582432155,0.45047912462994644,0.43122787998764106,0.06160398285537729
0,N2,0.30673649796739944,0.43892837784456323,0.4235273821307189,0.05775373392691621
0,N2,0.30673649796739944,0.4427786267730243,0.41197663534533563,0.06545423178383837
0,N2,0.30930333058637355,0.4427786267730243,0.4081263864168746,0.07700497856922162
0,N2,0.2887686696345811,0.39272539070303025,0.4081263864168746,0.06545423178383837
0,N2,0.29133550225355515,0.4081263864168746,0.39272539070303025,0.07315472964076054
0,N2,0.26438375975432754,0.3619233992753416,0.35422290141841944,0.07700497856922162
0,N2,0.3131535795148345,0.4620298714153297,0.41197663534533563,0.06545423178383837
0,N2,0.2939023348725292,0.4581796224868686,0.3657736482038027,0.05775373392691621
0,N2,0.2977525838009903,0.4081263864168746,0.4158268842737967,0.06930448071229946
0,N3,0.23229835201715188,0.30801991427688646,0.3234209099907308,0.06545423178383837
0,N2,0.29518575118201623,0.39272539070303025,0.4196771332022578,0.07315472964076054
0,N2,0.29646916749150326,0.4196771332022578,0.39657563963149134,0.07315472964076054
0,N2,0.2900520859440681,0.3734741460607248,0.4235273821307189,0.07315472964076054
0,N2,0.28491842070612,0.4081263864168746,0.381174643917647,0.06545423178383837
0,N2,0.31443699582432155,0.4158268842737967,0.4581796224868686,0.06930448071229946
0,N2,0.3362550730856011,0.4812811160576351,0.4543293735584075,0.07315472964076054
0,N2,0.2720842576112497,0.3773243949891859,0.3657736482038027,0.07315472964076054
0,N2,0.29518575118201623,0.42737763105918,0.38887514177456917,0.06930448071229946
0,N2,0.2708008413017627,0.38887514177456917,0.3619233992753416,0.06160398285537729
0,N2,0.29518575118201623,0.4004258885599524,0.4158268842737967,0.06930448071229946
0,N2,0.28235158808714594,0.39272539070303025,0.38887514177456917,0.06545423178383837
0,N2,0.26438375975432754,0.34652240356149727,0.3734741460607248,0.07315472964076054
0,N2,0.26566717606381457,0.3657736482038027,0.35807315034688053,0.07315472964076054
0,N3,0.22973151939817782,0.3388219057045751,0.2887686696345811,0.06160398285537729
0,N2,0.26438375975432754,0.35037265248995836,0.3734741460607248,0.06930448071229946
0,N3,0.24513251511202216,0.331121407847653,0.331121407847653,0.07315472964076054
0,N2,0.24384909880253514,0.3272711589191919,0.34652240356149727,0.05775373392691621
0,N3,0.24384909880253514,0.3195706610622697,0.3426721546330362,0.06930448071229946
0,N3,0.22203102154125565,0.27721792284919783,0.3272711589191919,0.06160398285537729
0,N3,0.22588127046971673,0.3195706610622697,0.28491842070612,0.07315472964076054
0,N3,0.2284481030886908,0.31187016320534755,0.3041696653484254,0.06930448071229946
0,N3,0.23101493570766485,0.28491842070612,0.334971656776114,0.07315472964076054
0,N3,0.2464159314215092,0.31572041213380864,0.35037265248995836,0.07315472964076054
0,N3,0.1963626953515151,0.26566717606381457,0.2579666782068924,0.06545423178383837
0,N3,0.2014963605894632,0.26951742499227566,0.27336767392073674,0.06160398285537729
0,N3,0.19636269535151515,0.2502661803499703,0.26951742499227566,0.06930448071229946
0,N3,0.24513251511202216,0.3426721546330362,0.331121407847653,0.06160398285537729
0,N2,0.24384909880253514,0.2810681717776589,0.38887514177456917,0.06160398285537729
0,N2,0.27721792284919783,0.34652240356149727,0.4196771332022578,0.06545423178383837
0,N2,0.25283301296894434,0.31572041213380864,0.3696238971322638,0.07315472964076054
0,N2,0.27336767392073674,0.3734741460607248,0.3734741460607248,0.07315472964076054
0,N2,0.2528330129689443,0.2964691674915032,0.38887514177456917,0.07315472964076054
0,N2,0.2579666782068924,0.35037265248995836,0.3619233992753416,0.06160398285537729
0,N2,0.2669505923733016,0.3657736482038027,0.3696238971322638,0.06545423178383837
0,N3,0.23486518463612593,0.30801991427688646,0.3272711589191919,0.06930448071229946
0,N3,0.21433052368433347,0.30801991427688646,0.26566717606381457,0.06930448071229946
0,N2,0.25539984558791834,0.334971656776114,0.3619233992753416,0.06930448071229946
0,N3,0.18224511594715784,0.23486518463612593,0.2579666782068924,0.05390348499845513
0,N3,0.2194641889222816,0.2618169271353535,0.3234209099907308,0.07315472964076054
0,N3,0.22074760523176862,0.31572041213380864,0.27721792284919783,0.06930448071229946
0,N3,0.21689735630330753,0.30801991427688646,0.27336767392073674,0.06930448071229946
0,N3,0.22074760523176862,0.3003194164199643,0.2964691674915032,0.06545423178383837
0,N3,0.19122903011356704,0.23101493570766485,0.27336767392073674,0.06930448071229946
0,N3,0.2091968584463854,0.27721792284919783,0.2926189185630422,0.05775373392691621
0,N3,0.18737878118510595,0.2425656824930481,0.2502661803499703,0.06930448071229946
0,N3,0.18609536487561892,0.21176369106535944,0.27336767392073674,0.07315472964076054
0,N3,0.21048027475587242,0.2618169271353535,0.2887686696345811,0.0808552274976827
0,N3,0.16556070392382646,0.23486518463612593,0.19636269535151513,0.06545423178383837
0,N3,0.22331443785074268,0.25411642927843137,0.3426721546330362,0.07315472964076054
0,N3,0.17326120178074864,0.21561393999382053,0.23101493570766485,0.07315472964076054
0,N3,0.2245978541602297,0.27721792284919783,0.334971656776114,0.06160398285537729
0,N3,0.2592500945163794,0.3734741460607248,0.3426721546330362,0.06160398285537729
0,N3,0.23229835201715188,0.25411642927843137,0.381174643917647,0.06160398285537729
0,N3,0.2579666782068924,0.3426721546330362,0.3619233992753416,0.06930448071229946
0,N2,0.29133550225355515,0.4081263864168746,0.4042761374884135,0.06160398285537729
0,N2,0.31058674689586047,0.45047912462994644,0.4158268842737967,0.06545423178383837
0,N2,0.25539984558791834,0.3657736482038027,0.3388219057045751,0.06160398285537729
0,N2,0.26053351082586645,0.34652240356149727,0.3657736482038027,0.06930448071229946
0,N3,0.24641593142150917,0.334971656776114,0.334971656776114,0.06930448071229946
0,N3,0.24128226618356108,0.30801991427688646,0.35422290141841944,0.06160398285537729
0,N2,0.29518575118201623,0.4004258885599524,0.42737763105918,0.05775373392691621
0,REM,0.3093033305863735,0.43892837784456323,0.42737763105918,0.06160398285537729
0,REM,0.34780581987098436,0.5043826096284016,0.47743086712917404,0.06160398285537729
0,REM,0.36577364820380276,0.5043826096284016,0.5351846010560902,0.05775373392691621
0,REM,0.3298379915381659,0.4966821117714794,0.43122787998764106,0.06160398285537729
0,REM,0.3298379915381659,0.4812811160576351,0.43892837784456323,0.06930448071229946
0,REM,0.36834048082277676,0.527484103199168,0.5197836053422459,0.05775373392691621
0,REM,0.39015855808405625,0.5659865924837789,0.5351846010560902,0.06930448071229946
0,REM,0.36705706451328973,0.5428850989130124,0.48898161391455724,0.06930448071229946
0,N1,0.3824580602271341,0.6352910731960784,0.45047912462994644,0.06160398285537729
0,REM,0.3747575623702119,0.56983684141224,0.49283186284301833,0.06160398285537729
0,REM,0.38374147653662116,0.5813875881976233,0.5043826096284016,0.06545423178383837
0,REM,0.3888751417745692,0.5428850989130124,0.5544358456983957,0.06930448071229946
0,REM,0.3465224035614973,0.4966821117714794,0.46973036927225187,0.07315472964076054
0,REM,0.35678973403739356,0.5005323606999406,0.5043826096284016,0.06545423178383837
0,REM,0.3413887383235492,0.5005323606999406,0.4466288757014854,0.07700497856922162
0,REM,0.3696238971322638,0.527484103199168,0.5082328585568627,0.07315472964076054
0,REM,0.37732439498918585,0.5120831074853237,0.5390348499845513,0.0808552274976827
0,REM,0.3734741460607249,0.49283186284301833,0.5544358456983957,0.07315472964076054
0,REM,0.38502489284610814,0.56983684141224,0.5159333564137848,0.06930448071229946
0,REM,0.3657736482038027,0.5544358456983957,0.4812811160576351,0.06160398285537729
0,REM,0.32342090999073075,0.46973036927225187,0.4235273821307189,0.07700497856922162
0,REM,0.39015855808405614,0.527484103199168,0.5621363435553178,0.0808552274976827
0,REM,0.3503726524899584,0.5005323606999406,0.47743086712917404,0.07315472964076054
0,REM,0.3657736482038027,0.5005323606999406,0.5351846010560902,0.06160398285537729
0,REM,0.35037265248995836,0.49283186284301833,0.49283186284301833,0.06545423178383837
0,REM,0.3311214078476529,0.4158268842737967,0.5043826096284016,0.07315472964076054
0,W,0.33240482415713996,0.4966821117714794,0.43507812891610215,0.06545423178383837
0,N1,0.4183937168927709,0.6237403264106951,0.5659865924837789,0.06545423178383837
0,N1,0.41326005165482277,0.5890880860545453,0.5775373392691622,0.07315472964076054
0,N1,0.4055595537979005,0.5967885839114675,0.5428850989130124,0.07700497856922162
0,N1,0.36705706451328973,0.523633854270707,0.5043826096284016,0.07315472964076054
0,W,0.3927253907030303,0.3272711589191919,0.7816005324775994,0.06930448071229946
0,W,0.4337947126066151,0.3734741460607248,0.85475526211836,0.07315472964076054
0,W,0.38630830915559516,0.2964691674915032,0.7893010303345216,0.07315472964076054
0,W,0.423527382130719,0.30801991427688646,0.8894075024745097,0.07315472964076054
0,W,0.378607811298673,0.3734741460607248,0.7007453049799167,0.06160398285537729
0,W,0.26951742499227566,0.4042761374884135,0.334971656776114,0.06930448071229946
0,W,0.37989122760816,0.5159333564137848,0.5621363435553178,0.06160398285537729
0,W,0.40299272117892654,0.5813875881976233,0.5736870903407011,0.05390348499845513
0,W,0.41197663534533563,0.5929383349830064,0.56983684141224,0.07315472964076054
0,W,0.4273776310591801,0.619890077482234,0.5852378371260843,0.07700497856922162
0,W,0.4055595537979005,0.5967885839114675,0.5582860946268567,0.06160398285537729
0,W,0.42609421474969295,0.6237403264106951,0.5852378371260843,0.06930448071229946
0,W,0.3914419743935433,0.5351846010560902,0.5659865924837789,0.07315472964076054
0,W,0.4158268842737967,0.619890077482234,0.5659865924837789,0.06160398285537729
0,W,0.42096054951174483,0.5967885839114675,0.6006388328399286,0.06545423178383837
0,W,0.4158268842737967,0.6006388328399286,0.5852378371260843,0.06160398285537729
0,N1,0.40042588855995237,0.5929383349830064,0.5390348499845513,0.06930448071229946
0,N1,0.4004258885599525,0.5582860946268567,0.5813875881976233,0.06160398285537729
0,N1,0.4466288757014854,0.6814940603376113,0.5813875881976233,0.07700497856922162
0,W,0.4158268842737968,0.56983684141224,0.6044890817683897,0.07315472964076054
0,N1,0.4004258885599525,0.5736870903407011,0.5621363435553178,0.06545423178383837
0,N1,0.40812638641687465,0.5736870903407011,0.5813875881976233,0.06930448071229946
0,N1,0.38502489284610814,0.5351846010560902,0.5467353478414735,0.07315472964076054
0,N1,0.34395557094252327,0.5043826096284016,0.4620298714153297,0.06545423178383837
0,N2,0.3259877426097048,0.4658801203437908,0.45047912462994644,0.06160398285537729
0,N2,0.3465224035614973,0.4658801203437908,0.4966821117714794,0.07700497856922162
0,N2,0.3413887383235492,0.48898161391455724,0.4581796224868686,0.07700497856922162
0,N2,0.30930333058637344,0.4196771332022578,0.45047912462994644,0.05775373392691621
0,N2,0.3298379915381659,0.46973036927225187,0.45047912462994644,0.06930448071229946
0,N2,0.3298379915381659,0.4543293735584075,0.4658801203437908,0.06930448071229946
0,N2,0.3413887383235492,0.47358061820071296,0.47743086712917404,0.07315472964076054
0,N2,0.31828724475278264,0.4620298714153297,0.42737763105918,0.06545423178383837
0,N2,0.3401053220140622,0.4620298714153297,0.48898161391455724,0.06930448071229946
0,N2,0.31828724475278264,0.4158268842737967,0.46973036927225187,0.06930448071229946
0,N2,0.3259877426097048,0.48898161391455724,0.4158268842737967,0.07315472964076054
0,N2,0.3413887383235492,0.4620298714153297,0.48898161391455724,0.07315472964076054
0,N2,0.38117464391764705,0.5775373392691622,0.49283186284301833,0.07315472964076054
0,N2,0.34780581987098436,0.48898161391455724,0.4851313649860962,0.06930448071229946
0,N2,0.35037265248995836,0.5120831074853237,0.47743086712917404,0.06160398285537729
0,N2,0.3529394851089324,0.47743086712917404,0.5197836053422459,0.06160398285537729
0,N2,0.31443699582432155,0.4543293735584075,0.4235273821307189,0.06545423178383837
0,N2,0.3375384893950881,0.4812811160576351,0.4581796224868686,0.07315472964076054
0,N2,0.31187016320534755,0.43122787998764106,0.42737763105918,0.07700497856922162
0,N2,0.31828724475278264,0.43122787998764106,0.4543293735584075,0.06930448071229946
0,N2,0.32855457522867887,0.4543293735584075,0.46973036927225187,0.06160398285537729
0,N2,0.3490892361804714,0.4966821117714794,0.4851313649860962,0.06545423178383837
0,N2,0.32342090999073075,0.4235273821307189,0.47358061820071296,0.07315472964076054
0,W,0.33368824046662704,0.47743086712917404,0.4581796224868686,0.06545423178383837
0,W,0.40427613748841357,0.5813875881976233,0.5582860946268567,0.07315472964076054
0,N1,0.34267215463303624,0.4658801203437908,0.4966821117714794,0.06545423178383837
0,N2,0.28748525332509406,0.4081263864168746,0.38887514177456917,0.06545423178383837
0,N2,0.31443699582432155,0.42737763105918,0.4620298714153297,0.05390348499845513
0,N2,0.3683404808227768,0.5544358456983957,0.4851313649860962,0.06545423178383837
0,N2,0.3221374936812437,0.42737763105918,0.46973036927225187,0.06930448071229946
0,N2,0.3503726524899584,0.47743086712917404,0.5082328585568627,0.06545423178383837
0,N2,0.3208540773717567,0.45047912462994644,0.4427786267730243,0.06930448071229946
0,N2,0.30801991427688646,0.45047912462994644,0.39657563963149134,0.07700497856922162
0,N2,0.3221374936812437,0.49283186284301833,0.4196771332022578,0.05390348499845513
0,N2,0.3016028327294514,0.4427786267730243,0.39657563963149134,0.06545423178383837
0,N2,0.31828724475278264,0.4581796224868686,0.43122787998764106,0.06545423178383837
0,N2,0.3208540773717567,0.41197663534533563,0.47743086712917404,0.07315472964076054
0,N2,0.3016028327294513,0.42737763105918,0.4158268842737967,0.06160398285537729
0,N2,0.30801991427688646,0.41197663534533563,0.43122787998764106,0.0808552274976827
0,N2,0.3157204121338086,0.4581796224868686,0.4158268842737967,0.07315472964076054
0,N2,0.2977525838009903,0.43122787998764106,0.4042761374884135,0.05775373392691621
0,N2,0.2682340086827886,0.3696238971322638,0.3657736482038027,0.06930448071229946
0,N2,0.3157204121338086,0.4581796224868686,0.4158268842737967,0.07315472964076054
0,N2,0.3208540773717567,0.4658801203437908,0.4196771332022578,0.07700497856922162
0,N2,0.2900520859440681,0.39657563963149134,0.4196771332022578,0.05390348499845513
0,N2,0.2797847554681719,0.3773243949891859,0.39657563963149134,0.06545423178383837
0,N2,0.3003194164199643,0.4581796224868686,0.3773243949891859,0.06545423178383837
0,N2,0.3208540773717567,0.4196771332022578,0.47358061820071296,0.06930448071229946
0,N2,0.31187016320534755,0.43122787998764106,0.42737763105918,0.07700497856922162
0,N2,0.3054530816579124,0.43122787998764106,0.4158268842737967,0.06930448071229946
0,N2,0.3157204121338086,0.45047912462994644,0.4196771332022578,0.07700497856922162
0,N2,0.3093033305863735,0.42737763105918,0.4235273821307189,0.07700497856922162
0,N2,0.2939023348725292,0.4235273821307189,0.39657563963149134,0.06160398285537729
0,N2,0.3298379915381659,0.5005323606999406,0.4158268842737967,0.07315472964076054
0,N2,0.27721792284919783,0.39272539070303025,0.35807315034688053,0.0808552274976827
0,N2,0.2990360001104773,0.39272539070303025,0.43122787998764106,0.07315472964076054
0,N2,0.28748525332509406,0.4042761374884135,0.3850248928461081,0.07315472964076054
0,N2,0.2990360001104773,0.42737763105918,0.4042761374884135,0.06545423178383837
0,N2,0.30930333058637344,0.45047912462994644,0.41197663534533563,0.06545423178383837
0,N3,0.2476993477309962,0.34652240356149727,0.3388219057045751,0.05775373392691621
0,N2,0.2720842576112497,0.35037265248995836,0.4004258885599524,0.06545423178383837
0,N3,0.24128226618356108,0.3195706610622697,0.3388219057045751,0.06545423178383837
0,N3,0.2541164292784313,0.3195706610622697,0.3773243949891859,0.06545423178383837
0,N3,0.25539984558791834,0.35037265248995836,0.35037265248995836,0.06545423178383837
0,N2,0.25796667820689245,0.3696238971322638,0.331121407847653,0.07315472964076054
0,N2,0.26951742499227566,0.3696238971322638,0.3773243949891859,0.06160398285537729
0,N2,0.2759345065397108,0.3850248928461081,0.381174643917647,0.06160398285537729
0,N2,0.23871543356458702,0.331121407847653,0.31572041213380864,0.06930448071229946
0,N3,0.22588127046971673,0.30801991427688646,0.30801991427688646,0.06160398285537729
0,N3,0.23486518463612593,0.3272711589191919,0.3195706610622697,0.05775373392691621
0,N2,0.26053351082586645,0.334971656776114,0.3734741460607248,0.07315472964076054
0,N2,0.26951742499227566,0.334971656776114,0.4004258885599524,0.07315472964076054
0,N3,0.23486518463612593,0.30801991427688646,0.3234209099907308,0.07315472964076054
0,N2,0.2618169271353535,0.3696238971322638,0.35037265248995836,0.06545423178383837
0,N3,0.24384909880253514,0.35807315034688053,0.2964691674915032,0.07700497856922162
0,N2,0.25154959665945725,0.334971656776114,0.35037265248995836,0.06930448071229946
0,N3,0.22203102154125565,0.27721792284919783,0.3195706610622697,0.06930448071229946
0,N3,0.21818077261279456,0.2425656824930481,0.3388219057045751,0.07315472964076054
0,N3,0.21304710737484645,0.26951742499227566,0.30801991427688646,0.06160398285537729
0,N3,0.2682340086827886,0.35807315034688053,0.3850248928461081,0.06160398285537729
0,N2,0.28235158808714594,0.381174643917647,0.4042761374884135,0.06160398285537729
0,N2,0.283635004396633,0.3696238971322638,0.4158268842737967,0.06545423178383837
0,N2,0.3041696653484254,0.39272539070303025,0.45047912462994644,0.06930448071229946
0,N2,0.2926189185630422,0.4235273821307189,0.4004258885599524,0.05390348499845513
0,N2,0.3157204121338086,0.46973036927225187,0.4158268842737967,0.06160398285537729
0,N2,0.3041696653484254,0.45047912462994644,0.39272539070303025,0.06930448071229946
0,N2,0.2926189185630422,0.4158268842737967,0.4004258885599524,0.06160398285537729
0,N3,0.28491842070612,0.3696238971322638,0.41197663534533563,0.07315472964076054
0,N2,0.3028862490389384,0.42737763105918,0.4042761374884135,0.07700497856922162
0,N2,0.2759345065397108,0.4081263864168746,0.3696238971322638,0.05005323606999405
0,N2,0.31700382844329567,0.43892837784456323,0.43507812891610215,0.07700497856922162
0,N2,0.3529394851089324,0.523633854270707,0.4581796224868686,0.07700497856922162
0,N1,0.39914247225046545,0.5736870903407011,0.5544358456983957,0.06930448071229946
0,N1,0.3747575623702119,0.5313343521276291,0.5313343521276291,0.06160398285537729
0,REM,0.3747575623702119,0.4966821117714794,0.5544358456983957,0.07315472964076054
0,REM,0.3709073134417508,0.48898161391455724,0.5467353478414735,0.07700497856922162
0,REM,0.3131535795148346,0.4851313649860962,0.3850248928461081,0.06930448071229946
0,REM,0.3465224035614973,0.5313343521276291,0.4466288757014854,0.06160398285537729
0,REM,0.3375384893950881,0.5120831074853237,0.43507812891610215,0.06545423178383837
0,REM,0.3529394851089324,0.4658801203437908,0.527484103199168,0.06545423178383837
0,REM,0.3978590559409784,0.5428850989130124,0.5852378371260843,0.06545423178383837
0,REM,0.3824580602271341,0.5505855967699346,0.523633854270707,0.07315472964076054
0,REM,0.37604097867969893,0.5351846010560902,0.523633854270707,0.06930448071229946
0,REM,0.36705706451328973,0.48898161391455724,0.5390348499845513,0.07315472964076054
0,REM,0.3298379915381659,0.4581796224868686,0.4620298714153297,0.06930448071229946
0,REM,0.36962389713226385,0.5043826096284016,0.5351846010560902,0.06930448071229946
0,REM,0.3747575623702119,0.5159333564137848,0.5390348499845513,0.06930448071229946
0,REM,0.37732439498918596,0.5120831074853237,0.5505855967699346,0.06930448071229946
0,REM,0.34010532201406213,0.4543293735584075,0.48898161391455724,0.07700497856922162
0,REM,0.37604097867969893,0.5082328585568627,0.5505855967699346,0.06930448071229946
0,REM,0.38117464391764705,0.5390348499845513,0.527484103199168,0.07700497856922162
0,REM,0.3875917254650822,0.5390348499845513,0.5544358456983957,0.06930448071229946
0,REM,0.37347414606072493,0.5390348499845513,0.5082328585568627,0.07315472964076054
0,REM,0.3657736482038027,0.48898161391455724,0.5582860946268567,0.05005323606999405
0,REM,0.3580731503468806,0.5159333564137848,0.4851313649860962,0.07315472964076054
0,REM,0.3914419743935433,0.5467353478414735,0.5505855967699346,0.07700497856922162
0,REM,0.35165606879944544,0.5082328585568627,0.47743086712917404,0.06930448071229946
0,REM,0.38630830915559516,0.5505855967699346,0.5505855967699346,0.05775373392691621
0,REM,0.3914419743935433,0.5313343521276291,0.5659865924837789,0.07700497856922162
0,REM,0.36449023189431573,0.527484103199168,0.5043826096284016,0.06160398285537729
0,REM,0.37989122760816,0.5582860946268567,0.5159333564137848,0.06545423178383837
0,REM,0.33882190570457515,0.35422290141841944,0.6044890817683897,0.05775373392691621
0,REM,0.3465224035614973,0.48898161391455724,0.4812811160576351,0.06930448071229946
0,REM,0.3709073134417508,0.5043826096284016,0.5390348499845513,0.06930448071229946
0,REM,0.37475756237021196,0.5621363435553178,0.5005323606999406,0.06160398285537729
0,REM,0.37219072975123785,0.5082328585568627,0.5351846010560902,0.07315472964076054
0,REM,0.34395557094252327,0.5736870903407011,0.39657563963149134,0.06160398285537729
0,W,0.4235273821307189,0.6737935624806891,0.5390348499845513,0.05775373392691621
0,N1,0.37732439498918596,0.5390348499845513,0.527484103199168,0.06545423178383837
0,N1,0.3696238971322638,0.5351846010560902,0.5005323606999406,0.07315472964076054
0,N1,0.37732439498918596,0.5159333564137848,0.5505855967699346,0.06545423178383837
0,N1,0.3709073134417508,0.5351846010560902,0.5197836053422459,0.05775373392691621
0,N1,0.38630830915559516,0.5775373392691622,0.5120831074853237,0.06930448071229946
0,REM,0.38117464391764705,0.5929383349830064,0.48898161391455724,0.06160398285537729
0,REM,0.37219072975123785,0.5428850989130124,0.5082328585568627,0.06545423178383837
0,REM,0.3965756396314914,0.5775373392691622,0.5351846010560902,0.07700497856922162
0,REM,0.3914419743935433,0.5659865924837789,0.5351846010560902,0.07315472964076054
0,REM,0.36705706451328973,0.4851313649860962,0.5505855967699346,0.06545423178383837
0,REM,0.3516560687994454,0.49283186284301833,0.49283186284301833,0.06930448071229946
0,REM,0.3478058198709843,0.523633854270707,0.45047912462994644,0.06930448071229946
0,REM,0.4145434679643098,0.5852378371260843,0.5852378371260843,0.07315472964076054
0,REM,0.37347414606072493,0.5467353478414735,0.5082328585568627,0.06545423178383837
0,W,0.23486518463612593,0.34652240356149727,0.2964691674915032,0.06160398285537729
0,W,0.37475756237021196,0.4812811160576351,0.5813875881976233,0.06160398285537729
0,W,0.4363615452255892,0.6429915710530005,0.5890880860545453,0.07700497856922162
0,W,0.4055595537979006,0.6429915710530005,0.5005323606999406,0.07315472964076054
0,W,0.3709073134417508,0.43122787998764106,0.6083393306968508,0.07315472964076054
0,W,0.3003194164199643,0.4235273821307189,0.4158268842737967,0.06160398285537729
0,W,0.29133550225355515,0.334971656776114,0.4658801203437908,0.07315472964076054
0,W,0.29518575118201623,0.3850248928461081,0.43892837784456323,0.06160398285537729
0,W,0.40427613748841357,0.5736870903407011,0.56983684141224,0.06930448071229946
0,W,0.3914419743935433,0.5544358456983957,0.56983684141224,0.05005323606999405
0,W,0.39529222332200437,0.5852378371260843,0.5390348499845513,0.06160398285537729
0,W,0.4183937168927709,0.6083393306968508,0.5813875881976233,0.06545423178383837
0,W,0.42096054951174483,0.6237403264106951,0.5775373392691622,0.06160398285537729
0,W,0.42224396582123186,0.6160398285537729,0.5775373392691622,0.07315472964076054
0,W,0.42609421474969295,0.619890077482234,0.5967885839114675,0.06160398285537729
0,W,0.428661047368667,0.6314408242676173,0.5775373392691622,0.07700497856922162
0,W,0.45304595724892055,0.7045955539083778,0.5813875881976233,0.07315472964076054
0,N1,0.4812811160576351,0.7430980431929886,0.6352910731960784,0.06545423178383837
0,N1,0.44662887570148535,0.6737935624806891,0.5929383349830064,0.07315472964076054
0,N1,0.40812638641687465,0.6506920689099227,0.5082328585568627,0.06545423178383837
0,W,0.2438490988025351,0.2618169271353535,0.4158268842737967,0.05390348499845513
0,W,0.42224396582123186,0.6044890817683897,0.6083393306968508,0.05390348499845513
0,W,0.45946303879635564,0.6776438114091502,0.6352910731960784,0.06545423178383837
0,W,0.378607811298673,0.5159333564137848,0.5544358456983957,0.06545423178383837
0,W,0.34780581987098436,0.4466288757014854,0.5428850989130124,0.05390348499845513
0,W,0.39400880701251734,0.56983684141224,0.5505855967699346,0.06160398285537729
0,W,0.2708008413017627,0.3426721546330362,0.39657563963149134,0.07315472964076054
0,W,0.33368824046662704,0.41197663534533563,0.527484103199168,0.06160398285537729
0,W,0.3632068155848287,0.39657563963149134,0.619890077482234,0.07315472964076054
0,W,0.40427613748841357,0.5775373392691622,0.56983684141224,0.06545423178383837
0,N1,0.41326005165482266,0.6044890817683897,0.5736870903407011,0.06160398285537729
0,W,0.3927253907030303,0.4966821117714794,0.6121895796253118,0.06930448071229946
0,W,0.37604097867969893,0.4620298714153297,0.5967885839114675,0.06930448071229946
0,W,0.3298379915381659,0.3195706610622697,0.6006388328399286,0.06930448071229946
0,W,0.3375384893950881,0.4042761374884135,0.5351846010560902,0.07315472964076054
0,W,0.34780581987098436,0.4004258885599524,0.5736870903407011,0.06930448071229946
0,W,0.3041696653484254,0.31572041213380864,0.527484103199168,0.06930448071229946
0,W,0.37219072975123785,0.4543293735584075,0.5967885839114675,0.06545423178383837
0,W,0.3888751417745692,0.4581796224868686,0.6429915710530005,0.06545423178383837
0,W,0.3888751417745692,0.4235273821307189,0.6776438114091502,0.06545423178383837
0,W,0.42096054951174483,0.5890880860545453,0.5967885839114675,0.07700497856922162
0,W,0.43122787998764117,0.6506920689099227,0.5775373392691622,0.06545423178383837
0,W,0.3837414765366211,0.5005323606999406,0.5890880860545453,0.06160398285537729
0,W,0.25539984558791834,0.35422290141841944,0.34652240356149727,0.06545423178383837
0,W,0.27336767392073674,0.39657563963149134,0.35037265248995836,0.07315472964076054
0,W,0.3837414765366211,0.48898161391455724,0.5929383349830064,0.06930448071229946
0,W,0.3478058198709843,0.3734741460607248,0.6083393306968508,0.06160398285537729
0,W,0.39914247225046534,0.5351846010560902,0.5967885839114675,0.06545423178383837
0,W,0.4363615452255892,0.6237403264106951,0.6121895796253118,0.07315472964076054
0,N1,0.42224396582123186,0.5852378371260843,0.6160398285537729,0.06545423178383837
0,N1,0.42224396582123197,0.5813875881976233,0.6160398285537729,0.06930448071229946
0,N1,0.3670570645132898,0.4812811160576351,0.5428850989130124,0.07700497856922162
0,N1,0.4273776310591799,0.6160398285537729,0.5852378371260843,0.0808552274976827
0,N1,0.41326005165482277,0.5505855967699346,0.6160398285537729,0.07315472964076054
0,W,0.3503726524899584,0.43892837784456323,0.5467353478414735,0.06545423178383837
0,W,0.41197663534533574,0.6006388328399286,0.5659865924837789,0.06930448071229946
0,W,0.40427613748841357,0.5544358456983957,0.5967885839114675,0.06160398285537729
0,W,0.3927253907030303,0.5813875881976233,0.5351846010560902,0.06160398285537729
0,W,0.40299272117892654,0.5505855967699346,0.5852378371260843,0.07315472964076054
0,W,0.40812638641687465,0.5659865924837789,0.5929383349830064,0.06545423178383837
0,W,0.36449023189431573,0.3850248928461081,0.6391413221245394,0.06930448071229946
0,W,0.40299272117892654,0.5351846010560902,0.6160398285537729,0.05775373392691621
0,W,0.4145434679643098,0.5582860946268567,0.6160398285537729,0.06930448071229946
0,W,0.4581796224868686,0.7161463006937611,0.5967885839114675,0.06160398285537729
0,W,0.3234209099907308,0.4427786267730243,0.4466288757014854,0.0808552274976827
0,W,0.40299272117892654,0.5890880860545453,0.5621363435553178,0.05775373392691621
0,W,0.4427786267730243,0.662242815695306,0.5967885839114675,0.06930448071229946
0,W,0.4414952104635373,0.6391413221245394,0.6083393306968508,0.07700497856922162
0,W,0.3837414765366211,0.6083393306968508,0.47358061820071296,0.06930448071229946
0,W,0.41326005165482277,0.45047912462994644,0.7161463006937611,0.07315472964076054
0,W,0.3003194164199643,0.3734741460607248,0.4620298714153297,0.06545423178383837
0,W,0.34267215463303624,0.35422290141841944,0.6044890817683897,0.06930448071229946
0,W,0.35678973403739356,0.3773243949891859,0.6314408242676173,0.06160398285537729
0,W,0.4017093048694395,0.49283186284301833,0.6391413221245394,0.07315472964076054
0,W,0.37347414606072493,0.46973036927225187,0.5775373392691622,0.07315472964076054
0,W,0.42609421474969295,0.49283186284301833,0.7084458028368389,0.07700497856922162
0,W,0.31828724475278264,0.2810681717776589,0.5967885839114675,0.07700497856922162
0,W,0.4145434679643098,0.527484103199168,0.6545423178383838,0.06160398285537729
0,W,0.3465224035614973,0.43507812891610215,0.5390348499845513,0.06545423178383837
0,W,0.3413887383235492,0.47358061820071296,0.48898161391455724,0.06160398285537729
0,W,0.36063998296585464,0.38887514177456917,0.619890077482234,0.07315472964076054
0,W,0.3657736482038027,0.4158268842737967,0.6121895796253118,0.06930448071229946
0,W,0.36705706451328973,0.4851313649860962,0.5505855967699346,0.06545423178383837
0,W,0.4145434679643097,0.5582860946268567,0.6275905753391562,0.05775373392691621
0,W,0.4196771332022579,0.5544358456983957,0.6275905753391562,0.07700497856922162
0,W,0.3927253907030303,0.523633854270707,0.5967885839114675,0.05775373392691621
0,W,0.3875917254650822,0.5082328585568627,0.5929383349830064,0.06160398285537729
0,W,0.3401053220140622,0.3773243949891859,0.5775373392691622,0.06545423178383837
0,W,0.34523898725201024,0.39272539070303025,0.5659865924837789,0.07700497856922162
0,W,0.32598774260970487,0.331121407847653,0.5813875881976233,0.06545423178383837
0,W,0.35678973403739356,0.4081263864168746,0.5929383349830064,0.06930448071229946
0,W,0.45304595724892055,0.4851313649860962,0.808552274976827,0.06545423178383837
0,W,0.37732439498918596,0.3619233992753416,0.7045955539083778,0.06545423178383837
0,W,0.49154844653353136,0.5159333564137848,0.8855572535460486,0.07315472964076054
0,W,0.5185001890327589,0.5659865924837789,0.9202094939021983,0.06930448071229946
0,W,0.4196771332022578,0.41197663534533563,0.7777502835491383,0.06930448071229946
0,W,0.39015855808405625,0.4004258885599524,0.7045955539083778,0.06545423178383837
0,W,0.4889816139145573,0.47743086712917404,0.9279099917591205,0.06160398285537729
0,W,0.4363615452255892,0.35037265248995836,0.8855572535460486,0.07315472964076054
0,W,0.44919570832045946,0.4620298714153297,0.8239532706906713,0.06160398285537729
0,W,0.37732439498918596,0.3619233992753416,0.7084458028368389,0.06160398285537729
0,W,0.4543293735584076,0.47358061820071296,0.8278035196191323,0.06160398285537729
0,W,0.47229720189122587,0.48898161391455724,0.8509050131898989,0.07700497856922162
0,W,0.41711030058328386,0.4466288757014854,0.7392477942645276,0.06545423178383837
0,W,0.41326005165482266,0.34652240356149727,0.8278035196191323,0.06545423178383837
0,W,0.41326005165482277,0.39657563963149134,0.7854507814060605,0.05775373392691621
0,W,0.4158268842737968,0.4466288757014854,0.7392477942645276,0.06160398285537729
0,W,0.3914419743935433,0.3426721546330362,0.7661995367637551,0.06545423178383837
0,W,0.49924894439045353,0.5120831074853237,0.908658747116815,0.07700497856922162
1,W,0.4145434679643097,0.24641593142150917,0.9356104896160427,0.06160398285537729
1,W,0.3927253907030302,0.26566717606381457,0.8316537685475934,0.0808552274976827
1,W,0.41197663534533574,0.23486518463612593,0.9317602406875816,0.06930448071229946
1,W,0.4017093048694395,0.3041696653484254,0.8239532706906713,0.07700497856922162
1,W,0.44021179415405026,0.30801991427688646,0.9394607385445037,0.07315472964076054
1,W,0.4325112962971281,0.2618169271353535,0.9741129789006535,0.06160398285537729
1,W,0.4325112962971281,0.28491842070612,0.951011485329887,0.06160398285537729
1,W,0.43122787998764106,0.27721792284919783,0.9471612364014259,0.06930448071229946
1,W,0.4504791246299465,0.3388219057045751,0.9433109874729648,0.06930448071229946
1,W,0.4325112962971281,0.2810681717776589,0.9548617342583481,0.06160398285537729
1,W,0.4158268842737967,0.2618169271353535,0.9125089960452761,0.07315472964076054
1,W,0.4363615452255892,0.26951742499227566,0.9664124810437313,0.07315472964076054
1,W,0.4453454593919984,0.28491842070612,0.9779632278291145,0.07315472964076054
1,W,0.3875917254650822,0.2502661803499703,0.8432045153329767,0.06930448071229946
1,W,0.4196771332022578,0.27336767392073674,0.9125089960452761,0.07315472964076054
1,W,0.4402117941540502,0.3272711589191919,0.9163592449737372,0.07700497856922162
1,W,0.4337947126066151,0.3773243949891859,0.85475526211836,0.06930448071229946
1,W,0.5236338542707071,0.6275905753391562,0.8778567556891265,0.06545423178383837
1,W,0.3965756396314914,0.3041696653484254,0.8162527728337492,0.06930448071229946
1,W,0.38630830915559505,0.2502661803499703,0.8239532706906713,0.08470547642614377
1,W,0.4106932190358487,0.23101493570766485,0.9433109874729648,0.05775373392691621
1,W,0.3914419743935433,0.19636269535151513,0.908658747116815,0.06930448071229946
1,W,0.42994446367815403,0.2579666782068924,0.9664124810437313,0.06545423178383837
1,W,0.42994446367815403,0.28491842070612,0.9356104896160427,0.06930448071229946
1,W,0.4902650302240443,0.4158268842737967,0.9741129789006535,0.0808552274976827
1,W,0.4594630387963557,0.30801991427688646,1.0010647213998811,0.06930448071229946
1,W,0.44406204308251135,0.27721792284919783,0.9895139746144977,0.06545423178383837
1,W,0.3888751417745692,0.23871543356458702,0.85475526211836,0.07315472964076054
1,W,0.40812638641687465,0.26566717606381457,0.8855572535460486,0.07315472964076054
1,W,0.3965756396314914,0.27721792284919783,0.85475526211836,0.05775373392691621
1,W,0.38502489284610814,0.25411642927843137,0.8393542664045156,0.06160398285537729
1,W,0.37219072975123785,0.21176369106535944,0.8393542664045156,0.06545423178383837
1,W,0.4414952104635373,0.2618169271353535,0.9972144724714199,0.06545423178383837
1,W,0.45432937355840747,0.3003194164199643,0.9818134767575756,0.0808552274976827
1,W,0.4504791246299465,0.331121407847653,0.9471612364014259,0.07315472964076054
1,W,0.3824580602271341,0.2233144378507427,0.858605511046821,0.06545423178383837
1,W,0.3619233992753417,0.23871543356458702,0.7700497856922162,0.07700497856922162
1,W,0.44021179415405026,0.2926189185630422,0.9548617342583481,0.07315472964076054
1,W,0.4325112962971282,0.25411642927843137,0.9741129789006535,0.06930448071229946
1,W,0.4376449615350762,0.2887686696345811,0.9587119831868092,0.06545423178383837
1,W,0.37989122760816,0.26951742499227566,0.7970015281914438,0.07315472964076054
1,W,0.3311214078476529,0.2810681717776589,0.6468418199814616,0.06545423178383837
1,W,0.2797847554681719,0.2040631932084373,0.5621363435553178,0.07315472964076054
1,W,0.32085407737175675,0.23101493570766485,0.662242815695306,0.06930448071229946
1,W,0.39400880701251734,0.23486518463612593,0.8817070046175876,0.06545423178383837
1,W,0.41711030058328374,0.24641593142150917,0.9356104896160427,0.06930448071229946
1,W,0.3221374936812437,0.21946418892228162,0.6814940603376113,0.06545423178383837
1,W,0.2464159314215092,0.21946418892228162,0.4427786267730243,0.07700497856922162
1,W,0.35037265248995836,0.31187016320534755,0.669943313552228,0.06930448071229946
1,W,0.27850133915868486,0.2887686696345811,0.47358061820071296,0.07315472964076054
1,W,0.27721792284919783,0.2502661803499703,0.5043826096284016,0.07700497856922162
1,W,0.3170038284432956,0.27336767392073674,0.6083393306968508,0.06930448071229946
1,W,0.3516560687994454,0.21946418892228162,0.7546487899783718,0.0808552274976827
1,W,0.36962389713226385,0.23486518463612593,0.7970015281914438,0.07700497856922162
1,W,0.378607811298673,0.35807315034688053,0.7084458028368389,0.06930448071229946
1,W,0.42096054951174494,0.4658801203437908,0.7392477942645276,0.05775373392691621
1,W,0.4337947126066151,0.46973036927225187,0.7700497856922162,0.06160398285537729
1,W,0.41326005165482266,0.4196771332022578,0.7469482921214496,0.07315472964076054
1,W,0.44406204308251135,0.5043826096284016,0.7700497856922162,0.05775373392691621
1,W,0.378607811298673,0.3041696653484254,0.7700497856922162,0.06160398285537729
1,N1,0.41197663534533574,0.4427786267730243,0.7392477942645276,0.05390348499845513
1,N1,0.42609421474969306,0.4812811160576351,0.7315472964076054,0.06545423178383837
1,N1,0.44021179415405026,0.5736870903407011,0.6737935624806891,0.07315472964076054
1,N1,0.3978590559409784,0.47743086712917404,0.6506920689099227,0.06545423178383837
1,N1,0.43892837784456323,0.5428850989130124,0.7007453049799167,0.07315472964076054
1,N1,0.40940980272636157,0.4851313649860962,0.669943313552228,0.07315472964076054
1,N1,0.4017093048694394,0.5120831074853237,0.6275905753391562,0.06545423178383837
1,N1,0.3824580602271341,0.47358061820071296,0.6044890817683897,0.06930448071229946
1,N1,0.33240482415713996,0.41197663534533563,0.5159333564137848,0.06930448071229946
1,N1,0.4004258885599525,0.5351846010560902,0.6006388328399286,0.06545423178383837
1,N1,0.40427613748841357,0.4581796224868686,0.6776438114091502,0.07700497856922162
1,N1,0.3696238971322638,0.4658801203437908,0.5852378371260843,0.05775373392691621
1,N2,0.33240482415713996,0.39272539070303025,0.5428850989130124,0.06160398285537729
1,N2,0.36962389713226385,0.4081263864168746,0.6391413221245394,0.06160398285537729
1,N1,0.34780581987098436,0.4620298714153297,0.5082328585568627,0.07315472964076054
1,N1,0.37732439498918596,0.527484103199168,0.5428850989130124,0.06160398285537729
1,N2,0.33882190570457515,0.4235273821307189,0.527484103199168,0.06545423178383837
1,N2,0.3657736482038027,0.5082328585568627,0.527484103199168,0.06160398285537729
1,N2,0.3426721546330362,0.4081263864168746,0.5428850989130124,0.07700497856922162
1,N2,0.3580731503468806,0.4658801203437908,0.5428850989130124,0.06545423178383837
1,N2,0.3375384893950881,0.42737763105918,0.5197836053422459,0.06545423178383837
1,N2,0.3593565666563676,0.43507812891610215,0.5736870903407011,0.06930448071229946
1,N1,0.429944463678154,0.527484103199168,0.6853443092660724,0.07700497856922162
1,N1,0.41711030058328374,0.5582860946268567,0.6275905753391562,0.06545423178383837
1,N1,0.38502489284610814,0.39272539070303025,0.6968950560514556,0.06545423178383837
1,N1,0.4094098027263617,0.527484103199168,0.6314408242676173,0.06930448071229946
1,N1,0.41326005165482266,0.47358061820071296,0.6968950560514556,0.06930448071229946
1,N1,0.41197663534533574,0.47743086712917404,0.6891945581945335,0.06930448071229946
1,N1,0.4158268842737967,0.4966821117714794,0.6776438114091502,0.07315472964076054
1,N1,0.3927253907030303,0.4581796224868686,0.6468418199814616,0.07315472964076054
1,N1,0.40812638641687465,0.5043826096284016,0.6506920689099227,0.06930448071229946
1,N1,0.4158268842737968,0.5197836053422459,0.662242815695306,0.06545423178383837
1,N1,0.43122787998764106,0.523633854270707,0.7007453049799167,0.06930448071229946
1,N1,0.4145434679643098,0.5082328585568627,0.6737935624806891,0.06160398285537729
1,N1,0.37989122760816,0.4966821117714794,0.5736870903407011,0.06930448071229946
1,N1,0.3606399829658546,0.4543293735584075,0.5582860946268567,0.06930448071229946
1,N1,0.4325112962971281,0.4812811160576351,0.7469482921214496,0.06930448071229946
1,N1,0.3978590559409784,0.39657563963149134,0.7315472964076054,0.06545423178383837
1,N1,0.4055595537979005,0.4004258885599524,0.7546487899783718,0.06160398285537729
1,W,0.3593565666563676,0.19636269535151513,0.8124025239052881,0.06930448071229946
1,N1,0.3824580602271341,0.4042761374884135,0.6776438114091502,0.06545423178383837
1,N1,0.3927253907030303,0.4158268842737967,0.6968950560514556,0.06545423178383837
1,N1,0.4106932190358486,0.4812811160576351,0.6891945581945335,0.06160398285537729
1,N1,0.4248107984402059,0.48898161391455724,0.7122960517653,0.07315472964076054
1,N1,0.40427613748841346,0.4620298714153297,0.6930448071229945,0.05775373392691621
1,N2,0.3311214078476529,0.4004258885599524,0.527484103199168,0.06545423178383837
1,N2,0.3709073134417508,0.47358061820071296,0.56983684141224,0.06930448071229946
1,N2,0.38630830915559516,0.5544358456983957,0.5428850989130124,0.06160398285537729
1,N2,0.3247043263002178,0.4158268842737967,0.4851313649860962,0.07315472964076054
1,N2,0.38117464391764705,0.45047912462994644,0.6160398285537729,0.07700497856922162
1,N2,0.42737763105918,0.527484103199168,0.6853443092660724,0.06930448071229946
1,N1,0.30545308165791246,0.34652240356149727,0.5043826096284016,0.06545423178383837
1,N1,0.39015855808405625,0.4235273821307189,0.6814940603376113,0.06545423178383837
1,N1,0.38502489284610814,0.41197663534533563,0.6814940603376113,0.06160398285537729
1,N1,0.42737763105918,0.523633854270707,0.6853443092660724,0.07315472964076054
1,N1,0.44406204308251135,0.5467353478414735,0.7161463006937611,0.06930448071229946
1,N1,0.4094098027263617,0.5005323606999406,0.6506920689099227,0.07700497856922162
1,N1,0.4504791246299465,0.6044890817683897,0.6814940603376113,0.06545423178383837
1,W,0.34267215463303624,0.31187016320534755,0.6468418199814616,0.06930448071229946
1,W,0.3465224035614973,0.3272711589191919,0.6429915710530005,0.06930448071229946
1,N1,0.42224396582123197,0.46973036927225187,0.7199965496222221,0.07700497856922162
1,N1,0.4517625409394335,0.5621363435553178,0.7161463006937611,0.07700497856922162
1,N1,0.4055595537979005,0.4543293735584075,0.6930448071229945,0.06930448071229946
1,N1,0.37989122760816,0.5159333564137848,0.5544358456983957,0.06930448071229946
1,N1,0.3529394851089324,0.4851313649860962,0.4966821117714794,0.07700497856922162
1,N1,0.3298379915381659,0.4158268842737967,0.5082328585568627,0.06545423178383837
1,N2,0.30801991427688646,0.38887514177456917,0.47743086712917404,0.05775373392691621
1,N2,0.32855457522867887,0.4081263864168746,0.5120831074853237,0.06545423178383837
1,N2,0.31572041213380864,0.3773243949891859,0.5082328585568627,0.06160398285537729
1,N2,0.34652240356149727,0.4581796224868686,0.5197836053422459,0.06160398285537729
1,N2,0.34523898725201024,0.45047912462994644,0.523633854270707,0.06160398285537729
1,N2,0.35550631772790653,0.43892837784456323,0.5544358456983957,0.07315472964076054
1,N2,0.3182872447527827,0.4004258885599524,0.4812811160576351,0.07315472964076054
1,N2,0.33368824046662704,0.4196771332022578,0.5120831074853237,0.06930448071229946
1,N2,0.3375384893950881,0.41197663534533563,0.527484103199168,0.07315472964076054
1,N2,0.3221374936812438,0.4081263864168746,0.4812811160576351,0.07700497856922162
1,N2,0.3041696653484254,0.3734741460607248,0.46973036927225187,0.06930448071229946
1,N2,0.283635004396633,0.34652240356149727,0.43122787998764106,0.07315472964076054
1,N3,0.27336767392073674,0.3388219057045751,0.41197663534533563,0.06930448071229946
1,N2,0.2759345065397108,0.31572041213380864,0.43892837784456323,0.07315472964076054
1,N2,0.3080199142768865,0.3696238971322638,0.4812811160576351,0.07315472964076054
1,N2,0.3131535795148346,0.4081263864168746,0.4658801203437908,0.06545423178383837
1,N2,0.2887686696345811,0.3696238971322638,0.4196771332022578,0.07700497856922162
1,N3,0.2669505923733016,0.30801991427688646,0.42737763105918,0.06545423178383837
1,N3,0.2592500945163794,0.2964691674915032,0.41197663534533563,0.06930448071229946
1,N3,0.2618169271353535,0.30801991427688646,0.4158268842737967,0.06160398285537729
1,N3,0.2592500945163794,0.3234209099907308,0.38887514177456917,0.06545423178383837
1,N3,0.25539984558791834,0.3195706610622697,0.381174643917647,0.06545423178383837
1,N3,0.24769934773099622,0.30801991427688646,0.3696238971322638,0.06545423178383837
1,N3,0.2708008413017627,0.34652240356149727,0.4004258885599524,0.06545423178383837
1,N3,0.24384909880253514,0.26951742499227566,0.39272539070303025,0.06930448071229946
1,N3,0.2502661803499703,0.2810681717776589,0.4004258885599524,0.06930448071229946
1,N3,0.24898276404048322,0.2964691674915032,0.381174643917647,0.06930448071229946
1,N3,0.22588127046971673,0.26951742499227566,0.331121407847653,0.07700497856922162
1,N3,0.23614860094561296,0.26951742499227566,0.3696238971322638,0.06930448071229946
1,N3,0.23101493570766485,0.3041696653484254,0.3195706610622697,0.06930448071229946
1,N3,0.2374320172551,0.27721792284919783,0.3696238971322638,0.06545423178383837
1,N3,0.21689735630330753,0.26951742499227566,0.31572041213380864,0.06545423178383837
1,N3,0.22588127046971673,0.26566717606381457,0.34652240356149727,0.06545423178383837
1,N3,0.21433052368433347,0.2579666782068924,0.31187016320534755,0.07315472964076054
1,N3,0.22588127046971673,0.28491842070612,0.3195706610622697,0.07315472964076054
1,N3,0.23614860094561296,0.28491842070612,0.3619233992753416,0.06160398285537729
1,N3,0.22331443785074268,0.26566717606381457,0.3426721546330362,0.06160398285537729
1,N3,0.2335817683266389,0.2964691674915032,0.3234209099907308,0.0808552274976827
1,N3,0.21689735630330753,0.26951742499227566,0.31187016320534755,0.06930448071229946
1,N3,0.20277977689895024,0.24641593142150917,0.2926189185630422,0.06930448071229946
1,N2,0.22973151939817782,0.3041696653484254,0.3195706610622697,0.06545423178383837
1,N3,0.2194641889222816,0.27721792284919783,0.31572041213380864,0.06545423178383837
1,N3,0.22074760523176862,0.26566717606381457,0.3272711589191919,0.06930448071229946
1,N3,0.21818077261279456,0.2810681717776589,0.31572041213380864,0.05775373392691621
1,N3,0.21561393999382053,0.2502661803499703,0.3234209099907308,0.07315472964076054
1,N3,0.22331443785074268,0.25411642927843137,0.3388219057045751,0.07700497856922162
1,N3,0.23229835201715188,0.2887686696345811,0.334971656776114,0.07315472964076054
1,N3,0.2374320172551,0.3003194164199643,0.35037265248995836,0.06160398285537729
1,N3,0.22203102154125565,0.27336767392073674,0.3195706610622697,0.07315472964076054
1,N3,0.20663002582741133,0.23101493570766485,0.3195706610622697,0.06930448071229946
1,N3,0.21304710737484645,0.3003194164199643,0.27721792284919783,0.06160398285537729
1,N3,0.2284481030886908,0.2964691674915032,0.3272711589191919,0.06160398285537729
1,N3,0.21176369106535944,0.2887686696345811,0.2810681717776589,0.06545423178383837
1,N3,0.22074760523176862,0.27721792284919783,0.3195706610622697,0.06545423178383837
1,N3,0.22074760523176862,0.26951742499227566,0.3234209099907308,0.06930448071229946
1,N3,0.2091968584463854,0.27336767392073674,0.27336767392073674,0.0808552274976827
1,N3,0.2053466095179243,0.24641593142150917,0.31187016320534755,0.05775373392691621
1,N3,0.21304710737484645,0.2579666782068924,0.30801991427688646,0.07315472964076054
1,N3,0.19636269535151515,0.2425656824930481,0.2887686696345811,0.05775373392691621
1,N3,0.20021294427997618,0.22716468677920376,0.3003194164199643,0.07315472964076054
1,N3,0.22588127046971673,0.24641593142150917,0.35422290141841944,0.07700497856922162
1,N3,0.2476993477309962,0.2964691674915032,0.381174643917647,0.06545423178383837
1,N3,0.21304710737484645,0.27336767392073674,0.3003194164199643,0.06545423178383837
1,N3,0.2014963605894632,0.23101493570766485,0.30801991427688646,0.06545423178383837
1,N3,0.21433052368433347,0.27336767392073674,0.3003194164199643,0.06930448071229946
1,N3,0.23101493570766485,0.24641593142150917,0.3773243949891859,0.06930448071229946
1,N3,0.19122903011356704,0.2233144378507427,0.2810681717776589,0.06930448071229946
1,N3,0.21818077261279456,0.2502661803499703,0.334971656776114,0.06930448071229946
1,N3,0.20791344213689836,0.24641593142150917,0.3041696653484254,0.07315472964076054
1,N3,0.22331443785074268,0.2618169271353535,0.3426721546330362,0.06545423178383837
1,N3,0.20663002582741133,0.27336767392073674,0.27336767392073674,0.07315472964076054
1,N3,0.2156139399938205,0.26566717606381457,0.30801991427688646,0.07315472964076054
1,N3,0.23101493570766485,0.27336767392073674,0.34652240356149727,0.07315472964076054
1,N2,0.3311214078476529,0.3657736482038027,0.5582860946268567,0.06930448071229946
1,N2,0.30930333058637355,0.34652240356149727,0.5043826096284016,0.07700497856922162
1,N2,0.35422290141841944,0.38887514177456917,0.6083393306968508,0.06545423178383837
1,W,0.36834048082277676,0.27336767392073674,0.7661995367637551,0.06545423178383837
1,W,0.44919570832045946,0.31572041213380864,0.9625622321152703,0.06930448071229946
1,W,0.521067021651733,0.48898161391455724,1.0126154681852644,0.06160398285537729
1,W,0.41326005165482277,0.21176369106535944,0.9664124810437313,0.06160398285537729
1,W,0.26951742499227566,0.22716468677920376,0.5197836053422459,0.06160398285537729
1,W,0.3593565666563676,0.35807315034688053,0.662242815695306,0.05775373392691621
1,W,0.38630830915559516,0.3426721546330362,0.7469482921214496,0.06930448071229946
1,W,0.28620183701560703,0.2502661803499703,0.5390348499845513,0.06930448071229946
1,W,0.3696238971322638,0.42737763105918,0.619890077482234,0.06160398285537729
1,N1,0.3914419743935433,0.43892837784456323,0.6583925667668449,0.07700497856922162
1,N1,0.3644902318943157,0.43507812891610215,0.5890880860545453,0.06930448071229946
1,N1,0.3914419743935433,0.48898161391455724,0.6083393306968508,0.07700497856922162
1,N2,0.3195706610622697,0.4081263864168746,0.47358061820071296,0.07700497856922162
1,N2,0.2926189185630422,0.3734741460607248,0.43892837784456323,0.06545423178383837
1,N2,0.2990360001104773,0.35037265248995836,0.4812811160576351,0.06545423178383837
1,N2,0.32727115891919184,0.4081263864168746,0.4966821117714794,0.07700497856922162
1,N2,0.283635004396633,0.3426721546330362,0.4427786267730243,0.06545423178383837
1,N2,0.36063998296585464,0.4658801203437908,0.5505855967699346,0.06545423178383837
1,N2,0.30545308165791246,0.4042761374884135,0.4427786267730243,0.06930448071229946
1,N2,0.3234209099907308,0.4081263864168746,0.5005323606999406,0.06160398285537729
1,N2,0.3157204121338086,0.3619233992753416,0.5159333564137848,0.06930448071229946
1,N2,0.3375384893950881,0.4196771332022578,0.523633854270707,0.06930448071229946
1,N2,0.38374147653662116,0.5082328585568627,0.5775373392691622,0.06545423178383837
1,N2,0.30288624903893835,0.381174643917647,0.4581796224868686,0.06930448071229946
1,N2,0.3413887383235492,0.4235273821307189,0.5351846010560902,0.06545423178383837
1,N2,0.31572041213380864,0.43122787998764106,0.43892837784456323,0.07700497856922162
1,N2,0.33882190570457515,0.4042761374884135,0.5467353478414735,0.06545423178383837
1,N2,0.30416966534842543,0.38887514177456917,0.4466288757014854,0.07700497856922162
1,N2,0.3401053220140622,0.4658801203437908,0.49283186284301833,0.06160398285537729
1,N2,0.3311214078476529,0.43892837784456323,0.4851313649860962,0.06930448071229946
1,N2,0.34267215463303624,0.4427786267730243,0.523633854270707,0.06160398285537729
1,N2,0.3619233992753417,0.46973036927225187,0.5390348499845513,0.07700497856922162
1,N2,0.35550631772790653,0.45047912462994644,0.5582860946268567,0.05775373392691621
1,N2,0.3247043263002178,0.41197663534533563,0.5043826096284016,0.05775373392691621
1,N2,0.3619233992753416,0.49283186284301833,0.527484103199168,0.06545423178383837
1,W,0.3080199142768864,0.2579666782068924,0.6006388328399286,0.06545423178383837
1,W,0.3606399829658546,0.3426721546330362,0.669943313552228,0.06930448071229946
1,W,0.32727115891919184,0.2579666782068924,0.6545423178383838,0.06930448071229946
1,W,0.3965756396314914,0.27336767392073674,0.8432045153329767,0.07315472964076054
1,N1,0.43122787998764106,0.5159333564137848,0.6968950560514556,0.0808552274976827
1,N1,0.3875917254650822,0.4196771332022578,0.669943313552228,0.07315472964076054
1,N1,0.38502489284610814,0.4658801203437908,0.6275905753391562,0.06160398285537729
1,N1,0.4183937168927708,0.47358061820071296,0.7199965496222221,0.06160398285537729
1,N1,0.4158268842737968,0.5582860946268567,0.6160398285537729,0.07315472964076054
1,N1,0.423527382130719,0.5043826096284016,0.7007453049799167,0.06545423178383837
1,N1,0.38502489284610814,0.47743086712917404,0.6044890817683897,0.07315472964076054
1,N2,0.34010532201406213,0.42737763105918,0.5159333564137848,0.07700497856922162
1,N2,0.3619233992753417,0.46973036927225187,0.5544358456983957,0.06160398285537729
1,N2,0.34780581987098436,0.4042761374884135,0.56983684141224,0.06930448071229946
1,N2,0.33368824046662704,0.4042761374884135,0.523633854270707,0.07315472964076054
1,N2,0.3285545752286789,0.4081263864168746,0.5005323606999406,0.07700497856922162
1,N2,0.3875917254650822,0.43892837784456323,0.6506920689099227,0.07315472964076054
1,N2,0.38502489284610814,0.527484103199168,0.5582860946268567,0.06930448071229946
1,W,0.35807315034688053,0.3195706610622697,0.6930448071229945,0.06160398285537729
1,N1,0.4068429701073876,0.4004258885599524,0.7430980431929886,0.07700497856922162
1,N1,0.3734741460607249,0.4466288757014854,0.6006388328399286,0.07315472964076054
1,N1,0.43379471260661523,0.5082328585568627,0.7199965496222221,0.07315472964076054
1,N2,0.36449023189431573,0.4620298714153297,0.5621363435553178,0.06930448071229946
1,N2,0.3657736482038027,0.42737763105918,0.6044890817683897,0.06545423178383837
1,N2,0.3644902318943157,0.5159333564137848,0.5159333564137848,0.06160398285537729
1,N2,0.33240482415713996,0.4235273821307189,0.5043826096284016,0.06930448071229946
1,N2,0.33240482415713996,0.46973036927225187,0.4543293735584075,0.07315472964076054
1,N2,0.3401053220140622,0.4427786267730243,0.5120831074853237,0.06545423178383837
1,N2,0.31572041213380864,0.39657563963149134,0.4851313649860962,0.06545423178383837
1,N2,0.3542229014184195,0.45047912462994644,0.5505855967699346,0.06160398285537729
1,N2,0.3465224035614973,0.4466288757014854,0.527484103199168,0.06545423178383837
1,N2,0.3375384893950881,0.4427786267730243,0.5082328585568627,0.06160398285537729
1,N1,0.35293948510893247,0.4042761374884135,0.5967885839114675,0.05775373392691621
1,N2,0.3465224035614973,0.4812811160576351,0.5005323606999406,0.05775373392691621
1,N2,0.33497165677611407,0.39657563963149134,0.5351846010560902,0.07315472964076054
1,N2,0.3401053220140622,0.41197663534533563,0.5351846010560902,0.07315472964076054
1,N2,0.3529394851089324,0.4658801203437908,0.5159333564137848,0.07700497856922162
1,N2,0.31187016320534755,0.3773243949891859,0.4851313649860962,0.07315472964076054
1,N2,0.32342090999073075,0.4543293735584075,0.4543293735584075,0.06160398285537729
1,N2,0.3413887383235492,0.4543293735584075,0.5043826096284016,0.06545423178383837
1,N2,0.3644902318943157,0.49283186284301833,0.527484103199168,0.07315472964076054
1,N2,0.3003194164199643,0.4196771332022578,0.4158268842737967,0.06545423178383837
1,N2,0.33497165677611407,0.4851313649860962,0.45047912462994644,0.06930448071229946
1,N2,0.30673649796739944,0.381174643917647,0.4812811160576351,0.05775373392691621
1,N2,0.3452389872520103,0.4196771332022578,0.5467353478414735,0.06930448071229946
1,N2,0.3747575623702119,0.5043826096284016,0.5544358456983957,0.06545423178383837
1,N2,0.3478058198709843,0.4581796224868686,0.5159333564137848,0.06930448071229946
1,N2,0.32342090999073075,0.4158268842737967,0.47743086712917404,0.07700497856922162
1,N2,0.2977525838009903,0.39272539070303025,0.43122787998764106,0.06930448071229946
1,N2,0.30673649796739944,0.4042761374884135,0.4543293735584075,0.06160398285537729
1,N2,0.33368824046662704,0.45047912462994644,0.48898161391455724,0.06160398285537729
1,N2,0.3041696653484254,0.38887514177456917,0.4620298714153297,0.06160398285537729
1,N2,0.34908923618047133,0.47358061820071296,0.5159333564137848,0.05775373392691621
1,N2,0.35037265248995836,0.4543293735584075,0.523633854270707,0.07315472964076054
1,N2,0.3195706610622697,0.4081263864168746,0.47358061820071296,0.07700497856922162
1,N2,0.3131535795148345,0.41197663534533563,0.4658801203437908,0.06160398285537729
1,N2,0.31828724475278264,0.42737763105918,0.45047912462994644,0.07700497856922162
1,N2,0.3375384893950881,0.4466288757014854,0.49283186284301833,0.07315472964076054
1,N2,0.3016028327294514,0.39272539070303025,0.43892837784456323,0.07315472964076054
1,N2,0.3067364979673995,0.4042761374884135,0.43892837784456323,0.07700497856922162
1,N2,0.3375384893950881,0.4620298714153297,0.47743086712917404,0.07315472964076054
1,N2,0.33497165677611407,0.4196771332022578,0.5120831074853237,0.07315472964076054
1,REM,0.37989122760816,0.48898161391455724,0.5813875881976233,0.06930448071229946
1,REM,0.3734741460607249,0.5197836053422459,0.5313343521276291,0.06930448071229946
1,REM,0.35165606879944544,0.48898161391455724,0.5005323606999406,0.06545423178383837
1,REM,0.3298379915381659,0.43122787998764106,0.47358061820071296,0.08470547642614377
1,REM,0.35293948510893247,0.47358061820071296,0.527484103199168,0.05775373392691621
1,REM,0.4055595537979006,0.5505855967699346,0.6006388328399286,0.06545423178383837
1,REM,0.37219072975123785,0.5197836053422459,0.5313343521276291,0.06545423178383837
1,REM,0.33240482415713996,0.4543293735584075,0.47743086712917404,0.06545423178383837
1,REM,0.33368824046662704,0.45047912462994644,0.4851313649860962,0.06545423178383837
1,REM,0.4145434679643097,0.5852378371260843,0.6006388328399286,0.05775373392691621
1,REM,0.3927253907030303,0.527484103199168,0.5775373392691622,0.07315472964076054
1,REM,0.3696238971322638,0.5197836053422459,0.523633854270707,0.06545423178383837
1,REM,0.3580731503468806,0.45047912462994644,0.5582860946268567,0.06545423178383837
1,REM,0.3221374936812437,0.3696238971322638,0.5313343521276291,0.06545423178383837
1,REM,0.34395557094252327,0.47743086712917404,0.47743086712917404,0.07700497856922162
1,REM,0.37219072975123785,0.4966821117714794,0.5467353478414735,0.07315472964076054
1,REM,0.35293948510893247,0.43892837784456323,0.5659865924837789,0.05390348499845513
1,REM,0.3593565666563676,0.5005323606999406,0.5082328585568627,0.06930448071229946
1,REM,0.3401053220140622,0.45047912462994644,0.5005323606999406,0.06930448071229946
1,REM,0.3259877426097048,0.4658801203437908,0.4466288757014854,0.06545423178383837
1,REM,0.33240482415713996,0.45047912462994644,0.47743086712917404,0.06930448071229946
1,REM,0.3503726524899584,0.47743086712917404,0.5043826096284016,0.06930448071229946
1,REM,0.3298379915381659,0.4004258885599524,0.5197836053422459,0.06930448071229946
1,REM,0.35550631772790653,0.4851313649860962,0.5159333564137848,0.06545423178383837
1,REM,0.27721792284919783,0.28491842070612,0.46973036927225187,0.07700497856922162
1,REM,0.3452389872520103,0.46973036927225187,0.4966821117714794,0.06930448071229946
1,REM,0.3683404808227768,0.46973036927225187,0.56983684141224,0.06545423178383837
1,REM,0.36320681558482865,0.4427786267730243,0.56983684141224,0.07700497856922162
1,REM,0.37475756237021196,0.5005323606999406,0.5544358456983957,0.06930448071229946
1,REM,0.3118701632053475,0.41197663534533563,0.45047912462994644,0.07315472964076054
1,REM,0.28748525332509406,0.2887686696345811,0.5043826096284016,0.06930448071229946
1,REM,0.3401053220140622,0.49283186284301833,0.46973036927225187,0.05775373392691621
1,REM,0.40042588855995237,0.5544358456983957,0.56983684141224,0.07700497856922162
1,REM,0.3375384893950881,0.4235273821307189,0.523633854270707,0.06545423178383837
1,REM,0.3401053220140622,0.47743086712917404,0.4812811160576351,0.06160398285537729
1,REM,0.34908923618047133,0.45047912462994644,0.5351846010560902,0.06160398285537729
1,REM,0.33240482415713996,0.39272539070303025,0.5390348499845513,0.06545423178383837
1,REM,0.3298379915381659,0.3734741460607248,0.5544358456983957,0.06160398285537729
1,REM,0.31828724475278264,0.35422290141841944,0.5351846010560902,0.06545423178383837
1,REM,0.33497165677611407,0.38887514177456917,0.5428850989130124,0.07315472964076054
1,REM,0.36320681558482865,0.5005323606999406,0.5197836053422459,0.06930448071229946
1,REM,0.3413887383235492,0.4196771332022578,0.5505855967699346,0.05390348499845513
1,REM,0.32598774260970487,0.4081263864168746,0.5005323606999406,0.06930448071229946
1,REM,0.30801991427688646,0.3696238971322638,0.48898161391455724,0.06545423178383837
1,REM,0.2939023348725292,0.2926189185630422,0.5197836053422459,0.06930448071229946
1,REM,0.31058674689586047,0.34652240356149727,0.523633854270707,0.06160398285537729
1,REM,0.32727115891919184,0.3850248928461081,0.523633854270707,0.07315472964076054
1,REM,0.3529394851089324,0.4581796224868686,0.5390348499845513,0.06160398285537729
1,REM,0.35293948510893247,0.4851313649860962,0.5082328585568627,0.06545423178383837
1,REM,0.3709073134417508,0.5582860946268567,0.48898161391455724,0.06545423178383837
1,REM,0.3375384893950881,0.47358061820071296,0.4658801203437908,0.07315472964076054
1,REM,0.33882190570457515,0.4196771332022578,0.5390348499845513,0.05775373392691621
1,REM,0.3580731503468806,0.4620298714153297,0.5544358456983957,0.05775373392691621
1,REM,0.3567897340373935,0.46973036927225187,0.5428850989130124,0.05775373392691621
1,REM,0.3118701632053475,0.41197663534533563,0.45047912462994644,0.07315472964076054
1,N2,0.33882190570457515,0.45047912462994644,0.5043826096284016,0.06160398285537729
1,N2,0.3375384893950881,0.4427786267730243,0.5082328585568627,0.06160398285537729
1,N2,0.35165606879944544,0.4851313649860962,0.5082328585568627,0.06160398285537729
1,N2,0.36962389713226385,0.47358061820071296,0.5659865924837789,0.06930448071229946
1,N2,0.29518575118201623,0.381174643917647,0.4427786267730243,0.06160398285537729
1,N2,0.3413887383235492,0.4658801203437908,0.48898161391455724,0.06930448071229946
1,N2,0.3490892361804714,0.4466288757014854,0.5390348499845513,0.06160398285537729
1,N2,0.3709073134417508,0.4620298714153297,0.5736870903407011,0.07700497856922162
1,N2,0.3401053220140622,0.4620298714153297,0.4966821117714794,0.06160398285537729
1,N2,0.3478058198709843,0.45047912462994644,0.5197836053422459,0.07315472964076054
1,N2,0.3567897340373935,0.4620298714153297,0.5505855967699346,0.05775373392691621
1,N2,0.35678973403739356,0.5005323606999406,0.5159333564137848,0.05390348499845513
1,N2,0.29903600011047726,0.3388219057045751,0.49283186284301833,0.06545423178383837
1,N2,0.37219072975123785,0.4658801203437908,0.5775373392691622,0.07315472964076054
1,N2,0.36834048082277676,0.5005323606999406,0.527484103199168,0.07700497856922162
1,N2,0.39529222332200437,0.523633854270707,0.5890880860545453,0.07315472964076054
1,N2,0.3478058198709843,0.4620298714153297,0.5159333564137848,0.06545423178383837
1,N2,0.3657736482038027,0.48898161391455724,0.5467353478414735,0.06160398285537729
1,N2,0.3413887383235492,0.4196771332022578,0.5390348499845513,0.06545423178383837
1,N2,0.3401053220140622,0.4581796224868686,0.5005323606999406,0.06160398285537729
1,N2,0.3182872447527827,0.4081263864168746,0.4812811160576351,0.06545423178383837
1,N2,0.2939023348725292,0.381174643917647,0.43122787998764106,0.06930448071229946
1,N2,0.33240482415713996,0.39272539070303025,0.5467353478414735,0.05775373392691621
1,N2,0.3298379915381659,0.3850248928461081,0.5351846010560902,0.06930448071229946
1,N2,0.30031941641996435,0.38887514177456917,0.4427786267730243,0.06930448071229946
1,N2,0.32085407737175675,0.39657563963149134,0.5005323606999406,0.06545423178383837
1,N2,0.2887686696345811,0.35037265248995836,0.4427786267730243,0.07315472964076054
1,N2,0.29518575118201623,0.381174643917647,0.43507812891610215,0.06930448071229946
1,N2,0.27465109023022377,0.3388219057045751,0.41197663534533563,0.07315472964076054
1,N2,0.2939023348725292,0.381174643917647,0.43122787998764106,0.06930448071229946
1,N2,0.24898276404048325,0.2926189185630422,0.39657563963149134,0.05775373392691621
1,N2,0.2541164292784313,0.3003194164199643,0.38887514177456917,0.07315472964076054
1,N2,0.27465109023022377,0.334971656776114,0.4235273821307189,0.06545423178383837
1,N2,0.24128226618356108,0.2887686696345811,0.3657736482038027,0.06930448071229946
1,N2,0.24384909880253514,0.30801991427688646,0.35807315034688053,0.06545423178383837
1,N2,0.2515495966594573,0.3195706610622697,0.3657736482038027,0.06930448071229946
1,N2,0.22331443785074268,0.2502661803499703,0.35807315034688053,0.06160398285537729
1,N3,0.22973151939817782,0.28491842070612,0.3388219057045751,0.06545423178383837
1,N2,0.25411642927843137,0.3272711589191919,0.3657736482038027,0.06930448071229946
1,N3,0.24384909880253514,0.31572041213380864,0.35422290141841944,0.06160398285537729
1,N3,0.22588127046971673,0.26951742499227566,0.3426721546330362,0.06545423178383837
1,N3,0.2245978541602297,0.2810681717776589,0.3272711589191919,0.06545423178383837
1,N2,0.26566717606381457,0.334971656776114,0.4042761374884135,0.05775373392691621
1,N3,0.22716468677920376,0.26566717606381457,0.3426721546330362,0.07315472964076054
1,N3,0.21818077261279456,0.2579666782068924,0.331121407847653,0.06545423178383837
1,N3,0.22203102154125565,0.27721792284919783,0.3234209099907308,0.06545423178383837
1,N3,0.2374320172551,0.30801991427688646,0.331121407847653,0.07315472964076054
1,N3,0.22716468677920376,0.2926189185630422,0.3272711589191919,0.06160398285537729
1,N3,0.2194641889222816,0.2964691674915032,0.3003194164199643,0.06160398285537729
1,N3,0.22588127046971673,0.2926189185630422,0.3195706610622697,0.06545423178383837
1,N3,0.23101493570766485,0.27336767392073674,0.3619233992753416,0.05775373392691621
1,N3,0.21433052368433347,0.2579666782068924,0.31572041213380864,0.06930448071229946
1,N3,0.19507927904202813,0.23871543356458702,0.2810681717776589,0.06545423178383837
1,N3,0.19507927904202813,0.2425656824930481,0.27721792284919783,0.06545423178383837
1,N3,0.20277977689895024,0.21946418892228162,0.3272711589191919,0.06160398285537729
1,N3,0.22973151939817782,0.31187016320534755,0.31187016320534755,0.06545423178383837
1,N3,0.19764611166100218,0.23871543356458702,0.2810681717776589,0.07315472964076054
1,N3,0.22716468677920376,0.26951742499227566,0.35422290141841944,0.05775373392691621
1,N3,0.19636269535151515,0.2425656824930481,0.27336767392073674,0.07315472964076054
1,N3,0.23871543356458702,0.27721792284919783,0.3657736482038027,0.07315472964076054
1,N3,0.19892952797048916,0.23101493570766485,0.30801991427688646,0.05775373392691621
1,N3,0.2284481030886908,0.2579666782068924,0.3619233992753416,0.06545423178383837
1,N3,0.20277977689895024,0.24641593142150917,0.3041696653484254,0.05775373392691621
1,N3,0.21818077261279456,0.2618169271353535,0.3272711589191919,0.06545423178383837
1,N3,0.23101493570766485,0.3003194164199643,0.331121407847653,0.06160398285537729
1,N3,0.2156139399938205,0.26566717606381457,0.31572041213380864,0.06545423178383837
1,N3,0.21433052368433347,0.2425656824930481,0.3388219057045751,0.06160398285537729
1,N2,0.2682340086827886,0.3388219057045751,0.4004258885599524,0.06545423178383837
1,N2,0.2926189185630422,0.3734741460607248,0.43892837784456323,0.06545423178383837
1,N2,0.28491842070612,0.3657736482038027,0.43507812891610215,0.05390348499845513
1,N2,0.2900520859440681,0.3195706610622697,0.4851313649860962,0.06545423178383837
1,N2,0.29646916749150326,0.3619233992753416,0.4620298714153297,0.06545423178383837
1,N2,0.2528330129689443,0.31572041213380864,0.381174643917647,0.06160398285537729
1,N2,0.2797847554681719,0.3388219057045751,0.43507812891610215,0.06545423178383837
1,N2,0.29133550225355515,0.35037265248995836,0.45047912462994644,0.07315472964076054
1,N2,0.3041696653484254,0.35807315034688053,0.48898161391455724,0.06545423178383837
1,N2,0.2759345065397108,0.34652240356149727,0.41197663534533563,0.06930448071229946
1,N2,0.2990360001104773,0.3773243949891859,0.4427786267730243,0.07700497856922162
1,N2,0.3080199142768865,0.3426721546330362,0.5043826096284016,0.07700497856922162
1,N2,0.2900520859440681,0.3657736482038027,0.4427786267730243,0.06160398285537729
1,N2,0.30545308165791246,0.3619233992753416,0.4812811160576351,0.07315472964076054
1,N2,0.29775258380099023,0.3734741460607248,0.4581796224868686,0.06160398285537729
1,N2,0.32727115891919184,0.41197663534533563,0.5082328585568627,0.06160398285537729
1,N2,0.29518575118201623,0.3388219057045751,0.4812811160576351,0.06545423178383837
1,N2,0.32342090999073075,0.3734741460607248,0.523633854270707,0.07315472964076054
1,N2,0.2887686696345811,0.3696238971322638,0.4427786267730243,0.05390348499845513
1,N2,0.3118701632053476,0.35422290141841944,0.5082328585568627,0.07315472964076054
1,N2,0.3118701632053475,0.3850248928461081,0.48898161391455724,0.06160398285537729
1,N2,0.2759345065397108,0.3234209099907308,0.43122787998764106,0.07315472964076054
1,N2,0.3272711589191919,0.4081263864168746,0.5043826096284016,0.06930448071229946
1,N2,0.2926189185630422,0.3696238971322638,0.43892837784456323,0.06930448071229946
1,N2,0.3016028327294514,0.35807315034688053,0.4851313649860962,0.06160398285537729
1,N2,0.2926189185630422,0.35037265248995836,0.4658801203437908,0.06160398285537729
1,N1,0.3105867468958605,0.3734741460607248,0.4851313649860962,0.07315472964076054
1,N2,0.29646916749150326,0.39272539070303025,0.43122787998764106,0.06545423178383837
1,N2,0.32342090999073075,0.4158268842737967,0.4851313649860962,0.06930448071229946
1,N2,0.3118701632053476,0.35807315034688053,0.5043826096284016,0.07315472964076054
1,N2,0.3272711589191919,0.4081263864168746,0.5082328585568627,0.06545423178383837
1,N2,0.3247043263002178,0.43122787998764106,0.4851313649860962,0.05775373392691621
1,N2,0.3093033305863735,0.4004258885599524,0.4620298714153297,0.06545423178383837
1,N2,0.27850133915868486,0.3619233992753416,0.4081263864168746,0.06545423178383837
1,N2,0.32342090999073075,0.4235273821307189,0.47743086712917404,0.06930448071229946
1,N2,0.3182872447527827,0.3850248928461081,0.5082328585568627,0.06160398285537729
1,N2,0.3259877426097048,0.43122787998764106,0.48898161391455724,0.05775373392691621
1,N2,0.2810681717776589,0.3773243949891859,0.39657563963149134,0.06930448071229946
1,N2,0.3208540773717567,0.4196771332022578,0.4620298714153297,0.0808552274976827
1,N2,0.33368824046662704,0.48898161391455724,0.4427786267730243,0.06930448071229946
1,N2,0.33497165677611407,0.43122787998764106,0.5043826096284016,0.06930448071229946
1,N2,0.2682340086827886,0.3195706610622697,0.43122787998764106,0.05390348499845513
1,N2,0.2682340086827886,0.3195706610622697,0.42737763105918,0.05775373392691621
1,N2,0.31572041213380864,0.4004258885599524,0.4851313649860962,0.06160398285537729
1,N2,0.31957066106226967,0.34652240356149727,0.5428850989130124,0.06930448071229946
1,N2,0.2759345065397108,0.31572041213380864,0.45047912462994644,0.06160398285537729
1,N2,0.35293948510893247,0.4427786267730243,0.5544358456983957,0.06160398285537729
1,N2,0.28620183701560703,0.35422290141841944,0.43507812891610215,0.06930448071229946
1,N2,0.2887686696345811,0.35422290141841944,0.4427786267730243,0.06930448071229946
1,N2,0.3426721546330362,0.4081263864168746,0.5428850989130124,0.07700497856922162
1,N2,0.3118701632053475,0.42737763105918,0.45047912462994644,0.05775373392691621
1,N2,0.32855457522867887,0.4581796224868686,0.4581796224868686,0.06930448071229946
1,N2,0.3054530816579124,0.381174643917647,0.47743086712917404,0.05775373392691621
1,N2,0.3208540773717567,0.3850248928461081,0.5120831074853237,0.06545423178383837
1,N2,0.2720842576112497,0.3657736482038027,0.38887514177456917,0.06160398285537729
1,N2,0.3503726524899584,0.39272539070303025,0.5852378371260843,0.07315472964076054
1,N2,0.29133550225355515,0.334971656776114,0.4812811160576351,0.05775373392691621
1,N2,0.3221374936812437,0.4196771332022578,0.4812811160576351,0.06545423178383837
1,N2,0.2797847554681719,0.3734741460607248,0.4042761374884135,0.06160398285537729
1,N2,0.3105867468958605,0.39657563963149134,0.47358061820071296,0.06160398285537729
1,N2,0.35550631772790653,0.47743086712917404,0.523633854270707,0.06545423178383837
1,N2,0.33368824046662704,0.4196771332022578,0.5159333564137848,0.06545423178383837
1,N1,0.31957066106226967,0.3388219057045751,0.5582860946268567,0.06160398285537729
1,N2,0.29646916749150326,0.3696238971322638,0.4427786267730243,0.07700497856922162
1,N2,0.33497165677611407,0.4081263864168746,0.5351846010560902,0.06160398285537729
1,N2,0.33497165677611407,0.4042761374884135,0.5351846010560902,0.06545423178383837
1,N2,0.3016028327294513,0.3426721546330362,0.4966821117714794,0.06545423178383837
1,N2,0.32855457522867887,0.38887514177456917,0.5313343521276291,0.06545423178383837
1,N2,0.29518575118201623,0.39657563963149134,0.4158268842737967,0.07315472964076054
1,N2,0.3503726524899584,0.43507812891610215,0.5544358456983957,0.06160398285537729
1,N2,0.29646916749150326,0.3696238971322638,0.4466288757014854,0.07315472964076054
1,N2,0.36449023189431573,0.4427786267730243,0.5775373392691622,0.07315472964076054
1,N2,0.33497165677611407,0.4235273821307189,0.523633854270707,0.05775373392691621
1,N2,0.31957066106226967,0.4042761374884135,0.48898161391455724,0.06545423178383837
1,N2,0.3195706610622697,0.4081263864168746,0.4851313649860962,0.06545423178383837
1,N2,0.30673649796739944,0.3734741460607248,0.47743086712917404,0.06930448071229946
1,N2,0.35422290141841944,0.4812811160576351,0.5159333564137848,0.06545423178383837
1,N2,0.3041696653484254,0.39272539070303025,0.4581796224868686,0.06160398285537729
1,N2,0.3016028327294513,0.3850248928461081,0.4543293735584075,0.06545423178383837
1,N2,0.3118701632053475,0.3850248928461081,0.48898161391455724,0.06160398285537729
1,N2,0.31828724475278264,0.39272539070303025,0.4966821117714794,0.06545423178383837
1,N2,0.35678973403739356,0.4581796224868686,0.5428850989130124,0.06930448071229946
1,N2,0.34780581987098436,0.43507812891610215,0.5351846010560902,0.07315472964076054
1,N2,0.3221374936812437,0.3773243949891859,0.523633854270707,0.06545423178383837
1,N2,0.31572041213380864,0.4042761374884135,0.46973036927225187,0.07315472964076054
1,N2,0.31957066106226967,0.4427786267730243,0.45047912462994644,0.06545423178383837
1,N2,0.3529394851089324,0.47743086712917404,0.5120831074853237,0.06930448071229946
1,N2,0.28620183701560703,0.331121407847653,0.4658801203437908,0.06160398285537729
1,N2,0.30545308165791246,0.3657736482038027,0.4851313649860962,0.06545423178383837
1,N2,0.3144369958243216,0.4004258885599524,0.46973036927225187,0.07315472964076054
1,N2,0.2964691674915032,0.41197663534533563,0.4235273821307189,0.05390348499845513
1,N2,0.31700382844329567,0.38887514177456917,0.5043826096284016,0.05775373392691621
1,N2,0.3452389872520103,0.43122787998764106,0.5351846010560902,0.06930448071229946
1,N2,0.3375384893950881,0.4851313649860962,0.4620298714153297,0.06545423178383837
1,N2,0.3093033305863735,0.43122787998764106,0.4427786267730243,0.05390348499845513
1,N2,0.3170038284432956,0.4196771332022578,0.4620298714153297,0.06930448071229946
1,N2,0.31187016320534755,0.39657563963149134,0.47358061820071296,0.06545423178383837
1,N2,0.28235158808714594,0.3234209099907308,0.4543293735584075,0.06930448071229946
1,N2,0.3311214078476529,0.41197663534533563,0.523633854270707,0.05775373392691621
1,N2,0.3465224035614973,0.4081263864168746,0.5582860946268567,0.07315472964076054
1,N2,0.31443699582432155,0.35807315034688053,0.523633854270707,0.06160398285537729
1,N2,0.31187016320534755,0.43892837784456323,0.43507812891610215,0.06160398285537729
1,N2,0.283635004396633,0.35037265248995836,0.42737763105918,0.07315472964076054
1,N2,0.31187016320534755,0.39272539070303025,0.46973036927225187,0.07315472964076054
1,N2,0.3452389872520103,0.43892837784456323,0.527484103199168,0.06930448071229946
1,N2,0.3208540773717567,0.4158268842737967,0.4851313649860962,0.06160398285537729
1,N2,0.32855457522867887,0.43892837784456323,0.4851313649860962,0.06160398285537729
1,N2,0.30673649796739944,0.4042761374884135,0.45047912462994644,0.06545423178383837
1,N2,0.33368824046662704,0.42737763105918,0.5082328585568627,0.06545423178383837
1,N1,0.37732439498918596,0.39272539070303025,0.6814940603376113,0.05775373392691621
1,W,0.38630830915559516,0.4004258885599524,0.6968950560514556,0.06160398285537729
1,W,0.4273776310591801,0.3850248928461081,0.8201030217622103,0.07700497856922162
1,N1,0.37989122760816,0.49283186284301833,0.5890880860545453,0.05775373392691621
1,N1,0.37732439498918596,0.4620298714153297,0.6083393306968508,0.06160398285537729
1,N1,0.4068429701073875,0.47358061820071296,0.6814940603376113,0.06545423178383837
1,W,0.3465224035614973,0.3426721546330362,0.6275905753391562,0.06930448071229946
1,W,0.37219072975123785,0.4658801203437908,0.5890880860545453,0.06160398285537729
1,W,0.3311214078476529,0.3850248928461081,0.5467353478414735,0.06160398285537729
1,W,0.37732439498918596,0.4543293735584075,0.6121895796253118,0.06545423178383837
1,N1,0.4363615452255892,0.5736870903407011,0.669943313552228,0.06545423178383837
1,N1,0.4376449615350762,0.5505855967699346,0.6968950560514556,0.06545423178383837
1,N1,0.45561278986789455,0.6044890817683897,0.7084458028368389,0.05390348499845513
1,N1,0.41326005165482277,0.5505855967699346,0.6237403264106951,0.06545423178383837
1,N1,0.3914419743935433,0.47743086712917404,0.6237403264106951,0.07315472964076054
1,N1,0.38630830915559516,0.5043826096284016,0.5890880860545453,0.06545423178383837
1,N1,0.3465224035614973,0.4235273821307189,0.5467353478414735,0.06930448071229946
1,N2,0.3401053220140622,0.4543293735584075,0.5005323606999406,0.06545423178383837
1,N2,0.30673649796739944,0.4042761374884135,0.4543293735584075,0.06160398285537729
1,N2,0.3157204121338086,0.4196771332022578,0.4620298714153297,0.06545423178383837
1,N2,0.35037265248995836,0.4543293735584075,0.5351846010560902,0.06160398285537729
1,N2,0.37732439498918596,0.5159333564137848,0.5544358456983957,0.06160398285537729
1,N2,0.3259877426097048,0.4235273821307189,0.49283186284301833,0.06160398285537729
1,N2,0.3234209099907308,0.39657563963149134,0.5082328585568627,0.06545423178383837
1,N2,0.36577364820380276,0.4812811160576351,0.5505855967699346,0.06545423178383837
1,N2,0.34395557094252327,0.4235273821307189,0.5505855967699346,0.05775373392691621
1,N2,0.3247043263002178,0.4466288757014854,0.47358061820071296,0.05390348499845513
1,N2,0.34395557094252327,0.47743086712917404,0.48898161391455724,0.06545423178383837
1,N2,0.34395557094252327,0.4658801203437908,0.5005323606999406,0.06545423178383837
1,N2,0.3619233992753416,0.47743086712917404,0.5428850989130124,0.06545423178383837
1,W,0.35422290141841944,0.5544358456983957,0.45047912462994644,0.05775373392691621
1,W,0.3259877426097048,0.3773243949891859,0.5351846010560902,0.06545423178383837
1,W,0.4106932190358486,0.5082328585568627,0.6468418199814616,0.07700497856922162
1,N1,0.4235273821307189,0.5390348499845513,0.6660930646237669,0.06545423178383837
1,N1,0.4196771332022578,0.5390348499845513,0.662242815695306,0.05775373392691621
1,W,0.36705706451328973,0.45047912462994644,0.5890880860545453,0.06160398285537729
1,W,0.39914247225046534,0.523633854270707,0.6083393306968508,0.06545423178383837
1,W,0.4504791246299465,0.5852378371260843,0.7045955539083778,0.06160398285537729
1,N1,0.428661047368667,0.56983684141224,0.6468418199814616,0.06930448071229946
1,W,0.3657736482038027,0.43507812891610215,0.6083393306968508,0.05390348499845513
1,N1,0.39015855808405625,0.4543293735584075,0.6429915710530005,0.07315472964076054
1,N1,0.41197663534533563,0.5351846010560902,0.6429915710530005,0.05775373392691621
1,W,0.40427613748841357,0.5351846010560902,0.6083393306968508,0.06930448071229946
1,W,0.3927253907030303,0.43892837784456323,0.669943313552228,0.06930448071229946
1,W,0.37732439498918596,0.331121407847653,0.7430980431929886,0.05775373392691621
1,W,0.4068429701073876,0.5005323606999406,0.6545423178383838,0.06545423178383837
1,N1,0.38117464391764705,0.4812811160576351,0.6044890817683897,0.05775373392691621
1,N1,0.3490892361804714,0.43507812891610215,0.5505855967699346,0.06160398285537729
1,N1,0.35550631772790653,0.4620298714153297,0.5390348499845513,0.06545423178383837
1,N1,0.36320681558482865,0.43892837784456323,0.5929383349830064,0.05775373392691621
1,N2,0.3131535795148346,0.4427786267730243,0.43122787998764106,0.06545423178383837
1,N2,0.3221374936812438,0.4081263864168746,0.5082328585568627,0.05005323606999405
1,N2,0.3054530816579124,0.4042761374884135,0.4543293735584075,0.05775373392691621
1,N2,0.3529394851089324,0.4812811160576351,0.5120831074853237,0.06545423178383837
1,N2,0.35037265248995836,0.4581796224868686,0.523633854270707,0.06930448071229946
1,N2,0.33240482415713996,0.42737763105918,0.5043826096284016,0.06545423178383837
1,N2,0.35293948510893247,0.4235273821307189,0.5659865924837789,0.06930448071229946
1,N2,0.2990360001104773,0.3696238971322638,0.47358061820071296,0.05390348499845513
1,N2,0.3683404808227768,0.47743086712917404,0.5621363435553178,0.06545423178383837
1,N2,0.3619233992753417,0.5082328585568627,0.5159333564137848,0.06160398285537729
1,N2,0.33240482415713996,0.43507812891610215,0.48898161391455724,0.07315472964076054
1,N2,0.3362550730856011,0.4812811160576351,0.4658801203437908,0.06160398285537729
1,N2,0.3131535795148346,0.4042761374884135,0.4620298714153297,0.07315472964076054
1,N2,0.3619233992753417,0.5005323606999406,0.5159333564137848,0.06930448071229946
1,N2,0.35037265248995836,0.45047912462994644,0.5351846010560902,0.06545423178383837
1,N2,0.32727115891919184,0.43122787998764106,0.49283186284301833,0.05775373392691621
1,N2,0.35678973403739356,0.47358061820071296,0.5351846010560902,0.06160398285537729
1,N2,0.3709073134417508,0.47743086712917404,0.5736870903407011,0.06160398285537729
1,N2,0.3362550730856011,0.4466288757014854,0.5005323606999406,0.06160398285537729
1,N2,0.31187016320534755,0.43507812891610215,0.43892837784456323,0.06160398285537729
1,N2,0.3247043263002178,0.43122787998764106,0.47743086712917404,0.06545423178383837
1,N2,0.3619233992753417,0.4543293735584075,0.56983684141224,0.06160398285537729
1,N2,0.34652240356149727,0.45047912462994644,0.523633854270707,0.06545423178383837
1,N2,0.35935656665636756,0.47358061820071296,0.5390348499845513,0.06545423178383837
1,N2,0.3555063177279065,0.4466288757014854,0.5428850989130124,0.07700497856922162
1,N1,0.4106932190358486,0.48898161391455724,0.6737935624806891,0.06930448071229946
1,N1,0.31443699582432155,0.39657563963149134,0.48898161391455724,0.05775373392691621
1,N2,0.3413887383235492,0.43507812891610215,0.527484103199168,0.06160398285537729
1,N2,0.3555063177279065,0.47743086712917404,0.5197836053422459,0.06930448071229946
1,N2,0.3362550730856011,0.43507812891610215,0.5043826096284016,0.06930448071229946
1,N2,0.3401053220140622,0.4543293735584075,0.5005323606999406,0.06545423178383837
1,N2,0.32727115891919184,0.4196771332022578,0.4966821117714794,0.06545423178383837
1,N2,0.3413887383235492,0.43122787998764106,0.523633854270707,0.06930448071229946
1,N2,0.3157204121338086,0.3696238971322638,0.5159333564137848,0.06160398285537729
1,N2,0.3619233992753417,0.4658801203437908,0.5582860946268567,0.06160398285537729
1,N2,0.3529394851089324,0.47743086712917404,0.5120831074853237,0.06930448071229946
1,N2,0.34908923618047133,0.49283186284301833,0.49283186284301833,0.06160398285537729
1,N2,0.34652240356149727,0.4543293735584075,0.523633854270707,0.06160398285537729
1,N2,0.29646916749150326,0.35422290141841944,0.46973036927225187,0.06545423178383837
1,N2,0.3478058198709843,0.4658801203437908,0.5159333564137848,0.06160398285537729
1,N2,0.3555063177279065,0.48898161391455724,0.5159333564137848,0.06160398285537729
1,N2,0.3131535795148346,0.39272539070303025,0.47358061820071296,0.07315472964076054
1,N2,0.3080199142768864,0.41197663534533563,0.45047912462994644,0.06160398285537729
1,N2,0.29646916749150326,0.3696238971322638,0.4581796224868686,0.06160398285537729
1,N2,0.3105867468958605,0.43507812891610215,0.42737763105918,0.06930448071229946
1,N2,0.3452389872520103,0.42737763105918,0.5390348499845513,0.06930448071229946
1,N2,0.33368824046662704,0.4427786267730243,0.5005323606999406,0.05775373392691621
1,REM,0.31187016320534755,0.4466288757014854,0.4235273821307189,0.06545423178383837
1,REM,0.3362550730856011,0.47743086712917404,0.46973036927225187,0.06160398285537729
1,REM,0.38502489284610814,0.5197836053422459,0.5659865924837789,0.06930448071229946
1,REM,0.35165606879944544,0.47743086712917404,0.5043826096284016,0.07315472964076054
1,REM,0.3170038284432956,0.41197663534533563,0.4658801203437908,0.07315472964076054
1,REM,0.3413887383235492,0.4543293735584075,0.48898161391455724,0.0808552274976827
1,REM,0.28620183701560703,0.334971656776114,0.4658801203437908,0.05775373392691621
1,REM,0.29518575118201623,0.34652240356149727,0.47743086712917404,0.06160398285537729
1,REM,0.3413887383235492,0.47743086712917404,0.47743086712917404,0.06930448071229946
1,REM,0.33497165677611407,0.4543293735584075,0.48898161391455724,0.06160398285537729
1,REM,0.3003194164199643,0.3773243949891859,0.4543293735584075,0.06930448071229946
1,REM,0.30801991427688646,0.381174643917647,0.47743086712917404,0.06545423178383837
1,REM,0.3259877426097048,0.39657563963149134,0.5120831074853237,0.06930448071229946
1,REM,0.33497165677611407,0.4851313649860962,0.4466288757014854,0.07315472964076054
1,REM,0.34652240356149727,0.4658801203437908,0.5120831074853237,0.06160398285537729
1,REM,0.3619233992753416,0.4543293735584075,0.5659865924837789,0.06545423178383837
1,REM,0.3580731503468806,0.4081263864168746,0.6006388328399286,0.06545423178383837
1,REM,0.29518575118201623,0.3619233992753416,0.45047912462994644,0.07315472964076054
1,REM,0.36705706451328973,0.4620298714153297,0.5736870903407011,0.06545423178383837
1,REM,0.34908923618047133,0.46973036927225187,0.5120831074853237,0.06545423178383837
1,REM,0.3709073134417507,0.42737763105918,0.6006388328399286,0.08470547642614377
1,REM,0.3157204121338086,0.35422290141841944,0.5159333564137848,0.07700497856922162
1,REM,0.3259877426097048,0.45047912462994644,0.4620298714153297,0.06545423178383837
1,REM,0.30031941641996435,0.334971656776114,0.5082328585568627,0.05775373392691621
1,REM,0.3452389872520103,0.381174643917647,0.5852378371260843,0.06930448071229946
1,REM,0.35550631772790653,0.4196771332022578,0.5813875881976233,0.06545423178383837
1,REM,0.3375384893950881,0.39272539070303025,0.5505855967699346,0.06930448071229946
1,REM,0.3003194164199643,0.30801991427688646,0.523633854270707,0.06930448071229946
1,REM,0.2977525838009903,0.2926189185630422,0.5313343521276291,0.06930448071229946
1,REM,0.3157204121338086,0.35422290141841944,0.527484103199168,0.06545423178383837
1,REM,0.3375384893950881,0.4620298714153297,0.4851313649860962,0.06545423178383837
1,REM,0.35293948510893247,0.4196771332022578,0.5736870903407011,0.06545423178383837
1,REM,0.3619233992753416,0.4812811160576351,0.5467353478414735,0.05775373392691621
1,REM,0.3221374936812437,0.3388219057045751,0.5544358456983957,0.07315472964076054
1,REM,0.2977525838009903,0.2926189185630422,0.5351846010560902,0.06545423178383837
1,REM,0.3452389872520103,0.5005323606999406,0.47743086712917404,0.05775373392691621
1,REM,0.3747575623702119,0.5082328585568627,0.5505855967699346,0.06545423178383837
1,REM,0.3747575623702119,0.56983684141224,0.48898161391455724,0.06545423178383837
1,REM,0.3490892361804714,0.5005323606999406,0.4812811160576351,0.06545423178383837
1,N2,0.31187016320534755,0.4427786267730243,0.43507812891610215,0.05775373392691621
1,N2,0.35165606879944544,0.5043826096284016,0.4851313649860962,0.06545423178383837
1,N2,0.33497165677611407,0.47743086712917404,0.46973036927225187,0.05775373392691621
1,N2,0.3362550730856011,0.4543293735584075,0.5005323606999406,0.05390348499845513
1,N2,0.33240482415713996,0.4620298714153297,0.4620298714153297,0.07315472964076054
1,N2,0.3247043263002178,0.4620298714153297,0.4427786267730243,0.06930448071229946
1,N2,0.33882190570457515,0.4658801203437908,0.4812811160576351,0.06930448071229946
1,N2,0.33368824046662704,0.4466288757014854,0.49283186284301833,0.06160398285537729
1,N2,0.32342090999073075,0.4427786267730243,0.4620298714153297,0.06545423178383837
1,N2,0.3593565666563676,0.4543293735584075,0.5621363435553178,0.06160398285537729
1,N2,0.30673649796739944,0.39657563963149134,0.4543293735584075,0.06930448071229946
1,N2,0.3208540773717567,0.4466288757014854,0.4543293735584075,0.06160398285537729
1,N2,0.3657736482038027,0.5082328585568627,0.5120831074853237,0.07700497856922162
1,N2,0.3401053220140622,0.4235273821307189,0.523633854270707,0.07315472964076054
1,N2,0.3696238971322638,0.5197836053422459,0.5313343521276291,0.05775373392691621
1,N2,0.3593565666563676,0.4851313649860962,0.5313343521276291,0.06160398285537729
1,N2,0.3696238971322638,0.5351846010560902,0.5120831074853237,0.06160398285537729
1,N2,0.3580731503468806,0.43892837784456323,0.5659865924837789,0.06930448071229946
1,N2,0.33368824046662704,0.46973036927225187,0.4620298714153297,0.06930448071229946
1,N2,0.33240482415713996,0.42737763105918,0.5082328585568627,0.06160398285537729
1,N2,0.3721907297512379,0.5005323606999406,0.5467353478414735,0.06930448071229946
1,N2,0.3875917254650821,0.527484103199168,0.5582860946268567,0.07700497856922162
1,N2,0.35037265248995836,0.46973036927225187,0.5197836053422459,0.06160398285537729
1,N2,0.3105867468958605,0.3734741460607248,0.4851313649860962,0.07315472964076054
1,N2,0.35422290141841944,0.4581796224868686,0.5390348499845513,0.06545423178383837
1,N2,0.3683404808227768,0.4851313649860962,0.5467353478414735,0.07315472964076054
1,N2,0.3221374936812437,0.45047912462994644,0.4581796224868686,0.05775373392691621
1,N2,0.33882190570457515,0.43507812891610215,0.5159333564137848,0.06545423178383837
1,N2,0.3131535795148346,0.39657563963149134,0.47743086712917404,0.06545423178383837
1,N2,0.3157204121338086,0.4042761374884135,0.4966821117714794,0.046202987141532974
1,N2,0.3208540773717567,0.39657563963149134,0.4966821117714794,0.06930448071229946
1,N2,0.32855457522867887,0.43892837784456323,0.47743086712917404,0.06930448071229946
1,N2,0.2797847554681719,0.3426721546330362,0.42737763105918,0.06930448071229946
1,N2,0.3028862490389384,0.38887514177456917,0.4466288757014854,0.07315472964076054
1,N2,0.2669505923733016,0.34652240356149727,0.38887514177456917,0.06545423178383837
1,N2,0.26951742499227566,0.34652240356149727,0.39657563963149134,0.06545423178383837
1,N2,0.2810681717776589,0.35037265248995836,0.4427786267730243,0.05005323606999405
1,N2,0.28491842070612,0.35807315034688053,0.42737763105918,0.06930448071229946
1,N2,0.3247043263002178,0.4042761374884135,0.49283186284301833,0.07700497856922162
1,N2,0.28235158808714594,0.334971656776114,0.4427786267730243,0.06930448071229946
1,N2,0.27465109023022377,0.3657736482038027,0.39657563963149134,0.06160398285537729
1,N2,0.2720842576112497,0.31187016320534755,0.4466288757014854,0.05775373392691621
1,N2,0.2759345065397108,0.35422290141841944,0.4081263864168746,0.06545423178383837
1,N2,0.2515495966594573,0.2926189185630422,0.4081263864168746,0.05390348499845513
1,N3,0.25668326189740537,0.3195706610622697,0.38887514177456917,0.06160398285537729
1,N3,0.23101493570766485,0.3003194164199643,0.3195706610622697,0.07315472964076054
1,N2,0.2476993477309962,0.3003194164199643,0.3734741460607248,0.06930448071229946
1,N2,0.23614860094561296,0.3041696653484254,0.3426721546330362,0.06160398285537729
1,N2,0.24898276404048325,0.3272711589191919,0.35807315034688053,0.06160398285537729
1,N2,0.26566717606381457,0.334971656776114,0.38887514177456917,0.07315472964076054
1,N3,0.2374320172551,0.26951742499227566,0.381174643917647,0.06160398285537729
1,N2,0.24384909880253514,0.2926189185630422,0.3657736482038027,0.07315472964076054
1,N3,0.2284481030886908,0.27336767392073674,0.3426721546330362,0.06930448071229946
1,N3,0.24513251511202216,0.28491842070612,0.3773243949891859,0.07315472964076054
1,N3,0.24128226618356108,0.3003194164199643,0.35807315034688053,0.06545423178383837
1,N2,0.2374320172551,0.2964691674915032,0.35422290141841944,0.06160398285537729
1,N2,0.23999884987407405,0.2810681717776589,0.3696238971322638,0.06930448071229946
1,N3,0.23871543356458702,0.2810681717776589,0.3657736482038027,0.06930448071229946
1,N3,0.23229835201715188,0.28491842070612,0.35037265248995836,0.06160398285537729
1,N2,0.24384909880253514,0.3272711589191919,0.334971656776114,0.06930448071229946
1,N2,0.2374320172551,0.2926189185630422,0.34652240356149727,0.07315472964076054
1,N2,0.2553998455879184,0.2887686696345811,0.39657563963149134,0.0808552274976827
1,N2,0.22074760523176862,0.26566717606381457,0.3234209099907308,0.07315472964076054
1,N3,0.24769934773099622,0.3272711589191919,0.3426721546330362,0.07315472964076054
1,N3,0.22074760523176862,0.2425656824930481,0.34652240356149727,0.07315472964076054
1,N2,0.2091968584463854,0.2887686696345811,0.2810681717776589,0.05775373392691621
1,N2,0.23486518463612593,0.2810681717776589,0.3426721546330362,0.0808552274976827
1,N3,0.23101493570766485,0.27721792284919783,0.34652240356149727,0.06930448071229946
1,N2,0.21818077261279456,0.3041696653484254,0.2926189185630422,0.05775373392691621
1,N3,0.1989295279704892,0.23871543356458702,0.2887686696345811,0.06930448071229946
1,N2,0.23871543356458702,0.26951742499227566,0.38887514177456917,0.05775373392691621
1,N2,0.22588127046971673,0.2810681717776589,0.31572041213380864,0.0808552274976827
1,N3,0.2091968584463854,0.24641593142150917,0.31187016320534755,0.06930448071229946
1,N3,0.21176369106535944,0.2425656824930481,0.331121407847653,0.06160398285537729
1,N3,0.22716468677920376,0.2579666782068924,0.3619233992753416,0.06160398285537729
1,N3,0.22588127046971673,0.26951742499227566,0.3426721546330362,0.06545423178383837
1,N3,0.2374320172551,0.27336767392073674,0.3657736482038027,0.07315472964076054
1,N3,0.23486518463612593,0.24641593142150917,0.39272539070303025,0.06545423178383837
1,N3,0.20791344213689836,0.22716468677920376,0.31572041213380864,0.0808552274976827
1,N3,0.23871543356458702,0.27721792284919783,0.3696238971322638,0.06930448071229946
1,N3,0.22973151939817782,0.2618169271353535,0.35422290141841944,0.07315472964076054
1,N1,0.26951742499227566,0.3388219057045751,0.41197663534533563,0.05775373392691621
1,N2,0.283635004396633,0.31572041213380864,0.46973036927225187,0.06545423178383837
1,N2,0.2541164292784313,0.31572041213380864,0.3850248928461081,0.06160398285537729
1,N2,0.2939023348725292,0.39272539070303025,0.4235273821307189,0.06545423178383837
1,N2,0.25539984558791834,0.3619233992753416,0.3426721546330362,0.06160398285537729
1,N2,0.3067364979673995,0.4042761374884135,0.4427786267730243,0.07315472964076054
1,N2,0.31700382844329567,0.4004258885599524,0.47358061820071296,0.07700497856922162
1,N2,0.3465224035614973,0.43122787998764106,0.5467353478414735,0.06160398285537729
1,N2,0.3362550730856011,0.4235273821307189,0.5159333564137848,0.06930448071229946
1,N2,0.3311214078476529,0.42737763105918,0.4966821117714794,0.06930448071229946
1,N2,0.3259877426097048,0.4004258885599524,0.5120831074853237,0.06545423178383837
1,N2,0.31187016320534755,0.381174643917647,0.5005323606999406,0.05390348499845513
1,N2,0.32855457522867887,0.4235273821307189,0.5082328585568627,0.05390348499845513
1,N2,0.36449023189431573,0.46973036927225187,0.5621363435553178,0.06160398285537729
1,N2,0.37219072975123785,0.523633854270707,0.5197836053422459,0.07315472964076054
1,N2,0.32855457522867887,0.4004258885599524,0.527484103199168,0.05775373392691621
1,N2,0.34395557094252327,0.4581796224868686,0.5082328585568627,0.06545423178383837
1,N2,0.3452389872520103,0.4042761374884135,0.5659865924837789,0.06545423178383837
1,N2,0.32727115891919184,0.43892837784456323,0.4812811160576351,0.06160398285537729
1,N2,0.30416966534842543,0.39657563963149134,0.4427786267730243,0.07315472964076054
1,N2,0.3362550730856011,0.43892837784456323,0.5082328585568627,0.06160398285537729
1,N2,0.2759345065397108,0.35807315034688053,0.4158268842737967,0.05390348499845513
1,N2,0.32342090999073075,0.4004258885599524,0.5120831074853237,0.05775373392691621
1,N2,0.3157204121338086,0.4235273821307189,0.4581796224868686,0.06545423178383837
1,N2,0.29518575118201623,0.3773243949891859,0.43892837784456323,0.06930448071229946
1,N2,0.33497165677611407,0.4543293735584075,0.4851313649860962,0.06545423178383837
1,N2,0.29518575118201623,0.3850248928461081,0.42737763105918,0.07315472964076054
1,N2,0.3837414765366211,0.5159333564137848,0.5736870903407011,0.06160398285537729
1,N2,0.33240482415713996,0.41197663534533563,0.5197836053422459,0.06545423178383837
1,N2,0.3567897340373935,0.4851313649860962,0.527484103199168,0.05775373392691621
1,N2,0.3452389872520103,0.5005323606999406,0.4812811160576351,0.05390348499845513
1,N2,0.3208540773717567,0.4004258885599524,0.48898161391455724,0.07315472964076054
1,N2,0.3709073134417508,0.4966821117714794,0.5544358456983957,0.06160398285537729
1,N2,0.3131535795148346,0.38887514177456917,0.47743086712917404,0.07315472964076054
1,N2,0.3555063177279065,0.4658801203437908,0.5390348499845513,0.06160398285537729
1,N2,0.30930333058637355,0.3619233992753416,0.5082328585568627,0.05775373392691621
1,N2,0.3478058198709843,0.45047912462994644,0.5313343521276291,0.06160398285537729
1,N2,0.3105867468958605,0.4235273821307189,0.43507812891610215,0.07315472964076054
1,N2,0.29518575118201623,0.39272539070303025,0.43122787998764106,0.06160398285537729
1,N2,0.3465224035614973,0.43507812891610215,0.5390348499845513,0.06545423178383837
1,N2,0.35165606879944544,0.4466288757014854,0.5467353478414735,0.06160398285537729
1,N2,0.32598774260970487,0.4081263864168746,0.5005323606999406,0.06930448071229946
1,N1,0.2900520859440681,0.3619233992753416,0.4427786267730243,0.06545423178383837
1,N1,0.31828724475278264,0.3850248928461081,0.5120831074853237,0.05775373392691621
1,N2,0.3644902318943157,0.47358061820071296,0.5467353478414735,0.07315472964076054
1,N2,0.3696238971322638,0.49283186284301833,0.5428850989130124,0.07315472964076054
1,N2,0.33240482415713996,0.43122787998764106,0.5043826096284016,0.06160398285537729
1,N2,0.3221374936812438,0.4081263864168746,0.5043826096284016,0.05390348499845513
1,N2,0.30673649796739944,0.39272539070303025,0.4620298714153297,0.06545423178383837
1,N2,0.3696238971322638,0.5197836053422459,0.523633854270707,0.06545423178383837
1,N2,0.35550631772790653,0.47743086712917404,0.5313343521276291,0.05775373392691621
1,N2,0.30288624903893835,0.381174643917647,0.47358061820071296,0.05390348499845513
1,N2,0.33368824046662704,0.4427786267730243,0.49283186284301833,0.06545423178383837
1,N2,0.3888751417745692,0.5313343521276291,0.5736870903407011,0.06160398285537729
1,N2,0.3413887383235492,0.43892837784456323,0.5197836053422459,0.06545423178383837
1,N1,0.3170038284432956,0.38887514177456917,0.49283186284301833,0.06930448071229946
1,N1,0.3311214078476529,0.4081263864168746,0.523633854270707,0.06160398285537729
1,N2,0.31828724475278264,0.42737763105918,0.4620298714153297,0.06545423178383837
1,N2,0.33240482415713996,0.43892837784456323,0.4966821117714794,0.06160398285537729
1,N2,0.3208540773717567,0.39657563963149134,0.4966821117714794,0.06930448071229946
1,N2,0.31058674689586047,0.41197663534533563,0.4543293735584075,0.06545423178383837
1,N2,0.3170038284432956,0.43892837784456323,0.4620298714153297,0.05005323606999405
1,N2,0.35807315034688053,0.4966821117714794,0.5159333564137848,0.06160398285537729
1,N2,0.29903600011047726,0.3773243949891859,0.45047912462994644,0.06930448071229946
1,N2,0.2926189185630422,0.4004258885599524,0.4196771332022578,0.05775373392691621
1,N2,0.3311214078476529,0.4466288757014854,0.4658801203437908,0.0808552274976827
1,N2,0.3490892361804714,0.43122787998764106,0.5505855967699346,0.06545423178383837
1,N1,0.39015855808405625,0.43507812891610215,0.662242815695306,0.07315472964076054
1,N1,0.36705706451328973,0.43122787998764106,0.6044890817683897,0.06545423178383837
1,N2,0.3478058198709843,0.45047912462994644,0.5197836053422459,0.07315472964076054
1,N2,0.32727115891919184,0.4158268842737967,0.5043826096284016,0.06160398285537729
1,N2,0.37732439498918596,0.4658801203437908,0.6044890817683897,0.06160398285537729
1,N2,0.34395557094252327,0.43507812891610215,0.5313343521276291,0.06545423178383837
1,N1,0.40812638641687454,0.5159333564137848,0.6391413221245394,0.06930448071229946
1,N1,0.4402117941540502,0.5582860946268567,0.6853443092660724,0.07700497856922162
1,N1,0.38502489284610814,0.4966821117714794,0.5929383349830064,0.06545423178383837
1,N2,0.3221374936812437,0.4427786267730243,0.46973036927225187,0.05390348499845513
1,N2,0.34267215463303624,0.41197663534533563,0.5505855967699346,0.06545423178383837
1,N2,0.3362550730856011,0.43507812891610215,0.5082328585568627,0.06545423178383837
1,N2,0.3221374936812437,0.43507812891610215,0.4581796224868686,0.07315472964076054
1,N2,0.3208540773717567,0.4196771332022578,0.47358061820071296,0.06930448071229946
1,N2,0.37989122760816,0.4966821117714794,0.56983684141224,0.07315472964076054
1,REM,0.3619233992753416,0.49283186284301833,0.523633854270707,0.06930448071229946
1,N2,0.3247043263002178,0.4466288757014854,0.4620298714153297,0.06545423178383837
1,N2,0.3606399829658546,0.4812811160576351,0.5390348499845513,0.06160398285537729
1,N2,0.3619233992753417,0.4658801203437908,0.5505855967699346,0.06930448071229946
1,N2,0.32342090999073075,0.43892837784456323,0.4620298714153297,0.06930448071229946
1,N2,0.32342090999073075,0.4158268842737967,0.48898161391455724,0.06545423178383837
1,N2,0.3311214078476529,0.4427786267730243,0.49283186284301833,0.05775373392691621
1,N2,0.3105867468958605,0.4081263864168746,0.4620298714153297,0.06160398285537729
1,N2,0.34523898725201024,0.4581796224868686,0.5120831074853237,0.06545423178383837
1,N2,0.3157204121338086,0.4158268842737967,0.4620298714153297,0.06930448071229946
1,W,0.34780581987098436,0.43507812891610215,0.5505855967699346,0.05775373392691621
1,N1,0.3516560687994454,0.45047912462994644,0.5467353478414735,0.05775373392691621
1,N2,0.3593565666563676,0.45047912462994644,0.5659865924837789,0.06160398285537729
1,N2,0.36449023189431573,0.4658801203437908,0.5582860946268567,0.06930448071229946
1,N2,0.33240482415713996,0.45047912462994644,0.4812811160576351,0.06545423178383837
1,N2,0.33882190570457515,0.46973036927225187,0.47743086712917404,0.06930448071229946
1,N2,0.3195706610622697,0.4081263864168746,0.47743086712917404,0.07315472964076054
1,N2,0.3465224035614973,0.47358061820071296,0.5082328585568627,0.05775373392691621
1,N2,0.29903600011047726,0.3773243949891859,0.4543293735584075,0.06545423178383837
1,N2,0.3311214078476529,0.39272539070303025,0.527484103199168,0.07315472964076054
1,REM,0.3567897340373935,0.47743086712917404,0.527484103199168,0.06545423178383837
1,REM,0.3452389872520103,0.46973036927225187,0.5043826096284016,0.06160398285537729
1,REM,0.3465224035614973,0.4042761374884135,0.5775373392691622,0.05775373392691621
1,REM,0.3580731503468806,0.4658801203437908,0.5428850989130124,0.06545423178383837
1,REM,0.37604097867969893,0.5197836053422459,0.5428850989130124,0.06545423178383837
1,REM,0.36834048082277676,0.4966821117714794,0.5390348499845513,0.06930448071229946
1,REM,0.34267215463303624,0.4196771332022578,0.5390348499845513,0.06930448071229946
1,N1,0.3837414765366211,0.4812811160576351,0.6044890817683897,0.06545423178383837
1,N1,0.3516560687994454,0.45047912462994644,0.5313343521276291,0.07315472964076054
1,REM,0.3170038284432956,0.381174643917647,0.5120831074853237,0.05775373392691621
1,REM,0.37604097867969893,0.5313343521276291,0.5313343521276291,0.06545423178383837
1,REM,0.3529394851089324,0.4812811160576351,0.5120831074853237,0.06545423178383837
1,REM,0.3413887383235492,0.43507812891610215,0.523633854270707,0.06545423178383837
1,REM,0.3632068155848287,0.5005323606999406,0.5313343521276291,0.05775373392691621
1,REM,0.3798912276081599,0.4658801203437908,0.5929383349830064,0.0808552274976827
1,REM,0.3375384893950881,0.46973036927225187,0.49283186284301833,0.05005323606999405
1,REM,0.31443699582432155,0.3388219057045751,0.5351846010560902,0.06930448071229946
1,REM,0.3401053220140622,0.42737763105918,0.5197836053422459,0.07315472964076054
1,REM,0.3747575623702119,0.527484103199168,0.527484103199168,0.06930448071229946
1,REM,0.36063998296585464,0.4581796224868686,0.5505855967699346,0.07315472964076054
1,REM,0.3734741460607249,0.5313343521276291,0.5197836053422459,0.06930448071229946
1,REM,0.3567897340373935,0.48898161391455724,0.5120831074853237,0.06930448071229946
1,REM,0.3978590559409784,0.5390348499845513,0.5967885839114675,0.05775373392691621
1,REM,0.3580731503468806,0.43892837784456323,0.5659865924837789,0.06930448071229946
1,REM,0.3247043263002178,0.3773243949891859,0.527484103199168,0.06930448071229946
1,REM,0.3401053220140622,0.4658801203437908,0.48898161391455724,0.06545423178383837
1,REM,0.30288624903893835,0.3041696653484254,0.5313343521276291,0.07315472964076054
1,REM,0.35678973403739356,0.4581796224868686,0.5428850989130124,0.06930448071229946
1,REM,0.3234209099907308,0.331121407847653,0.5621363435553178,0.07700497856922162
1,REM,0.35293948510893247,0.4466288757014854,0.5467353478414735,0.06545423178383837
1,REM,0.3657736482038027,0.4812811160576351,0.5544358456983957,0.06160398285537729
1,REM,0.3670570645132898,0.47743086712917404,0.5621363435553178,0.06160398285537729
1,REM,0.33240482415713996,0.4158268842737967,0.523633854270707,0.05775373392691621
1,REM,0.28620183701560703,0.3003194164199643,0.4966821117714794,0.06160398285537729
1,REM,0.3632068155848287,0.4581796224868686,0.5582860946268567,0.07315472964076054
1,REM,0.3683404808227768,0.4543293735584075,0.5775373392691622,0.07315472964076054
1,REM,0.3644902318943157,0.5467353478414735,0.49283186284301833,0.05390348499845513
1,REM,0.3465224035614973,0.46973036927225187,0.5082328585568627,0.06160398285537729
1,REM,0.3478058198709843,0.4581796224868686,0.527484103199168,0.05775373392691621
1,REM,0.3619233992753416,0.43122787998764106,0.5967885839114675,0.05775373392691621
1,REM,0.3452389872520103,0.46973036927225187,0.5043826096284016,0.06160398285537729
1,REM,0.3105867468958605,0.39657563963149134,0.4620298714153297,0.07315472964076054
1,REM,0.34780581987098436,0.43507812891610215,0.5351846010560902,0.07315472964076054
1,REM,0.3118701632053475,0.35422290141841944,0.5197836053422459,0.06160398285537729
1,REM,0.3298379915381659,0.4543293735584075,0.46973036927225187,0.06545423178383837
1,N1,0.3362550730856011,0.49283186284301833,0.4543293735584075,0.06160398285537729
1,REM,0.3490892361804714,0.527484103199168,0.4466288757014854,0.07315472964076054
1,REM,0.33368824046662704,0.47358061820071296,0.4543293735584075,0.07315472964076054
1,REM,0.3567897340373935,0.5197836053422459,0.48898161391455724,0.06160398285537729
1,N2,0.3721907297512379,0.5467353478414735,0.5082328585568627,0.06160398285537729
1,N2,0.33240482415713996,0.43507812891610215,0.4966821117714794,0.06545423178383837
1,N1,0.3837414765366211,0.5120831074853237,0.56983684141224,0.06930448071229946
1,N1,0.34780581987098436,0.46973036927225187,0.5043826096284016,0.06930448071229946
1,N2,0.3606399829658546,0.47743086712917404,0.527484103199168,0.07700497856922162
1,N2,0.35293948510893247,0.4812811160576351,0.5197836053422459,0.05775373392691621
1,N2,0.3657736482038027,0.4966821117714794,0.527484103199168,0.07315472964076054
1,N2,0.31828724475278264,0.47743086712917404,0.4158268842737967,0.06160398285537729
1,N2,0.3362550730856011,0.4851313649860962,0.4581796224868686,0.06545423178383837
1,N2,0.35422290141841944,0.5120831074853237,0.48898161391455724,0.06160398285537729
1,N2,0.3259877426097048,0.46973036927225187,0.4427786267730243,0.06545423178383837
1,N2,0.31957066106226967,0.41197663534533563,0.47358061820071296,0.07315472964076054
1,N2,0.37347414606072493,0.5005323606999406,0.5467353478414735,0.07315472964076054
1,N2,0.35807315034688053,0.5005323606999406,0.4966821117714794,0.07700497856922162
1,N2,0.3593565666563676,0.4658801203437908,0.5582860946268567,0.05390348499845513
1,N2,0.33368824046662704,0.43892837784456323,0.5005323606999406,0.06160398285537729
1,N2,0.36834048082277676,0.4966821117714794,0.5351846010560902,0.07315472964076054
1,N2,0.3311214078476529,0.4042761374884135,0.5313343521276291,0.05775373392691621
1,N2,0.3965756396314914,0.5621363435553178,0.5659865924837789,0.06160398285537729
1,N2,0.34652240356149727,0.46973036927225187,0.5120831074853237,0.05775373392691621
1,N2,0.35807315034688053,0.4812811160576351,0.523633854270707,0.06930448071229946
1,N2,0.34395557094252327,0.4427786267730243,0.5120831074853237,0.07700497856922162
1,N2,0.31957066106226967,0.43122787998764106,0.4620298714153297,0.06545423178383837
1,N2,0.33882190570457515,0.47358061820071296,0.47743086712917404,0.06545423178383837
1,N2,0.3131535795148346,0.43892837784456323,0.43892837784456323,0.06160398285537729
1,N2,0.2900520859440681,0.3773243949891859,0.43507812891610215,0.05775373392691621
1,N2,0.3734741460607249,0.5082328585568627,0.5505855967699346,0.06160398285537729
1,N1,0.3413887383235492,0.4427786267730243,0.5313343521276291,0.05005323606999405
1,N1,0.3580731503468806,0.5197836053422459,0.4812811160576351,0.07315472964076054
1,N2,0.34780581987098436,0.4620298714153297,0.5082328585568627,0.07315472964076054
1,N2,0.34267215463303624,0.4620298714153297,0.5005323606999406,0.06545423178383837
1,N2,0.31957066106226967,0.4196771332022578,0.47743086712917404,0.06160398285537729
1,N2,0.3811746439176471,0.5082328585568627,0.5621363435553178,0.07315472964076054
1,N2,0.34267215463303624,0.45047912462994644,0.5082328585568627,0.06930448071229946
1,N2,0.34395557094252327,0.47743086712917404,0.5005323606999406,0.05390348499845513
1,N2,0.3208540773717567,0.42737763105918,0.46973036927225187,0.06545423178383837
1,N2,0.31828724475278264,0.41197663534533563,0.47743086712917404,0.06545423178383837
1,N1,0.33882190570457515,0.48898161391455724,0.46973036927225187,0.05775373392691621
1,N1,0.3747575623702119,0.4966821117714794,0.5621363435553178,0.06545423178383837
1,N2,0.3567897340373935,0.47743086712917404,0.527484103199168,0.06545423178383837
1,N2,0.35293948510893247,0.4466288757014854,0.5544358456983957,0.05775373392691621
1,N2,0.3734741460607249,0.523633854270707,0.5351846010560902,0.06160398285537729
1,N2,0.32727115891919184,0.47358061820071296,0.43892837784456323,0.06930448071229946
1,N2,0.32855457522867887,0.4042761374884135,0.5197836053422459,0.06160398285537729
1,N2,0.3247043263002178,0.4235273821307189,0.47358061820071296,0.07700497856922162
1,N2,0.3362550730856011,0.43507812891610215,0.5043826096284016,0.06930448071229946
1,N2,0.3247043263002178,0.41197663534533563,0.5005323606999406,0.06160398285537729
1,N2,0.34780581987098436,0.47743086712917404,0.5005323606999406,0.06545423178383837
1,N2,0.32342090999073075,0.4235273821307189,0.48898161391455724,0.05775373392691621
1,N2,0.3311214078476529,0.43122787998764106,0.49283186284301833,0.06930448071229946
1,N2,0.3490892361804714,0.4466288757014854,0.5351846010560902,0.06545423178383837
1,N2,0.31957066106226967,0.4081263864168746,0.49283186284301833,0.05775373392691621
1,N2,0.33882190570457515,0.4851313649860962,0.47358061820071296,0.05775373392691621
1,N2,0.37732439498918596,0.4966821117714794,0.56983684141224,0.06545423178383837
1,N2,0.31828724475278264,0.43507812891610215,0.4581796224868686,0.06160398285537729
1,N2,0.3131535795148346,0.4427786267730243,0.43892837784456323,0.05775373392691621
1,N2,0.3054530816579124,0.41197663534533563,0.43507812891610215,0.06930448071229946
1,N2,0.3028862490389384,0.4004258885599524,0.43892837784456323,0.06930448071229946
1,N2,0.31700382844329567,0.43892837784456323,0.4466288757014854,0.06545423178383837
1,N2,0.3247043263002178,0.4158268842737967,0.4966821117714794,0.06160398285537729
1,N2,0.3093033305863735,0.39272539070303025,0.4658801203437908,0.06930448071229946
1,N2,0.3362550730856011,0.4427786267730243,0.5043826096284016,0.06160398285537729
1,N2,0.3362550730856011,0.4620298714153297,0.4851313649860962,0.06160398285537729
1,N2,0.3362550730856011,0.45047912462994644,0.48898161391455724,0.06930448071229946
1,N2,0.3478058198709843,0.4581796224868686,0.5159333564137848,0.06930448071229946
1,N2,0.34267215463303624,0.47358061820071296,0.4812811160576351,0.07315472964076054
1,N2,0.3619233992753417,0.5043826096284016,0.5120831074853237,0.06930448071229946
1,N2,0.3401053220140622,0.46973036927225187,0.4851313649860962,0.06545423178383837
1,N2,0.3311214078476529,0.4196771332022578,0.4966821117714794,0.07700497856922162
1,N2,0.3298379915381659,0.41197663534533563,0.5120831074853237,0.06545423178383837
1,N2,0.3478058198709843,0.4620298714153297,0.523633854270707,0.05775373392691621
1,N2,0.3747575623702119,0.5005323606999406,0.5659865924837789,0.05775373392691621
1,N2,0.3555063177279065,0.4812811160576351,0.523633854270707,0.06160398285537729
1,W,0.3657736482038027,0.43892837784456323,0.5967885839114675,0.06160398285537729
1,W,0.44021179415405026,0.6429915710530005,0.6083393306968508,0.06930448071229946
1,N1,0.3670570645132898,0.5043826096284016,0.5197836053422459,0.07700497856922162
1,N2,0.32342090999073075,0.4196771332022578,0.49283186284301833,0.05775373392691621
1,N2,0.3580731503468806,0.4812811160576351,0.5351846010560902,0.05775373392691621
1,N2,0.36063998296585464,0.4851313649860962,0.523633854270707,0.07315472964076054
1,N2,0.3567897340373935,0.4812811160576351,0.5159333564137848,0.07315472964076054
1,N2,0.3490892361804714,0.46973036927225187,0.4966821117714794,0.0808552274976827
1,N2,0.37989122760816,0.47358061820071296,0.6083393306968508,0.05775373392691621
1,N2,0.36449023189431573,0.5043826096284016,0.527484103199168,0.06160398285537729
1,N2,0.31828724475278264,0.4158268842737967,0.46973036927225187,0.06930448071229946
1,N2,0.3529394851089324,0.46973036927225187,0.5120831074853237,0.07700497856922162
1,N2,0.30673649796739944,0.4158268842737967,0.4427786267730243,0.06160398285537729
1,N2,0.36577364820380276,0.5005323606999406,0.523633854270707,0.07315472964076054
1,N2,0.33240482415713996,0.4466288757014854,0.4851313649860962,0.06545423178383837
1,N2,0.3221374936812437,0.4543293735584075,0.4427786267730243,0.06930448071229946
1,N2,0.36705706451328973,0.5159333564137848,0.5197836053422459,0.06545423178383837
1,N2,0.36063998296585464,0.5043826096284016,0.5120831074853237,0.06545423178383837
1,N2,0.3221374936812437,0.43892837784456323,0.46973036927225187,0.05775373392691621
1,N2,0.35165606879944544,0.4851313649860962,0.5043826096284016,0.06545423178383837
1,N2,0.38502489284610814,0.5621363435553178,0.527484103199168,0.06545423178383837
1,N2,0.28620183701560703,0.3734741460607248,0.4196771332022578,0.06545423178383837
1,N2,0.3413887383235492,0.46973036927225187,0.49283186284301833,0.06160398285537729
1,N2,0.33882190570457515,0.4812811160576351,0.47743086712917404,0.05775373392691621
1,N2,0.3375384893950881,0.4620298714153297,0.4812811160576351,0.06930448071229946
1,N2,0.30031941641996435,0.39657563963149134,0.43892837784456323,0.06545423178383837
1,N2,0.34908923618047133,0.4620298714153297,0.5313343521276291,0.05390348499845513
1,N2,0.3490892361804714,0.47743086712917404,0.5005323606999406,0.06930448071229946
1,N2,0.35422290141841944,0.49283186284301833,0.5120831074853237,0.05775373392691621
1,N2,0.3362550730856011,0.4851313649860962,0.45047912462994644,0.07315472964076054
1,N2,0.3298379915381659,0.43507812891610215,0.47743086712917404,0.07700497856922162
1,N2,0.3105867468958605,0.43892837784456323,0.43892837784456323,0.05390348499845513
1,N2,0.3093033305863735,0.4427786267730243,0.41197663534533563,0.07315472964076054
1,N2,0.3131535795148346,0.4427786267730243,0.42737763105918,0.06930448071229946
1,N2,0.26566717606381457,0.34652240356149727,0.38887514177456917,0.06160398285537729
1,N2,0.32342090999073075,0.41197663534533563,0.48898161391455724,0.06930448071229946
1,N2,0.3465224035614973,0.46973036927225187,0.5043826096284016,0.06545423178383837
1,N2,0.32855457522867887,0.4581796224868686,0.46973036927225187,0.05775373392691621
1,N2,0.3131535795148345,0.4235273821307189,0.4658801203437908,0.05005323606999405
1,N2,0.30673649796739944,0.39657563963149134,0.45047912462994644,0.07315472964076054
1,N2,0.33497165677611407,0.4658801203437908,0.46973036927225187,0.06930448071229946
1,N2,0.34523898725201024,0.523633854270707,0.4543293735584075,0.05775373392691621
1,REM,0.3478058198709843,0.47743086712917404,0.5120831074853237,0.05390348499845513
1,REM,0.35037265248995836,0.5351846010560902,0.4543293735584075,0.06160398285537729
1,REM,0.33368824046662704,0.4658801203437908,0.47743086712917404,0.05775373392691621
1,REM,0.33368824046662704,0.4658801203437908,0.47743086712917404,0.05775373392691621
1,REM,0.3619233992753417,0.4658801203437908,0.5428850989130124,0.07700497856922162
1,REM,0.3721907297512379,0.47743086712917404,0.56983684141224,0.06930448071229946
1,REM,0.3298379915381659,0.4081263864168746,0.5159333564137848,0.06545423178383837
1,REM,0.35935656665636756,0.4812811160576351,0.523633854270707,0.07315472964076054
1,REM,0.33882190570457515,0.39657563963149134,0.5467353478414735,0.07315472964076054
1,REM,0.31828724475278264,0.3388219057045751,0.5505855967699346,0.06545423178383837
1,REM,0.35550631772790653,0.41197663534533563,0.5852378371260843,0.06930448071229946
1,REM,0.3670570645132898,0.4658801203437908,0.5659865924837789,0.06930448071229946
1,REM,0.3208540773717567,0.3696238971322638,0.5428850989130124,0.05005323606999405
1,N1,0.377324394989186,0.5043826096284016,0.5582860946268567,0.06930448071229946
1,REM,0.35037265248995836,0.47358061820071296,0.5120831074853237,0.06545423178383837
1,REM,0.3542229014184195,0.5043826096284016,0.48898161391455724,0.06930448071229946
1,REM,0.3375384893950881,0.4235273821307189,0.5159333564137848,0.07315472964076054
1,REM,0.33882190570457515,0.4543293735584075,0.5005323606999406,0.06160398285537729
1,REM,0.32855457522867887,0.4427786267730243,0.47743086712917404,0.06545423178383837
1,REM,0.34908923618047133,0.4658801203437908,0.5197836053422459,0.06160398285537729
1,REM,0.35807315034688053,0.5120831074853237,0.5082328585568627,0.05390348499845513
1,REM,0.3696238971322638,0.5351846010560902,0.5120831074853237,0.06160398285537729
1,REM,0.334971656776114,0.527484103199168,0.4004258885599524,0.07700497856922162
1,REM,0.37219072975123785,0.5313343521276291,0.5120831074853237,0.07315472964076054
1,REM,0.3259877426097048,0.43892837784456323,0.4658801203437908,0.07315472964076054
1,REM,0.31443699582432155,0.4158268842737967,0.4620298714153297,0.06545423178383837
1,REM,0.41197663534533563,0.5813875881976233,0.5967885839114675,0.05775373392691621
1,REM,0.38630830915559516,0.523633854270707,0.56983684141224,0.06545423178383837
1,REM,0.3144369958243216,0.4466288757014854,0.43122787998764106,0.06545423178383837
1,REM,0.3170038284432956,0.38887514177456917,0.49283186284301833,0.06930448071229946
1,W,0.3465224035614973,0.331121407847653,0.6352910731960784,0.07315472964076054
1,W,0.4017093048694394,0.4620298714153297,0.669943313552228,0.07315472964076054
1,W,0.3529394851089324,0.39272539070303025,0.6044890817683897,0.06160398285537729
1,W,0.34780581987098436,0.34652240356149727,0.6275905753391562,0.06930448071229946
1,W,0.3016028327294514,0.2618169271353535,0.56983684141224,0.07315472964076054
1,W,0.27336767392073674,0.19636269535151513,0.5621363435553178,0.06160398285537729
1,W,0.2682340086827886,0.23486518463612593,0.5005323606999406,0.06930448071229946
1,W,0.31957066106226967,0.2233144378507427,0.669943313552228,0.06545423178383837
1,W,0.34780581987098436,0.2002129442799762,0.7931512792629827,0.05005323606999405
1,W,0.37219072975123785,0.21561393999382053,0.8393542664045156,0.06160398285537729
1,W,0.35165606879944544,0.2040631932084373,0.7893010303345216,0.06160398285537729
1,W,0.4017093048694395,0.24641593142150917,0.8932577514029708,0.06545423178383837
1,W,0.41711030058328386,0.2425656824930481,0.9548617342583481,0.05390348499845513
1,W,0.35037265248995836,0.2425656824930481,0.7469482921214496,0.06160398285537729
1,W,0.3927253907030303,0.24641593142150917,0.858605511046821,0.07315472964076054
1,W,0.3683404808227768,0.23871543356458702,0.808552274976827,0.05775373392691621
1,W,0.44021179415405026,0.4196771332022578,0.8432045153329767,0.05775373392691621
1,W,0.37604097867969893,0.26566717606381457,0.8047020260483659,0.05775373392691621
1,W,0.4427786267730243,0.28491842070612,0.9779632278291145,0.06545423178383837
1,W,0.41326005165482277,0.3041696653484254,0.8624557599752821,0.07315472964076054
1,W,0.47871428343866107,0.43122787998764106,0.9394607385445037,0.06545423178383837
1,W,0.5133665237948107,0.47358061820071296,0.9972144724714199,0.06930448071229946
1,W,0.4928318628430184,0.43892837784456323,0.9856637256860367,0.05390348499845513
1,W,0.48641478129558324,0.39657563963149134,1.0010647213998811,0.06160398285537729
1,W,0.39914247225046545,0.2926189185630422,0.8355040174760545,0.06930448071229946
1,W,0.3978590559409784,0.3041696653484254,0.8201030217622103,0.06930448071229946
1,W,0.39400880701251734,0.2964691674915032,0.8239532706906713,0.06160398285537729
1,W,0.38630830915559516,0.2002129442799762,0.9009582492598929,0.05775373392691621
1,W,0.376040978679699,0.2425656824930481,0.8124025239052881,0.07315472964076054
1,W,0.3927253907030303,0.2887686696345811,0.8201030217622103,0.06930448071229946
1,W,0.36449023189431573,0.2233144378507427,0.7931512792629827,0.07700497856922162
1,W,0.3311214078476529,0.2233144378507427,0.7084458028368389,0.06160398285537729
1,W,0.3144369958243216,0.21561393999382053,0.662242815695306,0.06545423178383837
1,W,0.4017093048694395,0.334971656776114,0.8124025239052881,0.05775373392691621
1,W,0.3747575623702119,0.2926189185630422,0.7739000346206772,0.05775373392691621
1,W,0.4158268842737968,0.2926189185630422,0.8855572535460486,0.06930448071229946
1,W,0.34395557094252327,0.23486518463612593,0.7199965496222221,0.07700497856922162
1,W,0.3875917254650822,0.21946418892228162,0.8740065067606654,0.06930448071229946
1,W,0.35165606879944544,0.2502661803499703,0.7353975453360665,0.06930448071229946
1,W,0.3593565666563676,0.19636269535151513,0.8047020260483659,0.07700497856922162
1,W,0.3875917254650822,0.2040631932084373,0.8855572535460486,0.07315472964076054
1,W,0.3734741460607249,0.26566717606381457,0.7893010303345216,0.06545423178383837
1,W,0.3401053220140622,0.21561393999382053,0.7315472964076054,0.07315472964076054
1,W,0.2759345065397108,0.2618169271353535,0.5043826096284016,0.06160398285537729
2,W,0.4504791246299465,0.49283186284301833,0.7931512792629827,0.06545423178383837
2,W,0.4453454593919983,0.5197836053422459,0.7546487899783718,0.06160398285537729
2,W,0.4325112962971281,0.4812811160576351,0.7469482921214496,0.06930448071229946
2,W,0.38502489284610814,0.4004258885599524,0.6968950560514556,0.05775373392691621
2,W,0.41197663534533574,0.4581796224868686,0.7161463006937611,0.06160398285537729
2,W,0.3914419743935433,0.4235273821307189,0.6853443092660724,0.06545423178383837
2,W,0.41326005165482266,0.4543293735584075,0.7315472964076054,0.05390348499845513
2,W,0.4017093048694394,0.4543293735584075,0.6853443092660724,0.06545423178383837
2,W,0.4235273821307189,0.42737763105918,0.7739000346206772,0.06930448071229946
2,W,0.4517625409394335,0.43507812891610215,0.85475526211836,0.06545423178383837
2,W,0.44406204308251135,0.3426721546330362,0.9317602406875816,0.05775373392691621
2,W,0.4620298714153297,0.3850248928461081,0.9279099917591205,0.07315472964076054
2,W,0.5172167727232719,0.5428850989130124,0.9471612364014259,0.06160398285537729
2,W,0.5980720002209546,0.7161463006937611,1.0280164638991085,0.05005323606999405
2,W,0.5236338542707071,0.5005323606999406,1.0049149703283422,0.06545423178383837
2,W,0.4427786267730243,0.3850248928461081,0.8894075024745097,0.05390348499845513
2,W,0.4325112962971281,0.3619233992753416,0.8701562578322043,0.06545423178383837
2,W,0.46844695296276484,0.41197663534533563,0.9202094939021983,0.07315472964076054
2,W,0.4453454593919983,0.3388219057045751,0.9163592449737372,0.0808552274976827
2,W,0.4658801203437908,0.41197663534533563,0.9202094939021983,0.06545423178383837
2,W,0.4517625409394335,0.3696238971322638,0.9202094939021983,0.06545423178383837
2,W,0.43892837784456323,0.3773243949891859,0.8778567556891265,0.06160398285537729
2,W,0.472297201891226,0.46973036927225187,0.8778567556891265,0.06930448071229946
2,W,0.4453454593919983,0.43892837784456323,0.8201030217622103,0.07700497856922162
2,W,0.4889816139145573,0.4196771332022578,0.9779632278291145,0.06930448071229946
2,W,0.4812811160576351,0.47743086712917404,0.8894075024745097,0.07700497856922162
2,W,0.4941152791525054,0.42737763105918,0.9895139746144977,0.06545423178383837
2,W,0.4851313649860962,0.39657563963149134,0.9972144724714199,0.06160398285537729
2,W,0.5107996911758367,0.49283186284301833,0.9818134767575756,0.05775373392691621
2,W,0.5223504379612199,0.5351846010560902,0.9664124810437313,0.06545423178383837
2,W,0.5133665237948108,0.5043826096284016,0.9779632278291145,0.05775373392691621
2,W,0.5082328585568626,0.47743086712917404,0.9779632278291145,0.06930448071229946
2,W,0.5056660259378887,0.43507812891610215,1.0087652192568033,0.07315472964076054
2,W,0.3965756396314914,0.2887686696345811,0.8278035196191323,0.07315472964076054
2,W,0.44021179415405026,0.334971656776114,0.9163592449737372,0.06930448071229946
2,W,0.5107996911758367,0.47358061820071296,0.9972144724714199,0.06160398285537729
2,W,0.5095162748663498,0.47743086712917404,0.9741129789006535,0.07700497856922162
2,W,0.45689620617738164,0.334971656776114,0.9702627299721924,0.06545423178383837
2,W,0.46588012034379084,0.3696238971322638,0.9587119831868092,0.06930448071229946
2,W,0.4774308671291741,0.4004258885599524,0.9625622321152703,0.06930448071229946
2,W,0.39015855808405625,0.27721792284919783,0.8278035196191323,0.06545423178383837
2,W,0.45946303879635564,0.331121407847653,0.9818134767575756,0.06545423178383837
2,W,0.41326005165482277,0.2926189185630422,0.8894075024745097,0.05775373392691621
2,W,0.44406204308251135,0.331121407847653,0.9356104896160427,0.06545423178383837
2,W,0.4722972018912259,0.3657736482038027,0.9895139746144977,0.06160398285537729
2,W,0.5287675195086551,0.5043826096284016,1.0049149703283422,0.07700497856922162
2,W,0.48898161391455736,0.4081263864168746,1.0010647213998811,0.05775373392691621
2,W,0.43892837784456323,0.2887686696345811,0.9548617342583481,0.07315472964076054
2,W,0.44021179415405026,0.3850248928461081,0.8855572535460486,0.05005323606999405
2,W,0.4543293735584075,0.3195706610622697,0.9856637256860367,0.05775373392691621
2,W,0.4517625409394335,0.3773243949891859,0.9240597428306594,0.05390348499845513
2,W,0.4812811160576352,0.4004258885599524,0.9702627299721924,0.07315472964076054
2,W,0.47871428343866107,0.39272539070303025,0.9818134767575756,0.06160398285537729
2,W,0.5929383349830065,0.6930448071229945,1.0164657171137255,0.06930448071229946
2,W,0.5570026783173697,0.5775373392691622,1.0203159660421863,0.07315472964076054
2,W,0.5210670216517329,0.5159333564137848,0.9779632278291145,0.06930448071229946
2,W,0.33368824046662704,0.331121407847653,0.6121895796253118,0.05775373392691621
2,W,0.42609421474969306,0.47743086712917404,0.7353975453360665,0.06545423178383837
2,W,0.3401053220140622,0.381174643917647,0.5813875881976233,0.05775373392691621
2,W,0.30930333058637355,0.27336767392073674,0.5852378371260843,0.06930448071229946
2,N1,0.39529222332200437,0.43507812891610215,0.6853443092660724,0.06545423178383837
2,N1,0.39529222332200437,0.4158268842737967,0.7045955539083778,0.06545423178383837
2,N1,0.3311214078476529,0.4427786267730243,0.4966821117714794,0.05390348499845513
2,N1,0.4235273821307189,0.527484103199168,0.6737935624806891,0.06930448071229946
2,N1,0.47871428343866107,0.5967885839114675,0.7739000346206772,0.06545423178383837
2,N1,0.4889816139145573,0.662242815695306,0.7469482921214496,0.05775373392691621
2,N1,0.5030991933189146,0.669943313552228,0.7739000346206772,0.06545423178383837
2,N1,0.4594630387963557,0.5313343521276291,0.7777502835491383,0.06930448071229946
2,N1,0.43507812891610215,0.4851313649860962,0.7546487899783718,0.06545423178383837
2,N1,0.47358061820071296,0.6083393306968508,0.7469482921214496,0.06545423178383837
2,N1,0.4799976997481481,0.5929383349830064,0.7816005324775994,0.06545423178383837
2,N1,0.45817962248686867,0.5621363435553178,0.7546487899783718,0.05775373392691621
2,N1,0.5056660259378887,0.6468418199814616,0.8047020260483659,0.06545423178383837
2,N1,0.48256453236712216,0.6044890817683897,0.7739000346206772,0.06930448071229946
2,N1,0.4799976997481481,0.619890077482234,0.7507985410499107,0.06930448071229946
2,N1,0.3516560687994454,0.4658801203437908,0.523633854270707,0.06545423178383837
2,N1,0.37732439498918596,0.49283186284301833,0.5736870903407011,0.06545423178383837
2,N1,0.46716353665327787,0.6352910731960784,0.7045955539083778,0.06160398285537729
2,N1,0.4620298714153297,0.5929383349830064,0.7276970474791443,0.06545423178383837
2,N1,0.40812638641687465,0.5313343521276291,0.6352910731960784,0.05775373392691621
2,N1,0.428661047368667,0.5313343521276291,0.6930448071229945,0.06160398285537729
2,N1,0.3837414765366211,0.523633854270707,0.5736870903407011,0.05390348499845513
2,N1,0.4517625409394335,0.5736870903407011,0.7161463006937611,0.06545423178383837
2,N1,0.4504791246299465,0.5659865924837789,0.7122960517653,0.07315472964076054
2,N1,0.42737763105918,0.5159333564137848,0.6968950560514556,0.06930448071229946
2,N1,0.4594630387963557,0.5775373392691622,0.7315472964076054,0.06930448071229946
2,W,0.3439555709425232,0.3850248928461081,0.5890880860545453,0.05775373392691621
2,N1,0.4427786267730243,0.4581796224868686,0.8124025239052881,0.05775373392691621
2,N1,0.4106932190358486,0.39272539070303025,0.7777502835491383,0.06160398285537729
2,N1,0.4645967040343038,0.6083393306968508,0.7161463006937611,0.06930448071229946
2,N1,0.4453454593919984,0.5351846010560902,0.7276970474791443,0.07315472964076054
2,N1,0.4363615452255892,0.5351846010560902,0.7122960517653,0.06160398285537729
2,N1,0.48256453236712216,0.6237403264106951,0.762349287835294,0.06160398285537729
2,N1,0.4363615452255892,0.5428850989130124,0.7084458028368389,0.05775373392691621
2,N1,0.4248107984402059,0.5621363435553178,0.6545423178383838,0.05775373392691621
2,N1,0.4363615452255892,0.5313343521276291,0.7122960517653,0.06545423178383837
2,N1,0.3978590559409784,0.5005323606999406,0.6352910731960784,0.05775373392691621
2,N1,0.3875917254650822,0.47743086712917404,0.6160398285537729,0.06930448071229946
2,N1,0.42737763105918,0.5467353478414735,0.6660930646237669,0.06930448071229946
2,N1,0.3747575623702119,0.5082328585568627,0.5582860946268567,0.05775373392691621
2,N1,0.3593565666563676,0.42737763105918,0.5852378371260843,0.06545423178383837
2,N1,0.35422290141841944,0.4658801203437908,0.527484103199168,0.06930448071229946
2,N2,0.35293948510893247,0.49283186284301833,0.5082328585568627,0.05775373392691621
2,N2,0.30930333058637344,0.3850248928461081,0.48898161391455724,0.05390348499845513
2,N2,0.3016028327294513,0.43122787998764106,0.4158268842737967,0.05775373392691621
2,N2,0.36449023189431573,0.4812811160576351,0.5505855967699346,0.06160398285537729
2,N2,0.32727115891919184,0.4427786267730243,0.47743086712917404,0.06160398285537729
2,N2,0.31572041213380864,0.381174643917647,0.5043826096284016,0.06160398285537729
2,N2,0.3401053220140622,0.4581796224868686,0.4966821117714794,0.06545423178383837
2,N2,0.3362550730856011,0.4581796224868686,0.49283186284301833,0.05775373392691621
2,N2,0.3490892361804714,0.47358061820071296,0.5082328585568627,0.06545423178383837
2,N2,0.3003194164199643,0.381174643917647,0.4620298714153297,0.05775373392691621
2,N2,0.31957066106226967,0.4235273821307189,0.46973036927225187,0.06545423178383837
2,N2,0.28620183701560703,0.3619233992753416,0.43122787998764106,0.06545423178383837
2,N2,0.33368824046662704,0.43122787998764106,0.5082328585568627,0.06160398285537729
2,N2,0.33368824046662704,0.46973036927225187,0.47743086712917404,0.05390348499845513
2,N2,0.27336767392073674,0.3234209099907308,0.43122787998764106,0.06545423178383837
2,N2,0.26053351082586645,0.3388219057045751,0.38887514177456917,0.05390348499845513
2,N2,0.3016028327294513,0.3734741460607248,0.47358061820071296,0.05775373392691621
2,N2,0.3221374936812437,0.4042761374884135,0.4966821117714794,0.06545423178383837
2,N2,0.24641593142150917,0.3003194164199643,0.3773243949891859,0.06160398285537729
2,N2,0.26438375975432754,0.3234209099907308,0.4042761374884135,0.06545423178383837
2,N2,0.23871543356458702,0.3426721546330362,0.30801991427688646,0.06545423178383837
2,N2,0.2464159314215092,0.3234209099907308,0.35422290141841944,0.06160398285537729
2,N2,0.2502661803499703,0.31187016320534755,0.3657736482038027,0.07315472964076054
2,N2,0.27465109023022377,0.35422290141841944,0.4081263864168746,0.06160398285537729
2,N2,0.23614860094561296,0.28491842070612,0.35807315034688053,0.06545423178383837
2,N2,0.2335817683266389,0.31187016320534755,0.3272711589191919,0.06160398285537729
2,N2,0.20791344213689833,0.26951742499227566,0.2964691674915032,0.05775373392691621
2,N2,0.23229835201715188,0.28491842070612,0.3426721546330362,0.06930448071229946
2,N2,0.24384909880253514,0.334971656776114,0.3234209099907308,0.07315472964076054
2,N2,0.23486518463612593,0.2964691674915032,0.3388219057045751,0.06930448071229946
2,N2,0.21689735630330753,0.23486518463612593,0.35807315034688053,0.05775373392691621
2,W,0.4106932190358487,0.5390348499845513,0.6275905753391562,0.06545423178383837
2,N2,0.3041696653484253,0.3388219057045751,0.5159333564137848,0.05775373392691621
2,N2,0.28620183701560703,0.334971656776114,0.4581796224868686,0.06545423178383837
2,N2,0.2887686696345811,0.3657736482038027,0.43122787998764106,0.06930448071229946
2,N2,0.29518575118201623,0.39272539070303025,0.43507812891610215,0.05775373392691621
2,N2,0.3067364979673994,0.34652240356149727,0.5120831074853237,0.06160398285537729
2,N2,0.28748525332509406,0.3426721546330362,0.4620298714153297,0.05775373392691621
2,N2,0.30288624903893835,0.39272539070303025,0.45047912462994644,0.06545423178383837
2,N2,0.29518575118201623,0.39272539070303025,0.42737763105918,0.06545423178383837
2,N2,0.2977525838009903,0.4081263864168746,0.42737763105918,0.05775373392691621
2,N2,0.28491842070612,0.4158268842737967,0.3773243949891859,0.06160398285537729
2,N2,0.2425656824930481,0.28491842070612,0.38887514177456917,0.05390348499845513
2,N2,0.2425656824930481,0.2926189185630422,0.3773243949891859,0.05775373392691621
2,N2,0.2515495966594573,0.3234209099907308,0.3696238971322638,0.06160398285537729
2,N2,0.27721792284919783,0.334971656776114,0.43122787998764106,0.06545423178383837
2,N2,0.2284481030886908,0.3041696653484254,0.331121407847653,0.05005323606999405
2,N3,0.20406319320843727,0.25411642927843137,0.2964691674915032,0.06160398285537729
2,N3,0.23999884987407405,0.31572041213380864,0.3388219057045751,0.06545423178383837
2,N2,0.20406319320843727,0.26951742499227566,0.28491842070612,0.05775373392691621
2,N2,0.2053466095179243,0.26951742499227566,0.2810681717776589,0.06545423178383837
2,N3,0.20791344213689836,0.25411642927843137,0.3041696653484254,0.06545423178383837
2,N3,0.18866219749459298,0.25411642927843137,0.24641593142150917,0.06545423178383837
2,N3,0.22074760523176862,0.2964691674915032,0.2964691674915032,0.06930448071229946
2,N2,0.2014963605894632,0.2964691674915032,0.2502661803499703,0.05775373392691621
2,N3,0.2014963605894632,0.27336767392073674,0.26566717606381457,0.06545423178383837
2,N3,0.19507927904202807,0.2579666782068924,0.26951742499227566,0.05775373392691621
2,N3,0.2053466095179243,0.26566717606381457,0.2887686696345811,0.06160398285537729
2,N2,0.2053466095179243,0.23486518463612593,0.3234209099907308,0.05775373392691621
2,N3,0.18994561380408,0.22716468677920376,0.27721792284919783,0.06545423178383837
2,N3,0.2053466095179243,0.28491842070612,0.2618169271353535,0.06930448071229946
2,N2,0.20791344213689836,0.2810681717776589,0.27721792284919783,0.06545423178383837
2,N3,0.1963626953515151,0.26566717606381457,0.26951742499227566,0.05390348499845513
2,N3,0.17967828332818378,0.21561393999382053,0.26566717606381457,0.05775373392691621
2,N3,0.1758280343997227,0.2425656824930481,0.2233144378507427,0.06160398285537729
2,N3,0.17967828332818378,0.25411642927843137,0.21946418892228162,0.06545423178383837
2,N3,0.18737878118510595,0.2618169271353535,0.23486518463612593,0.06545423178383837
2,N3,0.19251244642305407,0.23871543356458702,0.28491842070612,0.05390348499845513
2,N3,0.20277977689895024,0.2502661803499703,0.3003194164199643,0.05775373392691621
2,N3,0.17454461809023566,0.24641593142150917,0.2233144378507427,0.05390348499845513
2,N3,0.17711145070920972,0.24641593142150917,0.22716468677920376,0.05775373392691621
2,N3,0.19764611166100213,0.2579666782068924,0.26566717606381457,0.06930448071229946
2,N3,0.1809616996376708,0.21946418892228162,0.2579666782068924,0.06545423178383837
2,N3,0.20791344213689836,0.2887686696345811,0.26951742499227566,0.06545423178383837
2,N3,0.28491842070612,0.35422290141841944,0.42737763105918,0.07315472964076054
2,N3,0.2156139399938205,0.26566717606381457,0.3195706610622697,0.06160398285537729
2,N2,0.2720842576112497,0.3041696653484254,0.4581796224868686,0.05390348499845513
2,N2,0.25539984558791834,0.2964691674915032,0.4081263864168746,0.06160398285537729
2,N2,0.23486518463612593,0.26951742499227566,0.381174643917647,0.05390348499845513
2,N2,0.26438375975432754,0.31187016320534755,0.4196771332022578,0.06160398285537729
2,N2,0.28748525332509406,0.3272711589191919,0.46973036927225187,0.06545423178383837
2,N3,0.26566717606381457,0.3041696653484254,0.43122787998764106,0.06160398285537729
2,N2,0.28491842070612,0.3388219057045751,0.45047912462994644,0.06545423178383837
2,N2,0.2553998455879184,0.331121407847653,0.3696238971322638,0.06545423178383837
2,N2,0.2797847554681719,0.3041696653484254,0.47743086712917404,0.05775373392691621
2,N2,0.26438375975432754,0.3272711589191919,0.4042761374884135,0.06160398285537729
2,N2,0.2797847554681719,0.3696238971322638,0.41197663534533563,0.05775373392691621
2,N2,0.2900520859440681,0.3850248928461081,0.4158268842737967,0.06930448071229946
2,N2,0.2797847554681719,0.34652240356149727,0.4235273821307189,0.06930448071229946
2,N2,0.28620183701560703,0.3426721546330362,0.4581796224868686,0.05775373392691621
2,N2,0.30673649796739944,0.3696238971322638,0.4966821117714794,0.05390348499845513
2,N3,0.2618169271353535,0.3234209099907308,0.39272539070303025,0.06930448071229946
2,N2,0.283635004396633,0.3388219057045751,0.4427786267730243,0.06930448071229946
2,N2,0.29646916749150326,0.39272539070303025,0.4235273821307189,0.07315472964076054
2,N2,0.28235158808714594,0.3426721546330362,0.43507812891610215,0.06930448071229946
2,N2,0.31187016320534755,0.38887514177456917,0.4812811160576351,0.06545423178383837
2,N1,0.2990360001104773,0.4042761374884135,0.43507812891610215,0.05775373392691621
2,N2,0.2797847554681719,0.35807315034688053,0.4158268842737967,0.06545423178383837
2,N2,0.2964691674915032,0.381174643917647,0.45047912462994644,0.05775373392691621
2,N2,0.29646916749150326,0.3657736482038027,0.4581796224868686,0.06545423178383837
2,N2,0.26566717606381457,0.3657736482038027,0.3619233992753416,0.06930448071229946
2,N2,0.26951742499227566,0.3272711589191919,0.4196771332022578,0.06160398285537729
2,N2,0.30673649796739944,0.381174643917647,0.4658801203437908,0.07315472964076054
2,N2,0.3311214078476529,0.45047912462994644,0.4812811160576351,0.06160398285537729
2,N2,0.2964691674915032,0.3734741460607248,0.45047912462994644,0.06545423178383837
2,N2,0.31443699582432155,0.41197663534533563,0.4581796224868686,0.07315472964076054
2,N2,0.30288624903893835,0.3850248928461081,0.4658801203437908,0.05775373392691621
2,N2,0.2810681717776589,0.35807315034688053,0.43122787998764106,0.05390348499845513
2,N2,0.2926189185630422,0.35422290141841944,0.4658801203437908,0.05775373392691621
2,N2,0.3170038284432956,0.39272539070303025,0.4966821117714794,0.06160398285537729
2,N2,0.34395557094252327,0.43892837784456323,0.523633854270707,0.06930448071229946
2,N2,0.3221374936812438,0.39657563963149134,0.5005323606999406,0.06930448071229946
2,N2,0.3208540773717567,0.4196771332022578,0.47358061820071296,0.06930448071229946
2,N2,0.33882190570457515,0.4466288757014854,0.5082328585568627,0.06160398285537729
2,N2,0.3606399829658546,0.48898161391455724,0.5313343521276291,0.06160398285537729
2,N2,0.27336767392073674,0.3734741460607248,0.3850248928461081,0.06160398285537729
2,N2,0.30416966534842543,0.4042761374884135,0.43892837784456323,0.06930448071229946
2,REM,0.34523898725201024,0.48898161391455724,0.49283186284301833,0.05390348499845513
2,N2,0.3375384893950881,0.4543293735584075,0.5005323606999406,0.05775373392691621
2,N2,0.3478058198709843,0.4658801203437908,0.5159333564137848,0.06160398285537729
2,N2,0.3131535795148345,0.4235273821307189,0.45047912462994644,0.06545423178383837
2,REM,0.3208540773717567,0.4158268842737967,0.49283186284301833,0.05390348499845513
2,N2,0.32342090999073075,0.4235273821307189,0.4851313649860962,0.06160398285537729
2,N2,0.3131535795148346,0.43892837784456323,0.43122787998764106,0.06930448071229946
2,N2,0.3105867468958605,0.43122787998764106,0.43892837784456323,0.06160398285537729
2,N2,0.3259877426097048,0.4427786267730243,0.4658801203437908,0.06930448071229946
2,N2,0.3375384893950881,0.43507812891610215,0.5159333564137848,0.06160398285537729
2,N2,0.3298379915381659,0.4466288757014854,0.46973036927225187,0.07315472964076054
2,N2,0.28748525332509406,0.3773243949891859,0.42737763105918,0.05775373392691621
2,N2,0.33497165677611407,0.4620298714153297,0.47358061820071296,0.06930448071229946
2,N2,0.3016028327294513,0.42737763105918,0.41197663534533563,0.06545423178383837
2,N2,0.30673649796739944,0.3850248928461081,0.47358061820071296,0.06160398285537729
2,N2,0.3490892361804714,0.4851313649860962,0.4966821117714794,0.06545423178383837
2,N2,0.35678973403739356,0.47743086712917404,0.5313343521276291,0.06160398285537729
2,N2,0.3041696653484254,0.43507812891610215,0.41197663534533563,0.06545423178383837
2,N2,0.31187016320534755,0.41197663534533563,0.4427786267730243,0.0808552274976827
2,N2,0.2810681717776589,0.3734741460607248,0.4081263864168746,0.06160398285537729
2,N2,0.3003194164199643,0.3850248928461081,0.45047912462994644,0.06545423178383837
2,N2,0.2631003434448405,0.30801991427688646,0.41197663534533563,0.06930448071229946
2,N3,0.22588127046971673,0.27721792284919783,0.3426721546330362,0.05775373392691621
2,N2,0.2528330129689443,0.3195706610622697,0.3734741460607248,0.06545423178383837
2,N2,0.23999884987407405,0.3003194164199643,0.35422290141841944,0.06545423178383837
2,N2,0.21176369106535942,0.2425656824930481,0.334971656776114,0.05775373392691621
2,N2,0.2156139399938205,0.27721792284919783,0.2964691674915032,0.07315472964076054
2,N2,0.2014963605894632,0.2618169271353535,0.27721792284919783,0.06545423178383837
2,N2,0.22716468677920376,0.2618169271353535,0.3619233992753416,0.05775373392691621
2,N3,0.21818077261279456,0.2926189185630422,0.3003194164199643,0.06160398285537729
2,N2,0.2156139399938205,0.26951742499227566,0.31187016320534755,0.06545423178383837
2,N2,0.2194641889222816,0.25411642927843137,0.334971656776114,0.06930448071229946
2,N3,0.21176369106535944,0.25411642927843137,0.3195706610622697,0.06160398285537729
2,N3,0.19507927904202807,0.27336767392073674,0.24641593142150917,0.06545423178383837
2,N3,0.17454461809023566,0.24641593142150917,0.21176369106535944,0.06545423178383837
2,N3,0.1848119485661319,0.23486518463612593,0.2618169271353535,0.05775373392691621
2,N3,0.19379586273254104,0.21946418892228162,0.2964691674915032,0.06545423178383837
2,N3,0.18352853225664487,0.2040631932084373,0.2887686696345811,0.05775373392691621
2,N3,0.20277977689895024,0.2579666782068924,0.28491842070612,0.06545423178383837
2,N2,0.22203102154125565,0.3003194164199643,0.31572041213380864,0.05005323606999405
2,N3,0.1617104549953654,0.19636269535151513,0.23101493570766485,0.05775373392691621
2,N3,0.20791344213689836,0.2425656824930481,0.31572041213380864,0.06545423178383837
2,N3,0.18866219749459298,0.23486518463612593,0.26951742499227566,0.06160398285537729
2,N3,0.20277977689895024,0.2618169271353535,0.28491842070612,0.06160398285537729
2,N3,0.1617104549953654,0.2040631932084373,0.2233144378507427,0.05775373392691621
2,N2,0.1937958627325411,0.23486518463612593,0.27336767392073674,0.07315472964076054
2,N3,0.1989295279704892,0.2502661803499703,0.2887686696345811,0.05775373392691621
2,N3,0.16941095285228755,0.21946418892228162,0.23101493570766485,0.05775373392691621
2,N3,0.15144312451946917,0.1809616996376708,0.21176369106535944,0.06160398285537729
2,N3,0.17967828332818378,0.21176369106535944,0.2618169271353535,0.06545423178383837
2,N3,0.17711145070920972,0.21946418892228162,0.2425656824930481,0.06930448071229946
2,N3,0.1809616996376708,0.19636269535151513,0.27721792284919783,0.06930448071229946
2,N3,0.16812753654280055,0.2040631932084373,0.22716468677920376,0.07315472964076054
2,N3,0.1668441202333135,0.21946418892228162,0.23101493570766485,0.05005323606999405
2,N3,0.16042703868587838,0.21946418892228162,0.19636269535151513,0.06545423178383837
2,N3,0.17197778547126163,0.2233144378507427,0.2233144378507427,0.06930448071229946
2,N3,0.1848119485661319,0.25411642927843137,0.22716468677920376,0.07315472964076054
2,N3,0.1758280343997227,0.2233144378507427,0.2425656824930481,0.06160398285537729
2,N3,0.18609536487561892,0.25411642927843137,0.2425656824930481,0.06160398285537729
2,N3,0.17967828332818378,0.23871543356458702,0.23871543356458702,0.06160398285537729
2,N3,0.17326120178074864,0.2579666782068924,0.1848119485661319,0.07700497856922162
2,N3,0.17326120178074864,0.21561393999382053,0.23486518463612593,0.06930448071229946
2,N3,0.1758280343997227,0.23101493570766485,0.23486518463612593,0.06160398285537729
2,N3,0.1758280343997227,0.20791344213689836,0.25411642927843137,0.06545423178383837
2,N3,0.1758280343997227,0.22716468677920376,0.23101493570766485,0.06930448071229946
2,N3,0.16941095285228755,0.21561393999382053,0.22716468677920376,0.06545423178383837
2,N3,0.16684412023331352,0.21946418892228162,0.2233144378507427,0.05775373392691621
2,N3,0.17711145070920972,0.2233144378507427,0.2425656824930481,0.06545423178383837
2,N3,0.16941095285228758,0.2040631932084373,0.2425656824930481,0.06160398285537729
2,W,0.25154959665945725,0.35807315034688053,0.334971656776114,0.06160398285537729
2,N2,0.31443699582432155,0.4158268842737967,0.4620298714153297,0.06545423178383837
2,N2,0.28748525332509406,0.35807315034688053,0.43892837784456323,0.06545423178383837
2,N2,0.25668326189740537,0.3041696653484254,0.4004258885599524,0.06545423178383837
2,N3,0.22203102154125565,0.23101493570766485,0.3696238971322638,0.06545423178383837
2,N2,0.2797847554681719,0.3696238971322638,0.4042761374884135,0.06545423178383837
2,N2,0.2566832618974054,0.2926189185630422,0.4081263864168746,0.06930448071229946
2,N2,0.27721792284919783,0.3234209099907308,0.43892837784456323,0.06930448071229946
2,N2,0.28748525332509406,0.35037265248995836,0.4543293735584075,0.05775373392691621
2,N2,0.30416966534842543,0.4004258885599524,0.43892837784456323,0.07315472964076054
2,N2,0.2476993477309962,0.3426721546330362,0.334971656776114,0.06545423178383837
2,N2,0.2245978541602297,0.2579666782068924,0.35037265248995836,0.06545423178383837
2,N2,0.2579666782068924,0.3272711589191919,0.3773243949891859,0.06930448071229946
2,N2,0.24513251511202216,0.3041696653484254,0.3657736482038027,0.06545423178383837
2,N2,0.29646916749150326,0.4042761374884135,0.4158268842737967,0.06930448071229946
2,N2,0.2682340086827886,0.3619233992753416,0.3734741460607248,0.06930448071229946
2,N2,0.23486518463612593,0.3195706610622697,0.331121407847653,0.05390348499845513
2,N2,0.2502661803499702,0.28491842070612,0.41197663534533563,0.05390348499845513
2,N2,0.25539984558791834,0.2926189185630422,0.41197663534533563,0.06160398285537729
2,N2,0.21689735630330753,0.27336767392073674,0.30801991427688646,0.06930448071229946
2,N2,0.26951742499227566,0.35037265248995836,0.4042761374884135,0.05390348499845513
2,N2,0.24898276404048322,0.31187016320534755,0.3773243949891859,0.05775373392691621
2,N2,0.2631003434448405,0.31572041213380864,0.41197663534533563,0.06160398285537729
2,N2,0.2464159314215092,0.31572041213380864,0.3619233992753416,0.06160398285537729
2,N2,0.2720842576112497,0.3388219057045751,0.4196771332022578,0.05775373392691621
2,N2,0.23614860094561296,0.26951742499227566,0.3734741460607248,0.06545423178383837
2,N2,0.2528330129689443,0.31572041213380864,0.381174643917647,0.06160398285537729
2,N2,0.24384909880253514,0.2887686696345811,0.381174643917647,0.06160398285537729
2,N2,0.2245978541602297,0.2887686696345811,0.3195706610622697,0.06545423178383837
2,N2,0.2091968584463854,0.28491842070612,0.27336767392073674,0.06930448071229946
2,N2,0.2374320172551,0.3003194164199643,0.34652240356149727,0.06545423178383837
2,N2,0.22973151939817782,0.30801991427688646,0.3234209099907308,0.05775373392691621
2,N2,0.2156139399938205,0.23871543356458702,0.3388219057045751,0.06930448071229946
2,N2,0.22203102154125565,0.3003194164199643,0.30801991427688646,0.05775373392691621
2,N3,0.22588127046971673,0.27336767392073674,0.334971656776114,0.06930448071229946
2,N2,0.2181807726127946,0.21561393999382053,0.3657736482038027,0.07315472964076054
2,N2,0.26053351082586645,0.331121407847653,0.39272539070303025,0.05775373392691621
2,N2,0.24128226618356108,0.2926189185630422,0.35807315034688053,0.07315472964076054
2,N2,0.2502661803499703,0.28491842070612,0.4042761374884135,0.06160398285537729
2,N2,0.2797847554681719,0.35807315034688053,0.4235273821307189,0.05775373392691621
2,N2,0.25154959665945725,0.3003194164199643,0.39657563963149134,0.05775373392691621
2,N2,0.20791344213689836,0.2425656824930481,0.3234209099907308,0.05775373392691621
2,N2,0.22716468677920376,0.25411642927843137,0.35807315034688053,0.06930448071229946
2,N2,0.23229835201715188,0.2887686696345811,0.34652240356149727,0.06160398285537729
2,N2,0.24769934773099622,0.28491842070612,0.39657563963149134,0.06160398285537729
2,N2,0.24128226618356108,0.2926189185630422,0.35807315034688053,0.07315472964076054
2,N3,0.21433052368433347,0.24641593142150917,0.34652240356149727,0.05005323606999405
2,N2,0.2156139399938205,0.23871543356458702,0.3388219057045751,0.06930448071229946
2,N3,0.2053466095179243,0.2502661803499703,0.2964691674915032,0.06930448071229946
2,N3,0.19892952797048916,0.21176369106535944,0.3195706610622697,0.06545423178383837
2,N3,0.17454461809023566,0.19251244642305404,0.2618169271353535,0.06930448071229946
2,N3,0.20663002582741133,0.2887686696345811,0.26951742499227566,0.06160398285537729
2,N3,0.20277977689895024,0.2002129442799762,0.3426721546330362,0.06545423178383837
2,N2,0.2528330129689443,0.27336767392073674,0.4158268842737967,0.06930448071229946
2,N2,0.23999884987407405,0.31572041213380864,0.334971656776114,0.06930448071229946
2,N3,0.19122903011356698,0.20791344213689836,0.3003194164199643,0.06545423178383837
2,N2,0.2592500945163794,0.3003194164199643,0.4158268842737967,0.06160398285537729
2,N2,0.2579666782068924,0.3426721546330362,0.35422290141841944,0.07700497856922162
2,N2,0.24384909880253514,0.28491842070612,0.381174643917647,0.06545423178383837
2,REM,0.33882190570457515,0.42737763105918,0.523633854270707,0.06545423178383837
2,REM,0.24128226618356108,0.3003194164199643,0.35422290141841944,0.06930448071229946
2,REM,0.3080199142768865,0.3619233992753416,0.5043826096284016,0.05775373392691621
2,REM,0.33882190570457515,0.4004258885599524,0.5621363435553178,0.05390348499845513
2,N2,0.31443699582432155,0.4196771332022578,0.4658801203437908,0.05775373392691621
2,N2,0.33882190570457515,0.45047912462994644,0.5043826096284016,0.06160398285537729
2,REM,0.34395557094252327,0.4042761374884135,0.5736870903407011,0.05390348499845513
2,REM,0.31828724475278264,0.3696238971322638,0.527484103199168,0.05775373392691621
2,REM,0.3362550730856011,0.43892837784456323,0.5082328585568627,0.06160398285537729
2,REM,0.34780581987098436,0.42737763105918,0.5544358456983957,0.06160398285537729
2,REM,0.34395557094252327,0.39657563963149134,0.5775373392691622,0.05775373392691621
2,REM,0.3747575623702119,0.5043826096284016,0.5621363435553178,0.05775373392691621
2,REM,0.3375384893950881,0.39657563963149134,0.5467353478414735,0.06930448071229946
2,REM,0.34652240356149727,0.45047912462994644,0.5351846010560902,0.05390348499845513
2,REM,0.3247043263002178,0.3619233992753416,0.5467353478414735,0.06545423178383837
2,REM,0.3670570645132898,0.47358061820071296,0.5659865924837789,0.06160398285537729
2,REM,0.3747575623702119,0.4851313649860962,0.5659865924837789,0.07315472964076054
2,REM,0.38630830915559516,0.48898161391455724,0.6044890817683897,0.06545423178383837
2,REM,0.40299272117892654,0.5544358456983957,0.5967885839114675,0.05775373392691621
2,REM,0.3452389872520103,0.4042761374884135,0.5621363435553178,0.06930448071229946
2,REM,0.4055595537979006,0.5659865924837789,0.5852378371260843,0.06545423178383837
2,REM,0.36063998296585464,0.43892837784456323,0.5813875881976233,0.06160398285537729
2,REM,0.37989122760816,0.49283186284301833,0.5775373392691622,0.06930448071229946
2,REM,0.3644902318943157,0.4966821117714794,0.527484103199168,0.06930448071229946
2,REM,0.35293948510893247,0.43122787998764106,0.5659865924837789,0.06160398285537729
2,N1,0.39015855808405625,0.56983684141224,0.5313343521276291,0.06930448071229946
2,N2,0.35165606879944544,0.42737763105918,0.5505855967699346,0.07700497856922162
2,N2,0.3465224035614973,0.43507812891610215,0.5428850989130124,0.06160398285537729
2,REM,0.35165606879944544,0.4158268842737967,0.5659865924837789,0.07315472964076054
2,REM,0.3221374936812437,0.4235273821307189,0.4812811160576351,0.06160398285537729
2,REM,0.32342090999073075,0.42737763105918,0.4851313649860962,0.05775373392691621
2,REM,0.33368824046662704,0.42737763105918,0.5082328585568627,0.06545423178383837
2,REM,0.34267215463303624,0.47743086712917404,0.4851313649860962,0.06545423178383837
2,REM,0.33368824046662704,0.4427786267730243,0.49283186284301833,0.06545423178383837
2,REM,0.3465224035614973,0.4427786267730243,0.5351846010560902,0.06160398285537729
2,W,0.28748525332509406,0.39272539070303025,0.4081263864168746,0.06160398285537729
2,N1,0.3426721546330362,0.45047912462994644,0.5159333564137848,0.06160398285537729
2,N2,0.3298379915381659,0.38887514177456917,0.5313343521276291,0.06930448071229946
2,N2,0.33882190570457515,0.45047912462994644,0.5082328585568627,0.05775373392691621
2,N2,0.2977525838009903,0.381174643917647,0.4427786267730243,0.06930448071229946
2,N1,0.3375384893950881,0.4581796224868686,0.48898161391455724,0.06545423178383837
2,N1,0.3465224035614973,0.4812811160576351,0.4966821117714794,0.06160398285537729
2,N2,0.30673649796739944,0.4004258885599524,0.4620298714153297,0.05775373392691621
2,N2,0.36320681558482865,0.47358061820071296,0.5467353478414735,0.06930448071229946
2,N2,0.3503726524899584,0.43892837784456323,0.5428850989130124,0.06930448071229946
2,N2,0.2990360001104773,0.4081263864168746,0.42737763105918,0.06160398285537729
2,N2,0.28235158808714594,0.38887514177456917,0.38887514177456917,0.06930448071229946
2,N2,0.3413887383235492,0.46973036927225187,0.4966821117714794,0.05775373392691621
2,N2,0.3542229014184195,0.47743086712917404,0.523633854270707,0.06160398285537729
2,N2,0.3311214078476529,0.43892837784456323,0.48898161391455724,0.06545423178383837
2,N2,0.31187016320534755,0.4235273821307189,0.4466288757014854,0.06545423178383837
2,N2,0.32342090999073075,0.4158268842737967,0.4812811160576351,0.07315472964076054
2,N2,0.3105867468958605,0.4081263864168746,0.4543293735584075,0.06930448071229946
2,N1,0.3298379915381659,0.4081263864168746,0.5197836053422459,0.06160398285537729
2,N1,0.3105867468958605,0.4196771332022578,0.4466288757014854,0.06545423178383837
2,N2,0.31828724475278264,0.43122787998764106,0.47358061820071296,0.05005323606999405
2,N2,0.3542229014184195,0.4620298714153297,0.5390348499845513,0.06160398285537729
2,N2,0.33240482415713996,0.4427786267730243,0.5005323606999406,0.05390348499845513
2,N2,0.2810681717776589,0.3619233992753416,0.4081263864168746,0.07315472964076054
2,N2,0.2797847554681719,0.3657736482038027,0.4158268842737967,0.05775373392691621
2,N2,0.2797847554681719,0.3850248928461081,0.3850248928461081,0.06930448071229946
2,N2,0.3093033305863735,0.4196771332022578,0.43507812891610215,0.07315472964076054
2,N2,0.3298379915381659,0.4581796224868686,0.47358061820071296,0.05775373392691621
2,N2,0.2900520859440681,0.4196771332022578,0.3850248928461081,0.06545423178383837
2,N2,0.3208540773717567,0.4081263864168746,0.49283186284301833,0.06160398285537729
2,N2,0.30673649796739944,0.381174643917647,0.47358061820071296,0.06545423178383837
2,N2,0.3247043263002178,0.4427786267730243,0.47358061820071296,0.05775373392691621
2,N2,0.2669505923733016,0.3195706610622697,0.4158268842737967,0.06545423178383837
2,N2,0.26438375975432754,0.3619233992753416,0.3657736482038027,0.06545423178383837
2,N2,0.30416966534842543,0.3696238971322638,0.47743086712917404,0.06545423178383837
2,N2,0.3221374936812438,0.39272539070303025,0.5043826096284016,0.06930448071229946
2,N2,0.2669505923733016,0.3195706610622697,0.4081263864168746,0.07315472964076054
2,N3,0.22716468677920376,0.28491842070612,0.334971656776114,0.06160398285537729
2,N2,0.26951742499227566,0.3426721546330362,0.39657563963149134,0.06930448071229946
2,N2,0.2682340086827886,0.35422290141841944,0.38887514177456917,0.06160398285537729
2,N2,0.2990360001104773,0.39272539070303025,0.43507812891610215,0.06930448071229946
2,N2,0.27465109023022377,0.334971656776114,0.43507812891610215,0.05390348499845513
2,N2,0.3041696653484254,0.3850248928461081,0.45047912462994644,0.07700497856922162
2,N2,0.29133550225355515,0.381174643917647,0.42737763105918,0.06545423178383837
2,N2,0.27336767392073674,0.3388219057045751,0.4158268842737967,0.06545423178383837
2,N2,0.2708008413017627,0.381174643917647,0.3734741460607248,0.05775373392691621
2,N2,0.31443699582432155,0.4158268842737967,0.4658801203437908,0.06160398285537729
2,N2,0.28748525332509406,0.3773243949891859,0.4196771332022578,0.06545423178383837
2,N2,0.2977525838009903,0.39657563963149134,0.42737763105918,0.06930448071229946
2,N2,0.3028862490389384,0.4004258885599524,0.43892837784456323,0.06930448071229946
2,N2,0.2579666782068924,0.3426721546330362,0.3773243949891859,0.05390348499845513
2,N2,0.27336767392073674,0.3734741460607248,0.39272539070303025,0.05390348499845513
2,N2,0.2669505923733016,0.3388219057045751,0.39272539070303025,0.06930448071229946
2,N2,0.2425656824930481,0.31187016320534755,0.35422290141841944,0.06160398285537729
2,N2,0.2464159314215092,0.31572041213380864,0.35807315034688053,0.06545423178383837
2,N2,0.27721792284919783,0.3619233992753416,0.4081263864168746,0.06160398285537729
2,N2,0.23871543356458702,0.30801991427688646,0.34652240356149727,0.06160398285537729
2,N3,0.2284481030886908,0.2579666782068924,0.35807315034688053,0.06930448071229946
2,N3,0.2335817683266389,0.2964691674915032,0.334971656776114,0.06930448071229946
2,N2,0.27465109023022377,0.35037265248995836,0.4042761374884135,0.06930448071229946
2,N2,0.27336767392073674,0.3272711589191919,0.43507812891610215,0.05775373392691621
2,N3,0.26053351082586645,0.331121407847653,0.38887514177456917,0.06160398285537729
2,N3,0.2284481030886908,0.27336767392073674,0.34652240356149727,0.06545423178383837
2,N2,0.22973151939817782,0.28491842070612,0.3388219057045751,0.06545423178383837
2,N2,0.21689735630330753,0.22716468677920376,0.35422290141841944,0.06930448071229946
2,N2,0.19379586273254104,0.26566717606381457,0.2579666782068924,0.05775373392691621
2,N3,0.22331443785074268,0.27336767392073674,0.3388219057045751,0.05775373392691621
2,N2,0.2156139399938205,0.2425656824930481,0.3388219057045751,0.06545423178383837
2,N2,0.19636269535151515,0.2502661803499703,0.26951742499227566,0.06930448071229946
2,N3,0.20021294427997618,0.26951742499227566,0.26951742499227566,0.06160398285537729
2,N3,0.2014963605894632,0.2425656824930481,0.2964691674915032,0.06545423178383837
2,N3,0.20791344213689836,0.23871543356458702,0.3272711589191919,0.05775373392691621
2,N2,0.2374320172551,0.26566717606381457,0.381174643917647,0.06545423178383837
2,N2,0.2502661803499703,0.31187016320534755,0.3696238971322638,0.06930448071229946
2,N3,0.2245978541602297,0.27336767392073674,0.3388219057045751,0.06160398285537729
2,N2,0.2720842576112497,0.31187016320534755,0.4466288757014854,0.05775373392691621
2,N2,0.2887686696345811,0.35807315034688053,0.4427786267730243,0.06545423178383837
2,N2,0.23101493570766485,0.26951742499227566,0.35807315034688053,0.06545423178383837
2,N2,0.23999884987407405,0.28491842070612,0.3696238971322638,0.06545423178383837
2,N2,0.27850133915868486,0.3426721546330362,0.4235273821307189,0.06930448071229946
2,N2,0.2592500945163794,0.3426721546330362,0.3734741460607248,0.06160398285537729
2,N2,0.30801991427688646,0.38887514177456917,0.4658801203437908,0.06930448071229946
2,N2,0.30930333058637355,0.4081263864168746,0.4466288757014854,0.07315472964076054
2,N2,0.3221374936812437,0.41197663534533563,0.48898161391455724,0.06545423178383837
2,N2,0.26438375975432754,0.3195706610622697,0.4158268842737967,0.05775373392691621
2,N2,0.25539984558791834,0.3426721546330362,0.3657736482038027,0.05775373392691621
2,N2,0.23999884987407405,0.2887686696345811,0.3696238971322638,0.06160398285537729
2,N3,0.2091968584463854,0.2502661803499703,0.3234209099907308,0.05390348499845513
2,N3,0.2592500945163794,0.331121407847653,0.3773243949891859,0.06930448071229946
2,N2,0.25539984558791834,0.3388219057045751,0.3696238971322638,0.05775373392691621
2,N2,0.28235158808714594,0.3734741460607248,0.4081263864168746,0.06545423178383837
2,N2,0.24898276404048325,0.3234209099907308,0.3619233992753416,0.06160398285537729
2,N2,0.2759345065397108,0.31572041213380864,0.4466288757014854,0.06545423178383837
2,N2,0.28491842070612,0.35807315034688053,0.42737763105918,0.06930448071229946
2,N2,0.2797847554681719,0.34652240356149727,0.43507812891610215,0.05775373392691621
2,N2,0.23229835201715188,0.2887686696345811,0.34652240356149727,0.06160398285537729
2,N2,0.28748525332509406,0.3619233992753416,0.4427786267730243,0.05775373392691621
2,N2,0.2592500945163794,0.3003194164199643,0.4196771332022578,0.05775373392691621
2,N2,0.30801991427688646,0.4427786267730243,0.4158268842737967,0.06545423178383837
2,N2,0.26951742499227566,0.3696238971322638,0.381174643917647,0.05775373392691621
2,N2,0.2939023348725292,0.3696238971322638,0.4581796224868686,0.05390348499845513
2,N2,0.27336767392073674,0.3426721546330362,0.42737763105918,0.05005323606999405
2,N2,0.2939023348725292,0.4004258885599524,0.4158268842737967,0.06545423178383837
2,N2,0.2425656824930481,0.3272711589191919,0.3426721546330362,0.05775373392691621
2,N2,0.29518575118201623,0.381174643917647,0.4466288757014854,0.05775373392691621
2,N2,0.2566832618974054,0.331121407847653,0.3696238971322638,0.06930448071229946
2,N3,0.22074760523176862,0.27721792284919783,0.31572041213380864,0.06930448071229946
2,N2,0.32342090999073075,0.4081263864168746,0.49283186284301833,0.06930448071229946
2,N2,0.2759345065397108,0.331121407847653,0.43507812891610215,0.06160398285537729
2,N2,0.30416966534842543,0.4081263864168746,0.4466288757014854,0.05775373392691621
2,REM,0.3259877426097048,0.3657736482038027,0.5467353478414735,0.06545423178383837
2,N2,0.3208540773717567,0.4427786267730243,0.4620298714153297,0.05775373392691621
2,N2,0.3067364979673994,0.381174643917647,0.48898161391455724,0.05005323606999405
2,REM,0.31058674689586047,0.3426721546330362,0.5313343521276291,0.05775373392691621
2,REM,0.35678973403739356,0.4427786267730243,0.5621363435553178,0.06545423178383837
2,REM,0.32342090999073075,0.38887514177456917,0.523633854270707,0.05775373392691621
2,N2,0.3298379915381659,0.43122787998764106,0.4966821117714794,0.06160398285537729
2,REM,0.3298379915381659,0.35807315034688053,0.5582860946268567,0.07315472964076054
2,REM,0.35678973403739356,0.4581796224868686,0.5428850989130124,0.06930448071229946
2,REM,0.35422290141841944,0.4620298714153297,0.5428850989130124,0.05775373392691621
2,REM,0.3683404808227768,0.4851313649860962,0.5621363435553178,0.05775373392691621
2,REM,0.3619233992753417,0.46973036927225187,0.5544358456983957,0.06160398285537729
2,REM,0.37604097867969893,0.46973036927225187,0.5890880860545453,0.06930448071229946
2,REM,0.3298379915381659,0.38887514177456917,0.5390348499845513,0.06160398285537729
2,REM,0.38630830915559516,0.5120831074853237,0.5813875881976233,0.06545423178383837
2,REM,0.37989122760816,0.523633854270707,0.5467353478414735,0.06930448071229946
2,N1,0.4029927211789264,0.5159333564137848,0.6314408242676173,0.06160398285537729
2,N1,0.34780581987098436,0.46973036927225187,0.5082328585568627,0.06545423178383837
2,N2,0.3016028327294513,0.4235273821307189,0.4196771332022578,0.06160398285537729
2,N2,0.2797847554681719,0.3657736482038027,0.41197663534533563,0.06160398285537729
2,N2,0.2579666782068924,0.34652240356149727,0.3657736482038027,0.06160398285537729
2,N2,0.3105867468958605,0.39657563963149134,0.47358061820071296,0.06160398285537729
2,N2,0.2720842576112497,0.3619233992753416,0.38887514177456917,0.06545423178383837
2,N2,0.3131535795148346,0.4042761374884135,0.47358061820071296,0.06160398285537729
2,N2,0.2939023348725292,0.3773243949891859,0.4466288757014854,0.05775373392691621
2,N2,0.2887686696345811,0.38887514177456917,0.4158268842737967,0.06160398285537729
2,N2,0.3131535795148345,0.4196771332022578,0.4581796224868686,0.06160398285537729
2,N2,0.27850133915868486,0.3734741460607248,0.39657563963149134,0.06545423178383837
2,N2,0.31957066106226967,0.381174643917647,0.5197836053422459,0.05775373392691621
2,N2,0.32342090999073075,0.43507812891610215,0.46973036927225187,0.06545423178383837
2,N2,0.2926189185630422,0.41197663534533563,0.4081263864168746,0.05775373392691621
2,N2,0.32855457522867887,0.4466288757014854,0.47358061820071296,0.06545423178383837
2,N2,0.31572041213380864,0.39657563963149134,0.4812811160576351,0.06930448071229946
2,N2,0.29133550225355515,0.3773243949891859,0.4427786267730243,0.05390348499845513
2,N2,0.3105867468958605,0.4235273821307189,0.4427786267730243,0.06545423178383837
2,N2,0.32855457522867887,0.46973036927225187,0.4581796224868686,0.05775373392691621
2,N2,0.2951857511820162,0.4196771332022578,0.41197663534533563,0.05390348499845513
2,N2,0.3170038284432956,0.41197663534533563,0.47743086712917404,0.06160398285537729
2,N2,0.2810681717776589,0.3657736482038027,0.4235273821307189,0.05390348499845513
2,N2,0.3170038284432956,0.4235273821307189,0.4620298714153297,0.06545423178383837
2,N2,0.3439555709425232,0.4543293735584075,0.5120831074853237,0.06545423178383837
2,N2,0.3144369958243216,0.4081263864168746,0.46973036927225187,0.06545423178383837
2,REM,0.3144369958243216,0.4004258885599524,0.47743086712917404,0.06545423178383837
2,REM,0.35550631772790653,0.45047912462994644,0.5505855967699346,0.06545423178383837
2,REM,0.3850248928461082,0.5082328585568627,0.5852378371260843,0.06160398285537729
2,REM,0.31957066106226967,0.4158268842737967,0.48898161391455724,0.05390348499845513
2,REM,0.33497165677611407,0.43892837784456323,0.5043826096284016,0.06160398285537729
2,REM,0.3170038284432956,0.3696238971322638,0.5159333564137848,0.06545423178383837
2,REM,0.33368824046662704,0.3657736482038027,0.5621363435553178,0.07315472964076054
2,REM,0.378607811298673,0.5082328585568627,0.5505855967699346,0.07700497856922162
2,REM,0.31957066106226967,0.4004258885599524,0.49283186284301833,0.06545423178383837
2,REM,0.35165606879944544,0.4427786267730243,0.5505855967699346,0.06160398285537729
2,REM,0.3426721546330362,0.4004258885599524,0.5505855967699346,0.07700497856922162
2,REM,0.38502489284610814,0.5159333564137848,0.56983684141224,0.06930448071229946
2,REM,0.3606399829658546,0.49283186284301833,0.523633854270707,0.06545423178383837
2,REM,0.36320681558482865,0.48898161391455724,0.5390348499845513,0.06160398285537729
2,REM,0.3247043263002178,0.3657736482038027,0.5467353478414735,0.06160398285537729
2,REM,0.36063998296585464,0.4581796224868686,0.5659865924837789,0.05775373392691621
2,REM,0.33882190570457515,0.43122787998764106,0.5197836053422459,0.06545423178383837
2,REM,0.36063998296585464,0.4543293735584075,0.5544358456983957,0.07315472964076054
2,N1,0.35550631772790653,0.3850248928461081,0.6160398285537729,0.06545423178383837
2,N1,0.3824580602271341,0.4466288757014854,0.6275905753391562,0.07315472964076054
2,N1,0.38630830915559516,0.48898161391455724,0.6083393306968508,0.06160398285537729
2,N1,0.4196771332022579,0.5428850989130124,0.6545423178383838,0.06160398285537729
2,N1,0.35935656665636756,0.4581796224868686,0.5621363435553178,0.05775373392691621
2,N1,0.4004258885599525,0.4620298714153297,0.6660930646237669,0.07315472964076054
2,N1,0.3965756396314914,0.5390348499845513,0.5890880860545453,0.06160398285537729
2,N1,0.3182872447527827,0.4081263864168746,0.4812811160576351,0.06545423178383837
2,N2,0.31828724475278264,0.41197663534533563,0.47743086712917404,0.06545423178383837
2,N2,0.3362550730856011,0.4427786267730243,0.5043826096284016,0.06160398285537729
2,N2,0.3054530816579124,0.41197663534533563,0.4466288757014854,0.05775373392691621
2,N2,0.31957066106226967,0.42737763105918,0.4658801203437908,0.06545423178383837
2,N2,0.3131535795148345,0.41197663534533563,0.47358061820071296,0.05390348499845513
2,N2,0.29646916749150326,0.4235273821307189,0.4042761374884135,0.06160398285537729
2,N2,0.3170038284432956,0.4235273821307189,0.4620298714153297,0.06545423178383837
2,N2,0.32727115891919184,0.4543293735584075,0.4620298714153297,0.06545423178383837
2,N2,0.3375384893950881,0.4466288757014854,0.5082328585568627,0.05775373392691621
2,N2,0.3157204121338086,0.4543293735584075,0.43122787998764106,0.06160398285537729
2,N2,0.3093033305863735,0.4042761374884135,0.4658801203437908,0.05775373392691621
2,N2,0.3157204121338086,0.4620298714153297,0.4235273821307189,0.06160398285537729
2,N2,0.3657736482038027,0.5082328585568627,0.527484103199168,0.06160398285537729
2,N2,0.3208540773717567,0.4427786267730243,0.4581796224868686,0.06160398285537729
2,N2,0.3452389872520103,0.46973036927225187,0.5005323606999406,0.06545423178383837
2,N2,0.3028862490389384,0.4081263864168746,0.43892837784456323,0.06160398285537729
2,N2,0.30416966534842543,0.4042761374884135,0.4427786267730243,0.06545423178383837
2,N2,0.33368824046662704,0.43892837784456323,0.49283186284301833,0.06930448071229946
2,N2,0.3221374936812437,0.43122787998764106,0.47358061820071296,0.06160398285537729
2,N2,0.31828724475278264,0.43892837784456323,0.4543293735584075,0.06160398285537729
2,N2,0.3157204121338086,0.4235273821307189,0.4543293735584075,0.06930448071229946
2,N2,0.3362550730856011,0.4466288757014854,0.5043826096284016,0.05775373392691621
2,N2,0.30673649796739944,0.4427786267730243,0.4235273821307189,0.05390348499845513
2,N2,0.3105867468958605,0.4042761374884135,0.4658801203437908,0.06160398285537729
2,N2,0.33368824046662704,0.4620298714153297,0.47358061820071296,0.06545423178383837
2,N2,0.2682340086827886,0.39657563963149134,0.3388219057045751,0.06930448071229946
2,N2,0.28491842070612,0.35037265248995836,0.43507812891610215,0.06930448071229946
2,N2,0.31700382844329567,0.381174643917647,0.5043826096284016,0.06545423178383837
2,N2,0.3478058198709843,0.5120831074853237,0.4620298714153297,0.06930448071229946
2,N2,0.3298379915381659,0.43507812891610215,0.48898161391455724,0.06545423178383837
2,N2,0.3131535795148346,0.39272539070303025,0.4851313649860962,0.06160398285537729
2,N2,0.32727115891919184,0.46973036927225187,0.4466288757014854,0.06545423178383837
2,N2,0.25796667820689245,0.3272711589191919,0.3696238971322638,0.07700497856922162
2,N2,0.2682340086827886,0.3619233992753416,0.3773243949891859,0.06545423178383837
2,N2,0.20406319320843727,0.26951742499227566,0.27336767392073674,0.06930448071229946
2,N2,0.27850133915868486,0.4004258885599524,0.3734741460607248,0.06160398285537729
2,N2,0.27850133915868486,0.3234209099907308,0.4466288757014854,0.06545423178383837
2,N2,0.24128226618356108,0.3195706610622697,0.3388219057045751,0.06545423178383837
2,N2,0.25154959665945725,0.3388219057045751,0.35422290141841944,0.06160398285537729
2,N2,0.23486518463612593,0.2887686696345811,0.35807315034688053,0.05775373392691621
2,N2,0.2502661803499702,0.30801991427688646,0.3773243949891859,0.06545423178383837
2,N2,0.2502661803499703,0.31187016320534755,0.3696238971322638,0.06930448071229946
2,N2,0.23486518463612593,0.30801991427688646,0.334971656776114,0.06160398285537729
2,N3,0.18224511594715784,0.23871543356458702,0.23871543356458702,0.06930448071229946
2,N2,0.23871543356458702,0.30801991427688646,0.3388219057045751,0.06930448071229946
2,N2,0.22588127046971673,0.27336767392073674,0.3388219057045751,0.06545423178383837
2,N3,0.21304710737484645,0.26951742499227566,0.31187016320534755,0.05775373392691621
2,N3,0.18609536487561892,0.23486518463612593,0.26566717606381457,0.05775373392691621
2,N2,0.2091968584463854,0.2926189185630422,0.27721792284919783,0.05775373392691621
2,N1,0.32342090999073075,0.4581796224868686,0.45047912462994644,0.06160398285537729
2,N2,0.2682340086827886,0.35037265248995836,0.4004258885599524,0.05390348499845513
2,N2,0.25668326189740537,0.2926189185630422,0.41197663534533563,0.06545423178383837
2,N2,0.27850133915868486,0.34652240356149727,0.43122787998764106,0.05775373392691621
2,N2,0.3003194164199643,0.41197663534533563,0.43122787998764106,0.05775373392691621
2,N2,0.2900520859440681,0.4004258885599524,0.4042761374884135,0.06545423178383837
2,N2,0.30288624903893835,0.42737763105918,0.4196771332022578,0.06160398285537729
2,N2,0.3208540773717567,0.42737763105918,0.4812811160576351,0.05390348499845513
2,N2,0.3208540773717567,0.4658801203437908,0.42737763105918,0.06930448071229946
2,N2,0.27465109023022377,0.3657736482038027,0.38887514177456917,0.06930448071229946
2,N2,0.2926189185630422,0.39272539070303025,0.4158268842737967,0.06930448071229946
2,N2,0.2476993477309962,0.3388219057045751,0.35037265248995836,0.05390348499845513
2,N2,0.23871543356458702,0.2964691674915032,0.3619233992753416,0.05775373392691621
2,N3,0.27850133915868486,0.3426721546330362,0.4196771332022578,0.07315472964076054
2,N2,0.3221374936812437,0.39272539070303025,0.5120831074853237,0.06160398285537729
2,N2,0.23101493570766485,0.2964691674915032,0.334971656776114,0.06160398285537729
2,N2,0.2682340086827886,0.3234209099907308,0.4081263864168746,0.07315472964076054
2,N2,0.2708008413017627,0.3696238971322638,0.4004258885599524,0.04235273821307189
2,N2,0.28491842070612,0.3619233992753416,0.43892837784456323,0.05390348499845513
2,N2,0.23871543356458702,0.30801991427688646,0.3426721546330362,0.06545423178383837
2,N2,0.2631003434448405,0.3388219057045751,0.38887514177456917,0.06160398285537729
2,N2,0.24513251511202216,0.2964691674915032,0.3696238971322638,0.06930448071229946
2,N3,0.23486518463612593,0.31187016320534755,0.3388219057045751,0.05390348499845513
2,N2,0.27850133915868486,0.331121407847653,0.43507812891610215,0.06930448071229946
2,N2,0.2720842576112497,0.331121407847653,0.4158268842737967,0.06930448071229946
2,N2,0.29646916749150326,0.35422290141841944,0.4620298714153297,0.07315472964076054
2,N3,0.23101493570766485,0.2926189185630422,0.3272711589191919,0.07315472964076054
2,N2,0.2425656824930481,0.3195706610622697,0.3388219057045751,0.06930448071229946
2,N2,0.22074760523176862,0.27721792284919783,0.3234209099907308,0.06160398285537729
2,N2,0.22716468677920376,0.2887686696345811,0.331121407847653,0.06160398285537729
2,N2,0.23229835201715188,0.3234209099907308,0.31572041213380864,0.05775373392691621
2,N3,0.22074760523176862,0.2618169271353535,0.334971656776114,0.06545423178383837
2,N3,0.20791344213689836,0.26566717606381457,0.2926189185630422,0.06545423178383837
2,W,0.29133550225355515,0.38887514177456917,0.42737763105918,0.05775373392691621
2,N1,0.37732439498918596,0.47743086712917404,0.5813875881976233,0.07315472964076054
2,N1,0.2926189185630422,0.39272539070303025,0.4196771332022578,0.06545423178383837
2,N2,0.27465109023022377,0.35422290141841944,0.4042761374884135,0.06545423178383837
2,N2,0.2374320172551,0.31187016320534755,0.3426721546330362,0.05775373392691621
2,N2,0.35550631772790653,0.4966821117714794,0.5043826096284016,0.06545423178383837
2,N2,0.27336767392073674,0.31572041213380864,0.43507812891610215,0.06930448071229946
2,N2,0.2797847554681719,0.39657563963149134,0.39272539070303025,0.05005323606999405
2,N2,0.2759345065397108,0.35037265248995836,0.4235273821307189,0.05390348499845513
2,N2,0.3311214078476529,0.4196771332022578,0.5043826096284016,0.06930448071229946
2,N2,0.2810681717776589,0.3773243949891859,0.39657563963149134,0.06930448071229946
2,N2,0.2592500945163794,0.31187016320534755,0.4042761374884135,0.06160398285537729
2,N2,0.3016028327294514,0.39657563963149134,0.4466288757014854,0.06160398285537729
2,N2,0.30930333058637344,0.4158268842737967,0.4543293735584075,0.05775373392691621
2,N2,0.2977525838009903,0.4042761374884135,0.4235273821307189,0.06545423178383837
2,N2,0.35293948510893247,0.46973036927225187,0.5313343521276291,0.05775373392691621
2,N2,0.2759345065397108,0.3272711589191919,0.43122787998764106,0.06930448071229946
2,N2,0.24641593142150917,0.2964691674915032,0.381174643917647,0.06160398285537729
2,N2,0.28235158808714594,0.39272539070303025,0.38887514177456917,0.06545423178383837
2,N2,0.2669505923733016,0.3734741460607248,0.3657736482038027,0.06160398285537729
2,N2,0.2464159314215092,0.3234209099907308,0.35422290141841944,0.06160398285537729
2,N2,0.2618169271353535,0.3195706610622697,0.41197663534533563,0.05390348499845513
2,N2,0.32855457522867887,0.42737763105918,0.49283186284301833,0.06545423178383837
2,N2,0.28491842070612,0.38887514177456917,0.39272539070303025,0.07315472964076054
2,N2,0.28235158808714594,0.35807315034688053,0.4235273821307189,0.06545423178383837
2,N2,0.3016028327294514,0.39272539070303025,0.43892837784456323,0.07315472964076054
2,N2,0.29903600011047726,0.41197663534533563,0.4235273821307189,0.06160398285537729
2,N2,0.25539984558791834,0.3426721546330362,0.35807315034688053,0.06545423178383837
2,REM,0.3041696653484254,0.31187016320534755,0.5351846010560902,0.06545423178383837
2,REM,0.4055595537979005,0.5505855967699346,0.5967885839114675,0.06930448071229946
2,REM,0.3516560687994454,0.46973036927225187,0.523633854270707,0.06160398285537729
2,REM,0.3413887383235492,0.4004258885599524,0.5621363435553178,0.06160398285537729
2,REM,0.31957066106226967,0.3041696653484254,0.5890880860545453,0.06545423178383837
2,REM,0.2939023348725292,0.3195706610622697,0.5005323606999406,0.06160398285537729
2,REM,0.36320681558482865,0.5120831074853237,0.5120831074853237,0.06545423178383837
2,REM,0.39529222332200437,0.523633854270707,0.5967885839114675,0.06545423178383837
2,REM,0.38117464391764705,0.5197836053422459,0.5544358456983957,0.06930448071229946
2,REM,0.3503726524899584,0.4042761374884135,0.5775373392691622,0.06930448071229946
2,REM,0.3182872447527827,0.381174643917647,0.5005323606999406,0.07315472964076054
2,REM,0.39914247225046545,0.5005323606999406,0.6237403264106951,0.07315472964076054
2,N1,0.3696238971322638,0.5082328585568627,0.5351846010560902,0.06545423178383837
2,N1,0.40427613748841357,0.5621363435553178,0.5813875881976233,0.06930448071229946
2,REM,0.37604097867969893,0.523633854270707,0.5428850989130124,0.06160398285537729
2,REM,0.3837414765366211,0.5197836053422459,0.5582860946268567,0.07315472964076054
2,REM,0.3516560687994454,0.4543293735584075,0.5313343521276291,0.06930448071229946
2,REM,0.32855457522867887,0.42737763105918,0.48898161391455724,0.06930448071229946
2,REM,0.36320681558482865,0.45047912462994644,0.5775373392691622,0.06160398285537729
2,REM,0.35165606879944544,0.43892837784456323,0.5505855967699346,0.06545423178383837
2,REM,0.30416966534842543,0.3657736482038027,0.4812811160576351,0.06545423178383837
2,REM,0.3170038284432956,0.3696238971322638,0.5120831074853237,0.06930448071229946
2,N1,0.3709073134417508,0.5005323606999406,0.5505855967699346,0.06160398285537729
2,N1,0.4055595537979006,0.527484103199168,0.6160398285537729,0.07315472964076054
2,N1,0.3914419743935433,0.5544358456983957,0.5659865924837789,0.05390348499845513
2,REM,0.3542229014184195,0.4581796224868686,0.5428850989130124,0.06160398285537729
2,REM,0.3721907297512379,0.4851313649860962,0.56983684141224,0.06160398285537729
2,REM,0.38630830915559516,0.5043826096284016,0.5890880860545453,0.06545423178383837
2,REM,0.35807315034688053,0.47358061820071296,0.5313343521276291,0.06930448071229946
2,REM,0.3182872447527827,0.3850248928461081,0.5082328585568627,0.06160398285537729
2,REM,0.3644902318943157,0.4851313649860962,0.5351846010560902,0.07315472964076054
2,REM,0.3259877426097048,0.3696238971322638,0.5428850989130124,0.06545423178383837
2,REM,0.33882190570457515,0.4081263864168746,0.5467353478414735,0.06160398285537729
2,REM,0.3144369958243216,0.3696238971322638,0.4966821117714794,0.07700497856922162
2,REM,0.3413887383235492,0.4620298714153297,0.4966821117714794,0.06545423178383837
2,REM,0.3734741460607249,0.5313343521276291,0.523633854270707,0.06545423178383837
2,REM,0.3670570645132898,0.4851313649860962,0.5467353478414735,0.06930448071229946
2,REM,0.35935656665636756,0.43122787998764106,0.5890880860545453,0.05775373392691621
2,REM,0.35550631772790653,0.43507812891610215,0.5621363435553178,0.06930448071229946
2,REM,0.3490892361804714,0.43892837784456323,0.5428850989130124,0.06545423178383837
2,REM,0.37604097867969893,0.5197836053422459,0.5505855967699346,0.05775373392691621
2,REM,0.3503726524899584,0.4466288757014854,0.5505855967699346,0.05390348499845513
2,REM,0.33497165677611407,0.4543293735584075,0.48898161391455724,0.06160398285537729
2,REM,0.3593565666563676,0.4658801203437908,0.5505855967699346,0.06160398285537729
2,REM,0.3362550730856011,0.4042761374884135,0.5428850989130124,0.06160398285537729
2,REM,0.3542229014184195,0.4158268842737967,0.56983684141224,0.07700497856922162
2,REM,0.34267215463303624,0.4235273821307189,0.5428850989130124,0.06160398285537729
2,REM,0.32342090999073075,0.38887514177456917,0.5197836053422459,0.06160398285537729
2,REM,0.4068429701073875,0.5544358456983957,0.6006388328399286,0.06545423178383837
2,REM,0.3452389872520103,0.3696238971322638,0.5929383349830064,0.07315472964076054
2,N1,0.4145434679643097,0.5582860946268567,0.6352910731960784,0.05005323606999405
2,N1,0.38117464391764705,0.527484103199168,0.5544358456983957,0.06160398285537729
2,N1,0.3670570645132898,0.47743086712917404,0.5621363435553178,0.06160398285537729
2,N1,0.32855457522867887,0.45047912462994644,0.4812811160576351,0.05390348499845513
2,N1,0.41197663534533574,0.5505855967699346,0.6160398285537729,0.06930448071229946
2,N2,0.31700382844329567,0.4427786267730243,0.43892837784456323,0.06930448071229946
2,N2,0.3131535795148345,0.43122787998764106,0.45047912462994644,0.05775373392691621
2,N2,0.2977525838009903,0.4042761374884135,0.42737763105918,0.06160398285537729
2,N2,0.3118701632053475,0.4196771332022578,0.45047912462994644,0.06545423178383837
2,N2,0.3182872447527827,0.38887514177456917,0.5082328585568627,0.05775373392691621
2,N2,0.33368824046662704,0.4466288757014854,0.49283186284301833,0.06160398285537729
2,REM,0.34395557094252327,0.43892837784456323,0.5313343521276291,0.06160398285537729
2,REM,0.34652240356149727,0.4543293735584075,0.5159333564137848,0.06930448071229946
2,REM,0.3401053220140622,0.4196771332022578,0.5467353478414735,0.05390348499845513
2,REM,0.3555063177279065,0.47743086712917404,0.5197836053422459,0.06930448071229946
2,REM,0.3542229014184195,0.5005323606999406,0.5043826096284016,0.05775373392691621
2,REM,0.4068429701073875,0.5467353478414735,0.6083393306968508,0.06545423178383837
2,REM,0.3401053220140622,0.4466288757014854,0.5159333564137848,0.05775373392691621
2,REM,0.3619233992753416,0.4581796224868686,0.56983684141224,0.05775373392691621
2,REM,0.3413887383235492,0.4466288757014854,0.5082328585568627,0.06930448071229946
2,REM,0.34908923618047133,0.4620298714153297,0.5159333564137848,0.06930448071229946
2,REM,0.3413887383235492,0.4851313649860962,0.4851313649860962,0.05390348499845513
2,REM,0.3696238971322638,0.5351846010560902,0.5120831074853237,0.06160398285537729
2,REM,0.34780581987098436,0.47743086712917404,0.5005323606999406,0.06545423178383837
2,REM,0.34267215463303624,0.4235273821307189,0.5390348499845513,0.06545423178383837
2,REM,0.38630830915559516,0.5351846010560902,0.5582860946268567,0.06545423178383837
2,REM,0.36320681558482865,0.5005323606999406,0.5351846010560902,0.05390348499845513
2,REM,0.34523898725201024,0.4581796224868686,0.5159333564137848,0.06160398285537729
2,N2,0.34780581987098436,0.46973036927225187,0.5082328585568627,0.06545423178383837
2,REM,0.36577364820380276,0.5043826096284016,0.527484103199168,0.06545423178383837
2,REM,0.3670570645132898,0.47743086712917404,0.5467353478414735,0.07700497856922162
2,REM,0.3093033305863735,0.39272539070303025,0.46973036927225187,0.06545423178383837
2,W,0.3978590559409784,0.5313343521276291,0.5967885839114675,0.06545423178383837
2,N1,0.33882190570457515,0.46973036927225187,0.47358061820071296,0.07315472964076054
2,N1,0.3362550730856011,0.48898161391455724,0.4581796224868686,0.06160398285537729
2,N2,0.36449023189431573,0.5082328585568627,0.523633854270707,0.06160398285537729
2,N2,0.3452389872520103,0.49283186284301833,0.4812811160576351,0.06160398285537729
2,N2,0.3041696653484254,0.4158268842737967,0.43507812891610215,0.06160398285537729
2,N2,0.34652240356149727,0.47358061820071296,0.5120831074853237,0.05390348499845513
2,N2,0.3182872447527827,0.4081263864168746,0.4851313649860962,0.06160398285537729
2,N2,0.3298379915381659,0.47743086712917404,0.4543293735584075,0.05775373392691621
2,N2,0.3298379915381659,0.4427786267730243,0.4851313649860962,0.06160398285537729
2,N2,0.31957066106226967,0.43892837784456323,0.4581796224868686,0.06160398285537729
2,N2,0.3259877426097048,0.43892837784456323,0.47743086712917404,0.06160398285537729
2,N2,0.35165606879944544,0.5043826096284016,0.4812811160576351,0.06930448071229946
2,N2,0.3465224035614973,0.49283186284301833,0.4851313649860962,0.06160398285537729
2,N2,0.35807315034688053,0.4966821117714794,0.5159333564137848,0.06160398285537729
2,N2,0.30673649796739944,0.39657563963149134,0.4543293735584075,0.06930448071229946
2,N2,0.3439555709425232,0.45047912462994644,0.5120831074853237,0.06930448071229946
2,N2,0.3413887383235492,0.49283186284301833,0.4658801203437908,0.06545423178383837
2,N2,0.3247043263002178,0.43507812891610215,0.46973036927225187,0.06930448071229946
2,N2,0.3067364979673995,0.4042761374884135,0.4466288757014854,0.06930448071229946
2,N2,0.3298379915381659,0.47358061820071296,0.4466288757014854,0.06930448071229946
2,N2,0.29903600011047726,0.4158268842737967,0.4158268842737967,0.06545423178383837
2,N2,0.3016028327294513,0.42737763105918,0.4196771332022578,0.05775373392691621
2,N2,0.3452389872520103,0.47358061820071296,0.4966821117714794,0.06545423178383837
2,N2,0.3054530816579124,0.43507812891610215,0.4196771332022578,0.06160398285537729
2,N2,0.3093033305863735,0.4235273821307189,0.43507812891610215,0.06930448071229946
2,N2,0.3105867468958606,0.4466288757014854,0.4081263864168746,0.07700497856922162
2,N2,0.3259877426097048,0.43507812891610215,0.4851313649860962,0.05775373392691621
2,N2,0.3259877426097048,0.43122787998764106,0.4851313649860962,0.06160398285537729
2,N2,0.28491842070612,0.3850248928461081,0.4042761374884135,0.06545423178383837
2,N2,0.2926189185630422,0.4004258885599524,0.4158268842737967,0.06160398285537729
2,N2,0.2759345065397108,0.3734741460607248,0.39272539070303025,0.06160398285537729
2,N2,0.27721792284919783,0.3734741460607248,0.4042761374884135,0.05390348499845513
2,N2,0.30416966534842543,0.4466288757014854,0.38887514177456917,0.07700497856922162
2,N2,0.27850133915868486,0.38887514177456917,0.3734741460607248,0.07315472964076054
2,N3,0.2156139399938205,0.27721792284919783,0.2964691674915032,0.07315472964076054
2,N2,0.2682340086827886,0.331121407847653,0.4081263864168746,0.06545423178383837
2,N2,0.29133550225355515,0.38887514177456917,0.4196771332022578,0.06545423178383837
2,N2,0.21818077261279456,0.2810681717776589,0.31187016320534755,0.06160398285537729
2,N2,0.23486518463612593,0.3003194164199643,0.3388219057045751,0.06545423178383837
2,N2,0.2618169271353535,0.35807315034688053,0.3619233992753416,0.06545423178383837
2,N2,0.24128226618356108,0.3234209099907308,0.3426721546330362,0.05775373392691621
2,N2,0.23486518463612593,0.2964691674915032,0.3388219057045751,0.06930448071229946
2,N2,0.2669505923733016,0.3619233992753416,0.3734741460607248,0.06545423178383837
2,N2,0.2797847554681719,0.3773243949891859,0.39272539070303025,0.06930448071229946
2,N2,0.23999884987407405,0.2964691674915032,0.35807315034688053,0.06545423178383837
2,N2,0.23101493570766485,0.3003194164199643,0.3195706610622697,0.07315472964076054
2,N2,0.2541164292784313,0.30801991427688646,0.3850248928461081,0.06930448071229946
2,N2,0.21818077261279456,0.3041696653484254,0.2810681717776589,0.06930448071229946
2,N2,0.22203102154125565,0.2964691674915032,0.2964691674915032,0.07315472964076054
2,N2,0.20534660951792427,0.2618169271353535,0.2964691674915032,0.05775373392691621
2,N2,0.2053466095179243,0.27721792284919783,0.2810681717776589,0.05775373392691621
2,N3,0.20149636058946327,0.28491842070612,0.25411642927843137,0.06545423178383837
2,N1,0.3131535795148346,0.46973036927225187,0.4042761374884135,0.06545423178383837
2,N1,0.3208540773717567,0.4427786267730243,0.47358061820071296,0.046202987141532974
2,N2,0.25668326189740537,0.34652240356149727,0.3696238971322638,0.05390348499845513
2,N2,0.29518575118201623,0.39272539070303025,0.42737763105918,0.06545423178383837
2,N2,0.28748525332509406,0.3850248928461081,0.41197663534533563,0.06545423178383837
2,N2,0.28748525332509406,0.3657736482038027,0.4427786267730243,0.05390348499845513
2,N2,0.31828724475278264,0.42737763105918,0.46973036927225187,0.05775373392691621
2,N2,0.2926189185630422,0.4004258885599524,0.4235273821307189,0.05390348499845513
2,N2,0.3259877426097048,0.43507812891610215,0.49283186284301833,0.05005323606999405
2,N2,0.33497165677611407,0.4658801203437908,0.47358061820071296,0.06545423178383837
2,N2,0.2797847554681719,0.3696238971322638,0.4196771332022578,0.05005323606999405
2,N2,0.30801991427688646,0.43122787998764106,0.43507812891610215,0.05775373392691621
2,N2,0.3298379915381659,0.47358061820071296,0.45047912462994644,0.06545423178383837
2,N2,0.3105867468958605,0.43507812891610215,0.42737763105918,0.06930448071229946
2,N2,0.28748525332509406,0.3773243949891859,0.4235273821307189,0.06160398285537729
2,N2,0.2579666782068924,0.331121407847653,0.3734741460607248,0.06930448071229946
2,N2,0.2926189185630422,0.3850248928461081,0.4235273821307189,0.06930448071229946
2,N2,0.33882190570457515,0.43507812891610215,0.5120831074853237,0.06930448071229946
2,N2,0.35037265248995836,0.47743086712917404,0.5120831074853237,0.06160398285537729
2,N2,0.283635004396633,0.381174643917647,0.4004258885599524,0.06930448071229946
2,N2,0.25411642927843137,0.331121407847653,0.3657736482038027,0.06545423178383837
2,N2,0.30416966534842543,0.4042761374884135,0.4466288757014854,0.06160398285537729
2,N2,0.3016028327294514,0.4042761374884135,0.42737763105918,0.07315472964076054
2,N2,0.3221374936812437,0.43507812891610215,0.47358061820071296,0.05775373392691621
2,N2,0.33368824046662704,0.4543293735584075,0.4812811160576351,0.06545423178383837
2,N2,0.3362550730856011,0.4812811160576351,0.4658801203437908,0.06160398285537729
2,N2,0.29646916749150326,0.4004258885599524,0.43507812891610215,0.05390348499845513
2,N2,0.3221374936812437,0.4235273821307189,0.4851313649860962,0.05775373392691621
2,N2,0.33240482415713996,0.4466288757014854,0.48898161391455724,0.06160398285537729
2,N2,0.25411642927843137,0.331121407847653,0.3696238971322638,0.06160398285537729
2,N2,0.30801991427688646,0.4081263864168746,0.45047912462994644,0.06545423178383837
2,N2,0.28620183701560703,0.38887514177456917,0.4158268842737967,0.05390348499845513
2,N2,0.28620183701560703,0.381174643917647,0.4196771332022578,0.05775373392691621
2,N2,0.2669505923733016,0.3426721546330362,0.38887514177456917,0.06930448071229946
2,REM,0.3157204121338086,0.41197663534533563,0.47743086712917404,0.05775373392691621
2,REM,0.3157204121338086,0.41197663534533563,0.4658801203437908,0.06930448071229946
2,REM,0.3413887383235492,0.41197663534533563,0.5582860946268567,0.05390348499845513
2,REM,0.34395557094252327,0.4042761374884135,0.5659865924837789,0.06160398285537729
2,REM,0.35550631772790653,0.4158268842737967,0.5852378371260843,0.06545423178383837
2,REM,0.378607811298673,0.5082328585568627,0.5659865924837789,0.06160398285537729
2,REM,0.32085407737175675,0.39657563963149134,0.5082328585568627,0.05775373392691621
2,REM,0.3170038284432956,0.35807315034688053,0.527484103199168,0.06545423178383837
2,REM,0.34780581987098436,0.4427786267730243,0.5390348499845513,0.06160398285537729
2,REM,0.3824580602271341,0.5467353478414735,0.5467353478414735,0.05390348499845513
2,REM,0.3401053220140622,0.4196771332022578,0.5351846010560902,0.06545423178383837
2,REM,0.34780581987098436,0.41197663534533563,0.5582860946268567,0.07315472964076054
2,REM,0.32342090999073075,0.381174643917647,0.523633854270707,0.06545423178383837
2,REM,0.4055595537979006,0.5813875881976233,0.56983684141224,0.06545423178383837
2,REM,0.33882190570457515,0.3696238971322638,0.5813875881976233,0.06545423178383837
2,REM,0.3247043263002178,0.3426721546330362,0.5621363435553178,0.06930448071229946
2,REM,0.3478058198709843,0.4620298714153297,0.5120831074853237,0.06930448071229946
2,REM,0.34780581987098436,0.42737763105918,0.5505855967699346,0.06545423178383837
2,REM,0.35293948510893247,0.43122787998764106,0.5582860946268567,0.06930448071229946
2,REM,0.33240482415713996,0.41197663534533563,0.5313343521276291,0.05390348499845513
2,REM,0.3824580602271341,0.5467353478414735,0.5390348499845513,0.06160398285537729
2,REM,0.3824580602271341,0.48898161391455724,0.5929383349830064,0.06545423178383837
2,REM,0.37604097867969893,0.49283186284301833,0.5621363435553178,0.07315472964076054
2,REM,0.34908923618047133,0.47358061820071296,0.5159333564137848,0.05775373392691621
2,REM,0.37219072975123785,0.4851313649860962,0.5659865924837789,0.06545423178383837
2,REM,0.3247043263002178,0.3773243949891859,0.5351846010560902,0.06160398285537729
2,REM,0.3644902318943157,0.5005323606999406,0.527484103199168,0.06545423178383837
2,REM,0.3696238971322638,0.47358061820071296,0.56983684141224,0.06545423178383837
2,REM,0.32727115891919184,0.42737763105918,0.49283186284301833,0.06160398285537729
2,REM,0.3426721546330362,0.381174643917647,0.5890880860545453,0.05775373392691621
2,REM,0.31828724475278264,0.3426721546330362,0.5505855967699346,0.06160398285537729
2,REM,0.3709073134417508,0.4581796224868686,0.5852378371260843,0.06930448071229946
2,REM,0.3157204121338086,0.3696238971322638,0.5197836053422459,0.05775373392691621
2,REM,0.35037265248995836,0.39272539070303025,0.5929383349830064,0.06545423178383837
2,REM,0.40299272117892654,0.5736870903407011,0.56983684141224,0.06545423178383837
2,N1,0.40940980272636157,0.5890880860545453,0.5813875881976233,0.05775373392691621
2,N1,0.38502489284610814,0.5313343521276291,0.5544358456983957,0.06930448071229946
2,N1,0.32727115891919184,0.41197663534533563,0.5005323606999406,0.06930448071229946
2,N2,0.36577364820380276,0.5043826096284016,0.5351846010560902,0.05775373392691621
2,N2,0.34395557094252327,0.4581796224868686,0.5082328585568627,0.06545423178383837
2,N2,0.3375384893950881,0.45047912462994644,0.4966821117714794,0.06545423178383837
2,N2,0.3734741460607249,0.5159333564137848,0.5467353478414735,0.05775373392691621
2,N2,0.3503726524899584,0.47743086712917404,0.5043826096284016,0.06930448071229946
2,N2,0.3093033305863735,0.4235273821307189,0.4427786267730243,0.06160398285537729
2,N2,0.35550631772790653,0.5043826096284016,0.5005323606999406,0.06160398285537729
2,N2,0.31572041213380864,0.43507812891610215,0.4427786267730243,0.06930448071229946
2,N2,0.35037265248995836,0.46973036927225187,0.5159333564137848,0.06545423178383837
2,N2,0.3362550730856011,0.4427786267730243,0.5005323606999406,0.06545423178383837
2,N2,0.32342090999073075,0.4812811160576351,0.42737763105918,0.06160398285537729
2,N2,0.3311214078476529,0.4466288757014854,0.48898161391455724,0.05775373392691621
2,N2,0.3105867468958605,0.43892837784456323,0.4235273821307189,0.06930448071229946
2,N2,0.3593565666563676,0.5159333564137848,0.5005323606999406,0.06160398285537729
2,N2,0.3413887383235492,0.47358061820071296,0.48898161391455724,0.06160398285537729
2,N1,0.4004258885599525,0.5852378371260843,0.5428850989130124,0.07315472964076054
2,N1,0.33240482415713996,0.4466288757014854,0.48898161391455724,0.06160398285537729
2,N2,0.3298379915381659,0.49283186284301833,0.43507812891610215,0.06160398285537729
2,N2,0.36834048082277676,0.5120831074853237,0.523633854270707,0.06930448071229946
2,N2,0.3632068155848287,0.4658801203437908,0.5582860946268567,0.06545423178383837
2,N2,0.31828724475278264,0.4543293735584075,0.43892837784456323,0.06160398285537729
2,N2,0.33497165677611407,0.49283186284301833,0.4543293735584075,0.05775373392691621
2,N2,0.31828724475278264,0.4543293735584075,0.43122787998764106,0.06930448071229946
2,N2,0.32342090999073075,0.42737763105918,0.47743086712917404,0.06545423178383837
2,N2,0.3362550730856011,0.4543293735584075,0.4966821117714794,0.05775373392691621
2,N2,0.31828724475278264,0.43507812891610215,0.4543293735584075,0.06545423178383837
2,N2,0.2990360001104773,0.42737763105918,0.4081263864168746,0.06160398285537729
2,N2,0.34267215463303624,0.46973036927225187,0.48898161391455724,0.06930448071229946
2,N2,0.3465224035614973,0.527484103199168,0.4466288757014854,0.06545423178383837
2,N2,0.30031941641996435,0.4081263864168746,0.42737763105918,0.06545423178383837
2,N2,0.3003194164199643,0.38887514177456917,0.4620298714153297,0.05005323606999405
2,N2,0.3401053220140622,0.4466288757014854,0.5120831074853237,0.06160398285537729
2,N2,0.3375384893950881,0.4658801203437908,0.4851313649860962,0.06160398285537729
2,N2,0.3657736482038027,0.49283186284301833,0.5390348499845513,0.06545423178383837
2,N2,0.3516560687994454,0.4620298714153297,0.5159333564137848,0.07700497856922162
2,N2,0.28235158808714594,0.3850248928461081,0.39657563963149134,0.06545423178383837
2,N2,0.3478058198709843,0.4581796224868686,0.523633854270707,0.06160398285537729
2,W,0.3401053220140622,0.4081263864168746,0.5428850989130124,0.06930448071229946
2,W,0.3580731503468806,0.43892837784456323,0.5736870903407011,0.06160398285537729
2,N1,0.33882190570457515,0.35422290141841944,0.6044890817683897,0.05775373392691621
2,N1,0.3619233992753416,0.4235273821307189,0.6083393306968508,0.05390348499845513
2,N1,0.35422290141841944,0.46973036927225187,0.5351846010560902,0.05775373392691621
2,N1,0.33497165677611407,0.4158268842737967,0.5313343521276291,0.05775373392691621
2,N2,0.28620183701560703,0.35807315034688053,0.42737763105918,0.07315472964076054
2,N2,0.29518575118201623,0.42737763105918,0.39272539070303025,0.06545423178383837
2,N2,0.32342090999073075,0.4466288757014854,0.4581796224868686,0.06545423178383837
2,N2,0.3413887383235492,0.4620298714153297,0.5005323606999406,0.06160398285537729
2,N2,0.3529394851089324,0.4812811160576351,0.5120831074853237,0.06545423178383837
2,N2,0.3413887383235492,0.4620298714153297,0.5005323606999406,0.06160398285537729
2,N2,0.2900520859440681,0.334971656776114,0.4812811160576351,0.05390348499845513
2,N2,0.34780581987098436,0.4851313649860962,0.4966821117714794,0.06160398285537729
2,N2,0.3401053220140622,0.47743086712917404,0.4851313649860962,0.05775373392691621
2,N2,0.3452389872520103,0.47358061820071296,0.4966821117714794,0.06545423178383837
2,N2,0.3709073134417508,0.49283186284301833,0.5505855967699346,0.06930448071229946
2,N2,0.3516560687994454,0.5120831074853237,0.47743086712917404,0.06545423178383837
2,N1,0.41326005165482266,0.5967885839114675,0.5813875881976233,0.06160398285537729
2,N1,0.36320681558482865,0.5313343521276291,0.4966821117714794,0.06160398285537729
2,N2,0.3182872447527827,0.4081263864168746,0.47358061820071296,0.07315472964076054
2,N2,0.3144369958243216,0.4081263864168746,0.4658801203437908,0.06930448071229946
2,N2,0.33240482415713996,0.43122787998764106,0.4966821117714794,0.06930448071229946
2,N2,0.29903600011047726,0.3850248928461081,0.45047912462994644,0.06160398285537729
2,N2,0.29133550225355515,0.3657736482038027,0.43892837784456323,0.06930448071229946
2,N2,0.3619233992753417,0.47358061820071296,0.5505855967699346,0.06160398285537729
2,N2,0.30288624903893835,0.4158268842737967,0.43122787998764106,0.06160398285537729
2,N2,0.31443699582432155,0.4235273821307189,0.4543293735584075,0.06545423178383837
2,N2,0.34395557094252327,0.46973036927225187,0.49283186284301833,0.06930448071229946
2,N2,0.3978590559409784,0.5813875881976233,0.5544358456983957,0.05775373392691621
2,N2,0.35550631772790653,0.5082328585568627,0.49283186284301833,0.06545423178383837
2,N2,0.2926189185630422,0.38887514177456917,0.4158268842737967,0.07315472964076054
2,N2,0.35935656665636756,0.5043826096284016,0.5159333564137848,0.05775373392691621
2,N1,0.34395557094252327,0.4235273821307189,0.5351846010560902,0.07315472964076054
2,N1,0.40427613748841346,0.5159333564137848,0.6314408242676173,0.06545423178383837
2,N1,0.37989122760816,0.5197836053422459,0.5544358456983957,0.06545423178383837
2,N2,0.35037265248995836,0.46973036927225187,0.5197836053422459,0.06160398285537729
2,N2,0.30288624903893835,0.38887514177456917,0.4658801203437908,0.05390348499845513
2,N2,0.28491842070612,0.35807315034688053,0.4427786267730243,0.05390348499845513
2,N2,0.3003194164199643,0.38887514177456917,0.45047912462994644,0.06160398285537729
2,N2,0.32342090999073075,0.4196771332022578,0.5005323606999406,0.05005323606999405
2,N2,0.3555063177279065,0.4658801203437908,0.5467353478414735,0.05390348499845513
2,N2,0.32855457522867887,0.4042761374884135,0.5159333564137848,0.06545423178383837
2,N2,0.3465224035614973,0.4812811160576351,0.4812811160576351,0.07700497856922162
2,N2,0.3170038284432956,0.3773243949891859,0.5120831074853237,0.06160398285537729
2,N2,0.3182872447527827,0.4004258885599524,0.4851313649860962,0.06930448071229946
2,N1,0.32727115891919184,0.27336767392073674,0.6429915710530005,0.06545423178383837
2,N1,0.39914247225046545,0.47358061820071296,0.662242815695306,0.06160398285537729
2,N1,0.4145434679643097,0.48898161391455724,0.6930448071229945,0.06160398285537729
2,N1,0.4055595537979006,0.49283186284301833,0.662242815695306,0.06160398285537729
2,N1,0.4055595537979006,0.49283186284301833,0.6545423178383838,0.06930448071229946
2,W,0.38117464391764705,0.43122787998764106,0.6506920689099227,0.06160398285537729
2,W,0.3490892361804714,0.19251244642305404,0.7931512792629827,0.06160398285537729
2,W,0.34395557094252327,0.26951742499227566,0.6930448071229945,0.06930448071229946
2,W,0.4658801203437908,0.42737763105918,0.904808498188354,0.06545423178383837
2,W,0.4620298714153297,0.45047912462994644,0.8778567556891265,0.05775373392691621
2,W,0.4325112962971281,0.39272539070303025,0.8393542664045156,0.06545423178383837
2,W,0.44406204308251135,0.4427786267730243,0.8278035196191323,0.06160398285537729
2,W,0.4235273821307189,0.45047912462994644,0.7546487899783718,0.06545423178383837
2,W,0.3824580602271341,0.38887514177456917,0.7007453049799167,0.05775373392691621
2,W,0.41711030058328386,0.4004258885599524,0.7893010303345216,0.06160398285537729
2,W,0.4414952104635373,0.4004258885599524,0.858605511046821,0.06545423178383837
2,W,0.40299272117892654,0.2887686696345811,0.8663060089037432,0.05390348499845513
2,W,0.3837414765366211,0.2579666782068924,0.8239532706906713,0.06930448071229946
2,W,0.35165606879944544,0.3696238971322638,0.6237403264106951,0.06160398285537729
2,W,0.3208540773717567,0.2618169271353535,0.6314408242676173,0.06930448071229946
2,W,0.3734741460607249,0.3041696653484254,0.7469482921214496,0.06930448071229946
2,W,0.37989122760816,0.28491842070612,0.7854507814060605,0.06930448071229946
2,W,0.428661047368667,0.3657736482038027,0.85475526211836,0.06545423178383837
2,W,0.519783605342246,0.56983684141224,0.9202094939021983,0.06930448071229946
2,W,0.48256453236712216,0.43892837784456323,0.9394607385445037,0.06930448071229946
2,W,0.4851313649860962,0.4235273821307189,0.9664124810437313,0.06545423178383837
2,W,0.49154844653353136,0.43507812891610215,0.9856637256860367,0.05390348499845513
2,W,0.476147450819687,0.39272539070303025,0.9664124810437313,0.06930448071229946
2,W,0.4979655280809665,0.4427786267730243,0.9856637256860367,0.06545423178383837
2,W,0.49026503022404433,0.4235273821307189,0.9779632278291145,0.06930448071229946
2,W,0.4684469529627649,0.38887514177456917,0.9587119831868092,0.05775373392691621
2,W,0.46973036927225187,0.39657563963149134,0.9471612364014259,0.06545423178383837
2,W,0.47743086712917404,0.4004258885599524,0.9741129789006535,0.05775373392691621
2,W,0.5300509358181421,0.5582860946268567,0.9664124810437313,0.06545423178383837
2,W,0.5544358456983957,0.6121895796253118,0.9818134767575756,0.06930448071229946
2,W,0.4799976997481481,0.41197663534533563,0.9587119831868092,0.06930448071229946
2,W,0.38245806022713397,0.3426721546330362,0.7276970474791443,0.07700497856922162
2,W,0.5005323606999406,0.4658801203437908,0.9741129789006535,0.06160398285537729
2,W,0.5570026783173697,0.6275905753391562,0.9741129789006535,0.06930448071229946
2,W,0.523633854270707,0.5428850989130124,0.9664124810437313,0.06160398285537729
2,W,0.5326177684371162,0.5621363435553178,0.9702627299721924,0.06545423178383837
2,W,0.5095162748663496,0.47358061820071296,0.9972144724714199,0.05775373392691621
2,W,0.568553425102753,0.6506920689099227,0.9933642235429588,0.06160398285537729
2,W,0.5441685152224994,0.6006388328399286,0.9702627299721924,0.06160398285537729
2,W,0.5120831074853237,0.48898161391455724,0.9818134767575756,0.06545423178383837
2,W,0.5377514336750644,0.5505855967699346,1.0010647213998811,0.06160398285537729
2,W,0.5377514336750643,0.5467353478414735,0.9933642235429588,0.07315472964076054
2,W,0.5467353478414736,0.5659865924837789,1.0164657171137255,0.05775373392691621
2,W,0.5441685152224994,0.5852378371260843,0.9818134767575756,0.06545423178383837
2,W,0.5441685152224994,0.5967885839114675,0.9625622321152703,0.07315472964076054
2,W,0.5531524293889086,0.6044890817683897,0.9856637256860367,0.06930448071229946
2,W,0.5441685152224994,0.5890880860545453,0.9856637256860367,0.05775373392691621
2,W,0.5339011847466033,0.5351846010560902,1.0010647213998811,0.06545423178383837
2,W,0.5454519315319865,0.5813875881976233,0.9972144724714199,0.05775373392691621
2,W,0.52235043796122,0.5313343521276291,0.9741129789006535,0.06160398285537729
2,W,0.5403182662940383,0.5390348499845513,1.0164657171137255,0.06545423178383837
2,W,0.47358061820071296,0.3773243949891859,0.9818134767575756,0.06160398285537729
2,W,0.5069494422473757,0.49283186284301833,0.9625622321152703,0.06545423178383837
2,W,0.5056660259378887,0.5005323606999406,0.951011485329887,0.06545423178383837
2,W,0.5056660259378886,0.4658801203437908,0.9818134767575756,0.06930448071229946
3,W,0.35935656665636756,0.527484103199168,0.47743086712917404,0.07315472964076054
3,W,0.3824580602271341,0.4851313649860962,0.5890880860545453,0.07315472964076054
3,W,0.3375384893950881,0.4427786267730243,0.5005323606999406,0.06930448071229946
3,W,0.39914247225046534,0.5120831074853237,0.619890077482234,0.06545423178383837
3,W,0.523633854270707,0.5736870903407011,0.9356104896160427,0.06160398285537729
3,W,0.5505855967699346,0.6006388328399286,0.9895139746144977,0.06160398285537729
3,W,0.5621363435553178,0.6429915710530005,0.9818134767575756,0.06160398285537729
3,W,0.5441685152224994,0.6121895796253118,0.9548617342583481,0.06545423178383837
3,W,0.568553425102753,0.6468418199814616,0.9972144724714199,0.06160398285537729
3,W,0.5518690130794216,0.6545423178383838,0.9433109874729648,0.05775373392691621
3,W,0.5724036740312141,0.7007453049799167,0.9471612364014259,0.06930448071229946
3,W,0.5595695109363438,0.6468418199814616,0.9625622321152703,0.06930448071229946
3,W,0.5916549186735195,0.7469482921214496,0.951011485329887,0.07700497856922162
3,W,0.5736870903407011,0.6814940603376113,0.9779632278291145,0.06160398285537729
3,W,0.5980720002209546,0.7546487899783718,0.9702627299721924,0.06930448071229946
3,W,0.5903715023640325,0.7469482921214496,0.9664124810437313,0.05775373392691621
3,W,0.5955051676019806,0.7392477942645276,0.9779632278291145,0.06930448071229946
3,W,0.5724036740312141,0.6930448071229945,0.9702627299721924,0.05390348499845513
3,W,0.5570026783173697,0.6275905753391562,0.9779632278291145,0.06545423178383837
3,W,0.567270008793266,0.6776438114091502,0.9625622321152703,0.06160398285537729
3,W,0.5980720002209546,0.7430980431929886,0.9933642235429588,0.05775373392691621
3,W,0.6109061633158248,0.7854507814060605,0.9933642235429588,0.05390348499845513
3,W,0.5749705066501881,0.7315472964076054,0.9279099917591205,0.06545423178383837
3,W,0.5890880860545454,0.7392477942645276,0.9664124810437313,0.06160398285537729
3,W,0.5980720002209546,0.7584990389068329,0.9779632278291145,0.05775373392691621
3,W,0.6083393306968509,0.7777502835491383,0.9895139746144977,0.05775373392691621
3,W,0.5942217512924935,0.7507985410499107,0.9664124810437313,0.06545423178383837
3,W,0.5659865924837789,0.6968950560514556,0.9394607385445037,0.06160398285537729
3,W,0.5813875881976233,0.7199965496222221,0.9664124810437313,0.05775373392691621
3,W,0.5557192620078827,0.6853443092660724,0.9240597428306594,0.05775373392691621
3,W,0.5351846010560902,0.6429915710530005,0.904808498188354,0.05775373392691621
3,W,0.5159333564137848,0.5582860946268567,0.9279099917591205,0.06160398285537729
3,W,0.45561278986789455,0.523633854270707,0.7739000346206772,0.06930448071229946
3,W,0.39015855808405625,0.5582860946268567,0.5428850989130124,0.06930448071229946
3,W,0.4094098027263617,0.5467353478414735,0.6044890817683897,0.07700497856922162
3,W,0.38630830915559516,0.5621363435553178,0.5313343521276291,0.06545423178383837
3,W,0.42224396582123186,0.6429915710530005,0.5659865924837789,0.05775373392691621
3,W,0.40812638641687465,0.5852378371260843,0.5775373392691622,0.06160398285537729
3,W,0.4530459572489205,0.669943313552228,0.6121895796253118,0.07700497856922162
3,W,0.4248107984402059,0.5890880860545453,0.6237403264106951,0.06160398285537729
3,W,0.4325112962971281,0.6506920689099227,0.5890880860545453,0.05775373392691621
3,W,0.4004258885599525,0.5890880860545453,0.5544358456983957,0.05775373392691621
3,W,0.4325112962971281,0.6468418199814616,0.5929383349830064,0.05775373392691621
3,W,0.47358061820071296,0.6853443092660724,0.669943313552228,0.06545423178383837
3,W,0.4607464551058427,0.6814940603376113,0.6429915710530005,0.05775373392691621
3,W,0.39015855808405625,0.5505855967699346,0.5582860946268567,0.06160398285537729
3,W,0.4325112962971281,0.6391413221245394,0.6006388328399286,0.05775373392691621
3,W,0.4941152791525054,0.6083393306968508,0.8047020260483659,0.06930448071229946
3,W,0.4466288757014854,0.527484103199168,0.7507985410499107,0.06160398285537729
3,W,0.4633132877248168,0.5544358456983957,0.7700497856922162,0.06545423178383837
3,W,0.45176254093943347,0.5313343521276291,0.7661995367637551,0.05775373392691621
3,W,0.47358061820071296,0.5313343521276291,0.8239532706906713,0.06545423178383837
3,W,0.36449023189431573,0.39272539070303025,0.6391413221245394,0.06160398285537729
3,W,0.4055595537979006,0.4427786267730243,0.7007453049799167,0.07315472964076054
3,W,0.3709073134417508,0.43122787998764106,0.6160398285537729,0.06545423178383837
3,W,0.4453454593919984,0.7045955539083778,0.5775373392691622,0.05390348499845513
3,W,0.42609421474969306,0.6352910731960784,0.5775373392691622,0.06545423178383837
3,W,0.4491957083204594,0.6853443092660724,0.5967885839114675,0.06545423178383837
3,W,0.4722972018912259,0.6737935624806891,0.6814940603376113,0.06160398285537729
3,W,0.5018157770094276,0.7430980431929886,0.7084458028368389,0.05390348499845513
3,N1,0.4966821117714795,0.7199965496222221,0.7122960517653,0.05775373392691621
3,W,0.4658801203437908,0.6660930646237669,0.662242815695306,0.06930448071229946
3,W,0.4325112962971281,0.6006388328399286,0.6391413221245394,0.05775373392691621
3,N1,0.4710137855817389,0.7161463006937611,0.6429915710530005,0.05390348499845513
3,N1,0.47614745081968707,0.7045955539083778,0.6583925667668449,0.06545423178383837
3,N1,0.4183937168927708,0.6160398285537729,0.5890880860545453,0.05005323606999405
3,N1,0.4337947126066151,0.6429915710530005,0.5967885839114675,0.06160398285537729
3,N1,0.3824580602271341,0.5582860946268567,0.5313343521276291,0.05775373392691621
3,N1,0.38630830915559516,0.5813875881976233,0.5159333564137848,0.06160398285537729
3,N1,0.3888751417745692,0.5621363435553178,0.5390348499845513,0.06545423178383837
3,N1,0.4196771332022579,0.5659865924837789,0.6314408242676173,0.06160398285537729
3,W,0.4106932190358486,0.5890880860545453,0.5736870903407011,0.06930448071229946
3,N1,0.38117464391764705,0.5428850989130124,0.5390348499845513,0.06160398285537729
3,N1,0.38502489284610814,0.5659865924837789,0.5313343521276291,0.05775373392691621
3,N1,0.3978590559409784,0.5659865924837789,0.56983684141224,0.05775373392691621
3,N2,0.40427613748841357,0.5852378371260843,0.5659865924837789,0.06160398285537729
3,N2,0.3978590559409784,0.56983684141224,0.5582860946268567,0.06545423178383837
3,N2,0.3734741460607249,0.5313343521276291,0.5197836053422459,0.06930448071229946
3,N2,0.37860781129867305,0.5082328585568627,0.5621363435553178,0.06545423178383837
3,N2,0.3747575623702119,0.5120831074853237,0.5428850989130124,0.06930448071229946
3,N2,0.3465224035614973,0.47358061820071296,0.5082328585568627,0.05775373392691621
3,N2,0.36834048082277676,0.49283186284301833,0.5505855967699346,0.06160398285537729
3,N2,0.3516560687994454,0.5159333564137848,0.47358061820071296,0.06545423178383837
3,N2,0.3311214078476529,0.43892837784456323,0.48898161391455724,0.06545423178383837
3,N2,0.3490892361804714,0.5043826096284016,0.47358061820071296,0.06930448071229946
3,N2,0.3157204121338086,0.43122787998764106,0.4581796224868686,0.05775373392691621
3,N2,0.31828724475278264,0.42737763105918,0.4620298714153297,0.06545423178383837
3,N2,0.33497165677611407,0.4581796224868686,0.47358061820071296,0.07315472964076054
3,N2,0.3016028327294513,0.43122787998764106,0.41197663534533563,0.06160398285537729
3,N2,0.3131535795148346,0.47358061820071296,0.4004258885599524,0.06545423178383837
3,N2,0.33497165677611407,0.4658801203437908,0.4658801203437908,0.07315472964076054
3,N2,0.2669505923733016,0.3272711589191919,0.3850248928461081,0.08855572535460486
3,N2,0.283635004396633,0.3773243949891859,0.4158268842737967,0.05775373392691621
3,N2,0.29133550225355515,0.38887514177456917,0.4196771332022578,0.06545423178383837
3,N2,0.31058674689586047,0.4543293735584075,0.4158268842737967,0.06160398285537729
3,N2,0.3311214078476529,0.4543293735584075,0.47358061820071296,0.06545423178383837
3,N2,0.39400880701251734,0.5544358456983957,0.5544358456983957,0.07315472964076054
3,N2,0.39015855808405625,0.527484103199168,0.56983684141224,0.07315472964076054
3,N2,0.3516560687994454,0.4658801203437908,0.527484103199168,0.06160398285537729
3,N2,0.37604097867969893,0.5159333564137848,0.5505855967699346,0.06160398285537729
3,N2,0.31828724475278264,0.4042761374884135,0.4966821117714794,0.05390348499845513
3,N2,0.2887686696345811,0.4196771332022578,0.39272539070303025,0.05390348499845513
3,N2,0.29518575118201623,0.43892837784456323,0.38887514177456917,0.05775373392691621
3,N2,0.3016028327294513,0.4235273821307189,0.4235273821307189,0.05775373392691621
3,N2,0.283635004396633,0.4158268842737967,0.3696238971322638,0.06545423178383837
3,N2,0.28748525332509406,0.43122787998764106,0.3734741460607248,0.05775373392691621
3,N2,0.2797847554681719,0.3734741460607248,0.4004258885599524,0.06545423178383837
3,N2,0.26951742499227566,0.3619233992753416,0.39272539070303025,0.05390348499845513
3,N2,0.22716468677920376,0.3195706610622697,0.3041696653484254,0.05775373392691621
3,N2,0.2592500945163794,0.3773243949891859,0.3388219057045751,0.06160398285537729
3,N3,0.23614860094561296,0.3426721546330362,0.31187016320534755,0.05390348499845513
3,N2,0.23101493570766485,0.3234209099907308,0.3003194164199643,0.06930448071229946
3,N2,0.2708008413017627,0.3850248928461081,0.3619233992753416,0.06545423178383837
3,N2,0.24769934773099622,0.3619233992753416,0.3041696653484254,0.07700497856922162
3,N2,0.25668326189740537,0.3388219057045751,0.3619233992753416,0.06930448071229946
3,N2,0.24513251511202216,0.3272711589191919,0.3388219057045751,0.06930448071229946
3,N3,0.21689735630330756,0.2926189185630422,0.2926189185630422,0.06545423178383837
3,N3,0.2476993477309962,0.334971656776114,0.35037265248995836,0.05775373392691621
3,N3,0.23229835201715188,0.26951742499227566,0.35422290141841944,0.07315472964076054
3,N3,0.2374320172551,0.3234209099907308,0.3272711589191919,0.06160398285537729
3,N3,0.2245978541602297,0.334971656776114,0.28491842070612,0.05390348499845513
3,N3,0.23614860094561296,0.3195706610622697,0.331121407847653,0.05775373392691621
3,N3,0.19764611166100213,0.2579666782068924,0.26951742499227566,0.06545423178383837
3,N3,0.21689735630330753,0.2964691674915032,0.28491842070612,0.06930448071229946
3,N3,0.2374320172551,0.31572041213380864,0.3195706610622697,0.07700497856922162
3,N3,0.23999884987407405,0.3657736482038027,0.2926189185630422,0.06160398285537729
3,N3,0.2284481030886908,0.30801991427688646,0.31572041213380864,0.06160398285537729
3,N3,0.24128226618356108,0.3657736482038027,0.2964691674915032,0.06160398285537729
3,N3,0.2502661803499703,0.3272711589191919,0.3657736482038027,0.05775373392691621
3,N2,0.2900520859440681,0.4235273821307189,0.39657563963149134,0.05005323606999405
3,N2,0.3041696653484254,0.39657563963149134,0.4543293735584075,0.06160398285537729
3,N2,0.28491842070612,0.3773243949891859,0.4081263864168746,0.06930448071229946
3,N3,0.24769934773099622,0.35422290141841944,0.31572041213380864,0.07315472964076054
3,N3,0.2708008413017627,0.3734741460607248,0.3657736482038027,0.07315472964076054
3,N3,0.2669505923733016,0.3272711589191919,0.4158268842737967,0.05775373392691621
3,N2,0.32342090999073075,0.4235273821307189,0.4812811160576351,0.06545423178383837
3,W,0.36577364820380276,0.4812811160576351,0.5505855967699346,0.06545423178383837
3,W,0.42481079844020603,0.5736870903407011,0.6314408242676173,0.06930448071229946
3,N1,0.3606399829658546,0.5082328585568627,0.5120831074853237,0.06160398285537729
3,W,0.39015855808405625,0.5544358456983957,0.5582860946268567,0.05775373392691621
3,N1,0.37989122760816,0.5544358456983957,0.523633854270707,0.06160398285537729
3,N2,0.38502489284610814,0.49283186284301833,0.5929383349830064,0.06930448071229946
3,N1,0.4183937168927708,0.6044890817683897,0.5813875881976233,0.06930448071229946
3,N2,0.37604097867969893,0.523633854270707,0.5351846010560902,0.06930448071229946
3,N2,0.35678973403739356,0.5197836053422459,0.4812811160576351,0.06930448071229946
3,N2,0.41326005165482277,0.5621363435553178,0.619890077482234,0.05775373392691621
3,N2,0.38630830915559516,0.527484103199168,0.5659865924837789,0.06545423178383837
3,N2,0.35807315034688053,0.48898161391455724,0.5197836053422459,0.06545423178383837
3,N2,0.4017093048694394,0.5967885839114675,0.5505855967699346,0.05775373392691621
3,N2,0.41326005165482277,0.5775373392691622,0.5890880860545453,0.07315472964076054
3,N2,0.38117464391764705,0.523633854270707,0.5582860946268567,0.06160398285537729
3,N2,0.3734741460607249,0.5159333564137848,0.5351846010560902,0.06930448071229946
3,N2,0.37604097867969893,0.5197836053422459,0.5467353478414735,0.06160398285537729
3,N2,0.35550631772790653,0.47743086712917404,0.523633854270707,0.06545423178383837
3,N2,0.3413887383235492,0.43892837784456323,0.5159333564137848,0.06930448071229946
3,N2,0.3413887383235492,0.4427786267730243,0.5120831074853237,0.06930448071229946
3,N2,0.3657736482038027,0.5197836053422459,0.523633854270707,0.05390348499845513
3,N2,0.3619233992753417,0.5159333564137848,0.5082328585568627,0.06160398285537729
3,N2,0.36320681558482865,0.5082328585568627,0.527484103199168,0.05390348499845513
3,N2,0.30801991427688646,0.4004258885599524,0.4581796224868686,0.06545423178383837
3,N2,0.31957066106226967,0.43122787998764106,0.4658801203437908,0.06160398285537729
3,N2,0.32727115891919184,0.4158268842737967,0.5043826096284016,0.06160398285537729
3,N2,0.2926189185630422,0.39657563963149134,0.4196771332022578,0.06160398285537729
3,N2,0.3157204121338086,0.3657736482038027,0.5197836053422459,0.06160398285537729
3,N2,0.3028862490389384,0.4042761374884135,0.43892837784456323,0.06545423178383837
3,N2,0.3131535795148346,0.43122787998764106,0.43507812891610215,0.07315472964076054
3,N3,0.25668326189740537,0.3272711589191919,0.3734741460607248,0.06930448071229946
3,N2,0.3041696653484254,0.381174643917647,0.4658801203437908,0.06545423178383837
3,N2,0.33882190570457515,0.43507812891610215,0.5159333564137848,0.06545423178383837
3,W,0.27850133915868486,0.35807315034688053,0.41197663534533563,0.06545423178383837
3,W,0.32855457522867887,0.4466288757014854,0.47743086712917404,0.06160398285537729
3,W,0.44021179415405026,0.6121895796253118,0.6391413221245394,0.06930448071229946
3,N1,0.47101378558173895,0.6968950560514556,0.6506920689099227,0.06545423178383837
3,N1,0.46074645510584267,0.662242815695306,0.6660930646237669,0.05390348499845513
3,N1,0.3914419743935433,0.5544358456983957,0.5544358456983957,0.06545423178383837
3,N1,0.39400880701251734,0.5467353478414735,0.56983684141224,0.06545423178383837
3,N2,0.36320681558482865,0.5005323606999406,0.5197836053422459,0.06930448071229946
3,N2,0.38630830915559516,0.5159333564137848,0.5736870903407011,0.06930448071229946
3,N2,0.3914419743935433,0.5582860946268567,0.5582860946268567,0.05775373392691621
3,N2,0.3875917254650822,0.523633854270707,0.56983684141224,0.06930448071229946
3,N1,0.43507812891610215,0.6314408242676173,0.6083393306968508,0.06545423178383837
3,W,0.3311214078476529,0.4081263864168746,0.527484103199168,0.05775373392691621
3,W,0.4697303692722519,0.5813875881976233,0.7661995367637551,0.06160398285537729
3,N1,0.4363615452255892,0.6352910731960784,0.6160398285537729,0.05775373392691621
3,N1,0.42994446367815403,0.6006388328399286,0.6314408242676173,0.05775373392691621
3,N1,0.38630830915559516,0.56983684141224,0.527484103199168,0.06160398285537729
3,N1,0.4581796224868686,0.6737935624806891,0.6468418199814616,0.05390348499845513
3,N1,0.3927253907030303,0.5621363435553178,0.5467353478414735,0.06930448071229946
3,N2,0.35422290141841944,0.4658801203437908,0.5313343521276291,0.06545423178383837
3,N1,0.3978590559409783,0.5313343521276291,0.6083393306968508,0.05390348499845513
3,N2,0.38630830915559516,0.5582860946268567,0.5428850989130124,0.05775373392691621
3,N2,0.4055595537979006,0.5852378371260843,0.5659865924837789,0.06545423178383837
3,N2,0.40427613748841346,0.5428850989130124,0.6121895796253118,0.05775373392691621
3,N2,0.3709073134417508,0.5120831074853237,0.5390348499845513,0.06160398285537729
3,N2,0.3875917254650822,0.5659865924837789,0.5390348499845513,0.05775373392691621
3,N2,0.38502489284610814,0.523633854270707,0.5659865924837789,0.06545423178383837
3,N2,0.3131535795148345,0.4196771332022578,0.4658801203437908,0.05390348499845513
3,N2,0.3375384893950881,0.4620298714153297,0.4851313649860962,0.06545423178383837
3,N2,0.30673649796739944,0.4235273821307189,0.43122787998764106,0.06545423178383837
3,N2,0.31957066106226967,0.4466288757014854,0.4543293735584075,0.05775373392691621
3,N2,0.2926189185630422,0.4004258885599524,0.4081263864168746,0.06930448071229946
3,N2,0.29646916749150326,0.3850248928461081,0.43507812891610215,0.06930448071229946
3,N2,0.29133550225355515,0.4235273821307189,0.39657563963149134,0.05390348499845513
3,N2,0.2669505923733016,0.35422290141841944,0.38887514177456917,0.05775373392691621
3,N2,0.2900520859440681,0.381174643917647,0.43507812891610215,0.05390348499845513
3,N2,0.26053351082586645,0.34652240356149727,0.3696238971322638,0.06545423178383837
3,N3,0.2618169271353535,0.35422290141841944,0.3696238971322638,0.06160398285537729
3,N2,0.2682340086827886,0.3850248928461081,0.3657736482038027,0.05390348499845513
3,N2,0.2579666782068924,0.35422290141841944,0.35422290141841944,0.06545423178383837
3,N3,0.2374320172551,0.3272711589191919,0.31572041213380864,0.06930448071229946
3,N2,0.2425656824930481,0.31572041213380864,0.35037265248995836,0.06160398285537729
3,N3,0.24513251511202216,0.31572041213380864,0.35037265248995836,0.06930448071229946
3,N2,0.2515495966594573,0.3272711589191919,0.3696238971322638,0.05775373392691621
3,N2,0.22588127046971673,0.2926189185630422,0.3272711589191919,0.05775373392691621
3,N3,0.23614860094561296,0.35037265248995836,0.3003194164199643,0.05775373392691621
3,N2,0.22588127046971673,0.3195706610622697,0.2926189185630422,0.06545423178383837
3,N2,0.23101493570766485,0.2964691674915032,0.331121407847653,0.06545423178383837
3,N3,0.23614860094561296,0.3272711589191919,0.3195706610622697,0.06160398285537729
3,N3,0.22973151939817782,0.30801991427688646,0.3195706610622697,0.06160398285537729
3,N3,0.24384909880253514,0.35807315034688053,0.3003194164199643,0.07315472964076054
3,N3,0.21689735630330753,0.27336767392073674,0.3195706610622697,0.05775373392691621
3,N3,0.21689735630330753,0.28491842070612,0.30801991427688646,0.05775373392691621
3,N3,0.22588127046971673,0.2926189185630422,0.31187016320534755,0.07315472964076054
3,N3,0.22331443785074268,0.2810681717776589,0.31572041213380864,0.07315472964076054
3,N2,0.23871543356458702,0.35037265248995836,0.3003194164199643,0.06545423178383837
3,N3,0.22716468677920376,0.2964691674915032,0.3195706610622697,0.06545423178383837
3,N3,0.2104802747558724,0.27721792284919783,0.3003194164199643,0.05390348499845513
3,N3,0.20663002582741133,0.25411642927843137,0.30801991427688646,0.05775373392691621
3,N3,0.20406319320843727,0.2618169271353535,0.28491842070612,0.06545423178383837
3,N3,0.21176369106535942,0.26566717606381457,0.3003194164199643,0.06930448071229946
3,N3,0.22074760523176862,0.27336767392073674,0.3234209099907308,0.06545423178383837
3,N3,0.22973151939817782,0.2926189185630422,0.334971656776114,0.06160398285537729
3,N3,0.20021294427997618,0.2579666782068924,0.26566717606381457,0.07700497856922162
3,N3,0.19636269535151515,0.25411642927843137,0.26951742499227566,0.06545423178383837
3,N3,0.28491842070612,0.3426721546330362,0.4543293735584075,0.05775373392691621
3,N2,0.2759345065397108,0.35422290141841944,0.4158268842737967,0.05775373392691621
3,N2,0.2977525838009903,0.35422290141841944,0.47358061820071296,0.06545423178383837
3,N2,0.33497165677611407,0.4235273821307189,0.5159333564137848,0.06545423178383837
3,N2,0.35293948510893247,0.49283186284301833,0.5005323606999406,0.06545423178383837
3,N2,0.35935656665636756,0.4658801203437908,0.5467353478414735,0.06545423178383837
3,N2,0.33882190570457515,0.4581796224868686,0.5005323606999406,0.05775373392691621
3,N2,0.283635004396633,0.3773243949891859,0.4158268842737967,0.05775373392691621
3,N2,0.27465109023022377,0.334971656776114,0.42737763105918,0.06160398285537729
3,N2,0.26053351082586645,0.3041696653484254,0.4081263864168746,0.06930448071229946
3,N2,0.283635004396633,0.35807315034688053,0.43122787998764106,0.06160398285537729
3,N2,0.2464159314215092,0.331121407847653,0.34652240356149727,0.06160398285537729
3,N2,0.22716468677920376,0.27336767392073674,0.34652240356149727,0.06160398285537729
3,N2,0.24128226618356108,0.3003194164199643,0.3657736482038027,0.05775373392691621
3,N2,0.22331443785074268,0.2618169271353535,0.34652240356149727,0.06160398285537729
3,N2,0.2926189185630422,0.3657736482038027,0.43892837784456323,0.07315472964076054
3,N2,0.2887686696345811,0.39657563963149134,0.4004258885599524,0.06930448071229946
3,N2,0.2592500945163794,0.35807315034688053,0.34652240356149727,0.07315472964076054
3,N2,0.23486518463612593,0.3041696653484254,0.3388219057045751,0.06160398285537729
3,N2,0.29518575118201623,0.4196771332022578,0.4004258885599524,0.06545423178383837
3,N2,0.28235158808714594,0.3426721546330362,0.43892837784456323,0.06545423178383837
3,N2,0.30545308165791246,0.3657736482038027,0.47358061820071296,0.07700497856922162
3,N2,0.31957066106226967,0.4004258885599524,0.4966821117714794,0.06160398285537729
3,N2,0.3221374936812437,0.4581796224868686,0.4466288757014854,0.06160398285537729
3,N2,0.3170038284432956,0.381174643917647,0.5120831074853237,0.05775373392691621
3,N2,0.34395557094252327,0.4004258885599524,0.5659865924837789,0.06545423178383837
3,N2,0.3490892361804714,0.4658801203437908,0.5082328585568627,0.07315472964076054
3,N2,0.3452389872520103,0.4235273821307189,0.5544358456983957,0.05775373392691621
3,N1,0.41197663534533574,0.5813875881976233,0.6006388328399286,0.05390348499845513
3,N2,0.3439555709425232,0.45047912462994644,0.5197836053422459,0.06160398285537729
3,N2,0.42994446367815414,0.5775373392691622,0.6352910731960784,0.07700497856922162
3,N2,0.3105867468958605,0.3850248928461081,0.4851313649860962,0.06160398285537729
3,N2,0.35807315034688053,0.45047912462994644,0.5467353478414735,0.07700497856922162
3,N2,0.37732439498918596,0.5082328585568627,0.5582860946268567,0.06545423178383837
3,N2,0.3914419743935433,0.5582860946268567,0.5505855967699346,0.06545423178383837
3,N2,0.36577364820380276,0.4851313649860962,0.5467353478414735,0.06545423178383837
3,N2,0.3709073134417508,0.5159333564137848,0.5313343521276291,0.06545423178383837
3,REM,0.4325112962971281,0.6314408242676173,0.6006388328399286,0.06545423178383837
3,REM,0.42224396582123186,0.5929383349830064,0.6044890817683897,0.06930448071229946
3,REM,0.4337947126066151,0.6160398285537729,0.6314408242676173,0.05390348499845513
3,REM,0.4196771332022578,0.5929383349830064,0.6006388328399286,0.06545423178383837
3,REM,0.4402117941540502,0.619890077482234,0.6237403264106951,0.07700497856922162
3,REM,0.39529222332200437,0.5736870903407011,0.5544358456983957,0.05775373392691621
3,REM,0.4325112962971281,0.6275905753391562,0.6044890817683897,0.06545423178383837
3,REM,0.41326005165482277,0.6044890817683897,0.5775373392691622,0.05775373392691621
3,REM,0.3875917254650822,0.5428850989130124,0.5582860946268567,0.06160398285537729
3,REM,0.4158268842737967,0.5929383349830064,0.5967885839114675,0.05775373392691621
3,REM,0.40812638641687465,0.5582860946268567,0.6083393306968508,0.05775373392691621
3,N1,0.42737763105918,0.6352910731960784,0.5890880860545453,0.05775373392691621
3,REM,0.3927253907030303,0.5351846010560902,0.5852378371260843,0.05775373392691621
3,REM,0.40812638641687465,0.5813875881976233,0.5852378371260843,0.05775373392691621
3,REM,0.42096054951174483,0.5775373392691622,0.6237403264106951,0.06160398285537729
3,REM,0.4235273821307189,0.6006388328399286,0.6083393306968508,0.06160398285537729
3,REM,0.33368824046662704,0.39657563963149134,0.5351846010560902,0.06930448071229946
3,REM,0.39015855808405625,0.5043826096284016,0.5967885839114675,0.06930448071229946
3,REM,0.3927253907030303,0.523633854270707,0.5890880860545453,0.06545423178383837
3,REM,0.4094098027263617,0.5852378371260843,0.5852378371260843,0.05775373392691621
3,REM,0.42609421474969295,0.6121895796253118,0.6044890817683897,0.06160398285537729
3,REM,0.4248107984402059,0.6429915710530005,0.5736870903407011,0.05775373392691621
3,REM,0.36962389713226385,0.5043826096284016,0.5428850989130124,0.06160398285537729
3,REM,0.4004258885599525,0.5544358456983957,0.5775373392691622,0.06930448071229946
3,REM,0.4029927211789264,0.5621363435553178,0.5929383349830064,0.05390348499845513
3,REM,0.45176254093943347,0.6891945581945335,0.6006388328399286,0.06545423178383837
3,REM,0.41197663534533563,0.6237403264106951,0.5467353478414735,0.06545423178383837
3,REM,0.4029927211789264,0.5929383349830064,0.5467353478414735,0.06930448071229946
3,REM,0.4337947126066151,0.6083393306968508,0.6314408242676173,0.06160398285537729
3,REM,0.41197663534533563,0.6275905753391562,0.5505855967699346,0.05775373392691621
3,N2,0.44021179415405026,0.6391413221245394,0.6160398285537729,0.06545423178383837
3,N2,0.39914247225046545,0.5505855967699346,0.5736870903407011,0.07315472964076054
3,N2,0.40812638641687465,0.5736870903407011,0.5852378371260843,0.06545423178383837
3,N2,0.3734741460607249,0.48898161391455724,0.5659865924837789,0.06545423178383837
3,N2,0.4068429701073876,0.5621363435553178,0.5967885839114675,0.06160398285537729
3,N1,0.4517625409394335,0.6583925667668449,0.6391413221245394,0.05775373392691621
3,N1,0.4145434679643098,0.6121895796253118,0.5775373392691622,0.05390348499845513
3,N2,0.43507812891610215,0.6044890817683897,0.6352910731960784,0.06545423178383837
3,N2,0.40940980272636157,0.5890880860545453,0.5813875881976233,0.05775373392691621
3,N2,0.3644902318943157,0.5428850989130124,0.48898161391455724,0.06160398285537729
3,N2,0.3927253907030303,0.56983684141224,0.5390348499845513,0.06930448071229946
3,N2,0.3965756396314913,0.6044890817683897,0.527484103199168,0.05775373392691621
3,N2,0.3850248928461082,0.5082328585568627,0.5775373392691622,0.06930448071229946
3,N2,0.38502489284610814,0.523633854270707,0.56983684141224,0.06160398285537729
3,N2,0.3593565666563676,0.4812811160576351,0.5197836053422459,0.07700497856922162
3,N2,0.3837414765366211,0.5351846010560902,0.5582860946268567,0.05775373392691621
3,N2,0.3593565666563676,0.4851313649860962,0.523633854270707,0.06930448071229946
3,N2,0.34267215463303624,0.4658801203437908,0.5082328585568627,0.05390348499845513
3,N2,0.3888751417745692,0.527484103199168,0.5736870903407011,0.06545423178383837
3,N2,0.3401053220140622,0.4466288757014854,0.5082328585568627,0.06545423178383837
3,N2,0.3041696653484254,0.39272539070303025,0.4543293735584075,0.06545423178383837
3,N2,0.3747575623702119,0.4851313649860962,0.5813875881976233,0.05775373392691621
3,N1,0.3375384893950881,0.39272539070303025,0.5467353478414735,0.07315472964076054
3,N2,0.3619233992753416,0.4966821117714794,0.523633854270707,0.06545423178383837
3,N2,0.3413887383235492,0.4427786267730243,0.527484103199168,0.05390348499845513
3,N2,0.376040978679699,0.4851313649860962,0.56983684141224,0.07315472964076054
3,N2,0.34267215463303624,0.4658801203437908,0.5005323606999406,0.06160398285537729
3,N2,0.38374147653662116,0.5043826096284016,0.5813875881976233,0.06545423178383837
3,N2,0.30673649796739944,0.38887514177456917,0.4543293735584075,0.07700497856922162
3,N2,0.3362550730856011,0.4658801203437908,0.49283186284301833,0.05005323606999405
3,N2,0.38117464391764705,0.5582860946268567,0.527484103199168,0.05775373392691621
3,N2,0.35293948510893247,0.4466288757014854,0.5428850989130124,0.06930448071229946
3,N2,0.29518575118201623,0.38887514177456917,0.42737763105918,0.06930448071229946
3,N2,0.3054530816579124,0.4004258885599524,0.4581796224868686,0.05775373392691621
3,N2,0.31957066106226967,0.39657563963149134,0.49283186284301833,0.06930448071229946
3,N2,0.33882190570457515,0.46973036927225187,0.4812811160576351,0.06545423178383837
3,N2,0.30673649796739944,0.4158268842737967,0.43507812891610215,0.06930448071229946
3,N2,0.31957066106226967,0.4158268842737967,0.4812811160576351,0.06160398285537729
3,N2,0.29646916749150326,0.3657736482038027,0.4658801203437908,0.05775373392691621
3,N2,0.2797847554681719,0.3657736482038027,0.4081263864168746,0.06545423178383837
3,N2,0.28620183701560703,0.39272539070303025,0.39657563963149134,0.06930448071229946
3,N3,0.2592500945163794,0.3426721546330362,0.3773243949891859,0.05775373392691621
3,N2,0.2720842576112497,0.31187016320534755,0.4466288757014854,0.05775373392691621
3,N2,0.2708008413017627,0.2964691674915032,0.4466288757014854,0.06930448071229946
3,N2,0.28235158808714594,0.3773243949891859,0.4042761374884135,0.06545423178383837
3,N3,0.25539984558791834,0.31187016320534755,0.39272539070303025,0.06160398285537729
3,N2,0.23871543356458702,0.3003194164199643,0.3657736482038027,0.05005323606999405
3,N3,0.22973151939817782,0.3195706610622697,0.3041696653484254,0.06545423178383837
3,N3,0.22331443785074268,0.2810681717776589,0.3234209099907308,0.06545423178383837
3,N2,0.2374320172551,0.30801991427688646,0.34652240356149727,0.05775373392691621
3,N3,0.25283301296894434,0.3272711589191919,0.3619233992753416,0.06930448071229946
3,N3,0.2335817683266389,0.3041696653484254,0.334971656776114,0.06160398285537729
3,N3,0.22973151939817782,0.3195706610622697,0.31187016320534755,0.05775373392691621
3,N3,0.20663002582741133,0.23871543356458702,0.3195706610622697,0.06160398285537729
3,N2,0.2618169271353535,0.3426721546330362,0.3734741460607248,0.06930448071229946
3,N2,0.24128226618356108,0.3272711589191919,0.3388219057045751,0.05775373392691621
3,N2,0.23614860094561296,0.3195706610622697,0.3272711589191919,0.06160398285537729
3,N2,0.2374320172551,0.334971656776114,0.31187016320534755,0.06545423178383837
3,N3,0.2284481030886908,0.27721792284919783,0.3426721546330362,0.06545423178383837
3,N3,0.2502661803499703,0.3272711589191919,0.3657736482038027,0.05775373392691621
3,N3,0.23486518463612593,0.2810681717776589,0.35037265248995836,0.07315472964076054
3,N3,0.20791344213689833,0.2618169271353535,0.3003194164199643,0.06160398285537729
3,N3,0.26053351082586645,0.331121407847653,0.381174643917647,0.06930448071229946
3,N2,0.3362550730856011,0.42737763105918,0.5197836053422459,0.06160398285537729
3,N2,0.33497165677611407,0.41197663534533563,0.523633854270707,0.06930448071229946
3,N2,0.3401053220140622,0.4466288757014854,0.5082328585568627,0.06545423178383837
3,N2,0.3259877426097048,0.35807315034688053,0.5505855967699346,0.06930448071229946
3,N2,0.3362550730856011,0.4158268842737967,0.5313343521276291,0.06160398285537729
3,N2,0.33753848939508807,0.4812811160576351,0.4543293735584075,0.07700497856922162
3,N2,0.30801991427688646,0.4042761374884135,0.4658801203437908,0.05390348499845513
3,N2,0.3298379915381659,0.4427786267730243,0.47743086712917404,0.06930448071229946
3,N2,0.28748525332509406,0.3734741460607248,0.42737763105918,0.06160398285537729
3,N2,0.3105867468958605,0.4042761374884135,0.4581796224868686,0.06930448071229946
3,N2,0.31443699582432155,0.3850248928461081,0.49283186284301833,0.06545423178383837
3,N2,0.3298379915381659,0.41197663534533563,0.5082328585568627,0.06930448071229946
3,N2,0.3105867468958605,0.39272539070303025,0.4851313649860962,0.05390348499845513
3,N2,0.27721792284919783,0.334971656776114,0.42737763105918,0.06930448071229946
3,N2,0.28748525332509406,0.3734741460607248,0.42737763105918,0.06160398285537729
3,N2,0.3516560687994454,0.45047912462994644,0.5351846010560902,0.06930448071229946
3,N2,0.3311214078476529,0.4081263864168746,0.5120831074853237,0.07315472964076054
3,N2,0.36962389713226385,0.4620298714153297,0.5775373392691622,0.06930448071229946
3,N2,0.34267215463303624,0.4581796224868686,0.5082328585568627,0.06160398285537729
3,N2,0.34908923618047133,0.4620298714153297,0.523633854270707,0.06160398285537729
3,N2,0.34780581987098436,0.43507812891610215,0.5390348499845513,0.06930448071229946
3,N2,0.30801991427688646,0.38887514177456917,0.46973036927225187,0.06545423178383837
3,N2,0.3696238971322638,0.523633854270707,0.523633854270707,0.06160398285537729
3,N2,0.37604097867969893,0.5043826096284016,0.5621363435553178,0.06160398285537729
3,N2,0.3580731503468806,0.4658801203437908,0.5505855967699346,0.05775373392691621
3,N2,0.3542229014184195,0.5313343521276291,0.47743086712917404,0.05390348499845513
3,N2,0.31957066106226967,0.4196771332022578,0.4851313649860962,0.05390348499845513
3,N2,0.32342090999073075,0.4158268842737967,0.4851313649860962,0.06930448071229946
3,N2,0.2939023348725292,0.39657563963149134,0.4235273821307189,0.06160398285537729
3,N2,0.2939023348725292,0.39272539070303025,0.4235273821307189,0.06545423178383837
3,N2,0.3234209099907308,0.4081263864168746,0.5082328585568627,0.05390348499845513
3,N2,0.2708008413017627,0.3426721546330362,0.41197663534533563,0.05775373392691621
3,N2,0.3054530816579124,0.4004258885599524,0.45047912462994644,0.06545423178383837
3,N2,0.3131535795148346,0.3773243949891859,0.5005323606999406,0.06160398285537729
3,N2,0.2810681717776589,0.381174643917647,0.4042761374884135,0.05775373392691621
3,N2,0.2939023348725292,0.3657736482038027,0.4466288757014854,0.06930448071229946
3,N2,0.29646916749150326,0.3657736482038027,0.4543293735584075,0.06930448071229946
3,N2,0.26566717606381457,0.3696238971322638,0.3734741460607248,0.05390348499845513
3,N2,0.26566717606381457,0.331121407847653,0.4042761374884135,0.06160398285537729
3,N2,0.29133550225355515,0.3850248928461081,0.41197663534533563,0.07700497856922162
3,W,0.30673649796739944,0.41197663534533563,0.4466288757014854,0.06160398285537729
3,N1,0.33240482415713996,0.4081263864168746,0.5313343521276291,0.05775373392691621
3,N1,0.34395557094252327,0.42737763105918,0.5428850989130124,0.06160398285537729
3,N2,0.3542229014184195,0.43892837784456323,0.5582860946268567,0.06545423178383837
3,N2,0.34908923618047133,0.46973036927225187,0.5197836053422459,0.05775373392691621
3,N2,0.3619233992753416,0.42737763105918,0.5967885839114675,0.06160398285537729
3,N2,0.3734741460607249,0.4966821117714794,0.56983684141224,0.05390348499845513
3,N2,0.38117464391764705,0.4966821117714794,0.5852378371260843,0.06160398285537729
3,N2,0.3593565666563676,0.5005323606999406,0.5043826096284016,0.07315472964076054
3,N2,0.3709073134417508,0.523633854270707,0.5313343521276291,0.05775373392691621
3,N2,0.36577364820380276,0.523633854270707,0.5082328585568627,0.06545423178383837
3,N2,0.3503726524899584,0.45047912462994644,0.5505855967699346,0.05005323606999405
3,N2,0.3927253907030303,0.5582860946268567,0.5621363435553178,0.05775373392691621
3,N2,0.35935656665636756,0.4543293735584075,0.5505855967699346,0.07315472964076054
3,N2,0.3888751417745692,0.5043826096284016,0.6044890817683897,0.05775373392691621
3,N2,0.378607811298673,0.523633854270707,0.5390348499845513,0.07315472964076054
3,N2,0.38630830915559516,0.5390348499845513,0.5544358456983957,0.06545423178383837
3,N2,0.35422290141841944,0.48898161391455724,0.5159333564137848,0.05775373392691621
3,N2,0.32727115891919184,0.43507812891610215,0.47743086712917404,0.06930448071229946
3,N2,0.3927253907030303,0.5043826096284016,0.6083393306968508,0.06545423178383837
3,N2,0.35678973403739356,0.4581796224868686,0.5505855967699346,0.06160398285537729
3,N2,0.3644902318943157,0.4812811160576351,0.5467353478414735,0.06545423178383837
3,N2,0.3734741460607249,0.523633854270707,0.5313343521276291,0.06545423178383837
3,N2,0.35678973403739356,0.5043826096284016,0.5043826096284016,0.06160398285537729
3,N2,0.3105867468958605,0.39657563963149134,0.4658801203437908,0.06930448071229946
3,N2,0.33882190570457515,0.4812811160576351,0.47358061820071296,0.06160398285537729
3,N2,0.3734741460607249,0.5005323606999406,0.5582860946268567,0.06160398285537729
3,N2,0.3593565666563676,0.4543293735584075,0.5621363435553178,0.06160398285537729
3,N2,0.378607811298673,0.5467353478414735,0.527484103199168,0.06160398285537729
3,N2,0.3709073134417508,0.5005323606999406,0.5428850989130124,0.06930448071229946
3,N2,0.3734741460607249,0.5313343521276291,0.527484103199168,0.06160398285537729
3,N2,0.33497165677611407,0.4620298714153297,0.4851313649860962,0.05775373392691621
3,N2,0.34395557094252327,0.4466288757014854,0.523633854270707,0.06160398285537729
3,N2,0.38630830915559516,0.5505855967699346,0.5428850989130124,0.06545423178383837
3,N2,0.32342090999073075,0.42737763105918,0.4812811160576351,0.06160398285537729
3,N2,0.3452389872520103,0.47743086712917404,0.5005323606999406,0.05775373392691621
3,N2,0.30545308165791246,0.3657736482038027,0.4851313649860962,0.06545423178383837
3,N2,0.37860781129867305,0.47743086712917404,0.5852378371260843,0.07315472964076054
3,N2,0.3362550730856011,0.4466288757014854,0.4966821117714794,0.06545423178383837
3,N1,0.40042588855995237,0.4581796224868686,0.6737935624806891,0.06930448071229946
3,N2,0.3362550730856011,0.43122787998764106,0.5197836053422459,0.05775373392691621
3,N2,0.3593565666563676,0.4235273821307189,0.5852378371260843,0.06930448071229946
3,N2,0.3580731503468806,0.4466288757014854,0.5775373392691622,0.05005323606999405
3,N2,0.3567897340373935,0.47743086712917404,0.5197836053422459,0.07315472964076054
3,N2,0.37219072975123785,0.4966821117714794,0.5582860946268567,0.06160398285537729
3,N2,0.3721907297512379,0.5043826096284016,0.5505855967699346,0.06160398285537729
3,N2,0.3709073134417508,0.5159333564137848,0.5313343521276291,0.06545423178383837
3,N2,0.3593565666563676,0.4235273821307189,0.5852378371260843,0.06930448071229946
3,N2,0.39015855808405625,0.5544358456983957,0.5544358456983957,0.06160398285537729
3,N2,0.4004258885599525,0.5544358456983957,0.5813875881976233,0.06545423178383837
3,W,0.33497165677611407,0.4042761374884135,0.5390348499845513,0.06160398285537729
3,W,0.43892837784456323,0.47743086712917404,0.7584990389068329,0.0808552274976827
3,N1,0.38630830915559516,0.4966821117714794,0.5929383349830064,0.06930448071229946
3,N1,0.41326005165482277,0.527484103199168,0.6545423178383838,0.05775373392691621
3,N2,0.377324394989186,0.4851313649860962,0.5852378371260843,0.06160398285537729
3,N2,0.3747575623702119,0.5351846010560902,0.5159333564137848,0.07315472964076054
3,N2,0.39914247225046545,0.5390348499845513,0.5890880860545453,0.06930448071229946
3,N1,0.40812638641687465,0.5351846010560902,0.6314408242676173,0.05775373392691621
3,N1,0.4543293735584076,0.6352910731960784,0.6583925667668449,0.06930448071229946
3,N2,0.37732439498918596,0.5082328585568627,0.5582860946268567,0.06545423178383837
3,N2,0.4145434679643098,0.5813875881976233,0.6006388328399286,0.06160398285537729
3,N2,0.3875917254650822,0.523633854270707,0.5659865924837789,0.07315472964076054
3,N2,0.3721907297512379,0.4851313649860962,0.56983684141224,0.06160398285537729
3,N2,0.3824580602271341,0.5197836053422459,0.5736870903407011,0.05390348499845513
3,REM,0.37475756237021196,0.5082328585568627,0.5467353478414735,0.06930448071229946
3,REM,0.39529222332200437,0.5505855967699346,0.5659865924837789,0.06930448071229946
3,REM,0.41326005165482277,0.5659865924837789,0.6006388328399286,0.07315472964076054
3,REM,0.3709073134417509,0.5082328585568627,0.5467353478414735,0.05775373392691621
3,REM,0.37604097867969893,0.5428850989130124,0.5159333564137848,0.06930448071229946
3,REM,0.36962389713226385,0.5043826096284016,0.5428850989130124,0.06160398285537729
3,REM,0.35935656665636756,0.48898161391455724,0.5313343521276291,0.05775373392691621
3,REM,0.3747575623702119,0.5428850989130124,0.5351846010560902,0.046202987141532974
3,REM,0.3503726524899584,0.43892837784456323,0.5467353478414735,0.06545423178383837
3,REM,0.38117464391764705,0.5775373392691622,0.5043826096284016,0.06160398285537729
3,REM,0.3683404808227768,0.5005323606999406,0.5390348499845513,0.06545423178383837
3,REM,0.3542229014184195,0.4812811160576351,0.5197836053422459,0.06160398285537729
3,REM,0.38117464391764705,0.5005323606999406,0.5736870903407011,0.06930448071229946
3,REM,0.40812638641687454,0.5582860946268567,0.6121895796253118,0.05390348499845513
3,REM,0.3401053220140622,0.4427786267730243,0.5120831074853237,0.06545423178383837
3,REM,0.3965756396314914,0.56983684141224,0.5544358456983957,0.06545423178383837
3,REM,0.3657736482038027,0.5043826096284016,0.5390348499845513,0.05390348499845513
3,REM,0.40427613748841357,0.5852378371260843,0.5582860946268567,0.06930448071229946
3,REM,0.38502489284610814,0.4966821117714794,0.5890880860545453,0.06930448071229946
3,REM,0.36577364820380276,0.4812811160576351,0.5505855967699346,0.06545423178383837
3,REM,0.4453454593919984,0.6583925667668449,0.6083393306968508,0.06930448071229946
3,REM,0.38502489284610814,0.5467353478414735,0.5467353478414735,0.06160398285537729
3,REM,0.3670570645132898,0.5082328585568627,0.5313343521276291,0.06160398285537729
3,REM,0.3824580602271341,0.48898161391455724,0.5852378371260843,0.07315472964076054
3,REM,0.39914247225046545,0.5775373392691622,0.5544358456983957,0.06545423178383837
3,REM,0.39529222332200437,0.5582860946268567,0.5659865924837789,0.06160398285537729
3,REM,0.40427613748841357,0.6083393306968508,0.5505855967699346,0.05390348499845513
3,REM,0.4068429701073876,0.5736870903407011,0.5775373392691622,0.06930448071229946
3,REM,0.4017093048694395,0.5621363435553178,0.5813875881976233,0.06160398285537729
3,REM,0.4158268842737968,0.5852378371260843,0.5967885839114675,0.06545423178383837
3,REM,0.44021179415405026,0.6506920689099227,0.6044890817683897,0.06545423178383837
3,REM,0.3965756396314914,0.5890880860545453,0.5467353478414735,0.05390348499845513
3,REM,0.3927253907030303,0.5813875881976233,0.5428850989130124,0.05390348499845513
3,REM,0.3978590559409784,0.56983684141224,0.5582860946268567,0.06545423178383837
3,REM,0.3875917254650822,0.5351846010560902,0.5659865924837789,0.06160398285537729
3,REM,0.39914247225046545,0.5428850989130124,0.5929383349830064,0.06160398285537729
3,REM,0.38502489284610814,0.5390348499845513,0.5467353478414735,0.06930448071229946
3,REM,0.3529394851089324,0.47358061820071296,0.5197836053422459,0.06545423178383837
3,REM,0.37732439498918596,0.5390348499845513,0.523633854270707,0.06930448071229946
3,REM,0.4017093048694395,0.5197836053422459,0.6237403264106951,0.06160398285537729
3,REM,0.42224396582123197,0.6545423178383838,0.5428850989130124,0.06930448071229946
3,W,0.3824580602271341,0.619890077482234,0.4581796224868686,0.06930448071229946
3,REM,0.4235273821307189,0.6083393306968508,0.5929383349830064,0.06930448071229946
3,REM,0.4094098027263617,0.5582860946268567,0.6083393306968508,0.06160398285537729
3,REM,0.41711030058328374,0.5967885839114675,0.5929383349830064,0.06160398285537729
3,REM,0.40042588855995237,0.5929383349830064,0.5467353478414735,0.06160398285537729
3,REM,0.36834048082277676,0.5120831074853237,0.5351846010560902,0.05775373392691621
3,REM,0.423527382130719,0.6314408242676173,0.5736870903407011,0.06545423178383837
3,REM,0.36705706451328973,0.5082328585568627,0.5351846010560902,0.05775373392691621
3,REM,0.39400880701251734,0.5467353478414735,0.5736870903407011,0.06160398285537729
3,REM,0.4196771332022578,0.6121895796253118,0.5929383349830064,0.05390348499845513
3,REM,0.38245806022713413,0.5082328585568627,0.5775373392691622,0.06160398285537729
3,REM,0.4004258885599525,0.5813875881976233,0.5505855967699346,0.06930448071229946
3,REM,0.3837414765366211,0.5120831074853237,0.5775373392691622,0.06160398285537729
3,REM,0.4337947126066151,0.6468418199814616,0.5967885839114675,0.05775373392691621
3,REM,0.4029927211789264,0.5890880860545453,0.5736870903407011,0.046202987141532974
3,REM,0.3888751417745692,0.5736870903407011,0.523633854270707,0.06930448071229946
3,REM,0.3914419743935433,0.5775373392691622,0.5313343521276291,0.06545423178383837
3,REM,0.38630830915559516,0.5390348499845513,0.5544358456983957,0.06545423178383837
3,REM,0.378607811298673,0.5197836053422459,0.5505855967699346,0.06545423178383837
3,REM,0.3593565666563676,0.4812811160576351,0.527484103199168,0.06930448071229946
3,REM,0.3555063177279065,0.4581796224868686,0.5467353478414735,0.06160398285537729
3,REM,0.41711030058328386,0.5775373392691622,0.6121895796253118,0.06160398285537729
3,REM,0.4055595537979006,0.5775373392691622,0.5775373392691622,0.06160398285537729
3,REM,0.3824580602271341,0.5120831074853237,0.5621363435553178,0.07315472964076054
3,REM,0.41711030058328386,0.6044890817683897,0.5775373392691622,0.06930448071229946
3,REM,0.4094098027263617,0.5736870903407011,0.5852378371260843,0.06930448071229946
3,REM,0.3914419743935433,0.6006388328399286,0.5082328585568627,0.06545423178383837
3,REM,0.4106932190358486,0.5467353478414735,0.6237403264106951,0.06160398285537729
3,REM,0.4235273821307189,0.619890077482234,0.5929383349830064,0.05775373392691621
3,REM,0.41326005165482277,0.619890077482234,0.5621363435553178,0.05775373392691621
3,REM,0.4325112962971281,0.6083393306968508,0.6275905753391562,0.06160398285537729
3,REM,0.41711030058328386,0.6314408242676173,0.5582860946268567,0.06160398285537729
3,REM,0.39400880701251734,0.5736870903407011,0.5467353478414735,0.06160398285537729
3,REM,0.42481079844020603,0.6468418199814616,0.5582860946268567,0.06930448071229946
3,REM,0.39015855808405625,0.56983684141224,0.5505855967699346,0.05005323606999405
3,REM,0.40812638641687465,0.5852378371260843,0.5813875881976233,0.05775373392691621
3,REM,0.378607811298673,0.5159333564137848,0.5544358456983957,0.06545423178383837
3,REM,0.428661047368667,0.6391413221245394,0.5890880860545453,0.05775373392691621
3,REM,0.37219072975123785,0.4620298714153297,0.5890880860545453,0.06545423178383837
3,REM,0.37347414606072493,0.47743086712917404,0.5775373392691622,0.06545423178383837
3,REM,0.4286610473686671,0.6506920689099227,0.5775373392691622,0.05775373392691621
3,REM,0.39529222332200425,0.523633854270707,0.6006388328399286,0.06160398285537729
3,REM,0.40940980272636157,0.6006388328399286,0.5621363435553178,0.06545423178383837
3,N2,0.37732439498918596,0.5313343521276291,0.5313343521276291,0.06930448071229946
3,N2,0.40940980272636157,0.5929383349830064,0.56983684141224,0.06545423178383837
3,N2,0.38630830915559516,0.527484103199168,0.5775373392691622,0.05390348499845513
3,N2,0.3837414765366211,0.5736870903407011,0.5120831074853237,0.06545423178383837
3,N2,0.4145434679643098,0.6160398285537729,0.5659865924837789,0.06160398285537729
3,N2,0.40042588855995237,0.6044890817683897,0.527484103199168,0.06930448071229946
3,N2,0.40299272117892654,0.5659865924837789,0.5852378371260843,0.05775373392691621
3,N2,0.4106932190358487,0.5967885839114675,0.5775373392691622,0.05775373392691621
3,N2,0.4376449615350762,0.6583925667668449,0.5929383349830064,0.06160398285537729
3,N2,0.4106932190358486,0.6083393306968508,0.56983684141224,0.05390348499845513
3,N2,0.4055595537979006,0.5852378371260843,0.5659865924837789,0.06545423178383837
3,N2,0.4004258885599525,0.5505855967699346,0.5852378371260843,0.06545423178383837
3,N2,0.37989122760816,0.5428850989130124,0.527484103199168,0.06930448071229946
3,N2,0.37604097867969893,0.5428850989130124,0.5159333564137848,0.06930448071229946
3,N2,0.37604097867969893,0.5621363435553178,0.5043826096284016,0.06160398285537729
3,N2,0.4183937168927708,0.6160398285537729,0.5775373392691622,0.06160398285537729
3,N2,0.3888751417745692,0.5890880860545453,0.5043826096284016,0.07315472964076054
3,N2,0.36834048082277676,0.4851313649860962,0.5505855967699346,0.06930448071229946
3,N2,0.3644902318943157,0.5351846010560902,0.4966821117714794,0.06160398285537729
3,N2,0.3567897340373935,0.48898161391455724,0.523633854270707,0.05775373392691621
3,N2,0.3401053220140622,0.4543293735584075,0.5043826096284016,0.06160398285537729
3,N2,0.34395557094252327,0.4851313649860962,0.49283186284301833,0.05390348499845513
3,N2,0.35550631772790653,0.5005323606999406,0.4966821117714794,0.06930448071229946
3,N2,0.33882190570457515,0.4658801203437908,0.4851313649860962,0.06545423178383837
3,N2,0.3413887383235492,0.523633854270707,0.43507812891610215,0.06545423178383837
3,N2,0.31187016320534755,0.42737763105918,0.4427786267730243,0.06545423178383837
3,N2,0.33497165677611407,0.47358061820071296,0.4581796224868686,0.07315472964076054
3,N2,0.3105867468958605,0.4196771332022578,0.4466288757014854,0.06545423178383837
3,N2,0.3221374936812437,0.47743086712917404,0.4235273821307189,0.06545423178383837
3,N2,0.2708008413017627,0.4004258885599524,0.34652240356149727,0.06545423178383837
3,N2,0.3093033305863735,0.43507812891610215,0.4196771332022578,0.07315472964076054
3,N2,0.30801991427688646,0.4196771332022578,0.43892837784456323,0.06545423178383837
3,N2,0.3003194164199643,0.4235273821307189,0.4158268842737967,0.06160398285537729
3,N2,0.2810681717776589,0.3850248928461081,0.39657563963149134,0.06160398285537729
3,N2,0.2708008413017627,0.3696238971322638,0.3734741460607248,0.06930448071229946
3,N2,0.2708008413017627,0.35422290141841944,0.39272539070303025,0.06545423178383837
3,N2,0.2926189185630422,0.381174643917647,0.43507812891610215,0.06160398285537729
3,N2,0.2669505923733016,0.3734741460607248,0.3696238971322638,0.05775373392691621
3,N2,0.26438375975432754,0.35807315034688053,0.3657736482038027,0.06930448071229946
3,N2,0.27336767392073674,0.381174643917647,0.3734741460607248,0.06545423178383837
3,N2,0.2425656824930481,0.3272711589191919,0.334971656776114,0.06545423178383837
3,N2,0.2797847554681719,0.39272539070303025,0.38887514177456917,0.05775373392691621
3,N2,0.29133550225355515,0.42737763105918,0.381174643917647,0.06545423178383837
3,N2,0.27465109023022377,0.3696238971322638,0.39657563963149134,0.05775373392691621
3,N2,0.2502661803499702,0.2964691674915032,0.3850248928461081,0.06930448071229946
3,N2,0.24641593142150917,0.3388219057045751,0.35422290141841944,0.046202987141532974
3,N2,0.2245978541602297,0.2926189185630422,0.3272711589191919,0.05390348499845513
3,N3,0.24384909880253514,0.30801991427688646,0.3619233992753416,0.06160398285537729
3,N2,0.27850133915868486,0.38887514177456917,0.3773243949891859,0.06930448071229946
3,N2,0.2592500945163794,0.3388219057045751,0.3696238971322638,0.06930448071229946
3,N2,0.24384909880253514,0.30801991427688646,0.35807315034688053,0.06545423178383837
3,N1,0.3298379915381659,0.4812811160576351,0.43892837784456323,0.06930448071229946
3,N1,0.376040978679699,0.5005323606999406,0.56983684141224,0.05775373392691621
3,N1,0.3696238971322638,0.5120831074853237,0.5390348499845513,0.05775373392691621
3,N2,0.3657736482038027,0.48898161391455724,0.5390348499845513,0.06930448071229946
3,N2,0.3837414765366211,0.5428850989130124,0.5351846010560902,0.07315472964076054
3,N2,0.35935656665636756,0.5582860946268567,0.4543293735584075,0.06545423178383837
3,N2,0.3619233992753417,0.5005323606999406,0.5313343521276291,0.05390348499845513
3,N2,0.38630830915559516,0.5505855967699346,0.5428850989130124,0.06545423178383837
3,N2,0.3927253907030303,0.5967885839114675,0.5159333564137848,0.06545423178383837
3,N2,0.39529222332200437,0.5852378371260843,0.5390348499845513,0.06160398285537729
3,N2,0.3439555709425232,0.4581796224868686,0.5159333564137848,0.05775373392691621
3,N2,0.37732439498918596,0.5428850989130124,0.5313343521276291,0.05775373392691621
3,N2,0.35935656665636756,0.5120831074853237,0.5005323606999406,0.06545423178383837
3,N2,0.3940088070125172,0.5929383349830064,0.523633854270707,0.06545423178383837
3,N2,0.376040978679699,0.5082328585568627,0.5544358456983957,0.06545423178383837
3,N2,0.3837414765366211,0.5890880860545453,0.5043826096284016,0.05775373392691621
3,N2,0.36705706451328973,0.4966821117714794,0.5390348499845513,0.06545423178383837
3,N2,0.36834048082277676,0.5120831074853237,0.523633854270707,0.06930448071229946
3,N2,0.3683404808227768,0.5351846010560902,0.5043826096284016,0.06545423178383837
3,N2,0.3311214078476529,0.5082328585568627,0.4196771332022578,0.06545423178383837
3,N2,0.3298379915381659,0.4620298714153297,0.4620298714153297,0.06545423178383837
3,N2,0.3606399829658546,0.5467353478414735,0.47358061820071296,0.06160398285537729
3,N2,0.32342090999073075,0.4427786267730243,0.47358061820071296,0.05390348499845513
3,N2,0.31957066106226967,0.4466288757014854,0.4543293735584075,0.05775373392691621
3,N2,0.3503726524899584,0.4812811160576351,0.5082328585568627,0.06160398285537729
3,N2,0.35037265248995836,0.49283186284301833,0.48898161391455724,0.06930448071229946
3,N2,0.31443699582432155,0.4196771332022578,0.4620298714153297,0.06160398285537729
3,N2,0.32855457522867887,0.4466288757014854,0.47358061820071296,0.06545423178383837
3,N2,0.32855457522867887,0.43507812891610215,0.48898161391455724,0.06160398285537729
3,N2,0.3093033305863735,0.42737763105918,0.43507812891610215,0.06545423178383837
3,N2,0.2887686696345811,0.381174643917647,0.4235273821307189,0.06160398285537729
3,N2,0.3041696653484254,0.41197663534533563,0.43507812891610215,0.06545423178383837
3,N2,0.3170038284432956,0.42737763105918,0.4658801203437908,0.05775373392691621
3,N2,0.26438375975432754,0.3657736482038027,0.3696238971322638,0.05775373392691621
3,N2,0.2900520859440681,0.3426721546330362,0.4620298714153297,0.06545423178383837
3,N2,0.30288624903893835,0.42737763105918,0.4158268842737967,0.06545423178383837
3,N2,0.28620183701560703,0.34652240356149727,0.4427786267730243,0.06930448071229946
3,N2,0.3028862490389384,0.4081263864168746,0.43122787998764106,0.06930448071229946
3,N2,0.2541164292784313,0.3234209099907308,0.3734741460607248,0.06545423178383837
3,N2,0.2682340086827886,0.331121407847653,0.4004258885599524,0.07315472964076054
3,N3,0.21818077261279456,0.26566717606381457,0.3272711589191919,0.06160398285537729
3,N2,0.27465109023022377,0.3734741460607248,0.39657563963149134,0.05390348499845513
3,N2,0.26566717606381457,0.35807315034688053,0.3773243949891859,0.06160398285537729
3,N2,0.26951742499227566,0.334971656776114,0.4158268842737967,0.05775373392691621
3,N2,0.26951742499227566,0.3619233992753416,0.381174643917647,0.06545423178383837
3,N2,0.23486518463612593,0.30801991427688646,0.331121407847653,0.06545423178383837
3,N2,0.27721792284919783,0.3696238971322638,0.39657563963149134,0.06545423178383837
3,N3,0.2194641889222816,0.2810681717776589,0.3195706610622697,0.05775373392691621
3,N2,0.23999884987407405,0.34652240356149727,0.30801991427688646,0.06545423178383837
3,N2,0.2592500945163794,0.334971656776114,0.3773243949891859,0.06545423178383837
3,N2,0.2579666782068924,0.3657736482038027,0.3426721546330362,0.06545423178383837
3,N1,0.35293948510893247,0.46973036927225187,0.5313343521276291,0.05775373392691621
3,N2,0.34267215463303624,0.41197663534533563,0.5505855967699346,0.06545423178383837
3,N2,0.38117464391764705,0.527484103199168,0.5505855967699346,0.06545423178383837
3,N2,0.33368824046662704,0.4235273821307189,0.5120831074853237,0.06545423178383837
3,N2,0.38502489284610814,0.5313343521276291,0.5621363435553178,0.06160398285537729
3,N2,0.3721907297512379,0.4812811160576351,0.5813875881976233,0.05390348499845513
3,N2,0.3965756396314914,0.5659865924837789,0.5544358456983957,0.06930448071229946
3,N2,0.37475756237021196,0.5621363435553178,0.5082328585568627,0.05390348499845513
3,N2,0.3247043263002178,0.4620298714153297,0.4543293735584075,0.05775373392691621
3,N2,0.378607811298673,0.5813875881976233,0.4851313649860962,0.06930448071229946
3,N2,0.3259877426097048,0.4658801203437908,0.4543293735584075,0.05775373392691621
3,N2,0.38117464391764705,0.5467353478414735,0.5390348499845513,0.05775373392691621
3,N2,0.37989122760816,0.5197836053422459,0.5505855967699346,0.06930448071229946
3,N2,0.35037265248995836,0.45047912462994644,0.5390348499845513,0.06160398285537729
3,N2,0.33240482415713996,0.4620298714153297,0.4658801203437908,0.06930448071229946
3,N2,0.31957066106226967,0.4427786267730243,0.4581796224868686,0.05775373392691621
3,N2,0.31187016320534755,0.4004258885599524,0.46973036927225187,0.06545423178383837
3,N2,0.29518575118201623,0.3619233992753416,0.45047912462994644,0.07315472964076054
3,N3,0.2618169271353535,0.3426721546330362,0.3773243949891859,0.06545423178383837
3,N2,0.31957066106226967,0.4004258885599524,0.49283186284301833,0.06545423178383837
3,N2,0.34780581987098436,0.47358061820071296,0.5082328585568627,0.06160398285537729
3,N2,0.3105867468958605,0.381174643917647,0.4851313649860962,0.06545423178383837
3,N2,0.35807315034688053,0.49283186284301833,0.523633854270707,0.05775373392691621
3,N2,0.3259877426097048,0.43892837784456323,0.4812811160576351,0.05775373392691621
3,N2,0.3375384893950881,0.5120831074853237,0.4466288757014854,0.05390348499845513
3,N2,0.3131535795148346,0.4004258885599524,0.4620298714153297,0.07700497856922162
3,N2,0.29646916749150326,0.3850248928461081,0.43892837784456323,0.06545423178383837
3,N2,0.33497165677611407,0.4427786267730243,0.49283186284301833,0.06930448071229946
3,N2,0.3105867468958605,0.42737763105918,0.4427786267730243,0.06160398285537729
3,N2,0.3221374936812437,0.43507812891610215,0.4658801203437908,0.06545423178383837
3,N3,0.29518575118201623,0.3234209099907308,0.49283186284301833,0.06930448071229946
3,N2,0.34267215463303624,0.43892837784456323,0.523633854270707,0.06545423178383837
3,N2,0.31828724475278264,0.4042761374884135,0.48898161391455724,0.06160398285537729
3,W,0.39529222332200437,0.4966821117714794,0.619890077482234,0.06930448071229946
3,N1,0.3644902318943157,0.5005323606999406,0.527484103199168,0.06545423178383837
3,N2,0.3619233992753416,0.46973036927225187,0.5582860946268567,0.05775373392691621
3,N2,0.3657736482038027,0.5120831074853237,0.5313343521276291,0.05390348499845513
3,N2,0.3670570645132898,0.46973036927225187,0.56983684141224,0.06160398285537729
3,N2,0.38117464391764705,0.5621363435553178,0.527484103199168,0.05390348499845513
3,N2,0.3362550730856011,0.4543293735584075,0.4851313649860962,0.06930448071229946
3,N2,0.3619233992753417,0.45047912462994644,0.5582860946268567,0.07700497856922162
3,REM,0.38117464391764705,0.5428850989130124,0.5428850989130124,0.05775373392691621
3,REM,0.40940980272636157,0.6160398285537729,0.5390348499845513,0.07315472964076054
3,REM,0.3965756396314914,0.5582860946268567,0.5659865924837789,0.06545423178383837
3,REM,0.3683404808227768,0.5544358456983957,0.4851313649860962,0.06545423178383837
3,REM,0.3619233992753416,0.4966821117714794,0.523633854270707,0.06545423178383837
3,REM,0.3978590559409783,0.56983684141224,0.5467353478414735,0.07700497856922162
3,REM,0.4068429701073876,0.5967885839114675,0.5544358456983957,0.06930448071229946
3,REM,0.37604097867969893,0.5428850989130124,0.5313343521276291,0.05390348499845513
3,REM,0.3927253907030303,0.5659865924837789,0.5505855967699346,0.06160398285537729
3,REM,0.36834048082277676,0.5852378371260843,0.4427786267730243,0.07700497856922162
3,REM,0.42994446367815403,0.6160398285537729,0.6121895796253118,0.06160398285537729
3,REM,0.4094098027263617,0.6083393306968508,0.5659865924837789,0.05390348499845513
3,REM,0.38245806022713413,0.56983684141224,0.5082328585568627,0.06930448071229946
3,REM,0.38630830915559516,0.5621363435553178,0.523633854270707,0.07315472964076054
3,REM,0.36834048082277676,0.5621363435553178,0.48898161391455724,0.05390348499845513
3,REM,0.42481079844020603,0.6468418199814616,0.5736870903407011,0.05390348499845513
3,REM,0.4325112962971281,0.6468418199814616,0.5929383349830064,0.05775373392691621
3,REM,0.37219072975123785,0.5659865924837789,0.4851313649860962,0.06545423178383837
3,REM,0.4068429701073876,0.56983684141224,0.5890880860545453,0.06160398285537729
3,REM,0.41711030058328374,0.6429915710530005,0.5351846010560902,0.07315472964076054
3,REM,0.40427613748841357,0.5659865924837789,0.5852378371260843,0.06160398285537729
3,REM,0.38502489284610814,0.5197836053422459,0.5736870903407011,0.06160398285537729
3,REM,0.38502489284610814,0.5582860946268567,0.5351846010560902,0.06160398285537729
3,REM,0.4376449615350762,0.6506920689099227,0.5890880860545453,0.07315472964076054
3,REM,0.4235273821307189,0.6121895796253118,0.6006388328399286,0.05775373392691621
3,REM,0.4145434679643097,0.6237403264106951,0.5544358456983957,0.06545423178383837
3,REM,0.3824580602271341,0.5582860946268567,0.5197836053422459,0.06930448071229946
3,REM,0.4004258885599525,0.5813875881976233,0.5544358456983957,0.06545423178383837
3,REM,0.4183937168927708,0.5929383349830064,0.6044890817683897,0.05775373392691621
3,REM,0.35678973403739356,0.47743086712917404,0.5390348499845513,0.05390348499845513
3,REM,0.4004258885599525,0.5736870903407011,0.5736870903407011,0.05390348499845513
3,REM,0.4068429701073875,0.5505855967699346,0.6044890817683897,0.06545423178383837
3,REM,0.4196771332022578,0.6121895796253118,0.5813875881976233,0.06545423178383837
3,REM,0.3734741460607249,0.527484103199168,0.527484103199168,0.06545423178383837
3,REM,0.39914247225046545,0.6121895796253118,0.523633854270707,0.06160398285537729
3,W,0.40812638641687454,0.7045955539083778,0.4581796224868686,0.06160398285537729
3,N1,0.4325112962971281,0.6814940603376113,0.5467353478414735,0.06930448071229946
3,N1,0.42609421474969295,0.6391413221245394,0.56983684141224,0.06930448071229946
3,REM,0.40812638641687454,0.6121895796253118,0.5505855967699346,0.06160398285537729
3,REM,0.3914419743935433,0.5852378371260843,0.5197836053422459,0.06930448071229946
3,REM,0.4376449615350762,0.6545423178383838,0.5890880860545453,0.06930448071229946
3,REM,0.4106932190358486,0.5929383349830064,0.56983684141224,0.06930448071229946
3,REM,0.3259877426097048,0.381174643917647,0.5313343521276291,0.06545423178383837
3,REM,0.37989122760816,0.5351846010560902,0.5351846010560902,0.06930448071229946
3,REM,0.44021179415405026,0.6545423178383838,0.6083393306968508,0.05775373392691621
3,W,0.42224396582123186,0.6814940603376113,0.5197836053422459,0.06545423178383837
3,W,0.4504791246299465,0.6930448071229945,0.6006388328399286,0.05775373392691621
3,W,0.4145434679643097,0.6237403264106951,0.5544358456983957,0.06545423178383837
3,N1,0.44277862677302426,0.6737935624806891,0.5929383349830064,0.06160398285537729
3,N1,0.4607464551058427,0.7315472964076054,0.5929383349830064,0.05775373392691621
3,N1,0.4017093048694394,0.6006388328399286,0.5390348499845513,0.06545423178383837
3,N2,0.3978590559409783,0.5929383349830064,0.5390348499845513,0.06160398285537729
3,N2,0.42609421474969295,0.6545423178383838,0.5544358456983957,0.06930448071229946
3,N2,0.3914419743935433,0.6160398285537729,0.5043826096284016,0.05390348499845513
3,N2,0.40299272117892654,0.6275905753391562,0.523633854270707,0.05775373392691621
3,N2,0.39914247225046545,0.6237403264106951,0.5082328585568627,0.06545423178383837
3,N2,0.4414952104635373,0.7276970474791443,0.5390348499845513,0.05775373392691621
3,N2,0.4414952104635373,0.662242815695306,0.5967885839114675,0.06545423178383837
3,N2,0.39914247225046545,0.56983684141224,0.5621363435553178,0.06545423178383837
3,N2,0.42737763105918,0.6429915710530005,0.5736870903407011,0.06545423178383837
3,N2,0.4325112962971282,0.6429915710530005,0.5852378371260843,0.06930448071229946
3,N2,0.4183937168927708,0.6006388328399286,0.5852378371260843,0.06930448071229946
3,N2,0.42224396582123186,0.6160398285537729,0.5929383349830064,0.05775373392691621
3,N2,0.378607811298673,0.5313343521276291,0.5313343521276291,0.07315472964076054
3,N2,0.40299272117892654,0.5736870903407011,0.5736870903407011,0.06160398285537729
3,N2,0.4158268842737967,0.6237403264106951,0.5621363435553178,0.06160398285537729
3,N2,0.4183937168927709,0.619890077482234,0.56983684141224,0.06545423178383837
3,N2,0.3927253907030303,0.619890077482234,0.5005323606999406,0.05775373392691621
3,N2,0.39914247225046545,0.6121895796253118,0.523633854270707,0.06160398285537729
3,N2,0.4325112962971281,0.6814940603376113,0.5582860946268567,0.05775373392691621
3,N2,0.3888751417745692,0.6044890817683897,0.4966821117714794,0.06545423178383837
3,N2,0.42994446367815414,0.662242815695306,0.5505855967699346,0.07700497856922162
3,N2,0.4055595537979006,0.5813875881976233,0.5659865924837789,0.06930448071229946
3,N2,0.40427613748841357,0.5813875881976233,0.5736870903407011,0.05775373392691621
3,N2,0.4158268842737968,0.6429915710530005,0.5390348499845513,0.06545423178383837
3,N2,0.40812638641687465,0.619890077482234,0.5313343521276291,0.07315472964076054
3,N2,0.40299272117892654,0.5813875881976233,0.5659865924837789,0.06160398285537729
3,N2,0.385024892846108,0.5159333564137848,0.5582860946268567,0.0808552274976827
3,N2,0.3888751417745692,0.5621363435553178,0.5428850989130124,0.06160398285537729
3,N2,0.4068429701073876,0.6429915710530005,0.5082328585568627,0.06930448071229946
3,N2,0.3670570645132898,0.5582860946268567,0.47358061820071296,0.06930448071229946
3,N2,0.3965756396314914,0.56983684141224,0.5659865924837789,0.05390348499845513
3,N2,0.378607811298673,0.5390348499845513,0.523633854270707,0.07315472964076054
3,N2,0.3452389872520103,0.5005323606999406,0.47358061820071296,0.06160398285537729
3,N2,0.34652240356149727,0.527484103199168,0.4581796224868686,0.05390348499845513
3,N2,0.3567897340373935,0.5159333564137848,0.48898161391455724,0.06545423178383837
3,N2,0.3362550730856011,0.523633854270707,0.43122787998764106,0.05390348499845513
3,N2,0.35550631772790653,0.5043826096284016,0.4966821117714794,0.06545423178383837
3,N2,0.34523898725201024,0.523633854270707,0.45047912462994644,0.06160398285537729
3,N2,0.36320681558482865,0.5120831074853237,0.5082328585568627,0.06930448071229946
3,N2,0.3516560687994454,0.5159333564137848,0.47358061820071296,0.06545423178383837
3,N2,0.3529394851089324,0.523633854270707,0.4620298714153297,0.07315472964076054
3,N2,0.32085407737175675,0.5082328585568627,0.39272539070303025,0.06160398285537729
3,N2,0.378607811298673,0.5659865924837789,0.5082328585568627,0.06160398285537729
3,N2,0.3503726524899584,0.5043826096284016,0.47743086712917404,0.06930448071229946
3,N2,0.33368824046662704,0.48898161391455724,0.4466288757014854,0.06545423178383837
3,N2,0.3221374936812437,0.4543293735584075,0.4427786267730243,0.06930448071229946
3,N2,0.33240482415713996,0.4658801203437908,0.47358061820071296,0.05775373392691621
3,N2,0.3247043263002178,0.45047912462994644,0.47358061820071296,0.05005323606999405
3,N2,0.3054530816579124,0.42737763105918,0.4235273821307189,0.06545423178383837
3,N2,0.28748525332509406,0.42737763105918,0.3696238971322638,0.06545423178383837
3,N2,0.3105867468958605,0.43892837784456323,0.4235273821307189,0.06930448071229946
3,N2,0.3182872447527827,0.4466288757014854,0.4466288757014854,0.06160398285537729
3,N2,0.29518575118201623,0.3657736482038027,0.4620298714153297,0.05775373392691621
3,N2,0.2900520859440681,0.4235273821307189,0.3773243949891859,0.06930448071229946
3,N2,0.2669505923733016,0.34652240356149727,0.39657563963149134,0.05775373392691621
3,N1,0.40940980272636157,0.619890077482234,0.5428850989130124,0.06545423178383837
3,N2,0.34138873832354916,0.5120831074853237,0.4543293735584075,0.05775373392691621
3,N2,0.3837414765366211,0.5775373392691622,0.5043826096284016,0.06930448071229946
3,N2,0.40812638641687465,0.5582860946268567,0.6006388328399286,0.06545423178383837
3,N2,0.4183937168927708,0.6044890817683897,0.5929383349830064,0.05775373392691621
3,N2,0.3606399829658546,0.5390348499845513,0.4812811160576351,0.06160398285537729
3,N2,0.3914419743935433,0.5544358456983957,0.5544358456983957,0.06545423178383837
3,N2,0.39015855808405625,0.6391413221245394,0.46973036927225187,0.06160398285537729
3,N2,0.3580731503468806,0.5505855967699346,0.4658801203437908,0.05775373392691621
3,N2,0.3824580602271341,0.5621363435553178,0.5197836053422459,0.06545423178383837
3,N1,0.3696238971322638,0.6352910731960784,0.41197663534533563,0.06160398285537729
3,N1,0.3734741460607249,0.6006388328399286,0.4581796224868686,0.06160398285537729
3,N2,0.4094098027263617,0.6275905753391562,0.5313343521276291,0.06930448071229946
3,N2,0.36705706451328973,0.5505855967699346,0.49283186284301833,0.05775373392691621
3,N2,0.41197663534533563,0.5890880860545453,0.5929383349830064,0.05390348499845513
3,N2,0.37989122760816,0.56983684141224,0.5043826096284016,0.06545423178383837
3,N2,0.40812638641687454,0.6314408242676173,0.523633854270707,0.06930448071229946
3,N2,0.3978590559409783,0.5929383349830064,0.5313343521276291,0.06930448071229946
3,N2,0.4145434679643097,0.6391413221245394,0.5467353478414735,0.05775373392691621
3,N1,0.3593565666563676,0.5852378371260843,0.43122787998764106,0.06160398285537729
3,N1,0.3914419743935433,0.619890077482234,0.48898161391455724,0.06545423178383837
3,N2,0.36834048082277676,0.5428850989130124,0.4966821117714794,0.06545423178383837
3,N2,0.4094098027263617,0.619890077482234,0.5467353478414735,0.06160398285537729
3,N2,0.38502489284610814,0.5852378371260843,0.5043826096284016,0.06545423178383837
3,N2,0.42096054951174494,0.6545423178383838,0.5428850989130124,0.06545423178383837
3,N2,0.39914247225046545,0.6044890817683897,0.5313343521276291,0.06160398285537729
3,N2,0.39015855808405625,0.6352910731960784,0.4658801203437908,0.06930448071229946
3,N2,0.4017093048694394,0.6006388328399286,0.5467353478414735,0.05775373392691621
3,REM,0.3452389872520103,0.5082328585568627,0.4581796224868686,0.06930448071229946
3,REM,0.3837414765366211,0.5852378371260843,0.4966821117714794,0.06930448071229946
3,REM,0.42224396582123197,0.6506920689099227,0.5390348499845513,0.07700497856922162
3,REM,0.40042588855995237,0.6160398285537729,0.523633854270707,0.06160398285537729
3,REM,0.37604097867969893,0.523633854270707,0.5351846010560902,0.06930448071229946
3,REM,0.3914419743935433,0.5351846010560902,0.56983684141224,0.06930448071229946
3,REM,0.3606399829658546,0.49283186284301833,0.527484103199168,0.06160398285537729
3,REM,0.3619233992753417,0.4466288757014854,0.5736870903407011,0.06545423178383837
3,REM,0.33882190570457515,0.4543293735584075,0.48898161391455724,0.07315472964076054
3,REM,0.36320681558482865,0.5428850989130124,0.49283186284301833,0.05390348499845513
3,REM,0.4017093048694395,0.56983684141224,0.56983684141224,0.06545423178383837
3,REM,0.3041696653484254,0.381174643917647,0.4620298714153297,0.06930448071229946
3,REM,0.3182872447527827,0.4042761374884135,0.4812811160576351,0.06930448071229946
3,REM,0.3413887383235492,0.4620298714153297,0.4966821117714794,0.06545423178383837
3,REM,0.32342090999073075,0.4235273821307189,0.47358061820071296,0.07315472964076054
3,REM,0.38245806022713413,0.5005323606999406,0.56983684141224,0.07700497856922162
3,REM,0.3657736482038027,0.48898161391455724,0.5428850989130124,0.06545423178383837
3,REM,0.4158268842737968,0.619890077482234,0.5621363435553178,0.06545423178383837
3,REM,0.41711030058328374,0.6121895796253118,0.5813875881976233,0.05775373392691621
3,REM,0.40812638641687465,0.6160398285537729,0.5505855967699346,0.05775373392691621
3,REM,0.41711030058328374,0.6429915710530005,0.5505855967699346,0.05775373392691621
3,REM,0.4517625409394335,0.6968950560514556,0.5967885839114675,0.06160398285537729
3,N1,0.42224396582123197,0.6583925667668449,0.5467353478414735,0.06160398285537729
3,N1,0.39529222332200437,0.619890077482234,0.49283186284301833,0.07315472964076054
3,N1,0.40427613748841346,0.6121895796253118,0.5351846010560902,0.06545423178383837
3,N1,0.4158268842737968,0.6737935624806891,0.5082328585568627,0.06545423178383837
3,REM,0.3927253907030302,0.5813875881976233,0.5159333564137848,0.0808552274976827
3,REM,0.35293948510893247,0.49283186284301833,0.5005323606999406,0.06545423178383837
3,REM,0.37732439498918596,0.5159333564137848,0.5544358456983957,0.06160398285537729
3,REM,0.33368824046662704,0.43122787998764106,0.5082328585568627,0.06160398285537729
3,REM,0.3837414765366211,0.523633854270707,0.5736870903407011,0.05390348499845513
3,REM,0.38502489284610814,0.5929383349830064,0.49283186284301833,0.06930448071229946
3,REM,0.3452389872520103,0.4427786267730243,0.5390348499845513,0.05390348499845513
3,REM,0.38630830915559516,0.5544358456983957,0.5313343521276291,0.07315472964076054
3,REM,0.428661047368667,0.6968950560514556,0.523633854270707,0.06545423178383837
3,REM,0.3875917254650822,0.5313343521276291,0.56983684141224,0.06160398285537729
3,REM,0.42481079844020603,0.6545423178383838,0.5582860946268567,0.06160398285537729
3,REM,0.39529222332200437,0.6237403264106951,0.5005323606999406,0.06160398285537729
3,REM,0.3927253907030303,0.6391413221245394,0.46973036927225187,0.06930448071229946
3,REM,0.44406204308251135,0.6930448071229945,0.56983684141224,0.06930448071229946
3,REM,0.41197663534533574,0.619890077482234,0.5390348499845513,0.07700497856922162
3,REM,0.3606399829658546,0.5467353478414735,0.4658801203437908,0.06930448071229946
3,REM,0.37732439498918596,0.5967885839114675,0.4658801203437908,0.06930448071229946
3,REM,0.3875917254650822,0.5736870903407011,0.5351846010560902,0.05390348499845513
3,REM,0.4248107984402059,0.6506920689099227,0.5582860946268567,0.06545423178383837
3,N1,0.42609421474969306,0.6583925667668449,0.5621363435553178,0.05775373392691621
3,REM,0.40812638641687454,0.6468418199814616,0.523633854270707,0.05390348499845513
3,REM,0.4337947126066151,0.6891945581945335,0.5467353478414735,0.06545423178383837
3,REM,0.37732439498918596,0.5582860946268567,0.5120831074853237,0.06160398285537729
3,REM,0.40427613748841357,0.5621363435553178,0.5890880860545453,0.06160398285537729
3,REM,0.41326005165482277,0.6314408242676173,0.5505855967699346,0.05775373392691621
3,N1,0.4004258885599525,0.6160398285537729,0.5120831074853237,0.07315472964076054
3,REM,0.4106932190358486,0.6660930646237669,0.4966821117714794,0.06930448071229946
3,REM,0.39529222332200437,0.5813875881976233,0.5428850989130124,0.06160398285537729
3,REM,0.38502489284610814,0.5929383349830064,0.5043826096284016,0.05775373392691621
3,REM,0.3824580602271341,0.5390348499845513,0.5467353478414735,0.06160398285537729
3,REM,0.4017093048694395,0.5929383349830064,0.5582860946268567,0.05390348499845513
3,REM,0.39914247225046545,0.6660930646237669,0.4543293735584075,0.07700497856922162
3,REM,0.3696238971322638,0.5813875881976233,0.46973036927225187,0.05775373392691621
3,REM,0.4196771332022579,0.6506920689099227,0.5313343521276291,0.07700497856922162
3,REM,0.3670570645132898,0.527484103199168,0.5043826096284016,0.06930448071229946
3,N1,0.43122787998764106,0.6314408242676173,0.5967885839114675,0.06545423178383837
3,N1,0.4094098027263617,0.6044890817683897,0.5544358456983957,0.06930448071229946
3,W,0.3401053220140622,0.5544358456983957,0.39657563963149134,0.06930448071229946
3,W,0.4491957083204594,0.6930448071229945,0.5967885839114675,0.05775373392691621
3,W,0.4671635366532778,0.7353975453360665,0.6083393306968508,0.05775373392691621
3,W,0.4697303692722519,0.7084458028368389,0.6391413221245394,0.06160398285537729
3,W,0.4722972018912259,0.7816005324775994,0.5775373392691622,0.05775373392691621
3,W,0.4248107984402059,0.6468418199814616,0.5544358456983957,0.07315472964076054
3,W,0.4196771332022579,0.6314408242676173,0.5736870903407011,0.05390348499845513
3,W,0.32727115891919184,0.45047912462994644,0.4620298714153297,0.06930448071229946
3,W,0.3170038284432956,0.5505855967699346,0.3388219057045751,0.06160398285537729
3,W,0.3311214078476529,0.4581796224868686,0.4543293735584075,0.0808552274976827
3,W,0.36705706451328973,0.41197663534533563,0.619890077482234,0.06930448071229946
3,W,0.5441685152224994,0.6545423178383838,0.908658747116815,0.06930448071229946
3,W,0.5377514336750643,0.6776438114091502,0.8663060089037432,0.06930448071229946
3,W,0.38502489284610814,0.4581796224868686,0.6352910731960784,0.06160398285537729
3,W,0.3837414765366211,0.43507812891610215,0.6506920689099227,0.06545423178383837
3,W,0.5428850989130124,0.7276970474791443,0.8432045153329767,0.05775373392691621
3,W,0.5377514336750643,0.6121895796253118,0.9394607385445037,0.06160398285537729
3,W,0.5493021804604475,0.7392477942645276,0.8509050131898989,0.05775373392691621
3,W,0.5454519315319865,0.6968950560514556,0.8740065067606654,0.06545423178383837
3,W,0.4363615452255892,0.4004258885599524,0.8393542664045156,0.06930448071229946
3,W,0.4710137855817389,0.43122787998764106,0.9240597428306594,0.05775373392691621
3,W,0.476147450819687,0.4658801203437908,0.9009582492598929,0.06160398285537729
3,W,0.49924894439045353,0.47358061820071296,0.9471612364014259,0.07700497856922162
3,W,0.4889816139145573,0.4966821117714794,0.9009582492598929,0.06930448071229946
3,W,0.4645967040343038,0.3850248928461081,0.9471612364014259,0.06160398285537729
3,W,0.46588012034379084,0.4466288757014854,0.8817070046175876,0.06930448071229946
3,W,0.5043826096284016,0.5621363435553178,0.8894075024745097,0.06160398285537729
3,W,0.4504791246299465,0.46973036927225187,0.8201030217622103,0.06160398285537729
3,W,0.5287675195086551,0.5967885839114675,0.9279099917591205,0.06160398285537729
3,W,0.4607464551058427,0.5043826096284016,0.8124025239052881,0.06545423178383837
3,W,0.4633132877248167,0.4658801203437908,0.85475526211836,0.06930448071229946
3,W,0.5018157770094276,0.48898161391455724,0.9471612364014259,0.06930448071229946
3,W,0.5236338542707071,0.5467353478414735,0.9587119831868092,0.06545423178383837
3,W,0.4889816139145573,0.5467353478414735,0.85475526211836,0.06545423178383837
3,W,0.526200686889681,0.5505855967699346,0.9664124810437313,0.06160398285537729
3,W,0.5416016826035254,0.5890880860545453,0.9741129789006535,0.06160398285537729
3,W,0.5249172705801941,0.5467353478414735,0.9741129789006535,0.05390348499845513
3,W,0.5236338542707071,0.56983684141224,0.9356104896160427,0.06545423178383837
3,W,0.46202987141532975,0.45047912462994644,0.8663060089037432,0.06930448071229946
3,W,0.4838479486766092,0.5120831074853237,0.8740065067606654,0.06545423178383837
3,W,0.47743086712917404,0.527484103199168,0.8393542664045156,0.06545423178383837
3,W,0.5069494422473757,0.56983684141224,0.8855572535460486,0.06545423178383837
3,W,0.5018157770094276,0.5505855967699346,0.8894075024745097,0.06545423178383837
3,W,0.5107996911758367,0.5736870903407011,0.8817070046175876,0.07700497856922162
3,W,0.4722972018912259,0.4966821117714794,0.85475526211836,0.06545423178383837
3,W,0.5018157770094276,0.5313343521276291,0.904808498188354,0.06930448071229946
3,W,0.48641478129558324,0.4851313649860962,0.904808498188354,0.06930448071229946
3,W,0.5056660259378887,0.5775373392691622,0.8817070046175876,0.05775373392691621
3,W,0.49026503022404433,0.5351846010560902,0.8663060089037432,0.06930448071229946
3,W,0.42096054951174483,0.4004258885599524,0.8008517771199049,0.06160398285537729
3,W,0.5428850989130124,0.6044890817683897,0.9548617342583481,0.06930448071229946
3,W,0.5172167727232719,0.6006388328399286,0.8817070046175876,0.06930448071229946
3,W,0.47743086712917404,0.5390348499845513,0.8201030217622103,0.07315472964076054
3,W,0.4812811160576352,0.5621363435553178,0.8162527728337492,0.06545423178383837
3,W,0.472297201891226,0.6391413221245394,0.7161463006937611,0.06160398285537729
3,W,0.46844695296276484,0.5159333564137848,0.8124025239052881,0.07700497856922162
3,W,0.4748640345102,0.49283186284301833,0.858605511046821,0.07315472964076054
3,W,0.4235273821307189,0.4158268842737967,0.7893010303345216,0.06545423178383837
4,W,0.5249172705801941,0.6506920689099227,0.85475526211836,0.06930448071229946
4,W,0.5133665237948108,0.6853443092660724,0.7893010303345216,0.06545423178383837
4,W,0.4941152791525054,0.5043826096284016,0.9163592449737372,0.06160398285537729
4,W,0.5069494422473757,0.4812811160576351,0.9779632278291145,0.06160398285537729
4,W,0.47871428343866107,0.45047912462994644,0.9279099917591205,0.05775373392691621
4,W,0.4581796224868686,0.46973036927225187,0.8355040174760545,0.06930448071229946
4,W,0.49539869546199244,0.6391413221245394,0.7893010303345216,0.05775373392691621
4,W,0.5364680173655773,0.8008517771199049,0.7392477942645276,0.06930448071229946
4,W,0.5403182662940383,0.7007453049799167,0.858605511046821,0.06160398285537729
4,W,0.5480187641509605,0.7084458028368389,0.8663060089037432,0.06930448071229946
4,W,0.4851313649860962,0.47358061820071296,0.9125089960452761,0.06930448071229946
4,W,0.41197663534533563,0.3734741460607248,0.7970015281914438,0.06545423178383837
4,W,0.42609421474969295,0.4158268842737967,0.7854507814060605,0.07700497856922162
4,W,0.3709073134417508,0.2964691674915032,0.7469482921214496,0.06930448071229946
4,W,0.34267215463303624,0.2502661803499703,0.7045955539083778,0.07315472964076054
4,W,0.3452389872520103,0.23101493570766485,0.7353975453360665,0.06930448071229946
4,W,0.33497165677611407,0.26951742499227566,0.6776438114091502,0.05775373392691621
4,W,0.33497165677611407,0.31187016320534755,0.6237403264106951,0.06930448071229946
4,W,0.39015855808405625,0.3696238971322638,0.7276970474791443,0.07315472964076054
4,W,0.32855457522867887,0.2926189185630422,0.619890077482234,0.07315472964076054
4,W,0.32727115891919184,0.3003194164199643,0.6083393306968508,0.07315472964076054
4,W,0.32342090999073075,0.2810681717776589,0.6121895796253118,0.07700497856922162
4,W,0.3824580602271341,0.42737763105918,0.662242815695306,0.05775373392691621
4,W,0.39914247225046534,0.3734741460607248,0.7584990389068329,0.06545423178383837
4,W,0.3465224035614973,0.3696238971322638,0.6044890817683897,0.06545423178383837
4,W,0.39400880701251734,0.4004258885599524,0.7045955539083778,0.07700497856922162
4,W,0.3413887383235492,0.3426721546330362,0.6160398285537729,0.06545423178383837
4,W,0.3709073134417508,0.3850248928461081,0.6506920689099227,0.07700497856922162
4,W,0.4337947126066151,0.5736870903407011,0.669943313552228,0.05775373392691621
4,W,0.39015855808405625,0.3388219057045751,0.7700497856922162,0.06160398285537729
4,W,0.3195706610622697,0.30801991427688646,0.5813875881976233,0.06930448071229946
4,W,0.39015855808405625,0.43892837784456323,0.6737935624806891,0.05775373392691621
4,W,0.3965756396314914,0.42737763105918,0.6930448071229945,0.06930448071229946
4,W,0.3875917254650822,0.4196771332022578,0.6737935624806891,0.06930448071229946
4,W,0.4286610473686671,0.5621363435553178,0.6583925667668449,0.06545423178383837
4,W,0.37604097867969893,0.4081263864168746,0.6506920689099227,0.06930448071229946
4,W,0.45561278986789455,0.5967885839114675,0.7084458028368389,0.06160398285537729
4,W,0.4633132877248167,0.6314408242676173,0.6968950560514556,0.06160398285537729
4,W,0.4017093048694395,0.5005323606999406,0.6391413221245394,0.06545423178383837
4,W,0.5030991933189146,0.7122960517653,0.7276970474791443,0.06930448071229946
4,W,0.4183937168927708,0.527484103199168,0.669943313552228,0.05775373392691621
4,W,0.4158268842737968,0.5544358456983957,0.6352910731960784,0.05775373392691621
4,W,0.37219072975123785,0.4081263864168746,0.6429915710530005,0.06545423178383837
4,W,0.39914247225046545,0.47743086712917404,0.6545423178383838,0.06545423178383837
4,W,0.35293948510893247,0.3426721546330362,0.6583925667668449,0.05775373392691621
4,W,0.3888751417745692,0.4966821117714794,0.6044890817683897,0.06545423178383837
4,W,0.37989122760816,0.4004258885599524,0.6737935624806891,0.06545423178383837
4,W,0.42737763105918,0.49283186284301833,0.7276970474791443,0.06160398285537729
4,W,0.4466288757014854,0.5813875881976233,0.7007453049799167,0.05775373392691621
4,W,0.4106932190358486,0.48898161391455724,0.6776438114091502,0.06545423178383837
4,W,0.45047912462994644,0.6237403264106951,0.6660930646237669,0.06160398285537729
4,W,0.4145434679643098,0.4658801203437908,0.7238467985506832,0.05390348499845513
4,W,0.4145434679643097,0.5005323606999406,0.6853443092660724,0.05775373392691621
4,W,0.4453454593919984,0.527484103199168,0.7507985410499107,0.05775373392691621
4,W,0.4838479486766092,0.6314408242676173,0.7661995367637551,0.05390348499845513
4,W,0.3914419743935433,0.39272539070303025,0.7199965496222221,0.06160398285537729
4,W,0.45689620617738164,0.5659865924837789,0.7392477942645276,0.06545423178383837
4,W,0.40427613748841346,0.4851313649860962,0.669943313552228,0.05775373392691621
4,W,0.46716353665327787,0.5736870903407011,0.7661995367637551,0.06160398285537729
4,W,0.4941152791525054,0.6506920689099227,0.762349287835294,0.06930448071229946
4,N1,0.5300509358181421,0.7700497856922162,0.7546487899783718,0.06545423178383837
4,N1,0.5441685152224994,0.8162527728337492,0.7546487899783718,0.06160398285537729
4,N1,0.5428850989130124,0.7893010303345216,0.7777502835491383,0.06160398285537729
4,N1,0.5339011847466032,0.8201030217622103,0.7199965496222221,0.06160398285537729
4,N1,0.4966821117714795,0.7238467985506832,0.7084458028368389,0.05775373392691621
4,N1,0.4838479486766092,0.6968950560514556,0.6968950560514556,0.05775373392691621
4,N1,0.5056660259378886,0.7430980431929886,0.7122960517653,0.06160398285537729
4,N1,0.49539869546199244,0.7315472964076054,0.7007453049799167,0.05390348499845513
4,N1,0.43892837784456323,0.6352910731960784,0.6160398285537729,0.06545423178383837
4,W,0.49539869546199244,0.7238467985506832,0.7045955539083778,0.05775373392691621
4,W,0.377324394989186,0.331121407847653,0.7315472964076054,0.06930448071229946
4,W,0.4363615452255892,0.49283186284301833,0.7469482921214496,0.06930448071229946
4,W,0.5339011847466033,0.7276970474791443,0.8008517771199049,0.07315472964076054
4,N1,0.523633854270707,0.7546487899783718,0.7546487899783718,0.06160398285537729
4,N1,0.5300509358181421,0.7469482921214496,0.7777502835491383,0.06545423178383837
4,N1,0.5351846010560902,0.7584990389068329,0.7739000346206772,0.07315472964076054
4,N1,0.5082328585568627,0.7161463006937611,0.7430980431929886,0.06545423178383837
4,N1,0.4568962061773816,0.5890880860545453,0.7161463006937611,0.06545423178383837
4,N1,0.5107996911758368,0.7122960517653,0.7546487899783718,0.06545423178383837
4,N1,0.4966821117714795,0.7661995367637551,0.6583925667668449,0.06545423178383837
4,N1,0.4889816139145573,0.6814940603376113,0.7199965496222221,0.06545423178383837
4,N1,0.4979655280809665,0.7353975453360665,0.6968950560514556,0.06160398285537729
4,N1,0.45689620617738164,0.7353975453360665,0.5775373392691622,0.05775373392691621
4,N1,0.4068429701073875,0.5505855967699346,0.5967885839114675,0.07315472964076054
4,N1,0.4517625409394335,0.6468418199814616,0.6429915710530005,0.06545423178383837
4,N1,0.44021179415405026,0.662242815695306,0.5967885839114675,0.06160398285537729
4,N1,0.43507812891610215,0.6044890817683897,0.6429915710530005,0.05775373392691621
4,N1,0.4838479486766092,0.6737935624806891,0.7084458028368389,0.06930448071229946
4,N1,0.4838479486766092,0.7045955539083778,0.6891945581945335,0.05775373392691621
4,N1,0.4325112962971281,0.6352910731960784,0.6006388328399286,0.06160398285537729
4,N1,0.5107996911758367,0.762349287835294,0.7007453049799167,0.06930448071229946
4,N1,0.42737763105918,0.5929383349830064,0.6237403264106951,0.06545423178383837
4,N2,0.4363615452255892,0.6352910731960784,0.6083393306968508,0.06545423178383837
4,N2,0.42994446367815403,0.6083393306968508,0.619890077482234,0.06160398285537729
4,N2,0.42737763105918,0.6160398285537729,0.5967885839114675,0.06930448071229946
4,N2,0.46459670403430375,0.6545423178383838,0.6814940603376113,0.05775373392691621
4,N2,0.3888751417745692,0.5351846010560902,0.56983684141224,0.06160398285537729
4,N2,0.40940980272636157,0.56983684141224,0.6006388328399286,0.05775373392691621
4,N2,0.4017093048694395,0.5621363435553178,0.5775373392691622,0.06545423178383837
4,N2,0.4196771332022578,0.5929383349830064,0.6044890817683897,0.06160398285537729
4,N2,0.44277862677302426,0.6314408242676173,0.619890077482234,0.07700497856922162
4,N2,0.40812638641687465,0.5852378371260843,0.5736870903407011,0.06545423178383837
4,N2,0.4350781289161021,0.6121895796253118,0.6160398285537729,0.07700497856922162
4,N2,0.4183937168927709,0.5852378371260843,0.6121895796253118,0.05775373392691621
4,N2,0.43892837784456323,0.5929383349830064,0.6583925667668449,0.06545423178383837
4,N2,0.4106932190358487,0.5505855967699346,0.6237403264106951,0.05775373392691621
4,N2,0.46716353665327787,0.6429915710530005,0.6891945581945335,0.06930448071229946
4,N2,0.3914419743935433,0.5621363435553178,0.5505855967699346,0.06160398285537729
4,N2,0.41197663534533574,0.5852378371260843,0.5890880860545453,0.06160398285537729
4,N2,0.4248107984402059,0.6044890817683897,0.6006388328399286,0.06930448071229946
4,N2,0.4055595537979006,0.5890880860545453,0.56983684141224,0.05775373392691621
4,N2,0.37732439498918596,0.527484103199168,0.5390348499845513,0.06545423178383837
4,N2,0.3606399829658546,0.5043826096284016,0.5159333564137848,0.06160398285537729
4,N2,0.37604097867969893,0.523633854270707,0.5390348499845513,0.06545423178383837
4,N2,0.3875917254650822,0.527484103199168,0.56983684141224,0.06545423178383837
4,W,0.4581796224868686,0.5621363435553178,0.7507985410499107,0.06160398285537729
4,W,0.3259877426097048,0.3657736482038027,0.5467353478414735,0.06545423178383837
4,W,0.38502489284610814,0.41197663534533563,0.6814940603376113,0.06160398285537729
4,W,0.4466288757014854,0.5890880860545453,0.6968950560514556,0.05390348499845513
4,N1,0.4864147812955833,0.6545423178383838,0.7392477942645276,0.06545423178383837
4,N1,0.45304595724892055,0.5775373392691622,0.7199965496222221,0.06160398285537729
4,N1,0.5030991933189146,0.7199965496222221,0.7353975453360665,0.05390348499845513
4,N1,0.4774308671291741,0.7084458028368389,0.6468418199814616,0.07700497856922162
4,N1,0.46074645510584267,0.7122960517653,0.6160398285537729,0.05390348499845513
4,N1,0.472297201891226,0.7161463006937611,0.6314408242676173,0.06930448071229946
4,N1,0.4633132877248167,0.6545423178383838,0.6737935624806891,0.06160398285537729
4,N1,0.45689620617738164,0.662242815695306,0.6506920689099227,0.05775373392691621
4,N1,0.521067021651733,0.7739000346206772,0.7238467985506832,0.06545423178383837
4,N1,0.44406204308251135,0.6352910731960784,0.6314408242676173,0.06545423178383837
4,N1,0.43892837784456323,0.6391413221245394,0.6275905753391562,0.05005323606999405
4,N1,0.4710137855817389,0.6776438114091502,0.6583925667668449,0.07700497856922162
4,N2,0.4106932190358487,0.5467353478414735,0.619890077482234,0.06545423178383837
4,N2,0.4248107984402059,0.56983684141224,0.6391413221245394,0.06545423178383837
4,N2,0.39400880701251734,0.5544358456983957,0.5621363435553178,0.06545423178383837
4,N2,0.4158268842737968,0.5813875881976233,0.6006388328399286,0.06545423178383837
4,N2,0.4158268842737967,0.6160398285537729,0.56983684141224,0.06160398285537729
4,N2,0.3914419743935433,0.5082328585568627,0.6083393306968508,0.05775373392691621
4,N2,0.39529222332200437,0.5505855967699346,0.5659865924837789,0.06930448071229946
4,N2,0.39529222332200437,0.5621363435553178,0.56983684141224,0.05390348499845513
4,N2,0.4196771332022578,0.5929383349830064,0.5929383349830064,0.07315472964076054
4,N2,0.3837414765366211,0.527484103199168,0.5621363435553178,0.06160398285537729
4,N2,0.39914247225046545,0.6083393306968508,0.527484103199168,0.06160398285537729
4,N2,0.38117464391764705,0.5428850989130124,0.5351846010560902,0.06545423178383837
4,N2,0.38630830915559516,0.5351846010560902,0.5544358456983957,0.06930448071229946
4,N2,0.36320681558482865,0.5467353478414735,0.4812811160576351,0.06160398285537729
4,N2,0.37219072975123785,0.5159333564137848,0.5390348499845513,0.06160398285537729
4,N2,0.35037265248995836,0.4620298714153297,0.523633854270707,0.06545423178383837
4,N2,0.35678973403739356,0.47743086712917404,0.5313343521276291,0.06160398285537729
4,N2,0.33882190570457515,0.4658801203437908,0.4966821117714794,0.05390348499845513
4,N2,0.3644902318943157,0.4966821117714794,0.527484103199168,0.06930448071229946
4,N2,0.3555063177279065,0.4581796224868686,0.5390348499845513,0.06930448071229946
4,N2,0.35935656665636756,0.47743086712917404,0.5351846010560902,0.06545423178383837
4,N2,0.3041696653484254,0.4158268842737967,0.43122787998764106,0.06545423178383837
4,N1,0.46716353665327787,0.6891945581945335,0.6506920689099227,0.06160398285537729
4,N1,0.4106932190358486,0.6160398285537729,0.5544358456983957,0.06160398285537729
4,N1,0.4106932190358487,0.5967885839114675,0.5775373392691622,0.05775373392691621
4,N1,0.4363615452255892,0.6314408242676173,0.6160398285537729,0.06160398285537729
4,N2,0.4004258885599525,0.5544358456983957,0.5890880860545453,0.05775373392691621
4,N2,0.4004258885599525,0.5390348499845513,0.6044890817683897,0.05775373392691621
4,N2,0.40299272117892654,0.5390348499845513,0.6044890817683897,0.06545423178383837
4,N2,0.4094098027263617,0.5390348499845513,0.6275905753391562,0.06160398285537729
4,N2,0.3747575623702119,0.5082328585568627,0.5505855967699346,0.06545423178383837
4,N2,0.3490892361804714,0.4812811160576351,0.5005323606999406,0.06545423178383837
4,N2,0.37604097867969893,0.5351846010560902,0.523633854270707,0.06930448071229946
4,N2,0.36449023189431573,0.47358061820071296,0.5505855967699346,0.06930448071229946
4,N2,0.35807315034688053,0.5120831074853237,0.5005323606999406,0.06160398285537729
4,N2,0.3734741460607249,0.5197836053422459,0.5313343521276291,0.06930448071229946
4,N3,0.3516560687994454,0.4812811160576351,0.5120831074853237,0.06160398285537729
4,N2,0.30930333058637344,0.4196771332022578,0.45047912462994644,0.05775373392691621
4,N2,0.3247043263002178,0.4466288757014854,0.4620298714153297,0.06545423178383837
4,N1,0.3170038284432956,0.4235273821307189,0.4581796224868686,0.06930448071229946
4,N2,0.33240482415713996,0.43122787998764106,0.5082328585568627,0.05775373392691621
4,N2,0.3927253907030302,0.5159333564137848,0.5852378371260843,0.07700497856922162
4,N2,0.36063998296585464,0.4620298714153297,0.5544358456983957,0.06545423178383837
4,N2,0.3696238971322638,0.5005323606999406,0.5428850989130124,0.06545423178383837
4,N2,0.35422290141841944,0.4620298714153297,0.527484103199168,0.07315472964076054
4,N2,0.3478058198709843,0.4620298714153297,0.523633854270707,0.05775373392691621
4,N2,0.2900520859440681,0.3734741460607248,0.42737763105918,0.06930448071229946
4,N2,0.2708008413017627,0.38887514177456917,0.3657736482038027,0.05775373392691621
4,N2,0.32342090999073075,0.4158268842737967,0.48898161391455724,0.06545423178383837
4,N2,0.3016028327294513,0.4196771332022578,0.43122787998764106,0.05390348499845513
4,N3,0.26438375975432754,0.3426721546330362,0.39272539070303025,0.05775373392691621
4,N3,0.377324394989186,0.4851313649860962,0.5852378371260843,0.06160398285537729
4,N3,0.31828724475278264,0.4158268842737967,0.47743086712917404,0.06160398285537729
4,N2,0.34267215463303624,0.43507812891610215,0.5313343521276291,0.06160398285537729
4,N3,0.3157204121338086,0.41197663534533563,0.4658801203437908,0.06930448071229946
4,N2,0.3593565666563676,0.4543293735584075,0.5544358456983957,0.06930448071229946
4,N2,0.38630830915559516,0.527484103199168,0.5659865924837789,0.06545423178383837
4,N2,0.38502489284610814,0.5313343521276291,0.5544358456983957,0.06930448071229946
4,N2,0.33882190570457515,0.4620298714153297,0.4812811160576351,0.07315472964076054
4,N2,0.35293948510893247,0.4466288757014854,0.5582860946268567,0.05390348499845513
4,N2,0.3567897340373935,0.49283186284301833,0.5120831074853237,0.06545423178383837
4,N2,0.3413887383235492,0.4081263864168746,0.5544358456983957,0.06160398285537729
4,N3,0.3619233992753417,0.46973036927225187,0.5544358456983957,0.06160398285537729
4,N2,0.3837414765366211,0.5197836053422459,0.5659865924837789,0.06545423178383837
4,N2,0.3208540773717567,0.45047912462994644,0.4581796224868686,0.05390348499845513
4,N2,0.35165606879944544,0.4466288757014854,0.5428850989130124,0.06545423178383837
4,N2,0.33368824046662704,0.4581796224868686,0.4851313649860962,0.05775373392691621
4,N2,0.36705706451328973,0.4851313649860962,0.5582860946268567,0.05775373392691621
4,N2,0.33497165677611407,0.48898161391455724,0.4543293735584075,0.06160398285537729
4,N2,0.33882190570457515,0.4658801203437908,0.48898161391455724,0.06160398285537729
4,N2,0.38117464391764705,0.5159333564137848,0.5621363435553178,0.06545423178383837
4,N2,0.38630830915559516,0.5544358456983957,0.5505855967699346,0.05390348499845513
4,N2,0.3888751417745692,0.5428850989130124,0.5582860946268567,0.06545423178383837
4,REM,0.41197663534533574,0.619890077482234,0.5544358456983957,0.06160398285537729
4,REM,0.46844695296276484,0.7122960517653,0.6314408242676173,0.06160398285537729
4,REM,0.42096054951174483,0.6583925667668449,0.5505855967699346,0.05390348499845513
4,REM,0.4106932190358486,0.5813875881976233,0.5967885839114675,0.05390348499845513
4,REM,0.44406204308251135,0.662242815695306,0.6083393306968508,0.06160398285537729
4,REM,0.4145434679643097,0.5736870903407011,0.6044890817683897,0.06545423178383837
4,REM,0.476147450819687,0.7161463006937611,0.6583925667668449,0.05390348499845513
4,REM,0.43122787998764106,0.6160398285537729,0.6121895796253118,0.06545423178383837
4,REM,0.4145434679643097,0.5736870903407011,0.6044890817683897,0.06545423178383837
4,REM,0.44791229201097243,0.669943313552228,0.6006388328399286,0.07315472964076054
4,REM,0.43507812891610226,0.662242815695306,0.5736870903407011,0.06930448071229946
4,REM,0.40812638641687465,0.5852378371260843,0.5813875881976233,0.05775373392691621
4,REM,0.42096054951174483,0.6314408242676173,0.5775373392691622,0.05390348499845513
4,REM,0.43379471260661523,0.662242815695306,0.5813875881976233,0.05775373392691621
4,REM,0.45047912462994644,0.6814940603376113,0.6006388328399286,0.06930448071229946
4,N1,0.35550631772790653,0.5043826096284016,0.4966821117714794,0.06545423178383837
4,N1,0.4812811160576352,0.662242815695306,0.7238467985506832,0.05775373392691621
4,N1,0.4812811160576351,0.7161463006937611,0.6660930646237669,0.06160398285537729
4,N1,0.46973036927225187,0.6891945581945335,0.6545423178383838,0.06545423178383837
4,N1,0.4453454593919984,0.619890077482234,0.6545423178383838,0.06160398285537729
4,N2,0.428661047368667,0.619890077482234,0.6044890817683897,0.06160398285537729
4,N2,0.4055595537979006,0.56983684141224,0.5813875881976233,0.06545423178383837
4,N2,0.4158268842737968,0.5852378371260843,0.6044890817683897,0.05775373392691621
4,N2,0.4337947126066151,0.6006388328399286,0.6429915710530005,0.05775373392691621
4,N2,0.4055595537979006,0.5621363435553178,0.5890880860545453,0.06545423178383837
4,N2,0.4068429701073876,0.5852378371260843,0.5813875881976233,0.05390348499845513
4,N2,0.41326005165482266,0.5890880860545453,0.5890880860545453,0.06160398285537729
4,N2,0.4106932190358486,0.5813875881976233,0.5890880860545453,0.06160398285537729
4,N2,0.4106932190358487,0.6083393306968508,0.5582860946268567,0.06545423178383837
4,N2,0.3875917254650822,0.5621363435553178,0.5351846010560902,0.06545423178383837
4,N2,0.39529222332200437,0.5390348499845513,0.5813875881976233,0.06545423178383837
4,N2,0.3875917254650822,0.5428850989130124,0.5621363435553178,0.05775373392691621
4,N2,0.36063998296585464,0.5043826096284016,0.5197836053422459,0.05775373392691621
4,N2,0.4068429701073876,0.5582860946268567,0.5929383349830064,0.06930448071229946
4,N2,0.35935656665636756,0.5005323606999406,0.5120831074853237,0.06545423178383837
4,N2,0.3837414765366211,0.5582860946268567,0.527484103199168,0.06545423178383837
4,N2,0.4235273821307189,0.6160398285537729,0.5929383349830064,0.06160398285537729
4,N2,0.3747575623702119,0.5159333564137848,0.5505855967699346,0.05775373392691621
4,N2,0.3747575623702119,0.5159333564137848,0.5467353478414735,0.06160398285537729
4,N2,0.35550631772790653,0.4851313649860962,0.523633854270707,0.05775373392691621
4,N2,0.3696238971322638,0.4966821117714794,0.5544358456983957,0.05775373392691621
4,N2,0.34780581987098436,0.47358061820071296,0.5043826096284016,0.06545423178383837
4,N2,0.35037265248995836,0.4658801203437908,0.5197836053422459,0.06545423178383837
4,N3,0.28235158808714594,0.38887514177456917,0.39657563963149134,0.06160398285537729
4,N2,0.3516560687994454,0.4620298714153297,0.5313343521276291,0.06160398285537729
4,N2,0.3118701632053475,0.4235273821307189,0.45047912462994644,0.06160398285537729
4,N3,0.26438375975432754,0.34652240356149727,0.3773243949891859,0.06930448071229946
4,N2,0.33882190570457515,0.4466288757014854,0.48898161391455724,0.0808552274976827
4,N2,0.28748525332509406,0.3619233992753416,0.43892837784456323,0.06160398285537729
4,N2,0.3311214078476529,0.39272539070303025,0.5313343521276291,0.06930448071229946
4,N2,0.30288624903893835,0.4235273821307189,0.4158268842737967,0.06930448071229946
4,N2,0.31957066106226967,0.4581796224868686,0.43507812891610215,0.06545423178383837
4,N2,0.3247043263002178,0.4158268842737967,0.4851313649860962,0.07315472964076054
4,N2,0.3105867468958605,0.4235273821307189,0.4466288757014854,0.06160398285537729
4,N3,0.30288624903893835,0.4042761374884135,0.45047912462994644,0.05390348499845513
4,N2,0.3170038284432956,0.4235273821307189,0.4658801203437908,0.06160398285537729
4,N3,0.2708008413017627,0.41197663534533563,0.334971656776114,0.06545423178383837
4,N2,0.27850133915868486,0.39272539070303025,0.3850248928461081,0.05775373392691621
4,N2,0.28235158808714594,0.38887514177456917,0.39272539070303025,0.06545423178383837
4,N3,0.25539984558791834,0.3773243949891859,0.331121407847653,0.05775373392691621
4,N3,0.27336767392073674,0.3850248928461081,0.3734741460607248,0.06160398285537729
4,N3,0.2335817683266389,0.3003194164199643,0.34652240356149727,0.05390348499845513
4,N3,0.2669505923733016,0.35807315034688053,0.381174643917647,0.06160398285537729
4,N3,0.26566717606381457,0.35037265248995836,0.381174643917647,0.06545423178383837
4,N3,0.23101493570766485,0.31187016320534755,0.3234209099907308,0.05775373392691621
4,N3,0.23229835201715188,0.31187016320534755,0.3234209099907308,0.06160398285537729
4,N3,0.2631003434448405,0.39272539070303025,0.334971656776114,0.06160398285537729
4,N3,0.26053351082586645,0.35807315034688053,0.3619233992753416,0.06160398285537729
4,N3,0.2926189185630422,0.3696238971322638,0.4427786267730243,0.06545423178383837
4,N3,0.2374320172551,0.3272711589191919,0.3234209099907308,0.06160398285537729
4,N3,0.2592500945163794,0.3388219057045751,0.3734741460607248,0.06545423178383837
4,N3,0.26566717606381457,0.334971656776114,0.39272539070303025,0.06930448071229946
4,N3,0.2669505923733016,0.3657736482038027,0.3734741460607248,0.06160398285537729
4,N3,0.23229835201715188,0.3234209099907308,0.3195706610622697,0.05390348499845513
4,N3,0.23486518463612593,0.30801991427688646,0.331121407847653,0.06545423178383837
4,N3,0.24513251511202214,0.3734741460607248,0.3003194164199643,0.06160398285537729
4,N3,0.2335817683266389,0.331121407847653,0.3041696653484254,0.06545423178383837
4,N3,0.26438375975432754,0.3734741460607248,0.35037265248995836,0.06930448071229946
4,N3,0.2720842576112497,0.3696238971322638,0.3734741460607248,0.07315472964076054
4,N2,0.2592500945163794,0.3734741460607248,0.3388219057045751,0.06545423178383837
4,N2,0.2245978541602297,0.30801991427688646,0.31187016320534755,0.05390348499845513
4,N3,0.23614860094561296,0.331121407847653,0.31572041213380864,0.06160398285537729
4,N3,0.25283301296894434,0.30801991427688646,0.3696238971322638,0.0808552274976827
4,N3,0.23229835201715188,0.2887686696345811,0.35037265248995836,0.05775373392691621
4,N3,0.23871543356458702,0.3272711589191919,0.331121407847653,0.05775373392691621
4,N3,0.25539984558791834,0.35037265248995836,0.34652240356149727,0.06930448071229946
4,N3,0.23486518463612593,0.3003194164199643,0.3388219057045751,0.06545423178383837
4,W,0.21818077261279456,0.3272711589191919,0.26951742499227566,0.05775373392691621
4,W,0.23614860094561296,0.35422290141841944,0.2964691674915032,0.05775373392691621
4,W,0.3298379915381659,0.35807315034688053,0.5736870903407011,0.05775373392691621
4,N1,0.3888751417745692,0.5159333564137848,0.5890880860545453,0.06160398285537729
4,N1,0.41326005165482266,0.5929383349830064,0.5852378371260843,0.06160398285537729
4,N1,0.37732439498918596,0.5005323606999406,0.5659865924837789,0.06545423178383837
4,N1,0.43122787998764106,0.5659865924837789,0.6506920689099227,0.07700497856922162
4,N2,0.37604097867969893,0.4851313649860962,0.5736870903407011,0.06930448071229946
4,N2,0.35935656665636756,0.49283186284301833,0.527484103199168,0.05775373392691621
4,N2,0.37604097867969893,0.4812811160576351,0.5890880860545453,0.05775373392691621
4,N2,0.3670570645132898,0.4812811160576351,0.5505855967699346,0.06930448071229946
4,N2,0.3734741460607249,0.5120831074853237,0.5467353478414735,0.06160398285537729
4,N2,0.40299272117892654,0.5582860946268567,0.5852378371260843,0.06545423178383837
4,N2,0.3734741460607249,0.5351846010560902,0.5159333564137848,0.06930448071229946
4,N2,0.3644902318943157,0.5313343521276291,0.4966821117714794,0.06545423178383837
4,N2,0.3696238971322638,0.5159333564137848,0.527484103199168,0.06545423178383837
4,W,0.3131535795148345,0.5351846010560902,0.3388219057045751,0.06545423178383837
4,N1,0.31957066106226967,0.48898161391455724,0.41197663534533563,0.05775373392691621
4,N2,0.3567897340373935,0.48898161391455724,0.523633854270707,0.05775373392691621
4,N2,0.3927253907030303,0.5736870903407011,0.5390348499845513,0.06545423178383837
4,N2,0.39015855808405625,0.5736870903407011,0.5351846010560902,0.06160398285537729
4,N2,0.37989122760816,0.5390348499845513,0.5351846010560902,0.06545423178383837
4,N2,0.38117464391764705,0.56983684141224,0.5159333564137848,0.05775373392691621
4,N2,0.34652240356149727,0.48898161391455724,0.4966821117714794,0.05390348499845513
4,N2,0.3683404808227768,0.5736870903407011,0.4658801203437908,0.06545423178383837
4,N1,0.34267215463303624,0.43892837784456323,0.523633854270707,0.06545423178383837
4,N1,0.3978590559409783,0.523633854270707,0.6083393306968508,0.06160398285537729
4,N2,0.3644902318943157,0.4658801203437908,0.56983684141224,0.05775373392691621
4,N2,0.41197663534533574,0.5621363435553178,0.6121895796253118,0.06160398285537729
4,N2,0.4029927211789264,0.523633854270707,0.6237403264106951,0.06160398285537729
4,N2,0.3413887383235492,0.4081263864168746,0.5505855967699346,0.06545423178383837
4,N2,0.33497165677611407,0.4620298714153297,0.4851313649860962,0.05775373392691621
4,N2,0.38502489284610814,0.5082328585568627,0.5929383349830064,0.05390348499845513
4,N2,0.3670570645132898,0.5390348499845513,0.5005323606999406,0.06160398285537729
4,N2,0.39015855808405625,0.5428850989130124,0.5659865924837789,0.06160398285537729
4,N2,0.37860781129867305,0.5082328585568627,0.56983684141224,0.05775373392691621
4,N2,0.38630830915559516,0.5467353478414735,0.5428850989130124,0.06930448071229946
4,N2,0.4068429701073875,0.5582860946268567,0.6044890817683897,0.05775373392691621
4,N1,0.34652240356149727,0.4658801203437908,0.5120831074853237,0.06160398285537729
4,N1,0.3888751417745692,0.4966821117714794,0.6044890817683897,0.06545423178383837
4,N2,0.43122787998764106,0.56983684141224,0.662242815695306,0.06160398285537729
4,N2,0.40299272117892654,0.523633854270707,0.6275905753391562,0.05775373392691621
4,N2,0.3927253907030303,0.5082328585568627,0.6121895796253118,0.05775373392691621
4,N2,0.41711030058328374,0.5929383349830064,0.5929383349830064,0.06545423178383837
4,N2,0.3696238971322638,0.47358061820071296,0.5775373392691622,0.05775373392691621
4,N2,0.38630830915559516,0.5351846010560902,0.5582860946268567,0.06545423178383837
4,N2,0.3824580602271341,0.5390348499845513,0.5505855967699346,0.05775373392691621
4,N2,0.378607811298673,0.5505855967699346,0.527484103199168,0.05775373392691621
4,N2,0.3709073134417508,0.5120831074853237,0.5351846010560902,0.06545423178383837
4,N2,0.36834048082277676,0.5082328585568627,0.5351846010560902,0.06160398285537729
4,N2,0.3721907297512379,0.5082328585568627,0.5390348499845513,0.06930448071229946
4,N2,0.3362550730856011,0.45047912462994644,0.4966821117714794,0.06160398285537729
4,N2,0.34523898725201024,0.5120831074853237,0.4658801203437908,0.05775373392691621
4,N2,0.35678973403739356,0.4851313649860962,0.5082328585568627,0.07700497856922162
4,N2,0.3555063177279065,0.5197836053422459,0.49283186284301833,0.05390348499845513
4,N2,0.32727115891919184,0.4620298714153297,0.4620298714153297,0.05775373392691621
4,N2,0.3247043263002178,0.45047912462994644,0.4581796224868686,0.06545423178383837
4,N2,0.3696238971322638,0.48898161391455724,0.5659865924837789,0.05390348499845513
4,N2,0.33368824046662704,0.4427786267730243,0.4966821117714794,0.06160398285537729
4,N2,0.3529394851089324,0.45047912462994644,0.5428850989130124,0.06545423178383837
4,N2,0.3619233992753416,0.4812811160576351,0.5467353478414735,0.05775373392691621
4,N2,0.3747575623702119,0.47358061820071296,0.5852378371260843,0.06545423178383837
4,N2,0.3311214078476529,0.43892837784456323,0.48898161391455724,0.06545423178383837
4,N2,0.3619233992753417,0.5082328585568627,0.5159333564137848,0.06160398285537729
4,N2,0.3465224035614973,0.4851313649860962,0.49283186284301833,0.06160398285537729
4,N2,0.33240482415713996,0.4581796224868686,0.47743086712917404,0.06160398285537729
4,N2,0.3516560687994454,0.4543293735584075,0.5313343521276291,0.06930448071229946
4,N1,0.36449023189431573,0.46973036927225187,0.5621363435553178,0.06160398285537729
4,N1,0.39015855808405614,0.5120831074853237,0.5967885839114675,0.06160398285537729
4,N2,0.34780581987098436,0.43122787998764106,0.5428850989130124,0.06930448071229946
4,N2,0.3567897340373935,0.47743086712917404,0.5351846010560902,0.05775373392691621
4,N2,0.38630830915559516,0.5005323606999406,0.5967885839114675,0.06160398285537729
4,N2,0.3311214078476529,0.4466288757014854,0.4851313649860962,0.06160398285537729
4,N2,0.36449023189431573,0.47358061820071296,0.5582860946268567,0.06160398285537729
4,N2,0.34908923618047133,0.4620298714153297,0.523633854270707,0.06160398285537729
4,N2,0.3362550730856011,0.4158268842737967,0.5390348499845513,0.05390348499845513
4,N2,0.39015855808405625,0.527484103199168,0.5813875881976233,0.06160398285537729
4,N2,0.3709073134417508,0.4966821117714794,0.5582860946268567,0.05775373392691621
4,REM,0.377324394989186,0.4851313649860962,0.5852378371260843,0.06160398285537729
4,REM,0.4094098027263617,0.5659865924837789,0.5929383349830064,0.06930448071229946
4,REM,0.40812638641687465,0.5813875881976233,0.5852378371260843,0.05775373392691621
4,REM,0.42096054951174483,0.6083393306968508,0.5929383349830064,0.06160398285537729
4,REM,0.40812638641687465,0.5890880860545453,0.5775373392691622,0.05775373392691621
4,REM,0.3824580602271341,0.5428850989130124,0.5428850989130124,0.06160398285537729
4,REM,0.4363615452255892,0.6083393306968508,0.6468418199814616,0.05390348499845513
4,REM,0.428661047368667,0.6083393306968508,0.6237403264106951,0.05390348499845513
4,REM,0.39015855808405614,0.5197836053422459,0.5890880860545453,0.06160398285537729
4,REM,0.3978590559409784,0.5043826096284016,0.6237403264106951,0.06545423178383837
4,REM,0.42609421474969295,0.6237403264106951,0.6006388328399286,0.05390348499845513
4,REM,0.41711030058328374,0.6044890817683897,0.5890880860545453,0.05775373392691621
4,REM,0.4094098027263617,0.5428850989130124,0.6160398285537729,0.06930448071229946
4,REM,0.41326005165482266,0.619890077482234,0.5505855967699346,0.06930448071229946
4,N1,0.37604097867969893,0.619890077482234,0.43892837784456323,0.06930448071229946
4,N1,0.4235273821307189,0.6006388328399286,0.6160398285537729,0.05390348499845513
4,REM,0.4504791246299465,0.619890077482234,0.6660930646237669,0.06545423178383837
4,REM,0.4517625409394335,0.6968950560514556,0.6044890817683897,0.05390348499845513
4,REM,0.41326005165482277,0.6083393306968508,0.5659865924837789,0.06545423178383837
4,REM,0.3965756396314914,0.5505855967699346,0.5736870903407011,0.06545423178383837
4,REM,0.39529222332200437,0.5659865924837789,0.5659865924837789,0.05390348499845513
4,REM,0.43122787998764106,0.6044890817683897,0.6275905753391562,0.06160398285537729
4,REM,0.42609421474969295,0.7276970474791443,0.48898161391455724,0.06160398285537729
4,N1,0.4594630387963557,0.7199965496222221,0.5967885839114675,0.06160398285537729
4,N1,0.4196771332022579,0.5351846010560902,0.6468418199814616,0.07700497856922162
4,REM,0.4363615452255892,0.6006388328399286,0.6429915710530005,0.06545423178383837
4,REM,0.36320681558482865,0.47358061820071296,0.5467353478414735,0.06930448071229946
4,REM,0.45176254093943347,0.7007453049799167,0.5890880860545453,0.06545423178383837
4,REM,0.40299272117892654,0.5351846010560902,0.6160398285537729,0.05775373392691621
4,REM,0.41326005165482277,0.5775373392691622,0.5967885839114675,0.06545423178383837
4,N1,0.3709073134417509,0.6583925667668449,0.38887514177456917,0.06545423178383837
4,N1,0.46074645510584267,0.7430980431929886,0.56983684141224,0.06930448071229946
4,N1,0.44919570832045946,0.6891945581945335,0.5890880860545453,0.06930448071229946
4,N1,0.41197663534533574,0.6275905753391562,0.5544358456983957,0.05390348499845513
4,N1,0.4363615452255892,0.6429915710530005,0.6044890817683897,0.06160398285537729
4,N1,0.47101378558173895,0.7084458028368389,0.6468418199814616,0.05775373392691621
4,N1,0.41197663534533574,0.5582860946268567,0.6160398285537729,0.06160398285537729
4,N2,0.39400880701251734,0.5505855967699346,0.5621363435553178,0.06930448071229946
4,N2,0.42224396582123186,0.619890077482234,0.5813875881976233,0.06545423178383837
4,N2,0.42609421474969295,0.6429915710530005,0.5736870903407011,0.06160398285537729
4,N2,0.43507812891610215,0.6660930646237669,0.5775373392691622,0.06160398285537729
4,N2,0.44406204308251135,0.619890077482234,0.6468418199814616,0.06545423178383837
4,N2,0.3927253907030303,0.5736870903407011,0.5351846010560902,0.06930448071229946
4,N2,0.3824580602271341,0.5120831074853237,0.5813875881976233,0.05390348499845513
4,N2,0.4068429701073876,0.5929383349830064,0.5659865924837789,0.06160398285537729
4,N2,0.41326005165482277,0.5813875881976233,0.6083393306968508,0.05005323606999405
4,N2,0.4427786267730243,0.619890077482234,0.6468418199814616,0.06160398285537729
4,N2,0.37732439498918596,0.5428850989130124,0.527484103199168,0.06160398285537729
4,N2,0.4004258885599525,0.5505855967699346,0.5852378371260843,0.06545423178383837
4,N2,0.4004258885599525,0.6083393306968508,0.5351846010560902,0.05775373392691621
4,N2,0.39144197439354317,0.5929383349830064,0.5159333564137848,0.06545423178383837
4,N2,0.41326005165482266,0.6121895796253118,0.5659865924837789,0.06160398285537729
4,N2,0.3696238971322638,0.48898161391455724,0.5621363435553178,0.05775373392691621
4,N2,0.4055595537979006,0.5505855967699346,0.6083393306968508,0.05775373392691621
4,N2,0.37219072975123785,0.5159333564137848,0.5390348499845513,0.06160398285537729
4,N2,0.3888751417745692,0.5852378371260843,0.5197836053422459,0.06160398285537729
4,N2,0.38502489284610814,0.5582860946268567,0.5390348499845513,0.05775373392691621
4,N2,0.41711030058328374,0.6083393306968508,0.5775373392691622,0.06545423178383837
4,N2,0.39914247225046545,0.5813875881976233,0.5505855967699346,0.06545423178383837
4,N2,0.3875917254650822,0.527484103199168,0.5775373392691622,0.05775373392691621
4,N2,0.41711030058328374,0.6237403264106951,0.56983684141224,0.05775373392691621
4,N2,0.3888751417745692,0.5390348499845513,0.5659865924837789,0.06160398285537729
4,N2,0.4017093048694395,0.5621363435553178,0.5813875881976233,0.06160398285537729
4,N2,0.41197663534533563,0.5852378371260843,0.5929383349830064,0.05775373392691621
4,N2,0.3978590559409784,0.5813875881976233,0.5467353478414735,0.06545423178383837
4,N2,0.37989122760816,0.5351846010560902,0.5467353478414735,0.05775373392691621
4,N2,0.35550631772790653,0.5005323606999406,0.5082328585568627,0.05775373392691621
4,N1,0.36834048082277676,0.5775373392691622,0.47358061820071296,0.05390348499845513
4,N2,0.3875917254650822,0.5390348499845513,0.56983684141224,0.05390348499845513
4,N2,0.4196771332022578,0.6006388328399286,0.5967885839114675,0.06160398285537729
4,N2,0.40427613748841357,0.56983684141224,0.5852378371260843,0.05775373392691621
4,N2,0.3606399829658546,0.5197836053422459,0.5005323606999406,0.06160398285537729
4,N2,0.39529222332200437,0.5544358456983957,0.56983684141224,0.06160398285537729
4,N1,0.4106932190358486,0.5390348499845513,0.6314408242676173,0.06160398285537729
4,N1,0.4145434679643097,0.6160398285537729,0.5621363435553178,0.06545423178383837
4,N2,0.39400880701251734,0.5505855967699346,0.56983684141224,0.06160398285537729
4,N2,0.3721907297512379,0.5544358456983957,0.5005323606999406,0.06160398285537729
4,N2,0.4094098027263617,0.5852378371260843,0.5775373392691622,0.06545423178383837
4,N2,0.39529222332200437,0.5544358456983957,0.56983684141224,0.06160398285537729
4,N2,0.38630830915559516,0.5505855967699346,0.5428850989130124,0.06545423178383837
4,N2,0.3644902318943157,0.5082328585568627,0.527484103199168,0.05775373392691621
4,N2,0.38630830915559516,0.5467353478414735,0.5544358456983957,0.05775373392691621
4,N2,0.36577364820380276,0.5043826096284016,0.5351846010560902,0.05775373392691621
4,N2,0.376040978679699,0.5082328585568627,0.5544358456983957,0.06545423178383837
4,N2,0.37604097867969893,0.5120831074853237,0.5621363435553178,0.05390348499845513
4,N2,0.39015855808405625,0.56983684141224,0.5390348499845513,0.06160398285537729
4,N2,0.36705706451328973,0.527484103199168,0.5120831074853237,0.06160398285537729
4,N2,0.31443699582432155,0.4196771332022578,0.4581796224868686,0.06545423178383837
4,N1,0.42609421474969295,0.6314408242676173,0.5890880860545453,0.05775373392691621
4,N1,0.4158268842737968,0.5813875881976233,0.6083393306968508,0.05775373392691621
4,N1,0.42609421474969306,0.5582860946268567,0.662242815695306,0.05775373392691621
4,N1,0.4004258885599525,0.5582860946268567,0.56983684141224,0.07315472964076054
4,N2,0.3888751417745692,0.5082328585568627,0.5967885839114675,0.06160398285537729
4,N2,0.36320681558482865,0.48898161391455724,0.5351846010560902,0.06545423178383837
4,N2,0.40042588855995237,0.5120831074853237,0.6275905753391562,0.06160398285537729
4,N2,0.3978590559409784,0.5582860946268567,0.5736870903407011,0.06160398285537729
4,N2,0.40427613748841357,0.5659865924837789,0.5813875881976233,0.06545423178383837
4,N2,0.40427613748841357,0.5736870903407011,0.5775373392691622,0.06160398285537729
4,N2,0.3927253907030303,0.5582860946268567,0.5505855967699346,0.06930448071229946
4,N2,0.39529222332200425,0.5351846010560902,0.5967885839114675,0.05390348499845513
4,N2,0.4004258885599525,0.5621363435553178,0.5736870903407011,0.06545423178383837
4,N2,0.41197663534533563,0.5621363435553178,0.6083393306968508,0.06545423178383837
4,N2,0.40299272117892654,0.5621363435553178,0.5890880860545453,0.05775373392691621
4,N2,0.3696238971322638,0.5467353478414735,0.4966821117714794,0.06545423178383837
4,N2,0.35678973403739356,0.4966821117714794,0.5082328585568627,0.06545423178383837
4,N2,0.39529222332200437,0.5621363435553178,0.5505855967699346,0.07315472964076054
4,N2,0.3580731503468806,0.4966821117714794,0.5043826096284016,0.07315472964076054
4,N2,0.37604097867969893,0.5467353478414735,0.5197836053422459,0.06160398285537729
4,N2,0.37732439498918596,0.5467353478414735,0.5197836053422459,0.06545423178383837
4,N2,0.31828724475278264,0.46973036927225187,0.42737763105918,0.05775373392691621
4,N2,0.3413887383235492,0.46973036927225187,0.49283186284301833,0.06160398285537729
4,N2,0.3875917254650822,0.5428850989130124,0.5659865924837789,0.05390348499845513
4,N2,0.3696238971322638,0.4966821117714794,0.5505855967699346,0.06160398285537729
4,N2,0.378607811298673,0.523633854270707,0.5582860946268567,0.05390348499845513
4,N2,0.3644902318943157,0.5197836053422459,0.5159333564137848,0.05775373392691621
4,N2,0.3965756396314914,0.5544358456983957,0.5659865924837789,0.06930448071229946
4,N2,0.3105867468958605,0.43122787998764106,0.43122787998764106,0.06930448071229946
4,N2,0.35037265248995836,0.5197836053422459,0.4581796224868686,0.07315472964076054
4,N2,0.38502489284610814,0.5351846010560902,0.5544358456983957,0.06545423178383837
4,N2,0.3170038284432956,0.4581796224868686,0.43122787998764106,0.06160398285537729
4,N2,0.3914419743935433,0.49283186284301833,0.619890077482234,0.06160398285537729
4,N2,0.3644902318943157,0.4966821117714794,0.527484103199168,0.06930448071229946
4,N2,0.40299272117892654,0.5775373392691622,0.56983684141224,0.06160398285537729
4,N2,0.3644902318943157,0.5390348499845513,0.48898161391455724,0.06545423178383837
4,N2,0.3144369958243216,0.4081263864168746,0.4851313649860962,0.05005323606999405
4,N2,0.31957066106226967,0.4466288757014854,0.4543293735584075,0.05775373392691621
4,N2,0.32855457522867887,0.43507812891610215,0.48898161391455724,0.06160398285537729
4,N2,0.33882190570457515,0.4466288757014854,0.5043826096284016,0.06545423178383837
4,N2,0.31828724475278264,0.43892837784456323,0.4543293735584075,0.06160398285537729
4,N2,0.3298379915381659,0.4196771332022578,0.4966821117714794,0.07315472964076054
4,N2,0.30801991427688646,0.4004258885599524,0.4543293735584075,0.06930448071229946
4,N2,0.35165606879944544,0.4812811160576351,0.5043826096284016,0.06930448071229946
4,N2,0.32085407737175675,0.4042761374884135,0.5005323606999406,0.05775373392691621
4,N2,0.32855457522867887,0.4581796224868686,0.4658801203437908,0.06160398285537729
4,N2,0.3362550730856011,0.47743086712917404,0.46973036927225187,0.06160398285537729
4,N2,0.3208540773717567,0.4427786267730243,0.4581796224868686,0.06160398285537729
4,N2,0.3221374936812437,0.4158268842737967,0.4812811160576351,0.06930448071229946
4,N2,0.36063998296585464,0.46973036927225187,0.5467353478414735,0.06545423178383837
4,N2,0.34267215463303624,0.47358061820071296,0.49283186284301833,0.06160398285537729
4,N2,0.3644902318943157,0.5313343521276291,0.5043826096284016,0.05775373392691621
4,N2,0.3157204121338086,0.43507812891610215,0.45047912462994644,0.06160398285537729
4,N2,0.3401053220140622,0.4235273821307189,0.5428850989130124,0.05390348499845513
4,N2,0.2708008413017627,0.35807315034688053,0.39657563963149134,0.05775373392691621
4,N2,0.28748525332509406,0.35422290141841944,0.4427786267730243,0.06545423178383837
4,N3,0.27721792284919783,0.3734741460607248,0.4004258885599524,0.05775373392691621
4,N2,0.2720842576112497,0.3696238971322638,0.38887514177456917,0.05775373392691621
4,N2,0.3016028327294513,0.39272539070303025,0.4581796224868686,0.05390348499845513
4,N2,0.2797847554681719,0.38887514177456917,0.3850248928461081,0.06545423178383837
4,N2,0.28235158808714594,0.4042761374884135,0.38887514177456917,0.05390348499845513
4,N2,0.27850133915868486,0.39272539070303025,0.3773243949891859,0.06545423178383837
4,N3,0.24641593142150917,0.3388219057045751,0.3388219057045751,0.06160398285537729
4,N3,0.30288624903893835,0.3773243949891859,0.47358061820071296,0.05775373392691621
4,N3,0.2579666782068924,0.31572041213380864,0.38887514177456917,0.06930448071229946
4,N3,0.2502661803499703,0.331121407847653,0.3619233992753416,0.05775373392691621
4,N3,0.2464159314215092,0.3195706610622697,0.3619233992753416,0.05775373392691621
4,N2,0.29518575118201623,0.41197663534533563,0.4042761374884135,0.06930448071229946
4,N3,0.27721792284919783,0.38887514177456917,0.38887514177456917,0.05390348499845513
4,N2,0.29646916749150326,0.4042761374884135,0.4235273821307189,0.06160398285537729
4,N3,0.2541164292784313,0.3272711589191919,0.3773243949891859,0.05775373392691621
4,N3,0.2887686696345811,0.35422290141841944,0.45047912462994644,0.06160398285537729
4,N3,0.2618169271353535,0.35807315034688053,0.35422290141841944,0.07315472964076054
4,N3,0.2541164292784313,0.3426721546330362,0.35807315034688053,0.06160398285537729
4,N3,0.2708008413017627,0.334971656776114,0.41197663534533563,0.06545423178383837
4,N3,0.2708008413017627,0.35422290141841944,0.38887514177456917,0.06930448071229946
4,N3,0.2720842576112497,0.3657736482038027,0.3850248928461081,0.06545423178383837
4,N3,0.2335817683266389,0.334971656776114,0.3003194164199643,0.06545423178383837
4,N3,0.29518575118201623,0.4158268842737967,0.4081263864168746,0.06160398285537729
4,N2,0.2887686696345811,0.3850248928461081,0.4158268842737967,0.06545423178383837
4,N2,0.3041696653484254,0.3850248928461081,0.46973036927225187,0.05775373392691621
4,N2,0.29903600011047726,0.381174643917647,0.4620298714153297,0.05390348499845513
4,N2,0.3311214078476529,0.4235273821307189,0.5120831074853237,0.05775373392691621
4,N2,0.29518575118201623,0.4042761374884135,0.4158268842737967,0.06545423178383837
4,N2,0.36063998296585464,0.47743086712917404,0.5467353478414735,0.05775373392691621
4,N2,0.34395557094252327,0.4966821117714794,0.4812811160576351,0.05390348499845513
4,N2,0.3452389872520103,0.5082328585568627,0.4620298714153297,0.06545423178383837
4,N2,0.29518575118201623,0.3619233992753416,0.4658801203437908,0.05775373392691621
4,N2,0.3375384893950881,0.43507812891610215,0.5159333564137848,0.06160398285537729
4,N2,0.35550631772790653,0.47358061820071296,0.527484103199168,0.06545423178383837
4,N2,0.36834048082277676,0.47743086712917404,0.5582860946268567,0.06930448071229946
4,N2,0.3888751417745692,0.5043826096284016,0.6006388328399286,0.06160398285537729
4,N2,0.33882190570457515,0.4581796224868686,0.49283186284301833,0.06545423178383837
4,N2,0.37219072975123785,0.523633854270707,0.527484103199168,0.06545423178383837
4,N2,0.4145434679643098,0.5621363435553178,0.6352910731960784,0.046202987141532974
4,N2,0.4235273821307189,0.5505855967699346,0.6660930646237669,0.05390348499845513
4,N2,0.35550631772790653,0.4658801203437908,0.5428850989130124,0.05775373392691621
4,N2,0.4068429701073876,0.5582860946268567,0.6006388328399286,0.06160398285537729
4,N2,0.36063998296585464,0.5082328585568627,0.5159333564137848,0.05775373392691621
4,N2,0.3965756396314914,0.5544358456983957,0.5621363435553178,0.07315472964076054
4,N2,0.3875917254650822,0.5351846010560902,0.56983684141224,0.05775373392691621
4,N2,0.39400880701251734,0.5351846010560902,0.5813875881976233,0.06545423178383837
4,N2,0.3888751417745692,0.56983684141224,0.5197836053422459,0.07700497856922162
4,N2,0.41326005165482277,0.5505855967699346,0.6314408242676173,0.05775373392691621
4,N2,0.3837414765366211,0.4851313649860962,0.6083393306968508,0.05775373392691621
4,N2,0.39400880701251734,0.56983684141224,0.5467353478414735,0.06545423178383837
4,N2,0.35678973403739356,0.4851313649860962,0.523633854270707,0.06160398285537729
4,N2,0.3644902318943157,0.5005323606999406,0.527484103199168,0.06545423178383837
4,N2,0.4068429701073875,0.5544358456983957,0.6006388328399286,0.06545423178383837
4,N2,0.39529222332200437,0.5005323606999406,0.6160398285537729,0.06930448071229946
4,N2,0.3837414765366211,0.5351846010560902,0.5582860946268567,0.05775373392691621
4,REM,0.3914419743935433,0.56983684141224,0.5428850989130124,0.06160398285537729
4,REM,0.37989122760816,0.5582860946268567,0.5159333564137848,0.06545423178383837
4,REM,0.35293948510893247,0.5005323606999406,0.4851313649860962,0.07315472964076054
4,REM,0.3914419743935433,0.5621363435553178,0.5544358456983957,0.05775373392691621
4,REM,0.38117464391764705,0.5159333564137848,0.5659865924837789,0.06160398285537729
4,REM,0.39529222332200425,0.5351846010560902,0.5890880860545453,0.06160398285537729
4,REM,0.3824580602271341,0.49283186284301833,0.5890880860545453,0.06545423178383837
4,REM,0.38502489284610814,0.4851313649860962,0.6044890817683897,0.06545423178383837
4,N1,0.3657736482038027,0.6044890817683897,0.4158268842737967,0.07700497856922162
4,N1,0.44406204308251135,0.7315472964076054,0.5351846010560902,0.06545423178383837
4,REM,0.39914247225046545,0.527484103199168,0.6083393306968508,0.06160398285537729
4,REM,0.3465224035614973,0.4081263864168746,0.5659865924837789,0.06545423178383837
4,N1,0.3131535795148346,0.5505855967699346,0.3195706610622697,0.06930448071229946
4,N1,0.4286610473686671,0.7045955539083778,0.5082328585568627,0.07315472964076054
4,N1,0.4273776310591801,0.7161463006937611,0.5043826096284016,0.06160398285537729
4,N1,0.4055595537979005,0.669943313552228,0.47743086712917404,0.06930448071229946
4,N1,0.37732439498918596,0.5813875881976233,0.4851313649860962,0.06545423178383837
4,N1,0.4196771332022578,0.7007453049799167,0.5005323606999406,0.05775373392691621
4,N1,0.38502489284610814,0.5544358456983957,0.5313343521276291,0.06930448071229946
4,N1,0.42224396582123186,0.5775373392691622,0.6237403264106951,0.06545423178383837
4,N1,0.4325112962971281,0.7122960517653,0.5197836053422459,0.06545423178383837
4,N2,0.4183937168927708,0.6275905753391562,0.5659865924837789,0.06160398285537729
4,N2,0.39015855808405625,0.5544358456983957,0.5544358456983957,0.06160398285537729
4,N2,0.4517625409394335,0.6814940603376113,0.6121895796253118,0.06160398285537729
4,N2,0.378607811298673,0.5313343521276291,0.5390348499845513,0.06545423178383837
4,N2,0.4055595537979006,0.5428850989130124,0.6083393306968508,0.06545423178383837
4,N2,0.4145434679643097,0.5736870903407011,0.6044890817683897,0.06545423178383837
4,N2,0.4196771332022579,0.5775373392691622,0.619890077482234,0.06160398285537729
4,N2,0.42609421474969306,0.5621363435553178,0.6506920689099227,0.06545423178383837
4,N2,0.4235273821307189,0.6583925667668449,0.5505855967699346,0.06160398285537729
4,N2,0.4248107984402059,0.6160398285537729,0.5929383349830064,0.06545423178383837
4,N2,0.41197663534533574,0.619890077482234,0.5544358456983957,0.06160398285537729
4,N2,0.4158268842737968,0.6160398285537729,0.5659865924837789,0.06545423178383837
4,N2,0.4517625409394335,0.6930448071229945,0.6083393306968508,0.05390348499845513
4,REM,0.36834048082277676,0.45047912462994644,0.5929383349830064,0.06160398285537729
4,REM,0.35678973403739356,0.43122787998764106,0.5736870903407011,0.06545423178383837
4,REM,0.3696238971322638,0.48898161391455724,0.5505855967699346,0.06930448071229946
4,REM,0.32727115891919184,0.4658801203437908,0.45047912462994644,0.06545423178383837
4,REM,0.44277862677302426,0.6776438114091502,0.5890880860545453,0.06160398285537729
4,REM,0.4196771332022579,0.5659865924837789,0.6314408242676173,0.06160398285537729
4,REM,0.33368824046662704,0.38887514177456917,0.5582860946268567,0.05390348499845513
4,REM,0.3375384893950881,0.41197663534533563,0.5313343521276291,0.06930448071229946
4,REM,0.3657736482038027,0.43892837784456323,0.6006388328399286,0.05775373392691621
4,REM,0.3503726524899584,0.4042761374884135,0.5775373392691622,0.06930448071229946
4,REM,0.34267215463303624,0.43892837784456323,0.523633854270707,0.06545423178383837
4,REM,0.36577364820380276,0.4581796224868686,0.5813875881976233,0.05775373392691621
4,REM,0.46973036927225187,0.7546487899783718,0.6006388328399286,0.05390348499845513
4,REM,0.4466288757014854,0.7199965496222221,0.5505855967699346,0.06930448071229946
4,REM,0.4748640345102,0.7546487899783718,0.6083393306968508,0.06160398285537729
4,REM,0.4543293735584076,0.7199965496222221,0.5736870903407011,0.06930448071229946
4,REM,0.44021179415405026,0.7315472964076054,0.5313343521276291,0.05775373392691621
4,REM,0.42737763105918,0.662242815695306,0.5544358456983957,0.06545423178383837
4,REM,0.41197663534533563,0.6352910731960784,0.5351846010560902,0.06545423178383837
4,N1,0.32342090999073075,0.5544358456983957,0.35422290141841944,0.06160398285537729
4,N1,0.4889816139145573,0.7161463006937611,0.6891945581945335,0.06160398285537729
4,REM,0.44021179415405026,0.6429915710530005,0.6160398285537729,0.06160398285537729
4,REM,0.42096054951174483,0.6545423178383838,0.5467353478414735,0.06160398285537729
4,REM,0.472297201891226,0.7007453049799167,0.6468418199814616,0.06930448071229946
4,REM,0.45047912462994644,0.6930448071229945,0.5967885839114675,0.06160398285537729
4,REM,0.47871428343866107,0.7045955539083778,0.6737935624806891,0.05775373392691621
4,REM,0.43507812891610215,0.619890077482234,0.6237403264106951,0.06160398285537729
4,REM,0.4517625409394335,0.6891945581945335,0.6044890817683897,0.06160398285537729
4,W,0.39529222332200437,0.5775373392691622,0.5505855967699346,0.05775373392691621
4,N1,0.4620298714153297,0.6737935624806891,0.6468418199814616,0.06545423178383837
4,N1,0.42096054951174494,0.6275905753391562,0.56983684141224,0.06545423178383837
4,N1,0.4466288757014854,0.6660930646237669,0.6121895796253118,0.06160398285537729
4,N1,0.42224396582123186,0.6275905753391562,0.5813875881976233,0.05775373392691621
4,N2,0.4633132877248168,0.6776438114091502,0.6545423178383838,0.05775373392691621
4,N2,0.40812638641687454,0.5929383349830064,0.5775373392691622,0.05390348499845513
4,N2,0.42481079844020603,0.5852378371260843,0.6275905753391562,0.06160398285537729
4,N2,0.44919570832045946,0.6468418199814616,0.6352910731960784,0.06545423178383837
4,N2,0.4325112962971281,0.6237403264106951,0.6083393306968508,0.06545423178383837
4,N2,0.4337947126066151,0.6006388328399286,0.6352910731960784,0.06545423178383837
4,N2,0.4068429701073875,0.5929383349830064,0.5621363435553178,0.06545423178383837
4,N2,0.40427613748841357,0.5621363435553178,0.5890880860545453,0.06160398285537729
4,N2,0.4004258885599525,0.5582860946268567,0.5775373392691622,0.06545423178383837
4,N2,0.42096054951174494,0.5621363435553178,0.6352910731960784,0.06545423178383837
4,N2,0.3914419743935433,0.5467353478414735,0.56983684141224,0.05775373392691621
4,N2,0.428661047368667,0.6044890817683897,0.6160398285537729,0.06545423178383837
4,N1,0.4697303692722519,0.619890077482234,0.7276970474791443,0.06160398285537729
4,N2,0.378607811298673,0.5390348499845513,0.5351846010560902,0.06160398285537729
4,N2,0.42224396582123197,0.6506920689099227,0.5621363435553178,0.05390348499845513
4,N2,0.3927253907030303,0.5736870903407011,0.5544358456983957,0.05005323606999405
4,N2,0.3734741460607249,0.5159333564137848,0.5390348499845513,0.06545423178383837
4,N2,0.4055595537979006,0.5621363435553178,0.5852378371260843,0.06930448071229946
4,N2,0.42224396582123197,0.619890077482234,0.5775373392691622,0.06930448071229946
4,N2,0.40812638641687465,0.5890880860545453,0.5775373392691622,0.05775373392691621
4,N2,0.4055595537979006,0.5890880860545453,0.5621363435553178,0.06545423178383837
4,N2,0.37604097867969893,0.5351846010560902,0.523633854270707,0.06930448071229946
4,N2,0.4094098027263617,0.6121895796253118,0.5544358456983957,0.06160398285537729
4,N2,0.4094098027263617,0.5967885839114675,0.56983684141224,0.06160398285537729
4,N2,0.4158268842737967,0.523633854270707,0.662242815695306,0.06160398285537729
4,N2,0.43507812891610215,0.5852378371260843,0.6545423178383838,0.06545423178383837
4,N2,0.40427613748841346,0.5582860946268567,0.5967885839114675,0.05775373392691621
4,N2,0.4376449615350762,0.619890077482234,0.6237403264106951,0.06930448071229946
4,N2,0.42609421474969295,0.6083393306968508,0.6044890817683897,0.06545423178383837
4,N2,0.3965756396314914,0.5659865924837789,0.5582860946268567,0.06545423178383837
4,N2,0.3837414765366211,0.5890880860545453,0.5005323606999406,0.06160398285537729
4,N2,0.43122787998764106,0.6237403264106951,0.6006388328399286,0.06930448071229946
4,N2,0.4145434679643097,0.5929383349830064,0.5852378371260843,0.06545423178383837
4,N2,0.3978590559409784,0.5775373392691622,0.5505855967699346,0.06545423178383837
4,N2,0.4017093048694395,0.5775373392691622,0.5621363435553178,0.06545423178383837
4,N2,0.39400880701251734,0.5775373392691622,0.5390348499845513,0.06545423178383837
4,N2,0.42609421474969295,0.6121895796253118,0.5967885839114675,0.06930448071229946
4,N2,0.38502489284610814,0.5428850989130124,0.5467353478414735,0.06545423178383837
4,N2,0.39914247225046545,0.5428850989130124,0.5852378371260843,0.06930448071229946
4,N2,0.4017093048694394,0.5544358456983957,0.5929383349830064,0.05775373392691621
4,N2,0.3696238971322638,0.5197836053422459,0.5197836053422459,0.06930448071229946
4,N2,0.3978590559409784,0.5736870903407011,0.5505855967699346,0.06930448071229946
4,N2,0.4055595537979005,0.5428850989130124,0.6121895796253118,0.06160398285537729
4,N2,0.3914419743935433,0.5544358456983957,0.5621363435553178,0.05775373392691621
4,N2,0.3914419743935433,0.5813875881976233,0.5390348499845513,0.05390348499845513
4,N2,0.3837414765366211,0.5197836053422459,0.56983684141224,0.06160398285537729
4,N2,0.3927253907030303,0.5621363435553178,0.5544358456983957,0.06160398285537729
4,N2,0.35165606879944544,0.5043826096284016,0.4851313649860962,0.06545423178383837
4,N2,0.4158268842737967,0.6006388328399286,0.5852378371260843,0.06160398285537729
4,N2,0.3503726524899584,0.5082328585568627,0.4851313649860962,0.05775373392691621
4,N2,0.39400880701251734,0.5351846010560902,0.5852378371260843,0.06160398285537729
4,N2,0.3567897340373935,0.5159333564137848,0.49283186284301833,0.06160398285537729
4,N2,0.3490892361804714,0.49283186284301833,0.4851313649860962,0.06930448071229946
4,N2,0.33497165677611407,0.4658801203437908,0.4812811160576351,0.05775373392691621
4,N2,0.3837414765366211,0.523633854270707,0.5659865924837789,0.06160398285537729
4,N2,0.40427613748841357,0.5813875881976233,0.5659865924837789,0.06545423178383837
4,N2,0.3978590559409783,0.5890880860545453,0.5428850989130124,0.06160398285537729
4,N2,0.3657736482038027,0.5197836053422459,0.5159333564137848,0.06160398285537729
4,N2,0.3670570645132898,0.5005323606999406,0.5313343521276291,0.06930448071229946
4,N2,0.3490892361804714,0.5043826096284016,0.4851313649860962,0.05775373392691621
4,N2,0.34267215463303624,0.4851313649860962,0.48898161391455724,0.05390348499845513
4,N2,0.4106932190358486,0.5813875881976233,0.5967885839114675,0.05390348499845513
4,N2,0.35935656665636756,0.46973036927225187,0.5582860946268567,0.05005323606999405
4,N2,0.3888751417745692,0.5621363435553178,0.5390348499845513,0.06545423178383837
4,N2,0.37604097867969893,0.5351846010560902,0.527484103199168,0.06545423178383837
4,N2,0.38502489284610814,0.5351846010560902,0.5544358456983957,0.06545423178383837
4,N2,0.37732439498918596,0.5544358456983957,0.5159333564137848,0.06160398285537729
4,N2,0.3247043263002178,0.43892837784456323,0.47358061820071296,0.06160398285537729
4,N2,0.3644902318943157,0.47743086712917404,0.5582860946268567,0.05775373392691621
4,N2,0.34523898725201024,0.4543293735584075,0.523633854270707,0.05775373392691621
4,N2,0.3529394851089324,0.4543293735584075,0.5390348499845513,0.06545423178383837
4,N2,0.32855457522867887,0.4581796224868686,0.4658801203437908,0.06160398285537729
4,N2,0.34780581987098436,0.49283186284301833,0.5005323606999406,0.05005323606999405
4,N2,0.3311214078476529,0.4158268842737967,0.5159333564137848,0.06160398285537729
4,N2,0.3131535795148346,0.43892837784456323,0.43122787998764106,0.06930448071229946
4,N2,0.3529394851089324,0.49283186284301833,0.4966821117714794,0.06930448071229946
4,N2,0.31957066106226967,0.4235273821307189,0.47743086712917404,0.05775373392691621
4,N2,0.30673649796739944,0.4466288757014854,0.4158268842737967,0.05775373392691621
4,N2,0.31957066106226967,0.41197663534533563,0.47743086712917404,0.06930448071229946
4,N2,0.34395557094252327,0.5043826096284016,0.4658801203437908,0.06160398285537729
4,N2,0.2990360001104773,0.4081263864168746,0.43122787998764106,0.05775373392691621
4,N2,0.33753848939508807,0.47358061820071296,0.4620298714153297,0.07700497856922162
4,N2,0.283635004396633,0.39657563963149134,0.38887514177456917,0.06545423178383837
4,N2,0.3375384893950881,0.4581796224868686,0.48898161391455724,0.06545423178383837
4,N3,0.30288624903893835,0.4196771332022578,0.4235273821307189,0.06545423178383837
4,N2,0.3978590559409784,0.5582860946268567,0.5775373392691622,0.05775373392691621
4,N2,0.38502489284610814,0.5082328585568627,0.5890880860545453,0.05775373392691621
4,N2,0.4017093048694395,0.5505855967699346,0.5929383349830064,0.06160398285537729
4,N2,0.3927253907030303,0.5428850989130124,0.56983684141224,0.06545423178383837
4,N2,0.36449023189431573,0.523633854270707,0.5082328585568627,0.06160398285537729
4,N2,0.3978590559409784,0.5621363435553178,0.5621363435553178,0.06930448071229946
4,N2,0.3875917254650822,0.5582860946268567,0.5428850989130124,0.06160398285537729
4,N2,0.4004258885599525,0.5775373392691622,0.5582860946268567,0.06545423178383837
4,N2,0.378607811298673,0.5351846010560902,0.5351846010560902,0.06545423178383837
4,N2,0.3619233992753417,0.5043826096284016,0.5197836053422459,0.06160398285537729
4,N2,0.37219072975123785,0.4966821117714794,0.5467353478414735,0.07315472964076054
4,N2,0.3965756396314914,0.5467353478414735,0.5775373392691622,0.06545423178383837
4,N2,0.39015855808405625,0.5467353478414735,0.5659865924837789,0.05775373392691621
4,N2,0.39529222332200437,0.5351846010560902,0.5852378371260843,0.06545423178383837
4,N2,0.43507812891610215,0.5159333564137848,0.7238467985506832,0.06545423178383837
4,W,0.47743086712917404,0.56983684141224,0.7893010303345216,0.07315472964076054
4,N1,0.3657736482038027,0.45047912462994644,0.5775373392691622,0.06930448071229946
4,N2,0.40812638641687465,0.5544358456983957,0.6044890817683897,0.06545423178383837
4,N2,0.4106932190358487,0.5929383349830064,0.5813875881976233,0.05775373392691621
4,N2,0.40427613748841357,0.5775373392691622,0.5813875881976233,0.05390348499845513
4,N2,0.3978590559409784,0.5428850989130124,0.5775373392691622,0.07315472964076054
4,N2,0.39914247225046545,0.5505855967699346,0.5775373392691622,0.06930448071229946
4,N2,0.3696238971322638,0.5082328585568627,0.527484103199168,0.07315472964076054
4,N2,0.41326005165482266,0.5775373392691622,0.5929383349830064,0.06930448071229946
4,N2,0.3978590559409784,0.5390348499845513,0.5890880860545453,0.06545423178383837
4,W,0.34267215463303624,0.5390348499845513,0.43507812891610215,0.05390348499845513
4,W,0.35678973403739356,0.5544358456983957,0.4543293735584075,0.06160398285537729
4,W,0.31700382844329567,0.4081263864168746,0.4851313649860962,0.05775373392691621
4,W,0.26438375975432754,0.31572041213380864,0.4196771332022578,0.05775373392691621
4,W,0.4556127898678946,0.56983684141224,0.7276970474791443,0.06930448071229946
4,W,0.36320681558482865,0.4966821117714794,0.5390348499845513,0.05390348499845513
4,W,0.46202987141532975,0.6583925667668449,0.6660930646237669,0.06160398285537729
4,N1,0.4363615452255892,0.6275905753391562,0.6237403264106951,0.05775373392691621
4,N1,0.46202987141532975,0.6737935624806891,0.6506920689099227,0.06160398285537729
4,N1,0.44662887570148535,0.5967885839114675,0.6776438114091502,0.06545423178383837
4,N1,0.45304595724892055,0.6160398285537729,0.6776438114091502,0.06545423178383837
4,N1,0.40812638641687454,0.56983684141224,0.5929383349830064,0.06160398285537729
4,N1,0.3734741460607249,0.523633854270707,0.523633854270707,0.07315472964076054
4,N1,0.3978590559409784,0.5659865924837789,0.5621363435553178,0.06545423178383837
4,N1,0.39914247225046534,0.5120831074853237,0.619890077482234,0.06545423178383837
4,N2,0.3709073134417508,0.49283186284301833,0.5582860946268567,0.06160398285537729
4,N2,0.47871428343866107,0.6891945581945335,0.6853443092660724,0.06160398285537729
4,N2,0.40299272117892654,0.5775373392691622,0.5621363435553178,0.06930448071229946
4,N2,0.36834048082277676,0.5197836053422459,0.527484103199168,0.05775373392691621
4,N2,0.37604097867969893,0.5467353478414735,0.5197836053422459,0.06160398285537729
4,N2,0.39015855808405625,0.5582860946268567,0.5428850989130124,0.06930448071229946
4,N2,0.38502489284610814,0.5390348499845513,0.5582860946268567,0.05775373392691621
4,N2,0.3837414765366211,0.5043826096284016,0.5775373392691622,0.06930448071229946
4,N2,0.4004258885599525,0.5544358456983957,0.5813875881976233,0.06545423178383837
4,N2,0.3747575623702119,0.5351846010560902,0.527484103199168,0.06160398285537729
4,N2,0.378607811298673,0.4851313649860962,0.5967885839114675,0.05390348499845513
4,N2,0.35935656665636756,0.4581796224868686,0.5544358456983957,0.06545423178383837
4,N2,0.45689620617738164,0.6583925667668449,0.6545423178383838,0.05775373392691621
4,N2,0.473580618200713,0.6468418199814616,0.7007453049799167,0.07315472964076054
4,N2,0.41197663534533563,0.5813875881976233,0.5967885839114675,0.05775373392691621
4,N2,0.4697303692722519,0.6429915710530005,0.7122960517653,0.05390348499845513
4,N2,0.39529222332200437,0.5197836053422459,0.5929383349830064,0.07315472964076054
4,N2,0.39914247225046545,0.5390348499845513,0.6044890817683897,0.05390348499845513
4,N2,0.3888751417745692,0.5467353478414735,0.5621363435553178,0.05775373392691621
4,REM,0.4004258885599525,0.5736870903407011,0.5659865924837789,0.06160398285537729
4,REM,0.428661047368667,0.6237403264106951,0.5967885839114675,0.06545423178383837
4,REM,0.41326005165482266,0.5929383349830064,0.5852378371260843,0.06160398285537729
4,REM,0.43122787998764106,0.6006388328399286,0.6352910731960784,0.05775373392691621
4,REM,0.38630830915559516,0.523633854270707,0.5544358456983957,0.0808552274976827
4,REM,0.38117464391764705,0.523633854270707,0.5621363435553178,0.05775373392691621
4,REM,0.39529222332200437,0.5313343521276291,0.5967885839114675,0.05775373392691621
4,REM,0.3555063177279065,0.4658801203437908,0.5390348499845513,0.06160398285537729
4,REM,0.3747575623702119,0.4851313649860962,0.5736870903407011,0.06545423178383837
4,W,0.473580618200713,0.7315472964076054,0.6237403264106951,0.06545423178383837
4,N1,0.43507812891610215,0.6352910731960784,0.6121895796253118,0.05775373392691621
4,REM,0.43892837784456323,0.6237403264106951,0.6352910731960784,0.05775373392691621
4,REM,0.39914247225046545,0.5544358456983957,0.5659865924837789,0.07700497856922162
4,REM,0.42737763105918,0.6275905753391562,0.5813875881976233,0.07315472964076054
4,REM,0.4158268842737967,0.5967885839114675,0.5967885839114675,0.05390348499845513
4,REM,0.45304595724892055,0.7084458028368389,0.5813875881976233,0.06930448071229946
4,REM,0.4337947126066151,0.6160398285537729,0.6160398285537729,0.06930448071229946
4,REM,0.4273776310591801,0.5813875881976233,0.6391413221245394,0.06160398285537729
4,REM,0.4376449615350762,0.6121895796253118,0.6314408242676173,0.06930448071229946
4,REM,0.4337947126066151,0.6160398285537729,0.619890077482234,0.06545423178383837
4,W,0.28491842070612,0.381174643917647,0.41197663534533563,0.06160398285537729
4,W,0.47486403451020004,0.7122960517653,0.6506920689099227,0.06160398285537729
4,N1,0.4337947126066151,0.6314408242676173,0.6006388328399286,0.06930448071229946
4,N1,0.4645967040343038,0.6891945581945335,0.6429915710530005,0.06160398285537729
4,REM,0.40042588855995237,0.5351846010560902,0.5967885839114675,0.06930448071229946
4,REM,0.41326005165482266,0.5852378371260843,0.5929383349830064,0.06160398285537729
4,REM,0.3798912276081601,0.5082328585568627,0.5621363435553178,0.06930448071229946
4,W,0.3978590559409784,0.6352910731960784,0.49283186284301833,0.06545423178383837
4,REM,0.4235273821307189,0.619890077482234,0.5890880860545453,0.06160398285537729
4,REM,0.4183937168927708,0.6006388328399286,0.5852378371260843,0.06930448071229946
4,REM,0.4017093048694394,0.5505855967699346,0.5967885839114675,0.05775373392691621
4,REM,0.39529222332200425,0.5967885839114675,0.5120831074853237,0.07700497856922162
4,N1,0.44791229201097243,0.7238467985506832,0.5582860946268567,0.06160398285537729
4,N1,0.37219072975123785,0.5197836053422459,0.5313343521276291,0.06545423178383837
4,N1,0.4543293735584076,0.6468418199814616,0.6506920689099227,0.06545423178383837
4,N1,0.4941152791525054,0.7238467985506832,0.6891945581945335,0.06930448071229946
4,N1,0.4466288757014854,0.6891945581945335,0.5890880860545453,0.06160398285537729
4,N1,0.42737763105918,0.6044890817683897,0.6160398285537729,0.06160398285537729
4,N1,0.40042588855995237,0.619890077482234,0.5197836053422459,0.06160398285537729
4,N1,0.43122787998764117,0.662242815695306,0.5659865924837789,0.06545423178383837
4,N1,0.43764496153507615,0.6352910731960784,0.6006388328399286,0.07700497856922162
4,N1,0.38502489284610814,0.5390348499845513,0.5544358456983957,0.06160398285537729
4,N1,0.41711030058328374,0.6275905753391562,0.5582860946268567,0.06545423178383837
4,N1,0.4543293735584075,0.7584990389068329,0.5390348499845513,0.06545423178383837
4,N1,0.4440620430825113,0.669943313552228,0.6044890817683897,0.05775373392691621
4,N1,0.4658801203437908,0.7469482921214496,0.5929383349830064,0.05775373392691621
4,N1,0.4453454593919984,0.6660930646237669,0.5967885839114675,0.07315472964076054
4,N1,0.3978590559409783,0.5929383349830064,0.5390348499845513,0.06160398285537729
4,N1,0.3696238971322638,0.523633854270707,0.5159333564137848,0.06930448071229946
4,W,0.3875917254650822,0.6930448071229945,0.4081263864168746,0.06160398285537729
4,W,0.39914247225046545,0.5582860946268567,0.5813875881976233,0.05775373392691621
4,N1,0.4504791246299465,0.6545423178383838,0.6237403264106951,0.07315472964076054
4,N1,0.45689620617738164,0.662242815695306,0.6352910731960784,0.07315472964076054
4,N2,0.3888751417745692,0.5621363435553178,0.5351846010560902,0.06930448071229946
4,N2,0.4106932190358487,0.5813875881976233,0.5852378371260843,0.06545423178383837
4,N2,0.42224396582123186,0.6083393306968508,0.6044890817683897,0.05390348499845513
4,N2,0.4068429701073876,0.56983684141224,0.5890880860545453,0.06160398285537729
4,N2,0.4183937168927708,0.6006388328399286,0.5736870903407011,0.0808552274976827
4,N2,0.44919570832045946,0.6737935624806891,0.6121895796253118,0.06160398285537729
4,N2,0.42737763105918,0.619890077482234,0.6044890817683897,0.05775373392691621
4,N2,0.4248107984402059,0.6160398285537729,0.5890880860545453,0.06930448071229946
4,N2,0.40042588855995237,0.5967885839114675,0.5351846010560902,0.06930448071229946
4,N2,0.3811746439176471,0.5005323606999406,0.5775373392691622,0.06545423178383837
4,N2,0.4055595537979006,0.6121895796253118,0.5390348499845513,0.06545423178383837
4,N2,0.39400880701251734,0.5428850989130124,0.5813875881976233,0.05775373392691621
4,N2,0.4106932190358487,0.5775373392691622,0.5852378371260843,0.06930448071229946
4,N2,0.4248107984402059,0.6352910731960784,0.5736870903407011,0.06545423178383837
4,N2,0.4325112962971281,0.6237403264106951,0.6044890817683897,0.06930448071229946
4,N2,0.3978590559409783,0.5929383349830064,0.5390348499845513,0.06160398285537729
4,N2,0.43122787998764106,0.5967885839114675,0.6429915710530005,0.05390348499845513
4,N2,0.42737763105918,0.6083393306968508,0.6083393306968508,0.06545423178383837
4,N2,0.3837414765366211,0.523633854270707,0.5659865924837789,0.06160398285537729
4,N2,0.428661047368667,0.6121895796253118,0.5967885839114675,0.07700497856922162
4,N2,0.3965756396314914,0.5852378371260843,0.5467353478414735,0.05775373392691621
4,N2,0.4145434679643098,0.5736870903407011,0.5929383349830064,0.07700497856922162
4,N2,0.41197663534533563,0.6160398285537729,0.5621363435553178,0.05775373392691621
4,N2,0.4068429701073876,0.5967885839114675,0.5467353478414735,0.07700497856922162
4,N2,0.39400880701251734,0.5775373392691622,0.5467353478414735,0.05775373392691621
4,N2,0.4183937168927708,0.5967885839114675,0.5967885839114675,0.06160398285537729
4,N2,0.3978590559409784,0.56983684141224,0.5582860946268567,0.06545423178383837
4,N2,0.4196771332022579,0.5813875881976233,0.6083393306968508,0.06930448071229946
4,N2,0.4325112962971281,0.6044890817683897,0.619890077482234,0.07315472964076054
4,N2,0.4325112962971281,0.6160398285537729,0.6237403264106951,0.05775373392691621
4,N2,0.37732439498918596,0.5428850989130124,0.5313343521276291,0.05775373392691621
4,W,0.4325112962971281,0.7084458028368389,0.527484103199168,0.06160398285537729
4,W,0.45561278986789455,0.6737935624806891,0.6237403264106951,0.06930448071229946
4,N1,0.39914247225046545,0.5544358456983957,0.5813875881976233,0.06160398285537729
4,N2,0.4004258885599525,0.5582860946268567,0.56983684141224,0.07315472964076054
4,N2,0.41326005165482266,0.5929383349830064,0.5775373392691622,0.06930448071229946
4,N2,0.43507812891610215,0.6121895796253118,0.6391413221245394,0.05390348499845513
4,N2,0.4158268842737968,0.6121895796253118,0.56983684141224,0.06545423178383837
4,N2,0.3837414765366211,0.5197836053422459,0.5621363435553178,0.06930448071229946
4,N2,0.42096054951174483,0.5582860946268567,0.6352910731960784,0.06930448071229946
4,N2,0.37989122760816,0.5544358456983957,0.523633854270707,0.06160398285537729
4,N2,0.35550631772790653,0.49283186284301833,0.5043826096284016,0.06930448071229946
4,N2,0.3888751417745692,0.5736870903407011,0.523633854270707,0.06930448071229946
4,N2,0.4068429701073875,0.6121895796253118,0.5505855967699346,0.05775373392691621
4,N2,0.3965756396314914,0.5967885839114675,0.5390348499845513,0.05390348499845513
4,N2,0.37732439498918596,0.5159333564137848,0.5467353478414735,0.06930448071229946
4,N2,0.3965756396314914,0.5736870903407011,0.5505855967699346,0.06545423178383837
4,N2,0.40812638641687465,0.5736870903407011,0.5852378371260843,0.06545423178383837
4,N2,0.3927253907030303,0.5351846010560902,0.5852378371260843,0.05775373392691621
4,N2,0.36320681558482865,0.5313343521276291,0.4966821117714794,0.06160398285537729
4,N2,0.39529222332200437,0.527484103199168,0.6006388328399286,0.05775373392691621
4,N2,0.38502489284610814,0.5390348499845513,0.5505855967699346,0.06545423178383837
4,N2,0.40427613748841357,0.5544358456983957,0.5967885839114675,0.06160398285537729
4,N2,0.37989122760816,0.5351846010560902,0.5428850989130124,0.06160398285537729
4,N2,0.378607811298673,0.5582860946268567,0.523633854270707,0.05390348499845513
4,N2,0.38117464391764705,0.5390348499845513,0.5428850989130124,0.06160398285537729
4,N2,0.39914247225046545,0.5852378371260843,0.5390348499845513,0.07315472964076054
4,N2,0.4094098027263617,0.5813875881976233,0.5813875881976233,0.06545423178383837
4,N2,0.37989122760816,0.5390348499845513,0.5313343521276291,0.06930448071229946
4,N2,0.42481079844020603,0.6429915710530005,0.56983684141224,0.06160398285537729
4,N2,0.4722972018912259,0.7238467985506832,0.6275905753391562,0.06545423178383837
4,N2,0.42224396582123186,0.5967885839114675,0.6006388328399286,0.06930448071229946
4,N2,0.37989122760816,0.5467353478414735,0.5313343521276291,0.06160398285537729
4,N2,0.35807315034688053,0.4966821117714794,0.5159333564137848,0.06160398285537729
4,N2,0.3734741460607249,0.527484103199168,0.5351846010560902,0.05775373392691621
4,N2,0.3632068155848287,0.4658801203437908,0.5582860946268567,0.06545423178383837
4,W,0.42994446367815403,0.6891945581945335,0.5351846010560902,0.06545423178383837
4,W,0.4068429701073876,0.5775373392691622,0.5813875881976233,0.06160398285537729
4,N1,0.3978590559409784,0.5775373392691622,0.5428850989130124,0.07315472964076054
4,N2,0.34908923618047133,0.5313343521276291,0.45047912462994644,0.06545423178383837
4,N2,0.37732439498918596,0.4966821117714794,0.5736870903407011,0.06160398285537729
4,N2,0.42481079844020603,0.6314408242676173,0.5813875881976233,0.06160398285537729
4,N2,0.3696238971322638,0.527484103199168,0.527484103199168,0.05390348499845513
4,N2,0.3965756396314914,0.5775373392691622,0.5505855967699346,0.06160398285537729
4,N2,0.43379471260661523,0.6545423178383838,0.5813875881976233,0.06545423178383837
4,N2,0.3978590559409784,0.5313343521276291,0.6044890817683897,0.05775373392691621
4,N2,0.39400880701251734,0.6160398285537729,0.5043826096284016,0.06160398285537729
4,W,0.35293948510893247,0.5082328585568627,0.4851313649860962,0.06545423178383837
4,W,0.4825645323671222,0.7392477942645276,0.6545423178383838,0.05390348499845513
4,N1,0.39015855808405625,0.5351846010560902,0.5736870903407011,0.06160398285537729
4,N1,0.42224396582123186,0.6314408242676173,0.5621363435553178,0.07315472964076054
4,N2,0.3747575623702118,0.5582860946268567,0.48898161391455724,0.07700497856922162
4,N2,0.40812638641687454,0.5736870903407011,0.5890880860545453,0.06160398285537729
4,N2,0.40812638641687454,0.6006388328399286,0.5621363435553178,0.06160398285537729
4,N2,0.42224396582123186,0.5621363435553178,0.6314408242676173,0.07315472964076054
4,N2,0.4196771332022579,0.6314408242676173,0.5659865924837789,0.06160398285537729
4,N2,0.4106932190358486,0.6121895796253118,0.5505855967699346,0.06930448071229946
4,N2,0.4145434679643097,0.6352910731960784,0.5505855967699346,0.05775373392691621
4,N2,0.38630830915559516,0.5120831074853237,0.5736870903407011,0.07315472964076054
4,N2,0.39529222332200437,0.5351846010560902,0.5813875881976233,0.06930448071229946
4,N2,0.42994446367815403,0.6314408242676173,0.5929383349830064,0.06545423178383837
4,N2,0.3747575623702119,0.5043826096284016,0.5467353478414735,0.07315472964076054
4,REM,0.4196771332022578,0.6160398285537729,0.5852378371260843,0.05775373392691621
4,REM,0.3401053220140622,0.46973036927225187,0.4851313649860962,0.06545423178383837
4,REM,0.41711030058328386,0.5813875881976233,0.6083393306968508,0.06160398285537729
4,W,0.47743086712917404,0.7315472964076054,0.6352910731960784,0.06545423178383837
4,REM,0.4004258885599525,0.5621363435553178,0.5775373392691622,0.06160398285537729
4,REM,0.38117464391764705,0.5313343521276291,0.5505855967699346,0.06160398285537729
4,REM,0.4068429701073876,0.5852378371260843,0.5621363435553178,0.07315472964076054
4,W,0.4517625409394335,0.6468418199814616,0.6352910731960784,0.07315472964076054
4,REM,0.4158268842737968,0.6275905753391562,0.5544358456983957,0.06545423178383837
4,REM,0.3721907297512379,0.5082328585568627,0.5467353478414735,0.06160398285537729
4,REM,0.3542229014184195,0.4581796224868686,0.5428850989130124,0.06160398285537729
4,REM,0.39400880701251734,0.5621363435553178,0.5659865924837789,0.05390348499845513
4,REM,0.36705706451328973,0.47358061820071296,0.5621363435553178,0.06545423178383837
4,REM,0.3644902318943157,0.49283186284301833,0.5313343521276291,0.06930448071229946
4,REM,0.4183937168927708,0.6083393306968508,0.5890880860545453,0.05775373392691621
4,REM,0.3927253907030303,0.5505855967699346,0.5582860946268567,0.06930448071229946
4,W,0.472297201891226,0.6968950560514556,0.6506920689099227,0.06930448071229946
4,W,0.4376449615350762,0.6660930646237669,0.5890880860545453,0.05775373392691621
4,W,0.4325112962971281,0.6044890817683897,0.6314408242676173,0.06160398285537729
4,REM,0.4517625409394335,0.6352910731960784,0.6545423178383838,0.06545423178383837
4,REM,0.4196771332022579,0.6352910731960784,0.5544358456983957,0.06930448071229946
4,REM,0.37475756237021196,0.5082328585568627,0.5544358456983957,0.06160398285537729
4,REM,0.44662887570148535,0.669943313552228,0.6044890817683897,0.06545423178383837
4,REM,0.4106932190358487,0.6044890817683897,0.5775373392691622,0.05005323606999405
4,REM,0.35678973403739356,0.46973036927225187,0.5467353478414735,0.05390348499845513
4,REM,0.3824580602271341,0.6121895796253118,0.47743086712917404,0.05775373392691621
4,REM,0.38117464391764705,0.5544358456983957,0.5197836053422459,0.06930448071229946
4,REM,0.3542229014184195,0.47743086712917404,0.5082328585568627,0.07700497856922162
4,REM,0.3555063177279065,0.47358061820071296,0.5313343521276291,0.06160398285537729
4,REM,0.3516560687994454,0.47358061820071296,0.5120831074853237,0.06930448071229946
4,REM,0.3965756396314914,0.6160398285537729,0.5082328585568627,0.06545423178383837
4,REM,0.4158268842737967,0.5852378371260843,0.5929383349830064,0.06930448071229946
4,REM,0.37732439498918596,0.5043826096284016,0.5621363435553178,0.06545423178383837
4,W,0.4517625409394335,0.6044890817683897,0.6891945581945335,0.06160398285537729
4,REM,0.4325112962971281,0.6275905753391562,0.6044890817683897,0.06545423178383837
4,REM,0.3888751417745692,0.5852378371260843,0.5159333564137848,0.06545423178383837
4,REM,0.3837414765366211,0.5197836053422459,0.5659865924837789,0.06545423178383837
4,REM,0.3465224035614973,0.46973036927225187,0.5005323606999406,0.06930448071229946
4,W,0.4889816139145573,0.7392477942645276,0.6737935624806891,0.05390348499845513
4,REM,0.44021179415405026,0.6506920689099227,0.6083393306968508,0.06160398285537729
4,REM,0.42737763105918,0.6583925667668449,0.5582860946268567,0.06545423178383837
4,REM,0.4196771332022578,0.6237403264106951,0.56983684141224,0.06545423178383837
4,REM,0.42224396582123186,0.6044890817683897,0.5967885839114675,0.06545423178383837
4,REM,0.4055595537979005,0.5967885839114675,0.5582860946268567,0.06160398285537729
4,REM,0.42096054951174483,0.6314408242676173,0.56983684141224,0.06160398285537729
4,REM,0.40299272117892654,0.5582860946268567,0.5852378371260843,0.06545423178383837
4,REM,0.37219072975123785,0.4966821117714794,0.5544358456983957,0.06545423178383837
4,REM,0.4196771332022579,0.6506920689099227,0.5467353478414735,0.06160398285537729
4,REM,0.42737763105918,0.6583925667668449,0.5582860946268567,0.06545423178383837
4,REM,0.35037265248995836,0.47358061820071296,0.5313343521276291,0.046202987141532974
4,REM,0.3362550730856011,0.4620298714153297,0.4812811160576351,0.06545423178383837
4,REM,0.4029927211789264,0.5505855967699346,0.5813875881976233,0.07700497856922162
4,REM,0.3721907297512379,0.5005323606999406,0.5467353478414735,0.06930448071229946
4,W,0.4196771332022578,0.6352910731960784,0.5659865924837789,0.05775373392691621
4,W,0.46074645510584267,0.7122960517653,0.6006388328399286,0.06930448071229946
4,REM,0.4581796224868686,0.6930448071229945,0.6121895796253118,0.06930448071229946
4,REM,0.4106932190358487,0.5582860946268567,0.6083393306968508,0.06545423178383837
4,REM,0.40940980272636157,0.6391413221245394,0.523633854270707,0.06545423178383837
4,REM,0.46716353665327787,0.7546487899783718,0.56983684141224,0.07700497856922162
4,REM,0.46202987141532975,0.7045955539083778,0.6121895796253118,0.06930448071229946
4,REM,0.44406204308251135,0.7007453049799167,0.56983684141224,0.06160398285537729
4,REM,0.41326005165482277,0.6121895796253118,0.5621363435553178,0.06545423178383837
4,REM,0.3927253907030303,0.5582860946268567,0.5505855967699346,0.06930448071229946
4,REM,0.46202987141532975,0.7238467985506832,0.6006388328399286,0.06160398285537729
4,REM,0.4248107984402059,0.6083393306968508,0.5929383349830064,0.07315472964076054
4,REM,0.4286610473686671,0.6352910731960784,0.5852378371260843,0.06545423178383837
4,REM,0.4145434679643097,0.5813875881976233,0.5890880860545453,0.07315472964076054
4,REM,0.42224396582123186,0.5929383349830064,0.6044890817683897,0.06930448071229946
4,REM,0.44406204308251135,0.6853443092660724,0.5736870903407011,0.07315472964076054
4,W,0.47358061820071296,0.6660930646237669,0.6891945581945335,0.06545423178383837
4,W,0.4876981976050702,0.7161463006937611,0.669943313552228,0.07700497856922162
4,N1,0.37604097867969893,0.523633854270707,0.5428850989130124,0.06160398285537729
4,N1,0.4106932190358487,0.5967885839114675,0.5621363435553178,0.07315472964076054
4,N1,0.43892837784456323,0.6275905753391562,0.6160398285537729,0.07315472964076054
4,W,0.49154844653353136,0.6083393306968508,0.8124025239052881,0.05390348499845513
4,W,0.45047912462994644,0.5929383349830064,0.7045955539083778,0.05390348499845513
4,W,0.41197663534533563,0.4581796224868686,0.7122960517653,0.06545423178383837
4,W,0.3490892361804714,0.35422290141841944,0.6275905753391562,0.06545423178383837
4,W,0.4145434679643098,0.5736870903407011,0.6083393306968508,0.06160398285537729
4,W,0.4799976997481481,0.6968950560514556,0.6853443092660724,0.05775373392691621
4,W,0.4812811160576352,0.7161463006937611,0.662242815695306,0.06545423178383837
4,W,0.49283186284301833,0.7507985410499107,0.6506920689099227,0.07700497856922162
4,W,0.47486403451020004,0.7199965496222221,0.6429915710530005,0.06160398285537729
4,W,0.4928318628430184,0.7469482921214496,0.662242815695306,0.06930448071229946
4,W,0.47871428343866107,0.7584990389068329,0.6006388328399286,0.07700497856922162
4,W,0.4363615452255892,0.6545423178383838,0.5852378371260843,0.06930448071229946
4,W,0.38502489284610814,0.5428850989130124,0.5428850989130124,0.06930448071229946
4,W,0.3709073134417508,0.42737763105918,0.6121895796253118,0.07315472964076054
4,W,0.32855457522867887,0.3388219057045751,0.5813875881976233,0.06545423178383837
4,W,0.2964691674915032,0.3003194164199643,0.5197836053422459,0.06930448071229946
4,W,0.3875917254650822,0.45047912462994644,0.6429915710530005,0.06930448071229946
4,W,0.44277862677302426,0.6776438114091502,0.5736870903407011,0.07700497856922162
4,W,0.46588012034379084,0.7161463006937611,0.6160398285537729,0.06545423178383837
4,W,0.48641478129558324,0.7661995367637551,0.6314408242676173,0.06160398285537729
4,N1,0.49026503022404433,0.7661995367637551,0.6506920689099227,0.05390348499845513
4,N1,0.49154844653353136,0.7238467985506832,0.6853443092660724,0.06545423178383837
4,N1,0.46716353665327776,0.6853443092660724,0.6352910731960784,0.0808552274976827
4,N1,0.4812811160576351,0.6930448071229945,0.6930448071229945,0.05775373392691621
4,N1,0.3978590559409783,0.5351846010560902,0.5890880860545453,0.06930448071229946
4,N1,0.42481079844020603,0.5659865924837789,0.6468418199814616,0.06160398285537729
4,N1,0.40042588855995237,0.5428850989130124,0.5967885839114675,0.06160398285537729
4,N1,0.39144197439354317,0.5351846010560902,0.5544358456983957,0.08470547642614377
4,N1,0.41197663534533574,0.5775373392691622,0.5967885839114675,0.06160398285537729
4,N1,0.43122787998764106,0.6468418199814616,0.5890880860545453,0.05775373392691621
4,N1,0.40812638641687454,0.5736870903407011,0.5890880860545453,0.06160398285537729
4,N2,0.3978590559409784,0.5428850989130124,0.5852378371260843,0.06545423178383837
4,N1,0.44791229201097243,0.6776438114091502,0.6006388328399286,0.06545423178383837
4,N1,0.4004258885599525,0.5659865924837789,0.5736870903407011,0.06160398285537729
4,N2,0.4248107984402059,0.6237403264106951,0.5775373392691622,0.07315472964076054
4,N2,0.3747575623702119,0.5428850989130124,0.5197836053422459,0.06160398285537729
4,N2,0.40812638641687465,0.6275905753391562,0.5390348499845513,0.05775373392691621
4,N2,0.39914247225046545,0.5621363435553178,0.56983684141224,0.06545423178383837
4,N2,0.4145434679643097,0.6006388328399286,0.5775373392691622,0.06545423178383837
4,N2,0.4414952104635373,0.669943313552228,0.5929383349830064,0.06160398285537729
4,N2,0.3927253907030303,0.5775373392691622,0.5467353478414735,0.05390348499845513
4,N2,0.4004258885599525,0.5621363435553178,0.5736870903407011,0.06545423178383837
4,W,0.4722972018912259,0.7122960517653,0.6391413221245394,0.06545423178383837
4,N1,0.41326005165482266,0.5736870903407011,0.6044890817683897,0.06160398285537729
4,N2,0.4158268842737968,0.5967885839114675,0.5852378371260843,0.06545423178383837
4,N2,0.45817962248686867,0.669943313552228,0.6314408242676173,0.07315472964076054
4,N1,0.4889816139145573,0.7315472964076054,0.6583925667668449,0.07700497856922162
4,N1,0.45304595724892055,0.6391413221245394,0.6468418199814616,0.07315472964076054
4,N1,0.4453454593919984,0.6429915710530005,0.6314408242676173,0.06160398285537729
4,N1,0.42994446367815403,0.6275905753391562,0.5929383349830064,0.06930448071229946
4,N2,0.39529222332200437,0.5313343521276291,0.5852378371260843,0.06930448071229946
4,N2,0.36320681558482865,0.5197836053422459,0.5005323606999406,0.06930448071229946
4,N2,0.378607811298673,0.5813875881976233,0.47743086712917404,0.07700497856922162
4,N2,0.39914247225046545,0.5659865924837789,0.5659865924837789,0.06545423178383837
4,N2,0.4004258885599525,0.5505855967699346,0.5775373392691622,0.07315472964076054
4,N2,0.40940980272636157,0.6044890817683897,0.5505855967699346,0.07315472964076054
4,N2,0.44277862677302426,0.6314408242676173,0.619890077482234,0.07700497856922162
4,N1,0.42609421474969295,0.5813875881976233,0.619890077482234,0.07700497856922162
4,N2,0.3927253907030303,0.5775373392691622,0.5351846010560902,0.06545423178383837
4,N2,0.4183937168927709,0.5736870903407011,0.6160398285537729,0.06545423178383837
4,N2,0.43892837784456323,0.6121895796253118,0.6352910731960784,0.06930448071229946
4,N1,0.428661047368667,0.6468418199814616,0.56983684141224,0.06930448071229946
4,N1,0.46716353665327787,0.619890077482234,0.7122960517653,0.06930448071229946
4,W,0.2939023348725292,0.3234209099907308,0.4851313649860962,0.07315472964076054
4,W,0.42994446367815403,0.4196771332022578,0.7970015281914438,0.07315472964076054
4,W,0.43122787998764106,0.5582860946268567,0.6776438114091502,0.05775373392691621
4,W,0.4389283778445632,0.619890077482234,0.6121895796253118,0.08470547642614377
4,W,0.4235273821307189,0.6468418199814616,0.56983684141224,0.05390348499845513
4,W,0.42994446367815403,0.6429915710530005,0.5813875881976233,0.06545423178383837
4,N1,0.39015855808405625,0.5005323606999406,0.6121895796253118,0.05775373392691621
4,N1,0.4453454593919984,0.6160398285537729,0.6468418199814616,0.07315472964076054
4,N1,0.428661047368667,0.6044890817683897,0.619890077482234,0.06160398285537729
4,N1,0.46459670403430375,0.669943313552228,0.6506920689099227,0.07315472964076054
4,N2,0.41711030058328374,0.5967885839114675,0.5890880860545453,0.06545423178383837
4,N2,0.38502489284610814,0.523633854270707,0.5621363435553178,0.06930448071229946
4,N2,0.38117464391764705,0.49283186284301833,0.5852378371260843,0.06545423178383837
4,N2,0.4004258885599525,0.5544358456983957,0.5890880860545453,0.05775373392691621
4,N2,0.4273776310591801,0.6429915710530005,0.5852378371260843,0.05390348499845513
4,N2,0.3837414765366211,0.5428850989130124,0.5505855967699346,0.05775373392691621
4,N2,0.4158268842737967,0.6121895796253118,0.5659865924837789,0.06930448071229946
4,N2,0.38117464391764705,0.5390348499845513,0.5428850989130124,0.06160398285537729
4,N2,0.38630830915559516,0.5351846010560902,0.5428850989130124,0.0808552274976827
4,N1,0.4517625409394335,0.662242815695306,0.6314408242676173,0.06160398285537729
4,N2,0.4248107984402059,0.5890880860545453,0.6237403264106951,0.06160398285537729
4,N2,0.4248107984402059,0.6352910731960784,0.5736870903407011,0.06545423178383837
4,N2,0.42609421474969295,0.619890077482234,0.5967885839114675,0.06160398285537729
4,N1,0.4055595537979005,0.5467353478414735,0.6006388328399286,0.06930448071229946
4,N2,0.3657736482038027,0.45047912462994644,0.5890880860545453,0.05775373392691621
4,N2,0.3709073134417508,0.47358061820071296,0.5775373392691622,0.06160398285537729
4,N2,0.4094098027263617,0.5929383349830064,0.5736870903407011,0.06160398285537729
4,N2,0.3644902318943157,0.5120831074853237,0.5197836053422459,0.06160398285537729
4,N2,0.3978590559409783,0.5967885839114675,0.5351846010560902,0.06160398285537729
4,N2,0.4106932190358486,0.5736870903407011,0.5890880860545453,0.06930448071229946
4,N2,0.34908923618047133,0.5120831074853237,0.47743086712917404,0.05775373392691621
4,N2,0.3965756396314914,0.6006388328399286,0.527484103199168,0.06160398285537729
4,N2,0.4094098027263617,0.5582860946268567,0.6006388328399286,0.06930448071229946
4,N2,0.41197663534533563,0.5736870903407011,0.5967885839114675,0.06545423178383837
4,N2,0.37989122760816,0.5621363435553178,0.5159333564137848,0.06160398285537729
4,N2,0.38630830915559516,0.5197836053422459,0.5736870903407011,0.06545423178383837
4,N2,0.42096054951174483,0.6121895796253118,0.5890880860545453,0.06160398285537729
4,N2,0.38502489284610814,0.5621363435553178,0.5313343521276291,0.06160398285537729
4,N2,0.39400880701251734,0.5582860946268567,0.5582860946268567,0.06545423178383837
4,N2,0.37219072975123785,0.5659865924837789,0.5005323606999406,0.05005323606999405
4,N2,0.4004258885599525,0.5621363435553178,0.5736870903407011,0.06545423178383837
4,N2,0.4106932190358486,0.6083393306968508,0.5621363435553178,0.06160398285537729
4,N2,0.39914247225046545,0.5621363435553178,0.5582860946268567,0.07700497856922162
4,N1,0.4581796224868686,0.7084458028368389,0.5967885839114675,0.06930448071229946
4,N2,0.4068429701073875,0.6121895796253118,0.5428850989130124,0.06545423178383837
4,N2,0.3734741460607249,0.5159333564137848,0.5313343521276291,0.07315472964076054
4,N2,0.37604097867969893,0.5197836053422459,0.5428850989130124,0.06545423178383837
4,N2,0.4055595537979006,0.5582860946268567,0.5929383349830064,0.06545423178383837
4,N2,0.3709073134417508,0.5351846010560902,0.5159333564137848,0.06160398285537729
4,N2,0.376040978679699,0.5043826096284016,0.5582860946268567,0.06545423178383837
4,N2,0.36705706451328973,0.49283186284301833,0.5467353478414735,0.06160398285537729
4,N2,0.36834048082277676,0.6006388328399286,0.4466288757014854,0.05775373392691621
4,N2,0.41326005165482266,0.5929383349830064,0.5929383349830064,0.05390348499845513
4,N2,0.39914247225046545,0.5351846010560902,0.6006388328399286,0.06160398285537729
4,N2,0.39529222332200425,0.5890880860545453,0.5351846010560902,0.06160398285537729
4,N2,0.37989122760816,0.5467353478414735,0.527484103199168,0.06545423178383837
4,N2,0.40427613748841357,0.5659865924837789,0.5775373392691622,0.06930448071229946
4,N2,0.3837414765366211,0.5313343521276291,0.5505855967699346,0.06930448071229946
4,N2,0.4017093048694395,0.5621363435553178,0.5890880860545453,0.05390348499845513
4,N2,0.3709073134417508,0.5351846010560902,0.5082328585568627,0.06930448071229946
4,N2,0.3927253907030303,0.619890077482234,0.4966821117714794,0.06160398285537729
4,N2,0.39015855808405625,0.5775373392691622,0.523633854270707,0.06930448071229946
4,N2,0.38630830915559516,0.5659865924837789,0.5390348499845513,0.05390348499845513
4,N2,0.3747575623702119,0.5120831074853237,0.5390348499845513,0.07315472964076054
4,N2,0.39015855808405625,0.5736870903407011,0.5351846010560902,0.06160398285537729
4,N2,0.4017093048694395,0.619890077482234,0.523633854270707,0.06160398285537729
4,N2,0.36320681558482865,0.48898161391455724,0.5351846010560902,0.06545423178383837
4,REM,0.33368824046662704,0.4658801203437908,0.46973036927225187,0.06545423178383837
4,W,0.47871428343866107,0.7315472964076054,0.6583925667668449,0.046202987141532974
4,REM,0.42609421474969295,0.6160398285537729,0.5967885839114675,0.06545423178383837
4,REM,0.4196771332022578,0.6314408242676173,0.5544358456983957,0.07315472964076054
4,REM,0.4055595537979006,0.5813875881976233,0.5736870903407011,0.06160398285537729
4,REM,0.41197663534533574,0.6121895796253118,0.5621363435553178,0.06160398285537729
4,REM,0.43507812891610215,0.6275905753391562,0.6083393306968508,0.06930448071229946
4,REM,0.3978590559409783,0.6044890817683897,0.527484103199168,0.06160398285537729
4,REM,0.35422290141841944,0.5390348499845513,0.4658801203437908,0.05775373392691621
4,REM,0.36577364820380276,0.5621363435553178,0.46973036927225187,0.06545423178383837
4,REM,0.37860781129867305,0.5082328585568627,0.5621363435553178,0.06545423178383837
4,REM,0.378607811298673,0.5736870903407011,0.5082328585568627,0.05390348499845513
4,REM,0.3657736482038027,0.43122787998764106,0.6006388328399286,0.06545423178383837
4,W,0.4928318628430184,0.7315472964076054,0.6776438114091502,0.06930448071229946
4,REM,0.41326005165482266,0.6275905753391562,0.5505855967699346,0.06160398285537729
4,REM,0.37989122760816,0.523633854270707,0.5505855967699346,0.06545423178383837
4,W,0.28491842070612,0.38887514177456917,0.39657563963149134,0.06930448071229946
4,REM,0.4235273821307189,0.7315472964076054,0.47743086712917404,0.06160398285537729
4,REM,0.43507812891610215,0.6968950560514556,0.5428850989130124,0.06545423178383837
4,REM,0.4055595537979006,0.6121895796253118,0.5313343521276291,0.07315472964076054
4,REM,0.40812638641687465,0.5852378371260843,0.5775373392691622,0.06160398285537729
4,REM,0.43892837784456323,0.6737935624806891,0.5736870903407011,0.06930448071229946
4,REM,0.43892837784456323,0.662242815695306,0.5775373392691622,0.07700497856922162
4,REM,0.37347414606072493,0.5005323606999406,0.5544358456983957,0.06545423178383837
4,REM,0.42994446367815414,0.6506920689099227,0.56983684141224,0.06930448071229946
4,REM,0.3875917254650822,0.5351846010560902,0.5621363435553178,0.06545423178383837
4,REM,0.39400880701251734,0.5351846010560902,0.5775373392691622,0.06930448071229946
4,REM,0.43122787998764106,0.662242815695306,0.5544358456983957,0.07700497856922162
4,REM,0.42609421474969295,0.6352910731960784,0.5736870903407011,0.06930448071229946
4,REM,0.3837414765366211,0.48898161391455724,0.5967885839114675,0.06545423178383837
4,REM,0.3875917254650822,0.523633854270707,0.5775373392691622,0.06160398285537729
4,REM,0.34395557094252327,0.39272539070303025,0.56983684141224,0.06930448071229946
4,REM,0.32855457522867887,0.39272539070303025,0.527484103199168,0.06545423178383837
4,REM,0.4055595537979006,0.5467353478414735,0.6044890817683897,0.06545423178383837
4,REM,0.34395557094252327,0.5043826096284016,0.46973036927225187,0.05775373392691621
4,REM,0.3606399829658546,0.5005323606999406,0.5197836053422459,0.06160398285537729
4,REM,0.3413887383235492,0.5005323606999406,0.4581796224868686,0.06545423178383837
4,W,0.3940088070125172,0.5929383349830064,0.5313343521276291,0.05775373392691621
4,W,0.44406204308251135,0.6660930646237669,0.5967885839114675,0.06930448071229946
4,W,0.3978590559409784,0.6583925667668449,0.47743086712917404,0.05775373392691621
4,W,0.4004258885599525,0.5967885839114675,0.5390348499845513,0.06545423178383837
4,W,0.39529222332200437,0.5775373392691622,0.5428850989130124,0.06545423178383837
4,W,0.42096054951174483,0.6468418199814616,0.5544358456983957,0.06160398285537729
4,N1,0.4517625409394335,0.6352910731960784,0.6506920689099227,0.06930448071229946
4,N1,0.39015855808405625,0.5313343521276291,0.5659865924837789,0.07315472964076054
4,N1,0.3747575623702119,0.4620298714153297,0.5967885839114675,0.06545423178383837
4,N2,0.37989122760816,0.5351846010560902,0.5428850989130124,0.06160398285537729
4,W,0.42994446367815403,0.6776438114091502,0.5467353478414735,0.06545423178383837
4,W,0.43122787998764106,0.6352910731960784,0.6006388328399286,0.05775373392691621
4,W,0.3041696653484253,0.334971656776114,0.523633854270707,0.05390348499845513
4,W,0.36063998296585464,0.3234209099907308,0.7007453049799167,0.05775373392691621
4,W,0.3413887383235492,0.2964691674915032,0.662242815695306,0.06545423178383837
4,W,0.40427613748841346,0.39657563963149134,0.7584990389068329,0.05775373392691621
4,W,0.4594630387963557,0.4158268842737967,0.8971080003314319,0.06545423178383837
4,W,0.4183937168927708,0.35037265248995836,0.8393542664045156,0.06545423178383837
4,W,0.43122787998764106,0.3272711589191919,0.8971080003314319,0.06930448071229946
4,W,0.3824580602271341,0.26566717606381457,0.808552274976827,0.07315472964076054
4,W,0.3747575623702119,0.21561393999382053,0.8432045153329767,0.06545423178383837
4,W,0.42737763105918,0.3850248928461081,0.8355040174760545,0.06160398285537729
4,W,0.4633132877248167,0.41197663534533563,0.9202094939021983,0.05775373392691621
4,W,0.4196771332022578,0.3003194164199643,0.9009582492598929,0.05775373392691621
4,W,0.4158268842737968,0.28491842070612,0.8971080003314319,0.06545423178383837
4,W,0.4337947126066151,0.3272711589191919,0.908658747116815,0.06545423178383837
4,W,0.4453454593919984,0.3388219057045751,0.9356104896160427,0.06160398285537729
4,W,0.41197663534533563,0.3041696653484254,0.8663060089037432,0.06545423178383837
4,W,0.45304595724892055,0.38887514177456917,0.904808498188354,0.06545423178383837
4,W,0.38117464391764705,0.331121407847653,0.7469482921214496,0.06545423178383837
4,W,0.3580731503468806,0.30801991427688646,0.7084458028368389,0.05775373392691621
4,W,0.42096054951174483,0.3426721546330362,0.8470547642614378,0.07315472964076054
4,W,0.4196771332022579,0.39272539070303025,0.8124025239052881,0.05390348499845513
4,W,0.39015855808405625,0.4081263864168746,0.6968950560514556,0.06545423178383837
4,W,0.37604097867969893,0.2810681717776589,0.7816005324775994,0.06545423178383837
4,W,0.37732439498918596,0.3619233992753416,0.7007453049799167,0.06930448071229946
4,W,0.42481079844020586,0.4427786267730243,0.7546487899783718,0.07700497856922162
4,W,0.33882190570457515,0.27721792284919783,0.6814940603376113,0.05775373392691621
4,W,0.35037265248995836,0.30801991427688646,0.6814940603376113,0.06160398285537729
4,W,0.4055595537979006,0.35037265248995836,0.7970015281914438,0.06930448071229946
4,W,0.3709073134417508,0.3696238971322638,0.6776438114091502,0.06545423178383837
4,W,0.4017093048694395,0.31187016320534755,0.8162527728337492,0.07700497856922162
4,W,0.3978590559409784,0.331121407847653,0.8008517771199049,0.06160398285537729
4,W,0.39400880701251734,0.331121407847653,0.7816005324775994,0.06930448071229946
4,W,0.42224396582123186,0.39657563963149134,0.7970015281914438,0.07315472964076054
4,W,0.41711030058328374,0.4466288757014854,0.7430980431929886,0.06160398285537729
4,W,0.4145434679643098,0.35807315034688053,0.8162527728337492,0.06930448071229946
4,W,0.3362550730856011,0.26951742499227566,0.6853443092660724,0.05390348499845513
4,W,0.3028862490389384,0.2002129442799762,0.6429915710530005,0.06545423178383837
4,W,0.36320681558482865,0.3388219057045751,0.6968950560514556,0.05390348499845513
4,W,0.32342090999073075,0.2618169271353535,0.6391413221245394,0.06930448071229946
4,W,0.40299272117892654,0.3234209099907308,0.8201030217622103,0.06545423178383837
4,W,0.3747575623702119,0.3195706610622697,0.7392477942645276,0.06545423178383837
4,W,0.34908923618047133,0.31187016320534755,0.669943313552228,0.06545423178383837
4,W,0.39914247225046545,0.3734741460607248,0.762349287835294,0.06160398285537729
4,W,0.39914247225046545,0.3234209099907308,0.7970015281914438,0.07700497856922162
4,W,0.3837414765366211,0.3195706610622697,0.7661995367637551,0.06545423178383837
4,W,0.35935656665636756,0.31187016320534755,0.6930448071229945,0.07315472964076054
4,W,0.423527382130719,0.3850248928461081,0.8124025239052881,0.07315472964076054
4,W,0.40812638641687465,0.3195706610622697,0.8316537685475934,0.07315472964076054
4,W,0.40812638641687454,0.39657563963149134,0.7739000346206772,0.05390348499845513
4,W,0.4543293735584076,0.41197663534533563,0.8855572535460486,0.06545423178383837
4,W,0.4966821117714795,0.5082328585568627,0.9202094939021983,0.06160398285537729
4,W,0.3619233992753416,0.2579666782068924,0.7700497856922162,0.05775373392691621
4,W,0.4235273821307189,0.3773243949891859,0.8239532706906713,0.06930448071229946
4,W,0.3824580602271341,0.3195706610622697,0.762349287835294,0.06545423178383837
4,W,0.46074645510584267,0.381174643917647,0.9394607385445037,0.06160398285537729
4,W,0.5069494422473757,0.49283186284301833,0.9664124810437313,0.06160398285537729
4,W,0.526200686889681,0.5390348499845513,0.9702627299721924,0.06930448071229946
5,W,0.4068429701073875,0.4581796224868686,0.6968950560514556,0.06545423178383837
5,W,0.3632068155848287,0.39272539070303025,0.6314408242676173,0.06545423178383837
5,W,0.33882190570457515,0.3619233992753416,0.6006388328399286,0.05390348499845513
5,W,0.37860781129867305,0.5005323606999406,0.56983684141224,0.06545423178383837
5,W,0.3914419743935433,0.5390348499845513,0.5659865924837789,0.06930448071229946
5,W,0.4055595537979005,0.5890880860545453,0.5659865924837789,0.06160398285537729
5,W,0.3747575623702119,0.5390348499845513,0.527484103199168,0.05775373392691621
5,W,0.41326005165482266,0.5775373392691622,0.5929383349830064,0.06930448071229946
5,W,0.40299272117892654,0.5544358456983957,0.5890880860545453,0.06545423178383837
5,W,0.3837414765366211,0.5390348499845513,0.5505855967699346,0.06160398285537729
5,W,0.40427613748841346,0.5544358456983957,0.5929383349830064,0.06545423178383837
5,W,0.3978590559409783,0.5582860946268567,0.5582860946268567,0.07700497856922162
5,W,0.38630830915559516,0.5313343521276291,0.5582860946268567,0.06930448071229946
5,W,0.38502489284610814,0.5159333564137848,0.5736870903407011,0.06545423178383837
5,W,0.40427613748841346,0.6083393306968508,0.5313343521276291,0.07315472964076054
5,W,0.42096054951174483,0.6006388328399286,0.5929383349830064,0.06930448071229946
5,W,0.41711030058328386,0.6545423178383838,0.5351846010560902,0.06160398285537729
5,W,0.40427613748841357,0.6314408242676173,0.5197836053422459,0.06160398285537729
5,W,0.40299272117892654,0.662242815695306,0.4851313649860962,0.06160398285537729
5,W,0.4183937168927708,0.6275905753391562,0.5582860946268567,0.06930448071229946
5,W,0.42609421474969306,0.6391413221245394,0.5813875881976233,0.05775373392691621
5,W,0.42994446367815414,0.6583925667668449,0.56983684141224,0.06160398285537729
5,W,0.43251129629712803,0.6583925667668449,0.5582860946268567,0.0808552274976827
5,W,0.3619233992753416,0.41197663534533563,0.6083393306968508,0.06545423178383837
5,W,0.3593565666563676,0.31572041213380864,0.6930448071229945,0.06930448071229946
5,W,0.33882190570457515,0.31572041213380864,0.6429915710530005,0.05775373392691621
5,W,0.3131535795148346,0.31572041213380864,0.5582860946268567,0.06545423178383837
5,W,0.30930333058637344,0.26951742499227566,0.5890880860545453,0.06930448071229946
5,W,0.22973151939817782,0.26566717606381457,0.3619233992753416,0.06160398285537729
5,W,0.25283301296894434,0.28491842070612,0.4042761374884135,0.06930448071229946
5,W,0.2156139399938205,0.31187016320534755,0.26951742499227566,0.06545423178383837
5,W,0.16812753654280055,0.2425656824930481,0.2040631932084373,0.05775373392691621
5,W,0.36320681558482865,0.5082328585568627,0.5197836053422459,0.06160398285537729
5,W,0.3888751417745692,0.5775373392691622,0.523633854270707,0.06545423178383837
5,W,0.38630830915559516,0.4851313649860962,0.6044890817683897,0.06930448071229946
5,W,0.35165606879944544,0.43507812891610215,0.5544358456983957,0.06545423178383837
5,W,0.3016028327294514,0.3426721546330362,0.5005323606999406,0.06160398285537729
5,W,0.3709073134417508,0.5159333564137848,0.5313343521276291,0.06545423178383837
5,W,0.39400880701251734,0.5505855967699346,0.56983684141224,0.06160398285537729
5,W,0.3452389872520103,0.4812811160576351,0.4851313649860962,0.06930448071229946
5,W,0.4183937168927709,0.6468418199814616,0.5351846010560902,0.07315472964076054
5,W,0.3875917254650822,0.5428850989130124,0.5582860946268567,0.06160398285537729
5,W,0.38245806022713413,0.5813875881976233,0.5043826096284016,0.06160398285537729
5,W,0.39529222332200437,0.5929383349830064,0.527484103199168,0.06545423178383837
5,W,0.3362550730856011,0.4581796224868686,0.49283186284301833,0.05775373392691621
5,W,0.3696238971322638,0.5120831074853237,0.5351846010560902,0.06160398285537729
5,W,0.3888751417745692,0.523633854270707,0.56983684141224,0.07315472964076054
5,W,0.40427613748841357,0.6044890817683897,0.5390348499845513,0.06930448071229946
5,W,0.3927253907030303,0.5467353478414735,0.5659865924837789,0.06545423178383837
5,W,0.4106932190358486,0.5428850989130124,0.619890077482234,0.06930448071229946
5,W,0.4068429701073875,0.5967885839114675,0.5659865924837789,0.05775373392691621
5,W,0.40042588855995237,0.5351846010560902,0.5967885839114675,0.06930448071229946
5,W,0.3721907297512379,0.4812811160576351,0.5736870903407011,0.06160398285537729
5,W,0.4158268842737968,0.6083393306968508,0.5813875881976233,0.05775373392691621
5,W,0.4183937168927709,0.6352910731960784,0.5467353478414735,0.07315472964076054
5,W,0.4094098027263617,0.6044890817683897,0.5621363435553178,0.06160398285537729
5,W,0.3978590559409784,0.5544358456983957,0.5659865924837789,0.07315472964076054
5,W,0.39529222332200437,0.5775373392691622,0.5582860946268567,0.05005323606999405
5,W,0.43122787998764106,0.5929383349830064,0.6314408242676173,0.06930448071229946
5,W,0.41197663534533563,0.5428850989130124,0.6275905753391562,0.06545423178383837
5,N1,0.4055595537979005,0.5428850989130124,0.6044890817683897,0.06930448071229946
5,N1,0.4004258885599525,0.5197836053422459,0.6160398285537729,0.06545423178383837
5,N1,0.41711030058328374,0.5775373392691622,0.6006388328399286,0.07315472964076054
5,N1,0.3965756396314914,0.5544358456983957,0.5736870903407011,0.06160398285537729
5,N1,0.37989122760816,0.5313343521276291,0.5505855967699346,0.05775373392691621
5,N1,0.3632068155848287,0.46973036927225187,0.5544358456983957,0.06545423178383837
5,N2,0.3709073134417509,0.4851313649860962,0.5621363435553178,0.06545423178383837
5,N2,0.3657736482038027,0.49283186284301833,0.5544358456983957,0.05005323606999405
5,N2,0.3593565666563676,0.5043826096284016,0.5043826096284016,0.06930448071229946
5,N2,0.3619233992753416,0.46973036927225187,0.5505855967699346,0.06545423178383837
5,N2,0.38117464391764705,0.5082328585568627,0.5736870903407011,0.06160398285537729
5,N2,0.3734741460607249,0.5082328585568627,0.5428850989130124,0.06930448071229946
5,N2,0.36063998296585464,0.46973036927225187,0.5467353478414735,0.06545423178383837
5,N2,0.3888751417745692,0.5390348499845513,0.5621363435553178,0.06545423178383837
5,N2,0.35422290141841944,0.48898161391455724,0.5120831074853237,0.06160398285537729
5,N2,0.3709073134417508,0.49283186284301833,0.5505855967699346,0.06930448071229946
5,N2,0.36449023189431573,0.46973036927225187,0.5467353478414735,0.07700497856922162
5,N2,0.3606399829658546,0.4966821117714794,0.523633854270707,0.06160398285537729
5,N2,0.38117464391764705,0.527484103199168,0.5544358456983957,0.06160398285537729
5,N2,0.4106932190358487,0.5582860946268567,0.6160398285537729,0.05775373392691621
5,N2,0.34652240356149727,0.45047912462994644,0.5197836053422459,0.06930448071229946
5,N2,0.3696238971322638,0.4966821117714794,0.5544358456983957,0.05775373392691621
5,N2,0.3452389872520103,0.49283186284301833,0.4812811160576351,0.06160398285537729
5,N2,0.34395557094252327,0.5043826096284016,0.4658801203437908,0.06160398285537729
5,N2,0.37219072975123785,0.523633854270707,0.5197836053422459,0.07315472964076054
5,N2,0.35550631772790653,0.4851313649860962,0.523633854270707,0.05775373392691621
5,N2,0.35678973403739356,0.5005323606999406,0.5043826096284016,0.06545423178383837
5,N2,0.36705706451328973,0.4966821117714794,0.5390348499845513,0.06545423178383837
5,N2,0.3298379915381659,0.46973036927225187,0.4581796224868686,0.06160398285537729
5,N2,0.334971656776114,0.4581796224868686,0.4658801203437908,0.0808552274976827
5,N2,0.3259877426097048,0.4966821117714794,0.41197663534533563,0.06930448071229946
5,N2,0.3362550730856011,0.4581796224868686,0.47743086712917404,0.07315472964076054
5,N2,0.3003194164199643,0.41197663534533563,0.4196771332022578,0.06930448071229946
5,N2,0.3093033305863735,0.4235273821307189,0.43122787998764106,0.07315472964076054
5,N2,0.33240482415713996,0.47743086712917404,0.4543293735584075,0.06545423178383837
5,N2,0.3259877426097048,0.45047912462994644,0.4543293735584075,0.07315472964076054
5,N3,0.31957066106226967,0.43507812891610215,0.4620298714153297,0.06160398285537729
5,N2,0.3413887383235492,0.5005323606999406,0.4620298714153297,0.06160398285537729
5,N3,0.2682340086827886,0.3850248928461081,0.35807315034688053,0.06160398285537729
5,N3,0.3041696653484254,0.41197663534533563,0.43507812891610215,0.06545423178383837
5,N2,0.3028862490389384,0.4081263864168746,0.43507812891610215,0.06545423178383837
5,N2,0.2926189185630422,0.41197663534533563,0.4042761374884135,0.06160398285537729
5,N3,0.2682340086827886,0.3773243949891859,0.3619233992753416,0.06545423178383837
5,N2,0.3105867468958605,0.39272539070303025,0.4658801203437908,0.07315472964076054
5,N3,0.2682340086827886,0.3773243949891859,0.3696238971322638,0.05775373392691621
5,N2,0.3105867468958605,0.4042761374884135,0.4581796224868686,0.06930448071229946
5,N2,0.2977525838009903,0.4004258885599524,0.43122787998764106,0.06160398285537729
5,N2,0.26951742499227566,0.3619233992753416,0.3773243949891859,0.06930448071229946
5,N3,0.27850133915868486,0.35422290141841944,0.41197663534533563,0.06930448071229946
5,N3,0.28748525332509406,0.38887514177456917,0.4081263864168746,0.06545423178383837
5,N3,0.2541164292784313,0.3195706610622697,0.3850248928461081,0.05775373392691621
5,N3,0.28491842070612,0.35422290141841944,0.43122787998764106,0.06930448071229946
5,N3,0.27721792284919783,0.3734741460607248,0.4004258885599524,0.05775373392691621
5,N2,0.2797847554681719,0.35037265248995836,0.4196771332022578,0.06930448071229946
5,N3,0.28620183701560703,0.3696238971322638,0.4196771332022578,0.06930448071229946
5,N3,0.2592500945163794,0.35807315034688053,0.35037265248995836,0.06930448071229946
5,N2,0.28235158808714594,0.41197663534533563,0.3734741460607248,0.06160398285537729
5,N3,0.28235158808714594,0.3696238971322638,0.4042761374884135,0.07315472964076054
5,N2,0.31187016320534755,0.42737763105918,0.4466288757014854,0.06160398285537729
5,N3,0.23871543356458702,0.331121407847653,0.3272711589191919,0.05775373392691621
5,N3,0.2618169271353535,0.34652240356149727,0.3850248928461081,0.05390348499845513
5,N2,0.2887686696345811,0.38887514177456917,0.4004258885599524,0.07700497856922162
5,N3,0.24513251511202214,0.3041696653484254,0.3734741460607248,0.05775373392691621
5,N3,0.27465109023022377,0.34652240356149727,0.4081263864168746,0.06930448071229946
5,N3,0.2374320172551,0.3195706610622697,0.3388219057045751,0.05390348499845513
5,N2,0.283635004396633,0.381174643917647,0.4042761374884135,0.06545423178383837
5,N3,0.23614860094561296,0.2926189185630422,0.3426721546330362,0.07315472964076054
5,N3,0.2425656824930481,0.331121407847653,0.334971656776114,0.06160398285537729
5,N3,0.25668326189740537,0.3426721546330362,0.3657736482038027,0.06160398285537729
5,N3,0.24128226618356108,0.35037265248995836,0.31187016320534755,0.06160398285537729
5,N3,0.2464159314215092,0.331121407847653,0.3426721546330362,0.06545423178383837
5,N3,0.2618169271353535,0.35037265248995836,0.3734741460607248,0.06160398285537729
5,N3,0.22973151939817782,0.31187016320534755,0.3195706610622697,0.05775373392691621
5,N3,0.2669505923733016,0.3388219057045751,0.39657563963149134,0.06545423178383837
5,N3,0.2528330129689443,0.35422290141841944,0.3426721546330362,0.06160398285537729
5,N3,0.2515495966594573,0.3272711589191919,0.3619233992753416,0.06545423178383837
5,N3,0.24128226618356108,0.30801991427688646,0.35807315034688053,0.05775373392691621
5,N3,0.26053351082586645,0.31572041213380864,0.3850248928461081,0.0808552274976827
5,N3,0.24769934773099622,0.3195706610622697,0.35037265248995836,0.07315472964076054
5,N3,0.2528330129689443,0.35807315034688053,0.3426721546330362,0.05775373392691621
5,N3,0.2374320172551,0.3388219057045751,0.30801991427688646,0.06545423178383837
5,N2,0.2592500945163794,0.3734741460607248,0.35037265248995836,0.05390348499845513
5,N3,0.23614860094561296,0.3003194164199643,0.35037265248995836,0.05775373392691621
5,N3,0.26951742499227566,0.35037265248995836,0.38887514177456917,0.06930448071229946
5,N3,0.24769934773099622,0.31572041213380864,0.3657736482038027,0.06160398285537729
5,N3,0.24128226618356108,0.30801991427688646,0.35422290141841944,0.06160398285537729
5,N3,0.2425656824930481,0.31572041213380864,0.34652240356149727,0.06545423178383837
5,N3,0.26053351082586645,0.34652240356149727,0.3657736482038027,0.06930448071229946
5,N3,0.2335817683266389,0.3388219057045751,0.3041696653484254,0.05775373392691621
5,N3,0.2515495966594573,0.3234209099907308,0.3696238971322638,0.06160398285537729
5,N3,0.24513251511202216,0.3426721546330362,0.331121407847653,0.06160398285537729
5,N3,0.23614860094561296,0.31572041213380864,0.3272711589191919,0.06545423178383837
5,N2,0.29133550225355515,0.39657563963149134,0.39657563963149134,0.0808552274976827
5,N3,0.2374320172551,0.3234209099907308,0.3234209099907308,0.06545423178383837
5,N3,0.2566832618974054,0.3234209099907308,0.3657736482038027,0.0808552274976827
5,N3,0.24898276404048325,0.35037265248995836,0.331121407847653,0.06545423178383837
5,N3,0.26438375975432754,0.34652240356149727,0.3850248928461081,0.06160398285537729
5,N3,0.2528330129689443,0.35422290141841944,0.34652240356149727,0.05775373392691621
5,N3,0.23871543356458702,0.2926189185630422,0.35037265248995836,0.07315472964076054
5,N3,0.2502661803499703,0.28491842070612,0.4042761374884135,0.06160398285537729
5,N3,0.2335817683266389,0.2964691674915032,0.3426721546330362,0.06160398285537729
5,N3,0.2553998455879184,0.331121407847653,0.3619233992753416,0.07315472964076054
5,N3,0.26053351082586645,0.35422290141841944,0.35807315034688053,0.06930448071229946
5,N3,0.24513251511202216,0.3003194164199643,0.3657736482038027,0.06930448071229946
5,N3,0.2720842576112497,0.38887514177456917,0.3657736482038027,0.06160398285537729
5,N3,0.23101493570766485,0.2926189185630422,0.334971656776114,0.06545423178383837
5,N3,0.25154959665945725,0.3195706610622697,0.3734741460607248,0.06160398285537729
5,N3,0.2335817683266389,0.2810681717776589,0.35422290141841944,0.06545423178383837
5,N3,0.2425656824930481,0.3195706610622697,0.35422290141841944,0.05390348499845513
5,N3,0.23486518463612593,0.3041696653484254,0.334971656776114,0.06545423178383837
5,N3,0.2245978541602297,0.27721792284919783,0.334971656776114,0.06160398285537729
5,N3,0.23999884987407405,0.3195706610622697,0.3388219057045751,0.06160398285537729
5,N3,0.2143305236843335,0.2887686696345811,0.28491842070612,0.06930448071229946
5,N3,0.2631003434448405,0.35422290141841944,0.3696238971322638,0.06545423178383837
5,N3,0.23229835201715188,0.2926189185630422,0.3388219057045751,0.06545423178383837
5,N3,0.2374320172551,0.3003194164199643,0.3426721546330362,0.06930448071229946
5,N3,0.26053351082586645,0.35807315034688053,0.35422290141841944,0.06930448071229946
5,N3,0.21946418892228162,0.2926189185630422,0.2926189185630422,0.07315472964076054
5,N3,0.24769934773099622,0.30801991427688646,0.3657736482038027,0.06930448071229946
5,N3,0.26053351082586645,0.331121407847653,0.3850248928461081,0.06545423178383837
5,N3,0.23614860094561296,0.31572041213380864,0.3234209099907308,0.06930448071229946
5,N3,0.2515495966594573,0.3272711589191919,0.35807315034688053,0.06930448071229946
5,N3,0.2579666782068924,0.34652240356149727,0.35807315034688053,0.06930448071229946
5,N3,0.24384909880253514,0.3003194164199643,0.35807315034688053,0.07315472964076054
5,N3,0.25411642927843137,0.3272711589191919,0.3619233992753416,0.07315472964076054
5,N3,0.2425656824930481,0.3234209099907308,0.3272711589191919,0.07700497856922162
5,N3,0.25796667820689245,0.331121407847653,0.3657736482038027,0.07700497856922162
5,N3,0.20663002582741133,0.31572041213380864,0.24641593142150917,0.05775373392691621
5,N3,0.2579666782068924,0.3388219057045751,0.3696238971322638,0.06545423178383837
5,N3,0.2335817683266389,0.2926189185630422,0.35037265248995836,0.05775373392691621
5,N3,0.23871543356458702,0.30801991427688646,0.3426721546330362,0.06545423178383837
5,N3,0.2284481030886908,0.31187016320534755,0.30801991427688646,0.06545423178383837
5,N3,0.2631003434448405,0.41197663534533563,0.31572041213380864,0.06160398285537729
5,N2,0.2939023348725292,0.4004258885599524,0.41197663534533563,0.06930448071229946
5,N2,0.28620183701560703,0.3696238971322638,0.4196771332022578,0.06930448071229946
5,N2,0.3298379915381659,0.4196771332022578,0.5082328585568627,0.06160398285537729
5,N2,0.33497165677611407,0.43507812891610215,0.5005323606999406,0.06930448071229946
5,N2,0.31828724475278264,0.4427786267730243,0.45047912462994644,0.06160398285537729
5,N2,0.3567897340373935,0.47743086712917404,0.5351846010560902,0.05775373392691621
5,N2,0.3208540773717567,0.43892837784456323,0.4658801203437908,0.05775373392691621
5,W,0.40042588855995237,0.6083393306968508,0.523633854270707,0.06930448071229946
5,W,0.3375384893950881,0.4466288757014854,0.5043826096284016,0.06160398285537729
5,N1,0.35037265248995836,0.4658801203437908,0.527484103199168,0.05775373392691621
5,N2,0.35165606879944544,0.48898161391455724,0.5082328585568627,0.05775373392691621
5,N2,0.3452389872520103,0.4658801203437908,0.5043826096284016,0.06545423178383837
5,W,0.35678973403739356,0.4543293735584075,0.5467353478414735,0.06930448071229946
5,N1,0.4004258885599525,0.5313343521276291,0.5967885839114675,0.07315472964076054
5,N2,0.35550631772790653,0.47743086712917404,0.523633854270707,0.06545423178383837
5,N2,0.2708008413017627,0.35807315034688053,0.39272539070303025,0.06160398285537729
5,N2,0.3375384893950881,0.45047912462994644,0.4966821117714794,0.06545423178383837
5,N2,0.3311214078476529,0.43892837784456323,0.4851313649860962,0.06930448071229946
5,N2,0.3683404808227768,0.47743086712917404,0.5621363435553178,0.06545423178383837
5,N2,0.34010532201406213,0.45047912462994644,0.5197836053422459,0.05005323606999405
5,N2,0.4158268842737967,0.5967885839114675,0.5813875881976233,0.06930448071229946
5,W,0.45304595724892055,0.7315472964076054,0.5659865924837789,0.06160398285537729
5,N1,0.3927253907030303,0.5736870903407011,0.5428850989130124,0.06160398285537729
5,N2,0.37989122760816,0.5197836053422459,0.5544358456983957,0.06545423178383837
5,N2,0.3644902318943157,0.47358061820071296,0.5544358456983957,0.06545423178383837
5,N2,0.3401053220140622,0.4466288757014854,0.5120831074853237,0.06160398285537729
5,N2,0.3644902318943157,0.5120831074853237,0.5120831074853237,0.06930448071229946
5,N2,0.37989122760816,0.5313343521276291,0.5544358456983957,0.05390348499845513
5,N2,0.36705706451328973,0.4966821117714794,0.5428850989130124,0.06160398285537729
5,N2,0.3619233992753417,0.5005323606999406,0.523633854270707,0.06160398285537729
5,N2,0.35550631772790653,0.4812811160576351,0.5197836053422459,0.06545423178383837
5,REM,0.3555063177279065,0.4658801203437908,0.5390348499845513,0.06160398285537729
5,N2,0.3837414765366211,0.523633854270707,0.5621363435553178,0.06545423178383837
5,N2,0.35935656665636756,0.5005323606999406,0.5197836053422459,0.05775373392691621
5,N2,0.3619233992753417,0.4851313649860962,0.5467353478414735,0.05390348499845513
5,REM,0.3709073134417508,0.47358061820071296,0.5621363435553178,0.07700497856922162
5,REM,0.3709073134417508,0.4966821117714794,0.5505855967699346,0.06545423178383837
5,REM,0.3875917254650822,0.5197836053422459,0.5813875881976233,0.06160398285537729
5,REM,0.3888751417745692,0.5043826096284016,0.6006388328399286,0.06160398285537729
5,REM,0.38502489284610814,0.5005323606999406,0.5929383349830064,0.06160398285537729
5,REM,0.38245806022713413,0.5082328585568627,0.5775373392691622,0.06160398285537729
5,REM,0.3709073134417509,0.47743086712917404,0.56983684141224,0.06545423178383837
5,REM,0.3837414765366211,0.527484103199168,0.56983684141224,0.05390348499845513
5,REM,0.3875917254650822,0.5197836053422459,0.5813875881976233,0.06160398285537729
5,REM,0.3567897340373935,0.45047912462994644,0.5467353478414735,0.07315472964076054
5,REM,0.3965756396314914,0.5621363435553178,0.5544358456983957,0.07315472964076054
5,REM,0.39015855808405625,0.5082328585568627,0.6044890817683897,0.05775373392691621
5,REM,0.36705706451328973,0.5120831074853237,0.5351846010560902,0.05390348499845513
5,REM,0.41197663534533574,0.5775373392691622,0.5890880860545453,0.06930448071229946
5,REM,0.37732439498918596,0.5505855967699346,0.527484103199168,0.05390348499845513
5,REM,0.38630830915559516,0.5005323606999406,0.5967885839114675,0.06160398285537729
5,REM,0.3709073134417508,0.5159333564137848,0.527484103199168,0.06930448071229946
5,REM,0.3529394851089324,0.48898161391455724,0.5159333564137848,0.05390348499845513
5,REM,0.3824580602271341,0.4966821117714794,0.5890880860545453,0.06160398285537729
5,REM,0.3632068155848287,0.4620298714153297,0.5621363435553178,0.06545423178383837
5,REM,0.38117464391764705,0.5467353478414735,0.5313343521276291,0.06545423178383837
5,REM,0.37604097867969893,0.48898161391455724,0.5775373392691622,0.06160398285537729
5,REM,0.38502489284610814,0.5390348499845513,0.5467353478414735,0.06930448071229946
5,REM,0.3927253907030303,0.4851313649860962,0.619890077482234,0.07315472964076054
5,REM,0.3875917254650822,0.5159333564137848,0.5890880860545453,0.05775373392691621
5,REM,0.42481079844020586,0.5890880860545453,0.6083393306968508,0.07700497856922162
5,REM,0.3619233992753417,0.45047912462994644,0.5582860946268567,0.07700497856922162
5,REM,0.3927253907030302,0.527484103199168,0.5890880860545453,0.06160398285537729
5,REM,0.4055595537979006,0.5852378371260843,0.56983684141224,0.06160398285537729
5,REM,0.38502489284610814,0.5428850989130124,0.5544358456983957,0.05775373392691621
5,REM,0.3452389872520103,0.41197663534533563,0.5582860946268567,0.06545423178383837
5,REM,0.36577364820380276,0.46973036927225187,0.56983684141224,0.05775373392691621
5,REM,0.3837414765366211,0.5120831074853237,0.5736870903407011,0.06545423178383837
5,REM,0.41197663534533563,0.5428850989130124,0.619890077482234,0.07315472964076054
5,REM,0.4055595537979006,0.5621363435553178,0.5813875881976233,0.07315472964076054
5,REM,0.3875917254650822,0.5467353478414735,0.5544358456983957,0.06160398285537729
5,REM,0.3875917254650822,0.523633854270707,0.5736870903407011,0.06545423178383837
5,REM,0.3709073134417508,0.4581796224868686,0.5967885839114675,0.05775373392691621
5,REM,0.3927253907030303,0.5428850989130124,0.5736870903407011,0.06160398285537729
5,REM,0.3965756396314914,0.56983684141224,0.5582860946268567,0.06160398285537729
5,REM,0.3914419743935433,0.5313343521276291,0.5813875881976233,0.06160398285537729
5,REM,0.40812638641687454,0.5736870903407011,0.5890880860545453,0.06160398285537729
5,REM,0.3503726524899584,0.4851313649860962,0.5005323606999406,0.06545423178383837
5,N2,0.3516560687994454,0.4812811160576351,0.5120831074853237,0.06160398285537729
5,N2,0.36320681558482865,0.4581796224868686,0.5544358456983957,0.07700497856922162
5,N2,0.3542229014184195,0.4966821117714794,0.5082328585568627,0.05775373392691621
5,N2,0.37860781129867305,0.5082328585568627,0.5544358456983957,0.07315472964076054
5,N2,0.3978590559409784,0.5544358456983957,0.5659865924837789,0.07315472964076054
5,N2,0.38117464391764705,0.5159333564137848,0.5621363435553178,0.06545423178383837
5,N2,0.3965756396314914,0.5313343521276291,0.5890880860545453,0.06930448071229946
5,N1,0.36577364820380276,0.4851313649860962,0.5467353478414735,0.06545423178383837
5,N2,0.40299272117892654,0.5813875881976233,0.5582860946268567,0.06930448071229946
5,N2,0.3875917254650822,0.5582860946268567,0.5467353478414735,0.05775373392691621
5,N2,0.3875917254650822,0.5351846010560902,0.5621363435553178,0.06545423178383837
5,N2,0.3657736482038027,0.4966821117714794,0.5351846010560902,0.06545423178383837
5,N2,0.39914247225046545,0.5428850989130124,0.5929383349830064,0.06160398285537729
5,N2,0.41197663534533574,0.5736870903407011,0.6006388328399286,0.06160398285537729
5,N2,0.34652240356149727,0.49283186284301833,0.48898161391455724,0.05775373392691621
5,N2,0.3927253907030302,0.5390348499845513,0.5621363435553178,0.07700497856922162
5,N2,0.34395557094252327,0.48898161391455724,0.46973036927225187,0.07315472964076054
5,N2,0.38117464391764705,0.527484103199168,0.5544358456983957,0.06160398285537729
5,N2,0.39914247225046545,0.5775373392691622,0.5544358456983957,0.06545423178383837
5,N2,0.35807315034688053,0.5313343521276291,0.4812811160576351,0.06160398285537729
5,N2,0.3888751417745692,0.5428850989130124,0.5582860946268567,0.06545423178383837
5,N2,0.3683404808227768,0.523633854270707,0.5082328585568627,0.07315472964076054
5,N2,0.3747575623702119,0.5313343521276291,0.5351846010560902,0.05775373392691621
5,N2,0.35935656665636756,0.48898161391455724,0.527484103199168,0.06160398285537729
5,N2,0.38630830915559516,0.5428850989130124,0.5544358456983957,0.06160398285537729
5,W,0.3965756396314914,0.6237403264106951,0.5005323606999406,0.06545423178383837
5,W,0.4055595537979006,0.6506920689099227,0.5082328585568627,0.05775373392691621
5,W,0.3734741460607249,0.5159333564137848,0.5351846010560902,0.06930448071229946
5,W,0.378607811298673,0.527484103199168,0.5467353478414735,0.06160398285537729
5,W,0.3914419743935433,0.6352910731960784,0.4812811160576351,0.05775373392691621
5,W,0.41197663534533574,0.5775373392691622,0.5890880860545453,0.06930448071229946
5,W,0.4004258885599525,0.5775373392691622,0.5582860946268567,0.06545423178383837
5,W,0.4248107984402059,0.7584990389068329,0.4466288757014854,0.06930448071229946
5,W,0.40812638641687465,0.5736870903407011,0.5852378371260843,0.06545423178383837
5,W,0.3914419743935433,0.56983684141224,0.5467353478414735,0.05775373392691621
5,W,0.4145434679643098,0.6006388328399286,0.5736870903407011,0.06930448071229946
5,W,0.4799976997481481,0.6891945581945335,0.6776438114091502,0.07315472964076054
5,W,0.5069494422473757,0.7199965496222221,0.7353975453360665,0.06545423178383837
5,W,0.3940088070125172,0.523633854270707,0.6006388328399286,0.05775373392691621
5,W,0.30930333058637355,0.2926189185630422,0.5659865924837789,0.06930448071229946
5,W,0.3298379915381659,0.27721792284919783,0.6506920689099227,0.06160398285537729
5,W,0.40299272117892654,0.27336767392073674,0.8701562578322043,0.06545423178383837
5,W,0.4337947126066151,0.3619233992753416,0.8740065067606654,0.06545423178383837
5,W,0.27465109023022377,0.2425656824930481,0.5197836053422459,0.06160398285537729
5,W,0.2797847554681719,0.30801991427688646,0.47358061820071296,0.05775373392691621
5,W,0.3734741460607249,0.4966821117714794,0.5505855967699346,0.07315472964076054
5,W,0.3965756396314914,0.527484103199168,0.5929383349830064,0.06930448071229946
5,W,0.41197663534533574,0.5775373392691622,0.5967885839114675,0.06160398285537729
5,W,0.4106932190358486,0.5505855967699346,0.6121895796253118,0.06930448071229946
5,W,0.42609421474969295,0.5967885839114675,0.619890077482234,0.06160398285537729
5,W,0.4106932190358486,0.5890880860545453,0.5813875881976233,0.06160398285537729
5,W,0.4196771332022579,0.6083393306968508,0.5813875881976233,0.06930448071229946
5,W,0.41711030058328386,0.6006388328399286,0.5813875881976233,0.06930448071229946
5,W,0.4145434679643097,0.6083393306968508,0.5775373392691622,0.05775373392691621
5,W,0.4145434679643098,0.5967885839114675,0.5852378371260843,0.06160398285537729
5,W,0.4158268842737968,0.5775373392691622,0.5967885839114675,0.07315472964076054
5,W,0.4799976997481481,0.6853443092660724,0.6968950560514556,0.05775373392691621
5,W,0.36449023189431573,0.4812811160576351,0.5428850989130124,0.06930448071229946
5,W,0.34908923618047133,0.5313343521276291,0.4620298714153297,0.05390348499845513
5,W,0.3927253907030303,0.5736870903407011,0.5313343521276291,0.07315472964076054
5,W,0.39914247225046545,0.6006388328399286,0.527484103199168,0.06930448071229946
5,W,0.3824580602271341,0.5313343521276291,0.5582860946268567,0.05775373392691621
5,W,0.39529222332200437,0.56983684141224,0.5621363435553178,0.05390348499845513
5,W,0.40299272117892654,0.6006388328399286,0.5428850989130124,0.06545423178383837
5,W,0.3978590559409784,0.5775373392691622,0.5582860946268567,0.05775373392691621
5,W,0.39914247225046534,0.5929383349830064,0.5390348499845513,0.06545423178383837
5,W,0.40042588855995237,0.5967885839114675,0.5428850989130124,0.06160398285537729
5,W,0.39529222332200437,0.5813875881976233,0.5428850989130124,0.06160398285537729
5,W,0.41197663534533574,0.6237403264106951,0.5505855967699346,0.06160398285537729
5,W,0.423527382130719,0.6545423178383838,0.5582860946268567,0.05775373392691621
5,W,0.42994446367815403,0.6545423178383838,0.5775373392691622,0.05775373392691621
5,W,0.4068429701073876,0.6314408242676173,0.5351846010560902,0.05390348499845513
5,W,0.4235273821307189,0.6391413221245394,0.5621363435553178,0.06930448071229946
5,W,0.43892837784456323,0.7007453049799167,0.5467353478414735,0.06930448071229946
5,W,0.428661047368667,0.6853443092660724,0.5390348499845513,0.06160398285537729
5,W,0.4158268842737967,0.6160398285537729,0.5621363435553178,0.06930448071229946
5,N1,0.4337947126066151,0.6083393306968508,0.6314408242676173,0.06160398285537729
5,N1,0.3914419743935433,0.6314408242676173,0.47743086712917404,0.06545423178383837
5,N1,0.3490892361804714,0.5582860946268567,0.4235273821307189,0.06545423178383837
5,N1,0.3657736482038027,0.5736870903407011,0.4543293735584075,0.06930448071229946
5,N1,0.3593565666563676,0.5621363435553178,0.4427786267730243,0.07315472964076054
5,N1,0.3542229014184195,0.5544358456983957,0.43892837784456323,0.06930448071229946
5,W,0.4645967040343038,0.7161463006937611,0.6160398285537729,0.06160398285537729
5,W,0.428661047368667,0.6737935624806891,0.5467353478414735,0.06545423178383837
5,N1,0.4094098027263617,0.5544358456983957,0.6044890817683897,0.06930448071229946
5,N1,0.40812638641687465,0.5428850989130124,0.6160398285537729,0.06545423178383837
5,N1,0.41326005165482266,0.5659865924837789,0.6121895796253118,0.06160398285537729
5,N1,0.40427613748841346,0.5659865924837789,0.5890880860545453,0.05775373392691621
5,N1,0.39015855808405625,0.5467353478414735,0.5544358456983957,0.06930448071229946
5,N1,0.3927253907030303,0.5582860946268567,0.5621363435553178,0.05775373392691621
5,N1,0.37604097867969893,0.4966821117714794,0.5659865924837789,0.06545423178383837
5,N1,0.38630830915559516,0.5428850989130124,0.5467353478414735,0.06930448071229946
5,N1,0.4029927211789264,0.5582860946268567,0.5890880860545453,0.06160398285537729
5,W,0.49283186284301833,0.7507985410499107,0.6660930646237669,0.06160398285537729
5,W,0.4710137855817389,0.7430980431929886,0.6006388328399286,0.06930448071229946
5,W,0.42609421474969295,0.6506920689099227,0.5505855967699346,0.07700497856922162
5,W,0.43892837784456323,0.7045955539083778,0.5467353478414735,0.06545423178383837
5,W,0.42737763105918,0.5967885839114675,0.6275905753391562,0.05775373392691621
5,W,0.3709073134417508,0.4235273821307189,0.6160398285537729,0.07315472964076054
5,W,0.4183937168927708,0.6391413221245394,0.5544358456983957,0.06160398285537729
5,W,0.38630830915559516,0.523633854270707,0.5659865924837789,0.06930448071229946
5,N1,0.3888751417745692,0.5313343521276291,0.56983684141224,0.06545423178383837
5,W,0.4055595537979006,0.5929383349830064,0.5505855967699346,0.07315472964076054
5,W,0.4094098027263617,0.6044890817683897,0.5621363435553178,0.06160398285537729
5,N1,0.42481079844020603,0.5813875881976233,0.6237403264106951,0.06930448071229946
5,N1,0.40812638641687454,0.5736870903407011,0.5967885839114675,0.05390348499845513
5,N2,0.3888751417745692,0.527484103199168,0.56983684141224,0.06930448071229946
5,N1,0.39914247225046534,0.5197836053422459,0.619890077482234,0.05775373392691621
5,N1,0.39529222332200437,0.5505855967699346,0.5775373392691622,0.05775373392691621
5,N1,0.3875917254650822,0.48898161391455724,0.6083393306968508,0.06545423178383837
5,N2,0.3965756396314914,0.5467353478414735,0.5775373392691622,0.06545423178383837
5,N2,0.4158268842737968,0.5813875881976233,0.6006388328399286,0.06545423178383837
5,N2,0.3580731503468806,0.4466288757014854,0.5736870903407011,0.05390348499845513
5,N2,0.3978590559409784,0.5544358456983957,0.5813875881976233,0.05775373392691621
5,N2,0.39529222332200425,0.5120831074853237,0.6044890817683897,0.06930448071229946
5,N2,0.38630830915559516,0.5313343521276291,0.56983684141224,0.05775373392691621
5,N2,0.3888751417745692,0.5428850989130124,0.5582860946268567,0.06545423178383837
5,N2,0.38630830915559516,0.5428850989130124,0.5544358456983957,0.06160398285537729
5,N2,0.39529222332200437,0.5544358456983957,0.5813875881976233,0.05005323606999405
5,N2,0.34523898725201024,0.5120831074853237,0.46973036927225187,0.05390348499845513
5,N2,0.35678973403739356,0.5005323606999406,0.5005323606999406,0.06930448071229946
5,N2,0.3978590559409784,0.5351846010560902,0.6006388328399286,0.05775373392691621
5,N2,0.36320681558482865,0.5005323606999406,0.527484103199168,0.06160398285537729
5,N2,0.39529222332200437,0.5428850989130124,0.5775373392691622,0.06545423178383837
5,N2,0.38117464391764705,0.5582860946268567,0.523633854270707,0.06160398285537729
5,N2,0.3709073134417509,0.5082328585568627,0.5467353478414735,0.05775373392691621
5,N2,0.37604097867969893,0.523633854270707,0.5390348499845513,0.06545423178383837
5,N2,0.36320681558482865,0.527484103199168,0.49283186284301833,0.06930448071229946
5,N2,0.38117464391764705,0.5313343521276291,0.5428850989130124,0.06930448071229946
5,N2,0.3734741460607249,0.5197836053422459,0.5390348499845513,0.06160398285537729
5,N2,0.37732439498918596,0.5159333564137848,0.5544358456983957,0.06160398285537729
5,N2,0.37475756237021196,0.4851313649860962,0.56983684141224,0.06930448071229946
5,N2,0.3875917254650822,0.5120831074853237,0.5852378371260843,0.06545423178383837
5,N2,0.376040978679699,0.5544358456983957,0.5005323606999406,0.07315472964076054
5,N2,0.36962389713226385,0.5659865924837789,0.4812811160576351,0.06160398285537729
5,N2,0.3965756396314914,0.5544358456983957,0.5659865924837789,0.06930448071229946
5,N2,0.3567897340373935,0.5005323606999406,0.5120831074853237,0.05775373392691621
5,N2,0.34908923618047133,0.5197836053422459,0.4658801203437908,0.06160398285537729
5,N2,0.36705706451328973,0.523633854270707,0.5197836053422459,0.05775373392691621
5,N2,0.34267215463303624,0.4620298714153297,0.49283186284301833,0.07315472964076054
5,N2,0.34395557094252327,0.46973036927225187,0.5005323606999406,0.06160398285537729
5,N2,0.33882190570457515,0.4620298714153297,0.4851313649860962,0.06930448071229946
5,N2,0.33368824046662704,0.47743086712917404,0.45047912462994644,0.07315472964076054
5,N2,0.3247043263002178,0.4196771332022578,0.48898161391455724,0.06545423178383837
5,N3,0.28235158808714594,0.4042761374884135,0.38887514177456917,0.05390348499845513
5,N2,0.33368824046662704,0.47743086712917404,0.45047912462994644,0.07315472964076054
5,N2,0.3016028327294513,0.41197663534533563,0.4427786267730243,0.05005323606999405
5,N2,0.3016028327294514,0.43892837784456323,0.4042761374884135,0.06160398285537729
5,N2,0.32855457522867887,0.4851313649860962,0.43507812891610215,0.06545423178383837
5,N2,0.31828724475278264,0.4543293735584075,0.43892837784456323,0.06160398285537729
5,N3,0.25539984558791834,0.3426721546330362,0.35807315034688053,0.06545423178383837
5,N2,0.3003194164199643,0.4158268842737967,0.43122787998764106,0.05390348499845513
5,N2,0.3118701632053475,0.45047912462994644,0.43122787998764106,0.05390348499845513
5,N2,0.3105867468958605,0.43892837784456323,0.42737763105918,0.06545423178383837
5,N2,0.30031941641996435,0.3850248928461081,0.4466288757014854,0.06930448071229946
5,N2,0.3413887383235492,0.46973036927225187,0.47743086712917404,0.07700497856922162
5,N3,0.3016028327294513,0.3773243949891859,0.4581796224868686,0.06930448071229946
5,N2,0.33240482415713996,0.4543293735584075,0.47743086712917404,0.06545423178383837
5,N2,0.31572041213380864,0.4427786267730243,0.43892837784456323,0.06545423178383837
5,N3,0.3054530816579124,0.3773243949891859,0.47358061820071296,0.06545423178383837
5,N2,0.29518575118201623,0.38887514177456917,0.4427786267730243,0.05390348499845513
5,N2,0.283635004396633,0.35037265248995836,0.4427786267730243,0.05775373392691621
5,N3,0.283635004396633,0.39272539070303025,0.3850248928461081,0.07315472964076054
5,N2,0.3157204121338086,0.45047912462994644,0.4235273821307189,0.07315472964076054
5,N2,0.2887686696345811,0.4081263864168746,0.38887514177456917,0.06930448071229946
5,N3,0.2682340086827886,0.3734741460607248,0.3696238971322638,0.06160398285537729
5,N2,0.27850133915868486,0.38887514177456917,0.381174643917647,0.06545423178383837
5,N2,0.2900520859440681,0.3734741460607248,0.43507812891610215,0.06160398285537729
5,N3,0.2631003434448405,0.31187016320534755,0.4235273821307189,0.05390348499845513
5,N2,0.2528330129689443,0.35807315034688053,0.334971656776114,0.06545423178383837
5,N2,0.28235158808714594,0.3657736482038027,0.41197663534533563,0.06930448071229946
5,N3,0.2592500945163794,0.331121407847653,0.3773243949891859,0.06930448071229946
5,N3,0.26053351082586645,0.331121407847653,0.3850248928461081,0.06545423178383837
5,N3,0.2759345065397108,0.3696238971322638,0.39272539070303025,0.06545423178383837
5,N3,0.24128226618356108,0.30801991427688646,0.35037265248995836,0.06545423178383837
5,N2,0.30545308165791246,0.4042761374884135,0.4466288757014854,0.06545423178383837
5,N2,0.2669505923733016,0.35807315034688053,0.3734741460607248,0.06930448071229946
5,N3,0.2631003434448405,0.3696238971322638,0.35037265248995836,0.06930448071229946
5,N2,0.28491842070612,0.4004258885599524,0.3850248928461081,0.06930448071229946
5,N3,0.26438375975432754,0.3657736482038027,0.3696238971322638,0.05775373392691621
5,N3,0.2592500945163794,0.3426721546330362,0.3734741460607248,0.06160398285537729
5,N2,0.2977525838009903,0.4004258885599524,0.42737763105918,0.06545423178383837
5,N2,0.28620183701560703,0.35422290141841944,0.43892837784456323,0.06545423178383837
5,N3,0.2464159314215092,0.3234209099907308,0.34652240356149727,0.06930448071229946
5,N3,0.2464159314215092,0.3272711589191919,0.35037265248995836,0.06160398285537729
5,N2,0.283635004396633,0.3850248928461081,0.39272539070303025,0.07315472964076054
5,N3,0.23614860094561296,0.28491842070612,0.3619233992753416,0.06160398285537729
5,N3,0.2592500945163794,0.3195706610622697,0.39272539070303025,0.06545423178383837
5,N3,0.2592500945163794,0.3773243949891859,0.334971656776114,0.06545423178383837
5,N2,0.27465109023022377,0.3234209099907308,0.43122787998764106,0.06930448071229946
5,N3,0.2464159314215092,0.31187016320534755,0.35037265248995836,0.07700497856922162
5,N2,0.26951742499227566,0.3426721546330362,0.4081263864168746,0.05775373392691621
5,N3,0.2502661803499703,0.331121407847653,0.35422290141841944,0.06545423178383837
5,N3,0.25539984558791834,0.334971656776114,0.3657736482038027,0.06545423178383837
5,N3,0.25154959665945725,0.3388219057045751,0.34652240356149727,0.06930448071229946
5,N3,0.2797847554681719,0.35807315034688053,0.41197663534533563,0.06930448071229946
5,N3,0.27465109023022377,0.35807315034688053,0.4042761374884135,0.06160398285537729
5,N3,0.23614860094561296,0.2964691674915032,0.35807315034688053,0.05390348499845513
5,N2,0.2618169271353535,0.3388219057045751,0.381174643917647,0.06545423178383837
5,N3,0.2464159314215092,0.2926189185630422,0.3734741460607248,0.07315472964076054
5,N3,0.23614860094561296,0.3234209099907308,0.334971656776114,0.05005323606999405
5,N3,0.2502661803499702,0.3003194164199643,0.3850248928461081,0.06545423178383837
5,N3,0.2194641889222816,0.2810681717776589,0.30801991427688646,0.06930448071229946
5,N3,0.24513251511202216,0.30801991427688646,0.3619233992753416,0.06545423178383837
5,N3,0.28620183701560703,0.38887514177456917,0.4042761374884135,0.06545423178383837
5,N3,0.23486518463612593,0.2964691674915032,0.3388219057045751,0.06930448071229946
5,N2,0.27336767392073674,0.3388219057045751,0.4235273821307189,0.05775373392691621
5,N3,0.23614860094561296,0.3041696653484254,0.34652240356149727,0.05775373392691621
5,N3,0.2515495966594573,0.331121407847653,0.35807315034688053,0.06545423178383837
5,N3,0.2682340086827886,0.3657736482038027,0.3734741460607248,0.06545423178383837
5,N3,0.26566717606381457,0.34652240356149727,0.38887514177456917,0.06160398285537729
5,N3,0.27850133915868486,0.381174643917647,0.39657563963149134,0.05775373392691621
5,N3,0.24384909880253514,0.3426721546330362,0.3195706610622697,0.06930448071229946
5,N3,0.26566717606381457,0.35807315034688053,0.381174643917647,0.05775373392691621
5,N3,0.2592500945163794,0.31187016320534755,0.39272539070303025,0.07315472964076054
5,N3,0.2425656824930481,0.34652240356149727,0.31187016320534755,0.06930448071229946
5,N2,0.30288624903893835,0.43892837784456323,0.4158268842737967,0.05390348499845513
5,N3,0.23999884987407405,0.334971656776114,0.3195706610622697,0.06545423178383837
5,N3,0.25539984558791834,0.31572041213380864,0.38887514177456917,0.06160398285537729
5,N3,0.2592500945163794,0.3619233992753416,0.3426721546330362,0.07315472964076054
5,N3,0.28748525332509406,0.34652240356149727,0.45047912462994644,0.06545423178383837
5,N3,0.25668326189740537,0.35422290141841944,0.3426721546330362,0.07315472964076054
5,N3,0.2476993477309962,0.34652240356149727,0.3388219057045751,0.05775373392691621
5,N3,0.27721792284919783,0.31187016320534755,0.4466288757014854,0.07315472964076054
5,N3,0.22973151939817782,0.2887686696345811,0.3388219057045751,0.06160398285537729
5,N3,0.24513251511202216,0.31187016320534755,0.34652240356149727,0.07700497856922162
5,N2,0.24898276404048325,0.35807315034688053,0.331121407847653,0.05775373392691621
5,N3,0.23486518463612593,0.3003194164199643,0.3388219057045751,0.06545423178383837
5,N2,0.2926189185630422,0.35422290141841944,0.4581796224868686,0.06545423178383837
5,N2,0.30673649796739944,0.4004258885599524,0.4543293735584075,0.06545423178383837
5,N2,0.33497165677611407,0.4235273821307189,0.5197836053422459,0.06160398285537729
5,N2,0.4106932190358487,0.5736870903407011,0.5852378371260843,0.07315472964076054
5,N2,0.3555063177279065,0.4581796224868686,0.5351846010560902,0.07315472964076054
5,REM,0.35678973403739356,0.4427786267730243,0.5621363435553178,0.06545423178383837
5,REM,0.3580731503468806,0.5043826096284016,0.5043826096284016,0.06545423178383837
5,REM,0.3490892361804714,0.4466288757014854,0.5428850989130124,0.05775373392691621
5,REM,0.36577364820380276,0.5082328585568627,0.523633854270707,0.06545423178383837
5,REM,0.38630830915559516,0.4966821117714794,0.6006388328399286,0.06160398285537729
5,REM,0.3401053220140622,0.43507812891610215,0.5313343521276291,0.05390348499845513
5,REM,0.36834048082277676,0.4543293735584075,0.5813875881976233,0.06930448071229946
5,REM,0.33497165677611407,0.4658801203437908,0.47743086712917404,0.06160398285537729
5,REM,0.3580731503468806,0.4658801203437908,0.5428850989130124,0.06545423178383837
5,REM,0.36449023189431573,0.4812811160576351,0.5505855967699346,0.06160398285537729
5,REM,0.3914419743935433,0.48898161391455724,0.6237403264106951,0.06160398285537729
5,REM,0.3632068155848287,0.4851313649860962,0.5467353478414735,0.05775373392691621
5,REM,0.3824580602271341,0.47743086712917404,0.6044890817683897,0.06545423178383837
5,REM,0.3619233992753417,0.4543293735584075,0.5621363435553178,0.06930448071229946
5,REM,0.4145434679643097,0.5659865924837789,0.6044890817683897,0.07315472964076054
5,REM,0.34395557094252327,0.4812811160576351,0.4851313649860962,0.06545423178383837
5,REM,0.3927253907030303,0.527484103199168,0.5813875881976233,0.06930448071229946
5,REM,0.3747575623702119,0.523633854270707,0.5428850989130124,0.05775373392691621
5,REM,0.35293948510893247,0.48898161391455724,0.5082328585568627,0.06160398285537729
5,REM,0.33368824046662704,0.4812811160576351,0.4581796224868686,0.06160398285537729
5,REM,0.3747575623702119,0.5043826096284016,0.5544358456983957,0.06545423178383837
5,REM,0.3824580602271341,0.527484103199168,0.5582860946268567,0.06160398285537729
5,REM,0.3593565666563676,0.5005323606999406,0.5082328585568627,0.06930448071229946
5,REM,0.3452389872520103,0.4581796224868686,0.5082328585568627,0.06930448071229946
5,N1,0.3875917254650822,0.5736870903407011,0.5197836053422459,0.06930448071229946
5,N1,0.44406204308251135,0.6545423178383838,0.6083393306968508,0.06930448071229946
5,N1,0.38630830915559516,0.5967885839114675,0.48898161391455724,0.07315472964076054
5,N2,0.3516560687994454,0.5313343521276291,0.4543293735584075,0.06930448071229946
5,N1,0.3298379915381659,0.5043826096284016,0.4158268842737967,0.06930448071229946
5,N2,0.34395557094252327,0.523633854270707,0.4427786267730243,0.06545423178383837
5,N2,0.32855457522867887,0.4812811160576351,0.43892837784456323,0.06545423178383837
5,N2,0.3105867468958605,0.47743086712917404,0.39272539070303025,0.06160398285537729
5,N2,0.28491842070612,0.4427786267730243,0.3426721546330362,0.06930448071229946
5,N2,0.3401053220140622,0.5582860946268567,0.4042761374884135,0.05775373392691621
5,N1,0.4183937168927708,0.5929383349830064,0.5929383349830064,0.06930448071229946
5,N2,0.3927253907030303,0.5890880860545453,0.523633854270707,0.06545423178383837
5,N2,0.32855457522867887,0.47358061820071296,0.4620298714153297,0.05005323606999405
5,N2,0.35678973403739356,0.527484103199168,0.47358061820071296,0.06930448071229946
5,N2,0.3247043263002178,0.42737763105918,0.49283186284301833,0.05390348499845513
5,N1,0.3657736482038027,0.527484103199168,0.5197836053422459,0.05005323606999405
5,N2,0.38117464391764705,0.5351846010560902,0.5390348499845513,0.06930448071229946
5,N2,0.36834048082277676,0.5621363435553178,0.4812811160576351,0.06160398285537729
5,N2,0.34908923618047133,0.48898161391455724,0.49283186284301833,0.06545423178383837
5,N2,0.33240482415713996,0.5159333564137848,0.43122787998764106,0.05005323606999405
5,N2,0.3478058198709843,0.5197836053422459,0.4466288757014854,0.07700497856922162
5,N1,0.3362550730856011,0.4466288757014854,0.5043826096284016,0.05775373392691621
5,N2,0.3311214078476529,0.4966821117714794,0.43122787998764106,0.06545423178383837
5,N2,0.37732439498918596,0.48898161391455724,0.56983684141224,0.07315472964076054
5,N2,0.3927253907030303,0.4966821117714794,0.6160398285537729,0.06545423178383837
5,N2,0.3542229014184195,0.5351846010560902,0.4658801203437908,0.06160398285537729
5,N2,0.4094098027263617,0.5929383349830064,0.5659865924837789,0.06930448071229946
5,N2,0.3105867468958605,0.4851313649860962,0.3850248928461081,0.06160398285537729
5,N2,0.36063998296585464,0.4812811160576351,0.5428850989130124,0.05775373392691621
5,N2,0.3311214078476529,0.46973036927225187,0.4581796224868686,0.06545423178383837
5,N2,0.37604097867969893,0.5197836053422459,0.5428850989130124,0.06545423178383837
5,N2,0.34780581987098436,0.5313343521276291,0.4427786267730243,0.06930448071229946
5,N1,0.3593565666563676,0.5159333564137848,0.4851313649860962,0.07700497856922162
5,N2,0.3542229014184195,0.5467353478414735,0.4620298714153297,0.05390348499845513
5,N2,0.35550631772790653,0.49283186284301833,0.5005323606999406,0.07315472964076054
5,N2,0.37732439498918596,0.5544358456983957,0.5159333564137848,0.06160398285537729
5,N2,0.3619233992753416,0.5390348499845513,0.4812811160576351,0.06545423178383837
5,N2,0.3375384893950881,0.5005323606999406,0.4581796224868686,0.05390348499845513
5,N2,0.32342090999073075,0.4658801203437908,0.43507812891610215,0.06930448071229946
5,N2,0.3375384893950881,0.47358061820071296,0.46973036927225187,0.06930448071229946
5,N2,0.3016028327294513,0.42737763105918,0.41197663534533563,0.06545423178383837
5,N2,0.36705706451328973,0.523633854270707,0.5120831074853237,0.06545423178383837
5,N2,0.32727115891919184,0.43892837784456323,0.47358061820071296,0.06930448071229946
5,N2,0.3298379915381659,0.47358061820071296,0.45047912462994644,0.06545423178383837
5,N2,0.3580731503468806,0.5390348499845513,0.46973036927225187,0.06545423178383837
5,N2,0.34523898725201024,0.5159333564137848,0.4581796224868686,0.06160398285537729
5,N2,0.34780581987098436,0.5467353478414735,0.43892837784456323,0.05775373392691621
5,N2,0.31700382844329567,0.4466288757014854,0.43122787998764106,0.07315472964076054
5,N2,0.33882190570457515,0.5043826096284016,0.45047912462994644,0.06160398285537729
5,N2,0.3118701632053475,0.4543293735584075,0.4158268842737967,0.06545423178383837
5,N2,0.32342090999073075,0.43507812891610215,0.46973036927225187,0.06545423178383837
5,N2,0.35293948510893247,0.5043826096284016,0.4966821117714794,0.05775373392691621
5,N2,0.3542229014184195,0.5428850989130124,0.4466288757014854,0.07315472964076054
5,N2,0.33882190570457515,0.47743086712917404,0.47743086712917404,0.06160398285537729
5,N2,0.3696238971322638,0.5775373392691622,0.4658801203437908,0.06545423178383837
5,N2,0.3247043263002178,0.4851313649860962,0.42737763105918,0.06160398285537729
5,N2,0.2977525838009903,0.39657563963149134,0.43122787998764106,0.06545423178383837
5,N2,0.3375384893950881,0.5159333564137848,0.43122787998764106,0.06545423178383837
5,W,0.2618169271353535,0.4581796224868686,0.2618169271353535,0.06545423178383837
5,W,0.283635004396633,0.4004258885599524,0.3850248928461081,0.06545423178383837
5,W,0.42737763105918,0.6314408242676173,0.5852378371260843,0.06545423178383837
5,W,0.4106932190358487,0.5775373392691622,0.5852378371260843,0.06930448071229946
5,W,0.4068429701073876,0.6314408242676173,0.5197836053422459,0.06930448071229946
5,W,0.3747575623702119,0.619890077482234,0.4427786267730243,0.06160398285537729
5,N1,0.3709073134417508,0.5159333564137848,0.5351846010560902,0.06160398285537729
5,W,0.39914247225046545,0.6429915710530005,0.49283186284301833,0.06160398285537729
5,W,0.4068429701073876,0.6275905753391562,0.5313343521276291,0.06160398285537729
5,W,0.4183937168927708,0.6083393306968508,0.5852378371260843,0.06160398285537729
5,W,0.4183937168927708,0.6044890817683897,0.5813875881976233,0.06930448071229946
5,W,0.4106932190358487,0.6006388328399286,0.5659865924837789,0.06545423178383837
5,N1,0.39015855808405625,0.5428850989130124,0.5582860946268567,0.06930448071229946
5,N1,0.4196771332022578,0.5852378371260843,0.6083393306968508,0.06545423178383837
5,W,0.3298379915381659,0.5736870903407011,0.35037265248995836,0.06545423178383837
5,W,0.2887686696345811,0.4620298714153297,0.3388219057045751,0.06545423178383837
5,W,0.25668326189740537,0.23486518463612593,0.4620298714153297,0.07315472964076054
5,W,0.2939023348725292,0.35807315034688053,0.4543293735584075,0.06930448071229946
5,W,0.3632068155848287,0.4427786267730243,0.5852378371260843,0.06160398285537729
5,W,0.3157204121338086,0.2810681717776589,0.6006388328399286,0.06545423178383837
5,W,0.3965756396314914,0.47743086712917404,0.6468418199814616,0.06545423178383837
5,W,0.39914247225046534,0.5197836053422459,0.6121895796253118,0.06545423178383837
5,W,0.42609421474969295,0.6121895796253118,0.6006388328399286,0.06545423178383837
5,W,0.4453454593919984,0.7122960517653,0.5621363435553178,0.06160398285537729
5,N1,0.39914247225046534,0.45047912462994644,0.6814940603376113,0.06545423178383837
5,N1,0.4363615452255892,0.5929383349830064,0.6468418199814616,0.06930448071229946
5,W,0.4068429701073875,0.5428850989130124,0.6044890817683897,0.07315472964076054
5,W,0.4235273821307189,0.6083393306968508,0.5890880860545453,0.07315472964076054
5,W,0.4543293735584076,0.7045955539083778,0.5967885839114675,0.06160398285537729
5,W,0.35807315034688053,0.4158268842737967,0.5890880860545453,0.06930448071229946
5,W,0.2939023348725292,0.3657736482038027,0.4466288757014854,0.06930448071229946
5,W,0.3170038284432956,0.34652240356149727,0.5313343521276291,0.07315472964076054
5,W,0.3016028327294514,0.3272711589191919,0.5082328585568627,0.06930448071229946
5,W,0.3824580602271341,0.39657563963149134,0.6853443092660724,0.06545423178383837
5,W,0.3247043263002178,0.4427786267730243,0.4543293735584075,0.07700497856922162
5,W,0.2579666782068924,0.26566717606381457,0.43892837784456323,0.06930448071229946
5,W,0.38117464391764705,0.3272711589191919,0.7584990389068329,0.05775373392691621
5,W,0.3503726524899584,0.3657736482038027,0.619890077482234,0.06545423178383837
5,W,0.34395557094252327,0.3003194164199643,0.662242815695306,0.06930448071229946
5,W,0.33368824046662704,0.2810681717776589,0.6506920689099227,0.06930448071229946
5,W,0.35165606879944544,0.35422290141841944,0.6352910731960784,0.06545423178383837
5,W,0.29518575118201623,0.3696238971322638,0.4466288757014854,0.06930448071229946
5,W,0.378607811298673,0.5043826096284016,0.56983684141224,0.06160398285537729
5,W,0.3619233992753416,0.46973036927225187,0.5428850989130124,0.07315472964076054
5,W,0.3182872447527827,0.39657563963149134,0.5005323606999406,0.05775373392691621
5,W,0.33368824046662704,0.35807315034688053,0.5929383349830064,0.05005323606999405
5,W,0.3747575623702119,0.43507812891610215,0.619890077482234,0.06930448071229946
5,W,0.31572041213380864,0.31572041213380864,0.5736870903407011,0.05775373392691621
5,W,0.3516560687994454,0.3734741460607248,0.6083393306968508,0.07315472964076054
5,W,0.3298379915381659,0.3272711589191919,0.6006388328399286,0.06160398285537729
5,W,0.3875917254650821,0.5120831074853237,0.5736870903407011,0.07700497856922162
5,W,0.33240482415713996,0.3388219057045751,0.5967885839114675,0.06160398285537729
5,W,0.3221374936812437,0.2926189185630422,0.6083393306968508,0.06545423178383837
5,W,0.3593565666563676,0.42737763105918,0.5813875881976233,0.06930448071229946
5,W,0.35807315034688053,0.4042761374884135,0.6006388328399286,0.06930448071229946
5,W,0.3888751417745692,0.49283186284301833,0.6083393306968508,0.06545423178383837
5,W,0.37604097867969893,0.4158268842737967,0.6391413221245394,0.07315472964076054
5,W,0.3709073134417508,0.42737763105918,0.6237403264106951,0.06160398285537729
5,W,0.35678973403739356,0.3657736482038027,0.6314408242676173,0.07315472964076054
5,W,0.39529222332200425,0.5120831074853237,0.6121895796253118,0.06160398285537729
5,W,0.3927253907030303,0.4851313649860962,0.6275905753391562,0.06545423178383837
5,W,0.38117464391764705,0.45047912462994644,0.6429915710530005,0.05005323606999405
5,W,0.36705706451328973,0.4812811160576351,0.5544358456983957,0.06545423178383837
5,W,0.33240482415713996,0.31572041213380864,0.619890077482234,0.06160398285537729
5,W,0.32342090999073075,0.31187016320534755,0.6083393306968508,0.05005323606999405
5,W,0.49154844653353136,0.5043826096284016,0.9009582492598929,0.06930448071229946
5,W,0.3542229014184195,0.2810681717776589,0.7161463006937611,0.06545423178383837
5,W,0.34523898725201024,0.30801991427688646,0.6737935624806891,0.05390348499845513
5,W,0.4838479486766092,0.45047912462994644,0.9240597428306594,0.07700497856922162
5,W,0.4556127898678946,0.4851313649860962,0.8162527728337492,0.06545423178383837
5,W,0.4838479486766092,0.4235273821307189,0.9625622321152703,0.06545423178383837
5,W,0.43892837784456323,0.3696238971322638,0.8701562578322043,0.07700497856922162
5,W,0.39400880701251734,0.3234209099907308,0.7854507814060605,0.07315472964076054
5,W,0.4453454593919983,0.35422290141841944,0.904808498188354,0.07700497856922162
5,W,0.3709073134417509,0.3041696653484254,0.7353975453360665,0.07315472964076054
5,W,0.5197836053422459,0.5852378371260843,0.9009582492598929,0.07315472964076054
5,W,0.44919570832045946,0.49283186284301833,0.8008517771199049,0.05390348499845513
5,W,0.39400880701251734,0.2926189185630422,0.8239532706906713,0.06545423178383837
5,W,0.46973036927225187,0.47358061820071296,0.8701562578322043,0.06545423178383837
5,W,0.4427786267730243,0.43507812891610215,0.8316537685475934,0.06160398285537729
5,W,0.3914419743935433,0.3234209099907308,0.7816005324775994,0.06930448071229946
5,W,0.33882190570457515,0.2579666782068924,0.6930448071229945,0.06545423178383837
5,W,0.42224396582123197,0.3195706610622697,0.8778567556891265,0.06930448071229946
5,W,0.4196771332022579,0.3657736482038027,0.8201030217622103,0.07315472964076054
6,W,0.41711030058328374,0.35037265248995836,0.8278035196191323,0.07315472964076054
6,W,0.37219072975123785,0.35037265248995836,0.7007453049799167,0.06545423178383837
6,W,0.3221374936812437,0.3195706610622697,0.5890880860545453,0.05775373392691621
6,W,0.35422290141841944,0.39657563963149134,0.6006388328399286,0.06545423178383837
6,W,0.3657736482038027,0.4158268842737967,0.6044890817683897,0.07700497856922162
6,W,0.35550631772790653,0.43122787998764106,0.5736870903407011,0.06160398285537729
6,W,0.43122787998764106,0.5351846010560902,0.7045955539083778,0.05390348499845513
6,W,0.3619233992753416,0.41197663534533563,0.6121895796253118,0.06160398285537729
6,W,0.37989122760816,0.5351846010560902,0.5313343521276291,0.07315472964076054
6,W,0.43251129629712803,0.5967885839114675,0.6237403264106951,0.07700497856922162
6,W,0.4196771332022579,0.5813875881976233,0.6160398285537729,0.06160398285537729
6,W,0.37989122760816,0.5043826096284016,0.5621363435553178,0.07315472964076054
6,W,0.4094098027263617,0.5967885839114675,0.56983684141224,0.06160398285537729
6,W,0.3747575623702119,0.523633854270707,0.5313343521276291,0.06930448071229946
6,W,0.37732439498918596,0.5313343521276291,0.527484103199168,0.07315472964076054
6,W,0.4273776310591801,0.5775373392691622,0.6352910731960784,0.06930448071229946
6,W,0.32598774260970487,0.4042761374884135,0.5082328585568627,0.06545423178383837
6,W,0.3567897340373935,0.4851313649860962,0.5120831074853237,0.07315472964076054
6,W,0.3875917254650822,0.5351846010560902,0.5621363435553178,0.06545423178383837
6,W,0.4004258885599525,0.6083393306968508,0.527484103199168,0.06545423178383837
6,W,0.4094098027263617,0.5813875881976233,0.5813875881976233,0.06545423178383837
6,W,0.37219072975123785,0.5197836053422459,0.527484103199168,0.06930448071229946
6,W,0.4196771332022578,0.619890077482234,0.5813875881976233,0.05775373392691621
6,W,0.35037265248995836,0.4620298714153297,0.527484103199168,0.06160398285537729
6,W,0.3914419743935433,0.5351846010560902,0.5736870903407011,0.06545423178383837
6,W,0.32727115891919184,0.43892837784456323,0.47743086712917404,0.06545423178383837
6,W,0.36320681558482865,0.47743086712917404,0.5505855967699346,0.06160398285537729
6,W,0.3529394851089324,0.43122787998764106,0.5467353478414735,0.0808552274976827
6,W,0.36449023189431573,0.5852378371260843,0.43892837784456323,0.06930448071229946
6,W,0.38630830915559516,0.5351846010560902,0.5505855967699346,0.07315472964076054
6,W,0.3837414765366211,0.5467353478414735,0.5428850989130124,0.06160398285537729
6,W,0.39914247225046545,0.5813875881976233,0.5505855967699346,0.06545423178383837
6,W,0.33368824046662704,0.43122787998764106,0.5120831074853237,0.05775373392691621
6,W,0.4106932190358487,0.6314408242676173,0.5351846010560902,0.06545423178383837
6,W,0.3619233992753416,0.49283186284301833,0.5390348499845513,0.05390348499845513
6,W,0.41711030058328386,0.6083393306968508,0.5736870903407011,0.06930448071229946
6,W,0.3747575623702119,0.527484103199168,0.523633854270707,0.07315472964076054
6,W,0.3311214078476529,0.5467353478414735,0.39272539070303025,0.05390348499845513
6,W,0.40427613748841357,0.6429915710530005,0.5043826096284016,0.06545423178383837
6,W,0.38502489284610814,0.5197836053422459,0.5621363435553178,0.07315472964076054
6,W,0.4068429701073876,0.6083393306968508,0.5428850989130124,0.06930448071229946
6,W,0.4337947126066151,0.6083393306968508,0.6160398285537729,0.07700497856922162
6,W,0.43507812891610215,0.6583925667668449,0.5813875881976233,0.06545423178383837
6,W,0.4607464551058427,0.7392477942645276,0.5775373392691622,0.06545423178383837
6,W,0.3555063177279065,0.47358061820071296,0.5313343521276291,0.06160398285537729
6,W,0.4337947126066151,0.669943313552228,0.5621363435553178,0.06930448071229946
6,W,0.4466288757014854,0.6814940603376113,0.5813875881976233,0.07700497856922162
6,W,0.4953986954619924,0.808552274976827,0.6006388328399286,0.07700497856922162
6,W,0.5107996911758367,0.8432045153329767,0.6275905753391562,0.06160398285537729
6,W,0.4568962061773816,0.7084458028368389,0.6044890817683897,0.05775373392691621
6,W,0.47743086712917404,0.8239532706906713,0.5428850989130124,0.06545423178383837
6,W,0.5133665237948107,0.85475526211836,0.6237403264106951,0.06160398285537729
6,W,0.3734741460607249,0.4235273821307189,0.6314408242676173,0.06545423178383837
6,W,0.42994446367815403,0.6776438114091502,0.5467353478414735,0.06545423178383837
6,W,0.4106932190358486,0.619890077482234,0.5505855967699346,0.06160398285537729
6,W,0.428661047368667,0.6391413221245394,0.5890880860545453,0.05775373392691621
6,W,0.43122787998764106,0.619890077482234,0.6044890817683897,0.06930448071229946
6,W,0.38502489284610814,0.5967885839114675,0.5082328585568627,0.05005323606999405
6,W,0.40812638641687465,0.6468418199814616,0.5120831074853237,0.06545423178383837
6,W,0.4671635366532778,0.7315472964076054,0.6044890817683897,0.06545423178383837
6,N1,0.44919570832045946,0.7161463006937611,0.5659865924837789,0.06545423178383837
6,N1,0.3965756396314914,0.6468418199814616,0.4851313649860962,0.05775373392691621
6,N1,0.37604097867969893,0.5736870903407011,0.48898161391455724,0.06545423178383837
6,N1,0.3824580602271341,0.6391413221245394,0.4543293735584075,0.05390348499845513
6,N1,0.37604097867969893,0.5659865924837789,0.4966821117714794,0.06545423178383837
6,N1,0.4094098027263617,0.6545423178383838,0.5082328585568627,0.06545423178383837
6,N2,0.4068429701073876,0.6352910731960784,0.5159333564137848,0.06930448071229946
6,N2,0.35678973403739356,0.5428850989130124,0.4581796224868686,0.06930448071229946
6,N2,0.3914419743935433,0.5929383349830064,0.5082328585568627,0.07315472964076054
6,N2,0.35678973403739356,0.5775373392691622,0.42737763105918,0.06545423178383837
6,N1,0.37989122760816,0.56983684141224,0.4966821117714794,0.07315472964076054
6,N2,0.38117464391764705,0.5544358456983957,0.5197836053422459,0.06930448071229946
6,N2,0.3927253907030303,0.5813875881976233,0.527484103199168,0.06930448071229946
6,N2,0.38117464391764705,0.5736870903407011,0.5005323606999406,0.06930448071229946
6,N2,0.4055595537979006,0.6160398285537729,0.527484103199168,0.07315472964076054
6,N2,0.4068429701073875,0.6275905753391562,0.527484103199168,0.06545423178383837
6,N2,0.3965756396314913,0.619890077482234,0.5120831074853237,0.05775373392691621
6,N2,0.3734741460607249,0.5428850989130124,0.5159333564137848,0.06160398285537729
6,N2,0.39400880701251734,0.5736870903407011,0.5390348499845513,0.06930448071229946
6,N2,0.3696238971322638,0.5505855967699346,0.5005323606999406,0.05775373392691621
6,N2,0.43379471260661523,0.662242815695306,0.5736870903407011,0.06545423178383837
6,N2,0.39400880701251734,0.5736870903407011,0.5351846010560902,0.07315472964076054
6,N2,0.4183937168927709,0.662242815695306,0.527484103199168,0.06545423178383837
6,N2,0.378607811298673,0.5659865924837789,0.4966821117714794,0.07315472964076054
6,N2,0.41197663534533574,0.6237403264106951,0.5428850989130124,0.06930448071229946
6,N2,0.377324394989186,0.56983684141224,0.4851313649860962,0.07700497856922162
6,N2,0.3696238971322638,0.5505855967699346,0.48898161391455724,0.06930448071229946
6,N2,0.37219072975123785,0.5505855967699346,0.49283186284301833,0.07315472964076054
6,N2,0.3927253907030303,0.6083393306968508,0.5043826096284016,0.06545423178383837
6,N2,0.38117464391764705,0.5659865924837789,0.5159333564137848,0.06160398285537729
6,N2,0.38117464391764705,0.5582860946268567,0.5159333564137848,0.06930448071229946
6,N2,0.36834048082277676,0.5351846010560902,0.5082328585568627,0.06160398285537729
6,N2,0.35935656665636756,0.5313343521276291,0.4812811160576351,0.06545423178383837
6,N2,0.3734741460607249,0.527484103199168,0.523633854270707,0.06930448071229946
6,N2,0.37219072975123785,0.5351846010560902,0.5159333564137848,0.06545423178383837
6,N2,0.3580731503468806,0.4658801203437908,0.5428850989130124,0.06545423178383837
6,N2,0.32342090999073075,0.4581796224868686,0.4620298714153297,0.05005323606999405
6,N2,0.37219072975123785,0.5120831074853237,0.5428850989130124,0.06160398285537729
6,N2,0.3490892361804714,0.5043826096284016,0.46973036927225187,0.07315472964076054
6,N2,0.33497165677611407,0.46973036927225187,0.4658801203437908,0.06930448071229946
6,N2,0.3362550730856011,0.47358061820071296,0.4581796224868686,0.07700497856922162
6,N2,0.3221374936812437,0.47358061820071296,0.4235273821307189,0.06930448071229946
6,N2,0.3259877426097048,0.4543293735584075,0.45047912462994644,0.07315472964076054
6,N2,0.3016028327294514,0.38887514177456917,0.43892837784456323,0.07700497856922162
6,N2,0.3247043263002178,0.47743086712917404,0.43507812891610215,0.06160398285537729
6,N2,0.39529222332200437,0.6275905753391562,0.4851313649860962,0.07315472964076054
6,N2,0.44021179415405026,0.669943313552228,0.5852378371260843,0.06545423178383837
6,N2,0.4004258885599525,0.6352910731960784,0.5005323606999406,0.06545423178383837
6,N2,0.38245806022713413,0.5813875881976233,0.5043826096284016,0.06160398285537729
6,N2,0.3747575623702119,0.523633854270707,0.5351846010560902,0.06545423178383837
6,N2,0.4004258885599525,0.5582860946268567,0.5852378371260843,0.05775373392691621
6,N2,0.3824580602271341,0.5621363435553178,0.523633854270707,0.06160398285537729
6,N2,0.33368824046662704,0.5120831074853237,0.4196771332022578,0.06930448071229946
6,N2,0.3824580602271341,0.5582860946268567,0.527484103199168,0.06160398285537729
6,N2,0.42609421474969295,0.662242815695306,0.5467353478414735,0.06930448071229946
6,W,0.45946303879635564,0.6314408242676173,0.6814940603376113,0.06545423178383837
6,W,0.4722972018912259,0.7430980431929886,0.6083393306968508,0.06545423178383837
6,N1,0.4633132877248167,0.7546487899783718,0.5544358456983957,0.0808552274976827
6,N1,0.46459670403430375,0.7430980431929886,0.5775373392691622,0.07315472964076054
6,N1,0.4145434679643097,0.6776438114091502,0.5082328585568627,0.05775373392691621
6,N1,0.43892837784456323,0.6814940603376113,0.5659865924837789,0.06930448071229946
6,N1,0.45304595724892055,0.7199965496222221,0.56983684141224,0.06930448071229946
6,N1,0.40299272117892654,0.6468418199814616,0.5005323606999406,0.06160398285537729
6,N1,0.4235273821307189,0.6660930646237669,0.5390348499845513,0.06545423178383837
6,N2,0.4004258885599525,0.6237403264106951,0.5043826096284016,0.07315472964076054
6,N2,0.4158268842737967,0.6737935624806891,0.5197836053422459,0.05390348499845513
6,N2,0.36320681558482865,0.5505855967699346,0.47743086712917404,0.06160398285537729
6,N2,0.3875917254650822,0.5929383349830064,0.5005323606999406,0.06930448071229946
6,W,0.4825645323671222,0.7161463006937611,0.6545423178383838,0.07700497856922162
6,N1,0.45817962248686867,0.6853443092660724,0.6237403264106951,0.06545423178383837
6,N1,0.4556127898678946,0.6968950560514556,0.6044890817683897,0.06545423178383837
6,N1,0.4337947126066151,0.7007453049799167,0.5351846010560902,0.06545423178383837
6,W,0.43507812891610226,0.6429915710530005,0.5852378371260843,0.07700497856922162
6,W,0.44791229201097243,0.6853443092660724,0.5929383349830064,0.06545423178383837
6,N1,0.4633132877248167,0.7161463006937611,0.619890077482234,0.05390348499845513
6,N1,0.45689620617738164,0.7276970474791443,0.5736870903407011,0.06930448071229946
6,N1,0.47614745081968707,0.7353975453360665,0.619890077482234,0.07315472964076054
6,N1,0.42096054951174483,0.6814940603376113,0.5120831074853237,0.06930448071229946
6,N1,0.45946303879635564,0.7084458028368389,0.6121895796253118,0.05775373392691621
6,N1,0.4427786267730243,0.6853443092660724,0.5736870903407011,0.06930448071229946
6,N2,0.40427613748841357,0.6352910731960784,0.5082328585568627,0.06930448071229946
6,N2,0.38117464391764705,0.5852378371260843,0.48898161391455724,0.06930448071229946
6,N2,0.38630830915559505,0.5890880860545453,0.5120831074853237,0.05775373392691621
6,N2,0.38630830915559516,0.6083393306968508,0.48898161391455724,0.06160398285537729
6,N2,0.41326005165482277,0.6275905753391562,0.5544358456983957,0.05775373392691621
6,N2,0.39015855808405625,0.5967885839114675,0.5082328585568627,0.06545423178383837
6,N2,0.3875917254650822,0.6083393306968508,0.49283186284301833,0.06160398285537729
6,N2,0.3978590559409784,0.5929383349830064,0.5351846010560902,0.06545423178383837
6,N1,0.4620298714153297,0.7546487899783718,0.5659865924837789,0.06545423178383837
6,N2,0.40299272117892654,0.6545423178383838,0.49283186284301833,0.06160398285537729
6,N2,0.37989122760816,0.56983684141224,0.4966821117714794,0.07315472964076054
6,N2,0.42096054951174494,0.6545423178383838,0.5428850989130124,0.06545423178383837
6,N2,0.4414952104635373,0.6737935624806891,0.5890880860545453,0.06160398285537729
6,N2,0.4363615452255892,0.6814940603376113,0.5621363435553178,0.06545423178383837
6,N2,0.3888751417745692,0.5467353478414735,0.5582860946268567,0.06160398285537729
6,N2,0.3670570645132898,0.527484103199168,0.5043826096284016,0.06930448071229946
6,N2,0.3747575623702119,0.5890880860545453,0.47358061820071296,0.06160398285537729
6,N2,0.41711030058328374,0.6237403264106951,0.56983684141224,0.05775373392691621
6,N2,0.38117464391764705,0.5544358456983957,0.523633854270707,0.06545423178383837
6,N2,0.4017093048694395,0.5852378371260843,0.5582860946268567,0.06160398285537729
6,N2,0.3965756396314914,0.5890880860545453,0.5313343521276291,0.06930448071229946
6,N2,0.38117464391764705,0.5351846010560902,0.5428850989130124,0.06545423178383837
6,N2,0.39015855808405625,0.5736870903407011,0.5313343521276291,0.06545423178383837
6,N2,0.36834048082277676,0.527484103199168,0.5082328585568627,0.06930448071229946
6,N2,0.36705706451328973,0.5544358456983957,0.48898161391455724,0.05775373392691621
6,N2,0.34395557094252327,0.48898161391455724,0.4851313649860962,0.05775373392691621
6,N2,0.33882190570457515,0.4581796224868686,0.4966821117714794,0.06160398285537729
6,N2,0.3375384893950881,0.4966821117714794,0.4543293735584075,0.06160398285537729
6,N3,0.32855457522867887,0.4543293735584075,0.47358061820071296,0.05775373392691621
6,N2,0.33240482415713996,0.4812811160576351,0.45047912462994644,0.06545423178383837
6,N2,0.3362550730856011,0.4812811160576351,0.4658801203437908,0.06160398285537729
6,N2,0.3259877426097048,0.47358061820071296,0.43892837784456323,0.06545423178383837
6,N3,0.2926189185630422,0.39272539070303025,0.41197663534533563,0.07315472964076054
6,N3,0.3170038284432956,0.43507812891610215,0.4581796224868686,0.05775373392691621
6,N3,0.26951742499227566,0.34652240356149727,0.39657563963149134,0.06545423178383837
6,N3,0.26566717606381457,0.334971656776114,0.39272539070303025,0.06930448071229946
6,N3,0.2553998455879184,0.3272711589191919,0.3696238971322638,0.06930448071229946
6,N3,0.24128226618356108,0.331121407847653,0.334971656776114,0.05775373392691621
6,N3,0.2425656824930481,0.3041696653484254,0.3619233992753416,0.06160398285537729
6,N3,0.2374320172551,0.3272711589191919,0.3195706610622697,0.06545423178383837
6,N3,0.2515495966594573,0.331121407847653,0.35807315034688053,0.06545423178383837
6,N3,0.2284481030886908,0.27336767392073674,0.34652240356149727,0.06545423178383837
6,N3,0.24256568249304808,0.2964691674915032,0.3734741460607248,0.05775373392691621
6,N3,0.22588127046971673,0.26951742499227566,0.3388219057045751,0.06930448071229946
6,N3,0.2245978541602297,0.26951742499227566,0.334971656776114,0.06930448071229946
6,N3,0.22331443785074268,0.2810681717776589,0.31572041213380864,0.07315472964076054
6,N3,0.2245978541602297,0.27721792284919783,0.3388219057045751,0.05775373392691621
6,N3,0.25539984558791834,0.2810681717776589,0.4158268842737967,0.06930448071229946
6,N3,0.2682340086827886,0.2887686696345811,0.4543293735584075,0.06160398285537729
6,N3,0.2810681717776589,0.3657736482038027,0.4042761374884135,0.07315472964076054
6,N3,0.24384909880253514,0.3041696653484254,0.3619233992753416,0.06545423178383837
6,N3,0.24898276404048325,0.34652240356149727,0.331121407847653,0.06930448071229946
6,N3,0.2335817683266389,0.26566717606381457,0.3696238971322638,0.06545423178383837
6,N3,0.21689735630330753,0.27336767392073674,0.31572041213380864,0.06160398285537729
6,N3,0.2245978541602297,0.2810681717776589,0.3195706610622697,0.07315472964076054
6,N3,0.2194641889222816,0.22716468677920376,0.3619233992753416,0.06930448071229946
6,N3,0.2425656824930481,0.3003194164199643,0.3619233992753416,0.06545423178383837
6,N3,0.36320681558482865,0.5390348499845513,0.48898161391455724,0.06160398285537729
6,N2,0.4106932190358486,0.6044890817683897,0.5582860946268567,0.06930448071229946
6,N2,0.3247043263002178,0.4543293735584075,0.4620298714153297,0.05775373392691621
6,N2,0.35165606879944544,0.5043826096284016,0.47743086712917404,0.07315472964076054
6,N2,0.36705706451328973,0.5082328585568627,0.5197836053422459,0.07315472964076054
6,N2,0.35165606879944544,0.5082328585568627,0.4851313649860962,0.06160398285537729
6,N2,0.3413887383235492,0.49283186284301833,0.4581796224868686,0.07315472964076054
6,N2,0.3105867468958605,0.43892837784456323,0.4235273821307189,0.06930448071229946
6,N2,0.3555063177279065,0.5197836053422459,0.4851313649860962,0.06160398285537729
6,N2,0.32727115891919184,0.47358061820071296,0.45047912462994644,0.05775373392691621
6,N2,0.3221374936812437,0.42737763105918,0.47358061820071296,0.06545423178383837
6,N2,0.27465109023022377,0.3850248928461081,0.3850248928461081,0.05390348499845513
6,N2,0.3401053220140622,0.48898161391455724,0.46973036927225187,0.06160398285537729
6,N2,0.29133550225355515,0.39272539070303025,0.4235273821307189,0.05775373392691621
6,N3,0.28620183701560703,0.381174643917647,0.4196771332022578,0.05775373392691621
6,N3,0.25283301296894434,0.3195706610622697,0.3696238971322638,0.06930448071229946
6,N3,0.28620183701560703,0.3619233992753416,0.42737763105918,0.06930448071229946
6,N3,0.2528330129689443,0.30801991427688646,0.39272539070303025,0.05775373392691621
6,N3,0.23614860094561296,0.28491842070612,0.35807315034688053,0.06545423178383837
6,N3,0.24513251511202214,0.2964691674915032,0.3773243949891859,0.06160398285537729
6,N3,0.22203102154125565,0.2887686696345811,0.31187016320534755,0.06545423178383837
6,N3,0.23999884987407405,0.28491842070612,0.3696238971322638,0.06545423178383837
6,N3,0.2053466095179243,0.26951742499227566,0.28491842070612,0.06160398285537729
6,N3,0.20406319320843727,0.2502661803499703,0.3041696653484254,0.05775373392691621
6,N3,0.23999884987407405,0.3041696653484254,0.35422290141841944,0.06160398285537729
6,N3,0.30801991427688646,0.42737763105918,0.43892837784456323,0.05775373392691621
6,N2,0.35037265248995836,0.46973036927225187,0.5197836053422459,0.06160398285537729
6,N2,0.4055595537979005,0.6083393306968508,0.5390348499845513,0.06930448071229946
6,N2,0.33882190570457515,0.4812811160576351,0.4658801203437908,0.06930448071229946
6,N2,0.3413887383235492,0.4581796224868686,0.48898161391455724,0.07700497856922162
6,N2,0.36577364820380276,0.5505855967699346,0.4812811160576351,0.06545423178383837
6,N2,0.3619233992753416,0.5351846010560902,0.4851313649860962,0.06545423178383837
6,N2,0.35550631772790653,0.5313343521276291,0.46973036927225187,0.06545423178383837
6,N2,0.3362550730856011,0.48898161391455724,0.46973036927225187,0.05005323606999405
6,N2,0.3619233992753417,0.5159333564137848,0.5082328585568627,0.06160398285537729
6,N2,0.33882190570457515,0.5197836053422459,0.43892837784456323,0.05775373392691621
6,N2,0.33497165677611407,0.49283186284301833,0.4581796224868686,0.05390348499845513
6,N2,0.2926189185630422,0.4042761374884135,0.39657563963149134,0.07700497856922162
6,N2,0.43122787998764117,0.6545423178383838,0.5736870903407011,0.06545423178383837
6,N2,0.4068429701073876,0.5929383349830064,0.5659865924837789,0.06160398285537729
6,N1,0.46716353665327787,0.7084458028368389,0.6237403264106951,0.06930448071229946
6,N1,0.42096054951174483,0.6737935624806891,0.5197836053422459,0.06930448071229946
6,N1,0.4004258885599525,0.6237403264106951,0.5082328585568627,0.06930448071229946
6,N1,0.38630830915559516,0.6275905753391562,0.46973036927225187,0.06160398285537729
6,N2,0.3401053220140622,0.5197836053422459,0.43507812891610215,0.06545423178383837
6,N2,0.36705706451328973,0.5467353478414735,0.49283186284301833,0.06160398285537729
6,N2,0.37604097867969893,0.5313343521276291,0.523633854270707,0.07315472964076054
6,N2,0.34395557094252327,0.48898161391455724,0.4851313649860962,0.05775373392691621
6,N2,0.4004258885599525,0.5967885839114675,0.5467353478414735,0.05775373392691621
6,N2,0.35293948510893247,0.5005323606999406,0.5005323606999406,0.05775373392691621
6,N2,0.34267215463303624,0.4966821117714794,0.46973036927225187,0.06160398285537729
6,N2,0.4068429701073875,0.6006388328399286,0.5544358456983957,0.06545423178383837
6,REM,0.38117464391764705,0.5505855967699346,0.523633854270707,0.06930448071229946
6,REM,0.35293948510893247,0.5582860946268567,0.42737763105918,0.07315472964076054
6,REM,0.3747575623702119,0.5390348499845513,0.5159333564137848,0.06930448071229946
6,REM,0.42481079844020603,0.6583925667668449,0.5544358456983957,0.06160398285537729
6,REM,0.37604097867969893,0.56983684141224,0.48898161391455724,0.06930448071229946
6,REM,0.3696238971322638,0.5544358456983957,0.49283186284301833,0.06160398285537729
6,REM,0.3593565666563676,0.5313343521276291,0.4851313649860962,0.06160398285537729
6,REM,0.37989122760816,0.5467353478414735,0.527484103199168,0.06545423178383837
6,REM,0.4068429701073875,0.619890077482234,0.5428850989130124,0.05775373392691621
6,REM,0.3452389872520103,0.47743086712917404,0.5005323606999406,0.05775373392691621
6,REM,0.34395557094252327,0.5313343521276291,0.43507812891610215,0.06545423178383837
6,REM,0.377324394989186,0.5544358456983957,0.5082328585568627,0.06930448071229946
6,REM,0.40299272117892654,0.6160398285537729,0.5351846010560902,0.05775373392691621
6,REM,0.39529222332200437,0.6121895796253118,0.5043826096284016,0.06930448071229946
6,REM,0.4068429701073876,0.6237403264106951,0.527484103199168,0.06930448071229946
6,REM,0.4286610473686671,0.662242815695306,0.5582860946268567,0.06545423178383837
6,REM,0.42481079844020603,0.6545423178383838,0.5582860946268567,0.06160398285537729
6,REM,0.4106932190358486,0.6314408242676173,0.5313343521276291,0.06930448071229946
6,N2,0.3709073134417508,0.5467353478414735,0.5043826096284016,0.06160398285537729
6,N2,0.3490892361804714,0.5467353478414735,0.4466288757014854,0.05390348499845513
6,N2,0.35550631772790653,0.527484103199168,0.4812811160576351,0.05775373392691621
6,N2,0.34908923618047133,0.523633854270707,0.4620298714153297,0.06160398285537729
6,N2,0.40299272117892654,0.6083393306968508,0.5351846010560902,0.06545423178383837
6,N2,0.3709073134417508,0.5582860946268567,0.49283186284301833,0.06160398285537729
6,N2,0.378607811298673,0.523633854270707,0.5390348499845513,0.07315472964076054
6,N2,0.36320681558482865,0.5390348499845513,0.4812811160576351,0.06930448071229946
6,N2,0.3593565666563676,0.5351846010560902,0.47358061820071296,0.06930448071229946
6,N2,0.3875917254650822,0.5467353478414735,0.5544358456983957,0.06160398285537729
6,N2,0.38759172546508225,0.5852378371260843,0.5082328585568627,0.06930448071229946
6,N2,0.40427613748841346,0.6083393306968508,0.5390348499845513,0.06545423178383837
6,N2,0.3644902318943157,0.527484103199168,0.5005323606999406,0.06545423178383837
6,N2,0.40427613748841357,0.56983684141224,0.5813875881976233,0.06160398285537729
6,N2,0.3644902318943157,0.527484103199168,0.5005323606999406,0.06545423178383837
6,N2,0.3888751417745692,0.5505855967699346,0.5428850989130124,0.07315472964076054
6,N2,0.36320681558482865,0.5120831074853237,0.5082328585568627,0.06930448071229946
6,N2,0.3644902318943157,0.5005323606999406,0.527484103199168,0.06545423178383837
6,N2,0.36577364820380276,0.5505855967699346,0.47358061820071296,0.07315472964076054
6,N2,0.35550631772790653,0.5313343521276291,0.47743086712917404,0.05775373392691621
6,N2,0.3696238971322638,0.5467353478414735,0.49283186284301833,0.06930448071229946
6,N2,0.3734741460607249,0.5390348499845513,0.5120831074853237,0.06930448071229946
6,N2,0.36834048082277676,0.523633854270707,0.5159333564137848,0.06545423178383837
6,N2,0.3555063177279065,0.523633854270707,0.47358061820071296,0.06930448071229946
6,N2,0.38630830915559516,0.56983684141224,0.5351846010560902,0.05390348499845513
6,N2,0.4017093048694395,0.5736870903407011,0.56983684141224,0.06160398285537729
6,N2,0.32727115891919184,0.47743086712917404,0.4427786267730243,0.06160398285537729
6,N2,0.35807315034688053,0.48898161391455724,0.523633854270707,0.06160398285537729
6,N2,0.3401053220140622,0.4427786267730243,0.523633854270707,0.05390348499845513
6,N1,0.4517625409394335,0.6583925667668449,0.6237403264106951,0.07315472964076054
6,N1,0.4158268842737968,0.6083393306968508,0.5736870903407011,0.06545423178383837
6,N1,0.43507812891610215,0.6314408242676173,0.6006388328399286,0.07315472964076054
6,N1,0.476147450819687,0.7507985410499107,0.619890077482234,0.05775373392691621
6,N1,0.41197663534533574,0.662242815695306,0.5082328585568627,0.06545423178383837
6,N2,0.37604097867969893,0.5775373392691622,0.48898161391455724,0.06160398285537729
6,N2,0.37219072975123785,0.5351846010560902,0.5082328585568627,0.07315472964076054
6,N2,0.35037265248995836,0.48898161391455724,0.49283186284301833,0.06930448071229946
6,N2,0.3683404808227768,0.5467353478414735,0.4851313649860962,0.07315472964076054
6,N2,0.3965756396314913,0.6121895796253118,0.5120831074853237,0.06545423178383837
6,N2,0.3401053220140622,0.47743086712917404,0.47358061820071296,0.06930448071229946
6,N2,0.378607811298673,0.5659865924837789,0.4966821117714794,0.07315472964076054
6,N2,0.378607811298673,0.5351846010560902,0.5313343521276291,0.06930448071229946
6,N2,0.3619233992753416,0.5313343521276291,0.48898161391455724,0.06545423178383837
6,N2,0.36705706451328973,0.5351846010560902,0.49283186284301833,0.07315472964076054
6,N2,0.3221374936812437,0.43122787998764106,0.4620298714153297,0.07315472964076054
6,N2,0.32727115891919184,0.46973036927225187,0.45047912462994644,0.06160398285537729
6,N2,0.36834048082277676,0.5197836053422459,0.5159333564137848,0.06930448071229946
6,N2,0.3465224035614973,0.5005323606999406,0.4658801203437908,0.07315472964076054
6,N2,0.36834048082277676,0.49283186284301833,0.5351846010560902,0.07700497856922162
6,N2,0.31187016320534755,0.4427786267730243,0.43892837784456323,0.05390348499845513
6,N2,0.33240482415713996,0.4658801203437908,0.4620298714153297,0.06930448071229946
6,N2,0.33497165677611407,0.4466288757014854,0.4966821117714794,0.06160398285537729
6,N2,0.3747575623702118,0.5313343521276291,0.5159333564137848,0.07700497856922162
6,N2,0.34395557094252327,0.47743086712917404,0.49283186284301833,0.06160398285537729
6,N2,0.3170038284432956,0.4196771332022578,0.4620298714153297,0.06930448071229946
6,N2,0.34395557094252327,0.47358061820071296,0.4851313649860962,0.07315472964076054
6,N2,0.3529394851089324,0.523633854270707,0.4620298714153297,0.07315472964076054
6,N2,0.36320681558482865,0.5043826096284016,0.5159333564137848,0.06930448071229946
6,N2,0.34523898725201024,0.5120831074853237,0.45047912462994644,0.07315472964076054
6,N1,0.524917270580194,0.8316537685475934,0.6891945581945335,0.05390348499845513
6,N2,0.4106932190358487,0.5929383349830064,0.5736870903407011,0.06545423178383837
6,N2,0.36705706451328973,0.56983684141224,0.4581796224868686,0.07315472964076054
6,N2,0.3542229014184195,0.5043826096284016,0.48898161391455724,0.06930448071229946
6,N2,0.3875917254650821,0.5967885839114675,0.48898161391455724,0.07700497856922162
6,N2,0.3593565666563676,0.4851313649860962,0.523633854270707,0.06930448071229946
6,N2,0.4055595537979005,0.5544358456983957,0.5929383349830064,0.06930448071229946
6,N2,0.3657736482038027,0.5428850989130124,0.4966821117714794,0.05775373392691621
6,N2,0.29518575118201623,0.4042761374884135,0.4081263864168746,0.07315472964076054
6,N2,0.3657736482038027,0.5390348499845513,0.4966821117714794,0.06160398285537729
6,N2,0.4106932190358487,0.6121895796253118,0.5544358456983957,0.06545423178383837
6,N2,0.36834048082277676,0.523633854270707,0.523633854270707,0.05775373392691621
6,N2,0.36320681558482865,0.5120831074853237,0.5120831074853237,0.06545423178383837
6,N2,0.3105867468958605,0.43892837784456323,0.4235273821307189,0.06930448071229946
6,N2,0.32855457522867887,0.46973036927225187,0.4466288757014854,0.06930448071229946
6,N3,0.32342090999073075,0.45047912462994644,0.4658801203437908,0.05390348499845513
6,N2,0.42224396582123186,0.619890077482234,0.5813875881976233,0.06545423178383837
6,N2,0.3927253907030303,0.5813875881976233,0.523633854270707,0.07315472964076054
6,N2,0.3644902318943157,0.5351846010560902,0.48898161391455724,0.06930448071229946
6,N2,0.37604097867969893,0.5351846010560902,0.523633854270707,0.06930448071229946
6,N2,0.3619233992753416,0.5197836053422459,0.4966821117714794,0.06930448071229946
6,N2,0.3208540773717567,0.46973036927225187,0.4196771332022578,0.07315472964076054
6,N2,0.3555063177279065,0.48898161391455724,0.5197836053422459,0.05775373392691621
6,N2,0.377324394989186,0.5775373392691622,0.5005323606999406,0.05390348499845513
6,N2,0.4017093048694395,0.5852378371260843,0.5467353478414735,0.07315472964076054
6,N2,0.3709073134417508,0.5313343521276291,0.523633854270707,0.05775373392691621
6,N2,0.37604097867969893,0.5544358456983957,0.5043826096284016,0.06930448071229946
6,N2,0.33368824046662704,0.47743086712917404,0.4543293735584075,0.06930448071229946
6,N2,0.3503726524899584,0.47358061820071296,0.5082328585568627,0.06930448071229946
6,N3,0.2708008413017627,0.3734741460607248,0.381174643917647,0.05775373392691621
6,N2,0.32342090999073075,0.43507812891610215,0.4581796224868686,0.07700497856922162
6,N2,0.3490892361804714,0.5005323606999406,0.48898161391455724,0.05775373392691621
6,N2,0.3247043263002178,0.4042761374884135,0.49283186284301833,0.07700497856922162
6,N2,0.3182872447527827,0.4466288757014854,0.43122787998764106,0.07700497856922162
6,N3,0.2682340086827886,0.3426721546330362,0.39272539070303025,0.06930448071229946
6,N3,0.2682340086827886,0.334971656776114,0.4004258885599524,0.06930448071229946
6,N3,0.24769934773099622,0.2926189185630422,0.3850248928461081,0.06545423178383837
6,N3,0.2502661803499703,0.3195706610622697,0.3696238971322638,0.06160398285537729
6,N3,0.26053351082586645,0.34652240356149727,0.3657736482038027,0.06930448071229946
6,N3,0.2284481030886908,0.28491842070612,0.3388219057045751,0.06160398285537729
6,N3,0.2284481030886908,0.28491842070612,0.3426721546330362,0.05775373392691621
6,N3,0.2566832618974054,0.3272711589191919,0.3696238971322638,0.07315472964076054
6,N3,0.23101493570766485,0.3041696653484254,0.31572041213380864,0.07315472964076054
6,N3,0.2245978541602297,0.2964691674915032,0.31187016320534755,0.06545423178383837
6,N3,0.21176369106535942,0.2618169271353535,0.3041696653484254,0.06930448071229946
6,N3,0.22973151939817782,0.27721792284919783,0.35037265248995836,0.06160398285537729
6,N3,0.21433052368433347,0.2579666782068924,0.31572041213380864,0.06930448071229946
6,N3,0.2245978541602297,0.27721792284919783,0.3195706610622697,0.07700497856922162
6,N3,0.24898276404048325,0.331121407847653,0.35037265248995836,0.06545423178383837
6,N3,0.23871543356458702,0.27336767392073674,0.3734741460607248,0.06930448071229946
6,N3,0.2245978541602297,0.26566717606381457,0.334971656776114,0.07315472964076054
6,N3,0.22588127046971673,0.27336767392073674,0.331121407847653,0.07315472964076054
6,N3,0.18994561380407995,0.24641593142150917,0.26566717606381457,0.05775373392691621
6,N3,0.22588127046971673,0.2964691674915032,0.3272711589191919,0.05390348499845513
6,N3,0.18737878118510595,0.23486518463612593,0.2618169271353535,0.06545423178383837
6,N3,0.20663002582741133,0.2579666782068924,0.2926189185630422,0.06930448071229946
6,N3,0.18866219749459293,0.24641593142150917,0.26566717606381457,0.05390348499845513
6,N3,0.2156139399938205,0.26951742499227566,0.31187016320534755,0.06545423178383837
6,N3,0.18866219749459298,0.21946418892228162,0.2810681717776589,0.06545423178383837
6,N3,0.1848119485661319,0.2502661803499703,0.2425656824930481,0.06160398285537729
6,N3,0.20406319320843727,0.2618169271353535,0.28491842070612,0.06545423178383837
6,N3,0.20021294427997618,0.23101493570766485,0.2964691674915032,0.07315472964076054
6,N3,0.2143305236843335,0.2810681717776589,0.28491842070612,0.07700497856922162
6,N3,0.21304710737484645,0.26566717606381457,0.31572041213380864,0.05775373392691621
6,N3,0.20406319320843727,0.23486518463612593,0.31187016320534755,0.06545423178383837
6,N3,0.21048027475587242,0.25411642927843137,0.30801991427688646,0.06930448071229946
6,N3,0.18737878118510595,0.23486518463612593,0.2618169271353535,0.06545423178383837
6,N3,0.20663002582741133,0.23486518463612593,0.31187016320534755,0.07315472964076054
6,N3,0.18866219749459298,0.21946418892228162,0.2810681717776589,0.06545423178383837
6,N3,0.1758280343997227,0.19636269535151513,0.26566717606381457,0.06545423178383837
6,N3,0.18994561380408,0.2233144378507427,0.27721792284919783,0.06930448071229946
6,N3,0.17839486701869675,0.2425656824930481,0.23871543356458702,0.05390348499845513
6,N3,0.19507927904202813,0.23101493570766485,0.2926189185630422,0.06160398285537729
6,N3,0.20277977689895024,0.2579666782068924,0.2887686696345811,0.06160398285537729
6,N3,0.18224511594715784,0.21946418892228162,0.2579666782068924,0.06930448071229946
6,N3,0.1963626953515151,0.22716468677920376,0.3003194164199643,0.06160398285537729
6,N3,0.21561393999382053,0.2425656824930481,0.3234209099907308,0.0808552274976827
6,N3,0.2143305236843335,0.25411642927843137,0.331121407847653,0.05775373392691621
6,N3,0.23486518463612593,0.26951742499227566,0.3657736482038027,0.06930448071229946
6,N3,0.1848119485661319,0.23486518463612593,0.2502661803499703,0.06930448071229946
6,N3,0.20021294427997618,0.2425656824930481,0.2964691674915032,0.06160398285537729
6,N3,0.17454461809023566,0.19251244642305404,0.2618169271353535,0.06930448071229946
6,N3,0.1937958627325411,0.2233144378507427,0.28491842070612,0.07315472964076054
6,N3,0.19251244642305407,0.21946418892228162,0.28491842070612,0.07315472964076054
6,N3,0.1758280343997227,0.21176369106535944,0.23871543356458702,0.07700497856922162
6,N3,0.17967828332818378,0.21946418892228162,0.25411642927843137,0.06545423178383837
6,N3,0.20277977689895024,0.27336767392073674,0.26566717606381457,0.06930448071229946
6,N3,0.19251244642305407,0.23101493570766485,0.28491842070612,0.06160398285537729
6,N3,0.1809616996376708,0.21946418892228162,0.2502661803499703,0.07315472964076054
6,N3,0.19251244642305407,0.25411642927843137,0.2502661803499703,0.07315472964076054
6,N3,0.1809616996376708,0.2040631932084373,0.26566717606381457,0.07315472964076054
6,N3,0.18352853225664487,0.18866219749459295,0.2926189185630422,0.06930448071229946
6,N3,0.1848119485661319,0.23101493570766485,0.2618169271353535,0.06160398285537729
6,N3,0.1989295279704892,0.2233144378507427,0.2926189185630422,0.0808552274976827
6,N3,0.1809616996376708,0.2233144378507427,0.2502661803499703,0.06930448071229946
6,N3,0.21176369106535942,0.26566717606381457,0.31187016320534755,0.05775373392691621
6,N3,0.19251244642305407,0.2425656824930481,0.26951742499227566,0.06545423178383837
6,N3,0.1989295279704892,0.2425656824930481,0.2810681717776589,0.07315472964076054
6,N3,0.19764611166100213,0.27721792284919783,0.2579666782068924,0.05775373392691621
6,N3,0.16684412023331352,0.2040631932084373,0.2425656824930481,0.05390348499845513
6,N3,0.20021294427997624,0.23871543356458702,0.2887686696345811,0.07315472964076054
6,N3,0.18609536487561892,0.23101493570766485,0.2618169271353535,0.06545423178383837
6,N3,0.2091968584463854,0.23871543356458702,0.3234209099907308,0.06545423178383837
6,N3,0.21433052368433347,0.23486518463612593,0.334971656776114,0.07315472964076054
6,N3,0.18737878118510595,0.23871543356458702,0.2579666782068924,0.06545423178383837
6,N3,0.1758280343997227,0.21946418892228162,0.23486518463612593,0.07315472964076054
6,N3,0.2053466095179243,0.23486518463612593,0.31572041213380864,0.06545423178383837
6,N3,0.18994561380408,0.23486518463612593,0.27336767392073674,0.06160398285537729
6,N3,0.2014963605894632,0.2579666782068924,0.2810681717776589,0.06545423178383837
6,N3,0.28748525332509406,0.4004258885599524,0.39657563963149134,0.06545423178383837
6,N1,0.4068429701073876,0.6814940603376113,0.47743086712917404,0.06160398285537729
6,N2,0.34267215463303624,0.5197836053422459,0.4466288757014854,0.06160398285537729
6,N2,0.33368824046662704,0.4851313649860962,0.45047912462994644,0.06545423178383837
6,N2,0.3221374936812437,0.4851313649860962,0.41197663534533563,0.06930448071229946
6,N2,0.3182872447527827,0.46973036927225187,0.4081263864168746,0.07700497856922162
6,N2,0.31957066106226967,0.5467353478414735,0.35037265248995836,0.06160398285537729
6,N2,0.31957066106226967,0.523633854270707,0.3696238971322638,0.06545423178383837
6,N2,0.33240482415713996,0.5659865924837789,0.3657736482038027,0.06545423178383837
6,N2,0.2939023348725292,0.47743086712917404,0.3426721546330362,0.06160398285537729
6,W,0.4376449615350762,0.7430980431929886,0.5082328585568627,0.06160398285537729
6,N1,0.3696238971322637,0.5120831074853237,0.5197836053422459,0.07700497856922162
6,N2,0.3888751417745692,0.5890880860545453,0.5082328585568627,0.06930448071229946
6,N2,0.35422290141841944,0.523633854270707,0.46973036927225187,0.06930448071229946
6,N2,0.3362550730856011,0.4851313649860962,0.4581796224868686,0.06545423178383837
6,N2,0.32342090999073075,0.5159333564137848,0.38887514177456917,0.06545423178383837
6,N2,0.36320681558482865,0.5505855967699346,0.46973036927225187,0.06930448071229946
6,N2,0.3734741460607249,0.5582860946268567,0.5005323606999406,0.06160398285537729
6,N2,0.34267215463303624,0.5159333564137848,0.4466288757014854,0.06545423178383837
6,N2,0.3734741460607249,0.5390348499845513,0.5120831074853237,0.06930448071229946
6,N2,0.3606399829658546,0.527484103199168,0.4851313649860962,0.06930448071229946
6,N2,0.34780581987098436,0.4851313649860962,0.48898161391455724,0.06930448071229946
6,N2,0.3362550730856011,0.5082328585568627,0.43892837784456323,0.06160398285537729
6,N2,0.36577364820380276,0.5505855967699346,0.4812811160576351,0.06545423178383837
6,N2,0.3516560687994454,0.49283186284301833,0.49283186284301833,0.06930448071229946
6,REM,0.3619233992753416,0.5082328585568627,0.5120831074853237,0.06545423178383837
6,REM,0.4145434679643097,0.6545423178383838,0.523633854270707,0.06545423178383837
6,REM,0.38630830915559516,0.5544358456983957,0.5313343521276291,0.07315472964076054
6,REM,0.37604097867969893,0.5351846010560902,0.5313343521276291,0.06160398285537729
6,REM,0.3978590559409784,0.5736870903407011,0.5505855967699346,0.06930448071229946
6,REM,0.38630830915559516,0.5467353478414735,0.5390348499845513,0.07315472964076054
6,REM,0.37347414606072493,0.5544358456983957,0.5005323606999406,0.06545423178383837
6,REM,0.3567897340373935,0.5428850989130124,0.46973036927225187,0.05775373392691621
6,REM,0.3362550730856011,0.4620298714153297,0.4851313649860962,0.06160398285537729
6,REM,0.3632068155848287,0.5659865924837789,0.4581796224868686,0.06545423178383837
6,REM,0.35037265248995836,0.5197836053422459,0.4620298714153297,0.06930448071229946
6,REM,0.3580731503468806,0.5313343521276291,0.4851313649860962,0.05775373392691621
6,REM,0.37732439498918596,0.6044890817683897,0.46973036927225187,0.05775373392691621
6,REM,0.3593565666563676,0.5428850989130124,0.4812811160576351,0.05390348499845513
6,REM,0.40940980272636157,0.6160398285537729,0.5390348499845513,0.07315472964076054
6,REM,0.3632068155848287,0.5428850989130124,0.4812811160576351,0.06545423178383837
6,REM,0.3875917254650822,0.6352910731960784,0.4581796224868686,0.06930448071229946
6,REM,0.35935656665636756,0.5159333564137848,0.48898161391455724,0.07315472964076054
6,REM,0.378607811298673,0.5621363435553178,0.5043826096284016,0.06930448071229946
6,REM,0.36449023189431573,0.56983684141224,0.4466288757014854,0.07700497856922162
6,REM,0.36577364820380276,0.523633854270707,0.5005323606999406,0.07315472964076054
6,REM,0.39400880701251734,0.619890077482234,0.4966821117714794,0.06545423178383837
6,REM,0.37732439498918596,0.5967885839114675,0.47743086712917404,0.05775373392691621
6,REM,0.428661047368667,0.6776438114091502,0.5390348499845513,0.06930448071229946
6,REM,0.4017093048694395,0.5813875881976233,0.5582860946268567,0.06545423178383837
6,REM,0.4235273821307189,0.669943313552228,0.5313343521276291,0.06930448071229946
6,REM,0.35037265248995836,0.5159333564137848,0.47743086712917404,0.05775373392691621
6,REM,0.4004258885599525,0.5775373392691622,0.5544358456983957,0.06930448071229946
6,REM,0.41197663534533563,0.6506920689099227,0.5120831074853237,0.07315472964076054
6,W,0.526200686889681,0.7777502835491383,0.7315472964076054,0.06930448071229946
6,N2,0.39015855808405625,0.6506920689099227,0.4581796224868686,0.06160398285537729
6,N2,0.3875917254650822,0.6160398285537729,0.4851313649860962,0.06160398285537729
6,N2,0.3696238971322638,0.5736870903407011,0.4620298714153297,0.07315472964076054
6,N2,0.4145434679643097,0.6468418199814616,0.5390348499845513,0.05775373392691621
6,N2,0.3657736482038027,0.5428850989130124,0.4851313649860962,0.06930448071229946
6,N2,0.38245806022713413,0.5775373392691622,0.5082328585568627,0.06160398285537729
6,N2,0.39015855808405625,0.6160398285537729,0.4966821117714794,0.05775373392691621
6,N2,0.37732439498918596,0.5467353478414735,0.523633854270707,0.06160398285537729
6,N2,0.3644902318943157,0.5659865924837789,0.4543293735584075,0.07315472964076054
6,N2,0.3606399829658546,0.5582860946268567,0.4543293735584075,0.06930448071229946
6,N2,0.3542229014184195,0.5582860946268567,0.43892837784456323,0.06545423178383837
6,N2,0.37475756237021196,0.5813875881976233,0.4812811160576351,0.06160398285537729
6,N2,0.38630830915559516,0.5659865924837789,0.5197836053422459,0.07315472964076054
6,N2,0.3644902318943157,0.5390348499845513,0.48898161391455724,0.06545423178383837
6,N2,0.3670570645132898,0.5621363435553178,0.47743086712917404,0.06160398285537729
6,N2,0.3734741460607249,0.56983684141224,0.4812811160576351,0.06930448071229946
6,N2,0.3824580602271341,0.6275905753391562,0.4466288757014854,0.07315472964076054
6,N2,0.39914247225046534,0.6160398285537729,0.523633854270707,0.05775373392691621
6,N2,0.3709073134417508,0.5544358456983957,0.49283186284301833,0.06545423178383837
6,N2,0.3555063177279065,0.5120831074853237,0.48898161391455724,0.06545423178383837
6,N2,0.3747575623702119,0.5775373392691622,0.47358061820071296,0.07315472964076054
6,N2,0.40427613748841357,0.6391413221245394,0.5120831074853237,0.06160398285537729
6,N2,0.36320681558482865,0.5582860946268567,0.4620298714153297,0.06930448071229946
6,N2,0.36449023189431573,0.5736870903407011,0.4581796224868686,0.06160398285537729
6,N2,0.37732439498918596,0.5736870903407011,0.49283186284301833,0.06545423178383837
6,N2,0.38117464391764705,0.5621363435553178,0.5197836053422459,0.06160398285537729
6,N2,0.3927253907030303,0.5852378371260843,0.5351846010560902,0.05775373392691621
6,N2,0.37219072975123785,0.5890880860545453,0.4581796224868686,0.06930448071229946
6,N2,0.40812638641687465,0.6083393306968508,0.5582860946268567,0.05775373392691621
6,N2,0.38630830915559516,0.56983684141224,0.523633854270707,0.06545423178383837
6,N2,0.38117464391764705,0.6237403264106951,0.4543293735584075,0.06545423178383837
6,N2,0.3696238971322638,0.5544358456983957,0.48898161391455724,0.06545423178383837
6,N2,0.37989122760816,0.5582860946268567,0.5120831074853237,0.06930448071229946
6,N2,0.3927253907030303,0.5813875881976233,0.5313343521276291,0.06545423178383837
6,W,0.43507812891610215,0.6083393306968508,0.6314408242676173,0.06545423178383837
6,W,0.4183937168927709,0.4581796224868686,0.7238467985506832,0.07315472964076054
6,W,0.35293948510893247,0.4042761374884135,0.5967885839114675,0.05775373392691621
6,W,0.41711030058328386,0.6506920689099227,0.5313343521276291,0.06930448071229946
6,W,0.3978590559409783,0.5428850989130124,0.5890880860545453,0.06160398285537729
6,W,0.43122787998764106,0.6737935624806891,0.5659865924837789,0.05390348499845513
6,N1,0.4633132877248168,0.7315472964076054,0.5929383349830064,0.06545423178383837
6,N1,0.4363615452255893,0.6583925667668449,0.5775373392691622,0.07315472964076054
6,N1,0.4453454593919984,0.6891945581945335,0.5852378371260843,0.06160398285537729
6,N1,0.4017093048694395,0.6660930646237669,0.47743086712917404,0.06160398285537729
6,N1,0.3978590559409784,0.6968950560514556,0.4427786267730243,0.05390348499845513
6,N1,0.36705706451328973,0.5467353478414735,0.48898161391455724,0.06545423178383837
6,N2,0.37732439498918596,0.6121895796253118,0.4581796224868686,0.06160398285537729
6,N2,0.37989122760816,0.5890880860545453,0.4851313649860962,0.06545423178383837
6,N2,0.3619233992753417,0.5467353478414735,0.47743086712917404,0.06160398285537729
6,N2,0.32855457522867887,0.5120831074853237,0.4081263864168746,0.06545423178383837
6,N2,0.3465224035614973,0.5313343521276291,0.4466288757014854,0.06160398285537729
6,N2,0.37604097867969893,0.5890880860545453,0.46973036927225187,0.06930448071229946
6,N2,0.36577364820380276,0.5775373392691622,0.4543293735584075,0.06545423178383837
6,N2,0.36705706451328973,0.5621363435553178,0.47358061820071296,0.06545423178383837
6,N2,0.37732439498918596,0.5890880860545453,0.4812811160576351,0.06160398285537729
6,N2,0.3670570645132898,0.5544358456983957,0.47743086712917404,0.06930448071229946
6,N2,0.33882190570457515,0.5197836053422459,0.43892837784456323,0.05775373392691621
6,W,0.4941152791525054,0.7469482921214496,0.6737935624806891,0.06160398285537729
6,W,0.45304595724892055,0.6891945581945335,0.5967885839114675,0.07315472964076054
6,W,0.44406204308251135,0.6891945581945335,0.56983684141224,0.07315472964076054
6,W,0.43122787998764106,0.7007453049799167,0.527484103199168,0.06545423178383837
6,W,0.428661047368667,0.7353975453360665,0.49283186284301833,0.05775373392691621
6,N1,0.37989122760816,0.5967885839114675,0.4812811160576351,0.06160398285537729
6,N1,0.4055595537979006,0.6237403264106951,0.5197836053422459,0.07315472964076054
6,N2,0.4055595537979006,0.6121895796253118,0.5313343521276291,0.07315472964076054
6,N2,0.37604097867969893,0.5736870903407011,0.48898161391455724,0.06545423178383837
6,N2,0.38502489284610814,0.619890077482234,0.47358061820071296,0.06160398285537729
6,N2,0.35678973403739356,0.5505855967699346,0.4581796224868686,0.06160398285537729
6,N2,0.35293948510893247,0.5736870903407011,0.4196771332022578,0.06545423178383837
6,N2,0.4017093048694394,0.6275905753391562,0.5120831074853237,0.06545423178383837
6,N2,0.3375384893950881,0.5313343521276291,0.4196771332022578,0.06160398285537729
6,N2,0.38117464391764705,0.5890880860545453,0.48898161391455724,0.06545423178383837
6,N2,0.3978590559409784,0.6083393306968508,0.5120831074853237,0.07315472964076054
6,N2,0.37219072975123785,0.5544358456983957,0.49283186284301833,0.06930448071229946
6,N2,0.378607811298673,0.5582860946268567,0.523633854270707,0.05390348499845513
6,N2,0.38502489284610814,0.5929383349830064,0.5082328585568627,0.05390348499845513
6,N2,0.3734741460607249,0.5852378371260843,0.4658801203437908,0.06930448071229946
6,N2,0.35293948510893247,0.5582860946268567,0.4466288757014854,0.05390348499845513
6,N2,0.3978590559409784,0.5929383349830064,0.527484103199168,0.07315472964076054
6,N2,0.39529222332200425,0.6083393306968508,0.5159333564137848,0.06160398285537729
6,N2,0.39015855808405625,0.6121895796253118,0.4966821117714794,0.06160398285537729
6,N2,0.3837414765366211,0.5621363435553178,0.5159333564137848,0.07315472964076054
6,N2,0.33882190570457515,0.47358061820071296,0.47743086712917404,0.06545423178383837
6,N2,0.3914419743935433,0.619890077482234,0.48898161391455724,0.06545423178383837
6,N2,0.36063998296585464,0.56983684141224,0.4466288757014854,0.06545423178383837
6,N2,0.4158268842737968,0.6044890817683897,0.5775373392691622,0.06545423178383837
6,N2,0.3734741460607249,0.5544358456983957,0.5043826096284016,0.06160398285537729
6,N2,0.3657736482038027,0.5467353478414735,0.4812811160576351,0.06930448071229946
6,N2,0.3619233992753416,0.5351846010560902,0.4851313649860962,0.06545423178383837
6,N2,0.4068429701073875,0.6160398285537729,0.5313343521276291,0.07315472964076054
6,N2,0.378607811298673,0.5775373392691622,0.49283186284301833,0.06545423178383837
6,N2,0.30673649796739944,0.4235273821307189,0.4427786267730243,0.05390348499845513
6,N2,0.378607811298673,0.56983684141224,0.5120831074853237,0.05390348499845513
6,N2,0.3644902318943157,0.5313343521276291,0.48898161391455724,0.07315472964076054
6,N2,0.4196771332022579,0.6121895796253118,0.5775373392691622,0.06930448071229946
6,N2,0.34523898725201024,0.5120831074853237,0.45047912462994644,0.07315472964076054
6,N2,0.3413887383235492,0.49283186284301833,0.46973036927225187,0.06160398285537729
6,N2,0.35037265248995836,0.523633854270707,0.45047912462994644,0.07700497856922162
6,N2,0.37989122760816,0.5621363435553178,0.5197836053422459,0.05775373392691621
6,N2,0.4106932190358486,0.6044890817683897,0.5659865924837789,0.06160398285537729
6,N2,0.38502489284610814,0.5467353478414735,0.5428850989130124,0.06545423178383837
6,N2,0.35807315034688053,0.5159333564137848,0.4966821117714794,0.06160398285537729
6,N2,0.3247043263002178,0.4812811160576351,0.42737763105918,0.06545423178383837
6,N2,0.38117464391764705,0.5544358456983957,0.5197836053422459,0.06930448071229946
6,N2,0.39015855808405614,0.5659865924837789,0.527484103199168,0.07700497856922162
6,N2,0.3875917254650822,0.5467353478414735,0.5505855967699346,0.06545423178383837
6,N2,0.3747575623702119,0.5197836053422459,0.5390348499845513,0.06545423178383837
6,N2,0.39529222332200437,0.5736870903407011,0.5428850989130124,0.06930448071229946
6,N2,0.3016028327294514,0.4081263864168746,0.43507812891610215,0.06160398285537729
6,N2,0.34395557094252327,0.4966821117714794,0.46973036927225187,0.06545423178383837
6,N2,0.3567897340373935,0.4543293735584075,0.5505855967699346,0.06545423178383837
6,N2,0.3144369958243216,0.4427786267730243,0.43507812891610215,0.06545423178383837
6,N2,0.32727115891919184,0.4581796224868686,0.4543293735584075,0.06930448071229946
6,N2,0.3465224035614973,0.4658801203437908,0.5043826096284016,0.06930448071229946
6,N2,0.283635004396633,0.4042761374884135,0.3850248928461081,0.06160398285537729
6,N2,0.3016028327294513,0.43122787998764106,0.4158268842737967,0.05775373392691621
6,N2,0.30801991427688646,0.4235273821307189,0.4427786267730243,0.05775373392691621
6,N2,0.2900520859440681,0.3619233992753416,0.43122787998764106,0.07700497856922162
6,N2,0.28491842070612,0.38887514177456917,0.41197663534533563,0.05390348499845513
6,N2,0.28748525332509406,0.42737763105918,0.3696238971322638,0.06545423178383837
6,N2,0.32342090999073075,0.4427786267730243,0.4658801203437908,0.06160398285537729
6,N2,0.35935656665636756,0.48898161391455724,0.5197836053422459,0.06930448071229946
6,N2,0.27850133915868486,0.34652240356149727,0.4196771332022578,0.06930448071229946
6,N2,0.35037265248995836,0.5082328585568627,0.4658801203437908,0.07700497856922162
6,N3,0.2618169271353535,0.34652240356149727,0.381174643917647,0.05775373392691621
6,N3,0.2708008413017627,0.35422290141841944,0.39657563963149134,0.06160398285537729
6,N3,0.31828724475278264,0.43122787998764106,0.4581796224868686,0.06545423178383837
6,N3,0.2669505923733016,0.35807315034688053,0.381174643917647,0.06160398285537729
6,N3,0.2708008413017627,0.331121407847653,0.42737763105918,0.05390348499845513
6,N3,0.27850133915868486,0.3734741460607248,0.39272539070303025,0.06930448071229946
6,N3,0.27336767392073674,0.3657736482038027,0.39272539070303025,0.06160398285537729
6,N3,0.24769934773099622,0.3003194164199643,0.3657736482038027,0.07700497856922162
6,N3,0.2810681717776589,0.3619233992753416,0.4042761374884135,0.07700497856922162
6,N3,0.2759345065397108,0.38887514177456917,0.3696238971322638,0.06930448071229946
6,N3,0.27336767392073674,0.3619233992753416,0.3850248928461081,0.07315472964076054
6,N3,0.27721792284919783,0.35037265248995836,0.4196771332022578,0.06160398285537729
6,N3,0.2528330129689443,0.30801991427688646,0.3773243949891859,0.07315472964076054
6,N3,0.2502661803499702,0.3041696653484254,0.381174643917647,0.06545423178383837
6,N3,0.2541164292784313,0.3195706610622697,0.3850248928461081,0.05775373392691621
6,N3,0.23229835201715188,0.3195706610622697,0.3041696653484254,0.07315472964076054
6,N2,0.30801991427688646,0.4081263864168746,0.45047912462994644,0.06545423178383837
6,N2,0.3375384893950881,0.4620298714153297,0.4851313649860962,0.06545423178383837
6,N2,0.3131535795148345,0.4235273821307189,0.4543293735584075,0.06160398285537729
6,N2,0.30801991427688646,0.4235273821307189,0.43507812891610215,0.06545423178383837
6,N2,0.2887686696345811,0.39272539070303025,0.4042761374884135,0.06930448071229946
6,N3,0.2810681717776589,0.39272539070303025,0.39272539070303025,0.05775373392691621
6,N2,0.26566717606381457,0.3696238971322638,0.3657736482038027,0.06160398285537729
6,N3,0.2720842576112497,0.35037265248995836,0.39272539070303025,0.07315472964076054
6,N3,0.26566717606381457,0.35807315034688053,0.3619233992753416,0.07700497856922162
6,N2,0.4466288757014854,0.7238467985506832,0.5544358456983957,0.06160398285537729
6,N2,0.3619233992753416,0.5197836053422459,0.5005323606999406,0.06545423178383837
6,N2,0.3875917254650822,0.5890880860545453,0.5082328585568627,0.06545423178383837
6,N2,0.3644902318943157,0.5467353478414735,0.47358061820071296,0.07315472964076054
6,N2,0.37732439498918596,0.5890880860545453,0.4812811160576351,0.06160398285537729
6,N2,0.32342090999073075,0.4543293735584075,0.4427786267730243,0.07315472964076054
6,N2,0.3747575623702119,0.5852378371260843,0.47358061820071296,0.06545423178383837
6,N2,0.3734741460607249,0.56983684141224,0.4812811160576351,0.06930448071229946
6,N2,0.34523898725201024,0.5082328585568627,0.4466288757014854,0.0808552274976827
6,N2,0.35293948510893247,0.5390348499845513,0.4466288757014854,0.07315472964076054
6,N2,0.44791229201097243,0.7122960517653,0.5736870903407011,0.05775373392691621
6,N2,0.3632068155848287,0.5621363435553178,0.4620298714153297,0.06545423178383837
6,N2,0.3747575623702119,0.5659865924837789,0.4851313649860962,0.07315472964076054
6,N2,0.35037265248995836,0.5428850989130124,0.43122787998764106,0.07700497856922162
6,N2,0.39400880701251734,0.5852378371260843,0.527484103199168,0.06930448071229946
6,N2,0.3837414765366211,0.5813875881976233,0.5082328585568627,0.06160398285537729
6,N2,0.3452389872520103,0.4812811160576351,0.48898161391455724,0.06545423178383837
6,N2,0.34780581987098436,0.5043826096284016,0.46973036927225187,0.06930448071229946
6,REM,0.3875917254650822,0.6275905753391562,0.4658801203437908,0.06930448071229946
6,REM,0.4029927211789264,0.6121895796253118,0.5351846010560902,0.06160398285537729
6,REM,0.39400880701251734,0.5890880860545453,0.5159333564137848,0.07700497856922162
6,REM,0.39914247225046545,0.6237403264106951,0.5082328585568627,0.06545423178383837
6,REM,0.3709073134417508,0.5659865924837789,0.46973036927225187,0.07700497856922162
6,REM,0.3709073134417509,0.5467353478414735,0.5082328585568627,0.05775373392691621
6,REM,0.3824580602271341,0.5967885839114675,0.4812811160576351,0.06930448071229946
6,REM,0.3914419743935433,0.6083393306968508,0.4966821117714794,0.06930448071229946
6,REM,0.3606399829658546,0.5390348499845513,0.48898161391455724,0.05390348499845513
6,REM,0.32855457522867887,0.5120831074853237,0.4081263864168746,0.06545423178383837
6,REM,0.3452389872520103,0.5159333564137848,0.4466288757014854,0.07315472964076054
6,REM,0.3875917254650822,0.6044890817683897,0.49283186284301833,0.06545423178383837
6,REM,0.4106932190358486,0.6314408242676173,0.5313343521276291,0.06930448071229946
6,REM,0.37475756237021196,0.5852378371260843,0.46973036927225187,0.06930448071229946
6,REM,0.3747575623702119,0.5621363435553178,0.4966821117714794,0.06545423178383837
6,REM,0.37604097867969893,0.5428850989130124,0.5197836053422459,0.06545423178383837
6,REM,0.35807315034688053,0.5313343521276291,0.48898161391455724,0.05390348499845513
6,REM,0.37604097867969893,0.56983684141224,0.4966821117714794,0.06160398285537729
6,REM,0.3888751417745692,0.5852378371260843,0.5120831074853237,0.06930448071229946
6,REM,0.4466288757014854,0.7199965496222221,0.5505855967699346,0.06930448071229946
6,REM,0.41197663534533563,0.669943313552228,0.4966821117714794,0.06930448071229946
6,REM,0.4068429701073876,0.6121895796253118,0.5467353478414735,0.06160398285537729
6,REM,0.37989122760816,0.5659865924837789,0.5197836053422459,0.05390348499845513
6,REM,0.37604097867969893,0.5467353478414735,0.5159333564137848,0.06545423178383837
6,REM,0.3567897340373935,0.5967885839114675,0.4158268842737967,0.05775373392691621
6,REM,0.3619233992753416,0.527484103199168,0.49283186284301833,0.06545423178383837
6,REM,0.42994446367815414,0.662242815695306,0.5659865924837789,0.06160398285537729
6,REM,0.41197663534533574,0.6237403264106951,0.5428850989130124,0.06930448071229946
6,REM,0.4004258885599525,0.6506920689099227,0.47743086712917404,0.07315472964076054
6,REM,0.37219072975123785,0.5582860946268567,0.4966821117714794,0.06160398285537729
6,N1,0.47614745081968707,0.8124025239052881,0.5505855967699346,0.06545423178383837
6,REM,0.3837414765366211,0.6083393306968508,0.47743086712917404,0.06545423178383837
6,REM,0.32855457522867887,0.527484103199168,0.38887514177456917,0.06930448071229946
6,REM,0.3978590559409784,0.6314408242676173,0.4966821117714794,0.06545423178383837
6,REM,0.37989122760816,0.6083393306968508,0.46973036927225187,0.06160398285537729
6,REM,0.3875917254650822,0.5775373392691622,0.527484103199168,0.05775373392691621
6,REM,0.39015855808405625,0.6429915710530005,0.4620298714153297,0.06545423178383837
6,REM,0.37219072975123785,0.56983684141224,0.4812811160576351,0.06545423178383837
6,REM,0.4055595537979005,0.6814940603376113,0.47358061820071296,0.06160398285537729
6,REM,0.40940980272636157,0.6737935624806891,0.49283186284301833,0.06160398285537729
6,REM,0.3747575623702119,0.56983684141224,0.4812811160576351,0.07315472964076054
6,REM,0.428661047368667,0.6776438114091502,0.5390348499845513,0.06930448071229946
6,REM,0.3875917254650822,0.6006388328399286,0.4966821117714794,0.06545423178383837
6,REM,0.3593565666563676,0.5313343521276291,0.4851313649860962,0.06160398285537729
6,REM,0.3619233992753417,0.5775373392691622,0.43892837784456323,0.06930448071229946
6,REM,0.35935656665636756,0.5313343521276291,0.4812811160576351,0.06545423178383837
6,REM,0.36320681558482865,0.5890880860545453,0.43892837784456323,0.06160398285537729
6,REM,0.40299272117892654,0.6429915710530005,0.49283186284301833,0.07315472964076054
6,REM,0.42224396582123186,0.6352910731960784,0.5582860946268567,0.07315472964076054
6,REM,0.38630830915559516,0.6121895796253118,0.47358061820071296,0.07315472964076054
6,REM,0.35422290141841944,0.527484103199168,0.46973036927225187,0.06545423178383837
6,REM,0.3837414765366211,0.6006388328399286,0.4966821117714794,0.05390348499845513
6,REM,0.41711030058328386,0.662242815695306,0.527484103199168,0.06160398285537729
6,REM,0.39400880701251734,0.6660930646237669,0.4427786267730243,0.07315472964076054
6,REM,0.3657736482038027,0.56983684141224,0.4581796224868686,0.06930448071229946
6,REM,0.3709073134417509,0.5852378371260843,0.4620298714153297,0.06545423178383837
6,W,0.4928318628430184,0.7392477942645276,0.669943313552228,0.06930448071229946
6,N1,0.4248107984402059,0.6853443092660724,0.5197836053422459,0.06930448071229946
6,N1,0.3875917254650822,0.6044890817683897,0.49283186284301833,0.06545423178383837
6,N2,0.385024892846108,0.56983684141224,0.5043826096284016,0.0808552274976827
6,N2,0.39529222332200437,0.6275905753391562,0.4966821117714794,0.06160398285537729
6,N2,0.3452389872520103,0.49283186284301833,0.47743086712917404,0.06545423178383837
6,N2,0.3709073134417508,0.5582860946268567,0.4851313649860962,0.06930448071229946
6,N2,0.3593565666563676,0.5467353478414735,0.4620298714153297,0.06930448071229946
6,N2,0.3606399829658546,0.5313343521276291,0.4812811160576351,0.06930448071229946
6,N2,0.3837414765366211,0.5736870903407011,0.5082328585568627,0.06930448071229946
6,N2,0.3824580602271341,0.56983684141224,0.5120831074853237,0.06545423178383837
6,N2,0.3709073134417508,0.5890880860545453,0.4658801203437908,0.05775373392691621
6,N2,0.3798912276081601,0.56983684141224,0.5082328585568627,0.06160398285537729
6,N2,0.35550631772790653,0.527484103199168,0.47358061820071296,0.06545423178383837
6,N2,0.42481079844020586,0.6583925667668449,0.5351846010560902,0.0808552274976827
6,N2,0.3978590559409784,0.5852378371260843,0.5505855967699346,0.05775373392691621
6,N2,0.3593565666563676,0.5428850989130124,0.4658801203437908,0.06930448071229946
6,N2,0.38502489284610814,0.5775373392691622,0.5120831074853237,0.06545423178383837
6,N2,0.4145434679643097,0.6314408242676173,0.5544358456983957,0.05775373392691621
6,N2,0.3606399829658546,0.5197836053422459,0.4966821117714794,0.06545423178383837
6,N2,0.3824580602271341,0.5775373392691622,0.4966821117714794,0.07315472964076054
6,N2,0.4055595537979005,0.5929383349830064,0.5467353478414735,0.07700497856922162
6,N2,0.3747575623702119,0.5852378371260843,0.47358061820071296,0.06545423178383837
6,N2,0.3914419743935433,0.5852378371260843,0.523633854270707,0.06545423178383837
6,W,0.3657736482038027,0.5621363435553178,0.47358061820071296,0.06160398285537729
6,N2,0.39015855808405625,0.6006388328399286,0.5120831074853237,0.05775373392691621
6,N2,0.39529222332200437,0.5736870903407011,0.5467353478414735,0.06545423178383837
6,N2,0.4196771332022578,0.6083393306968508,0.5775373392691622,0.07315472964076054
6,N2,0.37989122760816,0.5967885839114675,0.4812811160576351,0.06160398285537729
6,N2,0.39400880701251734,0.5775373392691622,0.5351846010560902,0.06930448071229946
6,N2,0.3478058198709843,0.5313343521276291,0.4543293735584075,0.05775373392691621
6,N2,0.39529222332200437,0.6352910731960784,0.4851313649860962,0.06545423178383837
6,N2,0.40299272117892654,0.6121895796253118,0.5313343521276291,0.06545423178383837
6,N2,0.3837414765366211,0.6044890817683897,0.4851313649860962,0.06160398285537729
6,W,0.5005323606999404,0.8393542664045156,0.6006388328399286,0.06160398285537729
6,N1,0.4645967040343038,0.7392477942645276,0.5736870903407011,0.0808552274976827
6,N1,0.4479122920109724,0.6776438114091502,0.6044890817683897,0.06160398285537729
6,N1,0.42609421474969295,0.6468418199814616,0.5621363435553178,0.06930448071229946
6,N2,0.4248107984402059,0.6853443092660724,0.5197836053422459,0.06930448071229946
6,N2,0.4504791246299465,0.7392477942645276,0.5505855967699346,0.06160398285537729
6,W,0.45304595724892055,0.6468418199814616,0.6468418199814616,0.06545423178383837
6,N1,0.42609421474969295,0.6121895796253118,0.6083393306968508,0.05775373392691621
6,N1,0.46459670403430375,0.7430980431929886,0.5852378371260843,0.06545423178383837
6,N1,0.3965756396314914,0.6391413221245394,0.4812811160576351,0.06930448071229946
6,N1,0.3644902318943157,0.5505855967699346,0.48898161391455724,0.05390348499845513
6,N2,0.3978590559409784,0.6352910731960784,0.48898161391455724,0.06930448071229946
6,N2,0.37219072975123785,0.5775373392691622,0.47358061820071296,0.06545423178383837
6,N2,0.38502489284610814,0.6083393306968508,0.47358061820071296,0.07315472964076054
6,N2,0.39529222332200437,0.6160398285537729,0.5005323606999406,0.06930448071229946
6,N2,0.4337947126066151,0.6660930646237669,0.5621363435553178,0.07315472964076054
6,N2,0.39015855808405625,0.6237403264106951,0.4812811160576351,0.06545423178383837
6,N2,0.4851313649860962,0.7739000346206772,0.619890077482234,0.06160398285537729
6,N1,0.46074645510584267,0.7199965496222221,0.5929383349830064,0.06930448071229946
6,N1,0.38117464391764705,0.5967885839114675,0.47743086712917404,0.06930448071229946
6,N2,0.40812638641687465,0.6160398285537729,0.5428850989130124,0.06545423178383837
6,N2,0.36063998296585464,0.5544358456983957,0.4620298714153297,0.06545423178383837
6,N2,0.39914247225046545,0.6545423178383838,0.47743086712917404,0.06545423178383837
6,N2,0.37604097867969893,0.5967885839114675,0.47358061820071296,0.05775373392691621
6,N2,0.39400880701251734,0.6083393306968508,0.4966821117714794,0.07700497856922162
6,N2,0.38374147653662116,0.5852378371260843,0.5005323606999406,0.06545423178383837
6,N2,0.4106932190358487,0.5967885839114675,0.5621363435553178,0.07315472964076054
6,N2,0.40812638641687465,0.6083393306968508,0.5505855967699346,0.06545423178383837
6,N2,0.40812638641687454,0.6275905753391562,0.5428850989130124,0.05390348499845513
6,N2,0.3657736482038027,0.5428850989130124,0.4851313649860962,0.06930448071229946
6,N2,0.42096054951174483,0.662242815695306,0.5313343521276291,0.06930448071229946
6,N2,0.378607811298673,0.5813875881976233,0.4851313649860962,0.06930448071229946
6,N2,0.39529222332200425,0.5890880860545453,0.527484103199168,0.06930448071229946
6,N2,0.40299272117892654,0.6121895796253118,0.523633854270707,0.07315472964076054
6,N2,0.3837414765366211,0.5582860946268567,0.5159333564137848,0.07700497856922162
6,N2,0.5030991933189145,0.7893010303345216,0.6429915710530005,0.07700497856922162
6,W,0.49026503022404433,0.7584990389068329,0.6391413221245394,0.07315472964076054
6,W,0.5608529272458308,0.8509050131898989,0.762349287835294,0.06930448071229946
6,W,0.423527382130719,0.5852378371260843,0.619890077482234,0.06545423178383837
6,W,0.4620298714153297,0.7199965496222221,0.6006388328399286,0.06545423178383837
6,W,0.45946303879635564,0.5390348499845513,0.7739000346206772,0.06545423178383837
6,W,0.378607811298673,0.4581796224868686,0.6160398285537729,0.06160398285537729
6,W,0.44406204308251135,0.5582860946268567,0.7007453049799167,0.07315472964076054
6,W,0.3978590559409783,0.5043826096284016,0.6121895796253118,0.07700497856922162
6,W,0.3927253907030303,0.5005323606999406,0.619890077482234,0.05775373392691621
6,W,0.4248107984402059,0.5659865924837789,0.6429915710530005,0.06545423178383837
6,W,0.4325112962971281,0.5043826096284016,0.7199965496222221,0.07315472964076054
6,W,0.4414952104635373,0.48898161391455724,0.762349287835294,0.07315472964076054
6,W,0.4248107984402059,0.4543293735584075,0.7584990389068329,0.06160398285537729
6,W,0.43122787998764106,0.5544358456983957,0.6737935624806891,0.06545423178383837
6,W,0.3875917254650822,0.5159333564137848,0.5852378371260843,0.06160398285537729
6,W,0.40427613748841346,0.39272539070303025,0.7469482921214496,0.07315472964076054
6,W,0.37219072975123785,0.4158268842737967,0.6314408242676173,0.06930448071229946
6,W,0.3888751417745692,0.5043826096284016,0.5929383349830064,0.06930448071229946
6,W,0.3644902318943157,0.4158268842737967,0.619890077482234,0.05775373392691621
6,W,0.4017093048694394,0.527484103199168,0.6121895796253118,0.06545423178383837
6,W,0.43507812891610215,0.4581796224868686,0.7816005324775994,0.06545423178383837
6,W,0.42609421474969295,0.4235273821307189,0.7893010303345216,0.06545423178383837
6,W,0.4427786267730243,0.46973036927225187,0.7970015281914438,0.06160398285537729
6,W,0.3516560687994454,0.3850248928461081,0.6083393306968508,0.06160398285537729
6,W,0.3298379915381659,0.4158268842737967,0.5120831074853237,0.06160398285537729
6,W,0.44791229201097243,0.4004258885599524,0.8817070046175876,0.06160398285537729
6,W,0.4427786267730243,0.43892837784456323,0.8278035196191323,0.06160398285537729
6,W,0.4235273821307189,0.5313343521276291,0.662242815695306,0.07700497856922162
6,W,0.39914247225046545,0.5351846010560902,0.6006388328399286,0.06160398285537729
6,W,0.40042588855995237,0.5390348499845513,0.5929383349830064,0.06930448071229946
6,W,0.44919570832045946,0.43507812891610215,0.8509050131898989,0.06160398285537729
6,W,0.4196771332022578,0.4427786267730243,0.7546487899783718,0.06160398285537729
6,W,0.4466288757014854,0.5197836053422459,0.7584990389068329,0.06160398285537729
6,W,0.4876981976050702,0.5967885839114675,0.7893010303345216,0.07700497856922162
6,W,0.42994446367815414,0.5621363435553178,0.6583925667668449,0.06930448071229946
6,W,0.44919570832045946,0.5852378371260843,0.7007453049799167,0.06160398285537729
6,W,0.5300509358181421,0.7970015281914438,0.7199965496222221,0.07315472964076054
6,W,0.5467353478414735,0.8008517771199049,0.762349287835294,0.07700497856922162
6,W,0.4556127898678946,0.5813875881976233,0.7199965496222221,0.06545423178383837
6,W,0.49154844653353136,0.619890077482234,0.7854507814060605,0.06930448071229946
6,W,0.48641478129558324,0.6237403264106951,0.7739000346206772,0.06160398285537729
6,W,0.476147450819687,0.5428850989130124,0.8239532706906713,0.06160398285537729
6,W,0.44406204308251135,0.5313343521276291,0.7276970474791443,0.07315472964076054
6,W,0.42737763105918,0.5775373392691622,0.6468418199814616,0.05775373392691621
7,W,0.4530459572489205,0.5313343521276291,0.7584990389068329,0.06930448071229946
7,W,0.5339011847466032,0.7007453049799167,0.8239532706906713,0.07700497856922162
7,W,0.526200686889681,0.6968950560514556,0.8047020260483659,0.07700497856922162
7,W,0.5030991933189146,0.6737935624806891,0.762349287835294,0.07315472964076054
7,W,0.49539869546199244,0.6083393306968508,0.8047020260483659,0.07315472964076054
7,W,0.4825645323671222,0.5852378371260843,0.8008517771199049,0.06160398285537729
7,W,0.5159333564137849,0.7045955539083778,0.7777502835491383,0.06545423178383837
7,W,0.5172167727232719,0.6545423178383838,0.8278035196191323,0.06930448071229946
7,W,0.5621363435553178,0.7739000346206772,0.8393542664045156,0.07315472964076054
7,W,0.5172167727232719,0.662242815695306,0.8162527728337492,0.07315472964076054
7,W,0.5223504379612199,0.662242815695306,0.8393542664045156,0.06545423178383837
7,W,0.43892837784456323,0.5505855967699346,0.6853443092660724,0.0808552274976827
7,W,0.5030991933189146,0.6660930646237669,0.7700497856922162,0.07315472964076054
7,W,0.4671635366532778,0.6314408242676173,0.6968950560514556,0.07315472964076054
7,W,0.472297201891226,0.6237403264106951,0.7315472964076054,0.06160398285537729
7,W,0.47486403451020004,0.6121895796253118,0.7353975453360665,0.07700497856922162
7,W,0.42994446367815403,0.527484103199168,0.7045955539083778,0.05775373392691621
7,W,0.40940980272636157,0.523633854270707,0.6391413221245394,0.06545423178383837
7,W,0.5056660259378887,0.4966821117714794,0.9471612364014259,0.07315472964076054
7,W,0.45561278986789455,0.47743086712917404,0.8278035196191323,0.06160398285537729
7,W,0.5762539229596751,0.6660930646237669,0.9895139746144977,0.07315472964076054
7,W,0.5441685152224994,0.6006388328399286,0.9625622321152703,0.06930448071229946
7,W,0.5518690130794216,0.5813875881976233,1.0049149703283422,0.06930448071229946
7,W,0.5133665237948108,0.56983684141224,0.8971080003314319,0.07315472964076054
7,W,0.6365744895055654,0.8201030217622103,1.0126154681852644,0.07700497856922162
7,W,0.5749705066501881,0.6314408242676173,1.0203159660421863,0.07315472964076054
7,W,0.5480187641509605,0.5736870903407011,1.0049149703283422,0.06545423178383837
7,W,0.5313343521276291,0.5967885839114675,0.9240597428306594,0.07315472964076054
7,W,0.5339011847466032,0.5621363435553178,0.9548617342583481,0.08470547642614377
7,W,0.44791229201097243,0.5351846010560902,0.7392477942645276,0.06930448071229946
7,W,0.3914419743935433,0.38887514177456917,0.7084458028368389,0.07700497856922162
7,W,0.5043826096284016,0.6930448071229945,0.7430980431929886,0.07700497856922162
7,W,0.38630830915559516,0.35422290141841944,0.7276970474791443,0.07700497856922162
7,W,0.568553425102753,0.6237403264106951,1.0126154681852644,0.06930448071229946
7,W,0.5813875881976233,0.6506920689099227,1.0280164638991085,0.06545423178383837
7,W,0.5634197598648049,0.6083393306968508,1.0087652192568033,0.07315472964076054
7,W,0.49539869546199244,0.47358061820071296,0.9471612364014259,0.06545423178383837
7,W,0.5621363435553178,0.6237403264106951,0.9972144724714199,0.06545423178383837
7,W,0.4222439658212318,0.3657736482038027,0.8239532706906713,0.07700497856922162
7,W,0.48769819760507027,0.619890077482234,0.7777502835491383,0.06545423178383837
7,W,0.5146499401042978,0.6930448071229945,0.7777502835491383,0.07315472964076054
7,W,0.5133665237948108,0.7161463006937611,0.7507985410499107,0.07315472964076054
7,W,0.5069494422473757,0.7084458028368389,0.7430980431929886,0.06930448071229946
7,W,0.523633854270707,0.7353975453360665,0.7584990389068329,0.07700497856922162
7,W,0.4633132877248167,0.6121895796253118,0.7007453049799167,0.07700497856922162
7,W,0.4851313649860962,0.6583925667668449,0.7238467985506832,0.07315472964076054
7,W,0.5249172705801941,0.7392477942645276,0.7584990389068329,0.07700497856922162
7,W,0.5326177684371162,0.7931512792629827,0.7430980431929886,0.06160398285537729
7,W,0.5249172705801941,0.7315472964076054,0.7661995367637551,0.07700497856922162
7,W,0.48641478129558324,0.6583925667668449,0.7315472964076054,0.06930448071229946
7,W,0.527484103199168,0.762349287835294,0.7507985410499107,0.06930448071229946
7,W,0.5197836053422459,0.7546487899783718,0.7238467985506832,0.0808552274976827
7,W,0.5133665237948108,0.7700497856922162,0.7045955539083778,0.06545423178383837
7,W,0.5146499401042979,0.7777502835491383,0.6968950560514556,0.06930448071229946
7,W,0.5172167727232718,0.7507985410499107,0.7276970474791443,0.07315472964076054
7,W,0.42737763105918,0.619890077482234,0.5967885839114675,0.06545423178383837
7,W,0.5351846010560902,0.6930448071229945,0.8470547642614378,0.06545423178383837
7,W,0.5005323606999404,0.6737935624806891,0.7584990389068329,0.06930448071229946
7,W,0.5159333564137848,0.7084458028368389,0.7777502835491383,0.06160398285537729
7,W,0.5095162748663498,0.7430980431929886,0.7238467985506832,0.06160398285537729
7,N1,0.5069494422473757,0.7276970474791443,0.7199965496222221,0.07315472964076054
7,N1,0.5082328585568627,0.7238467985506832,0.7353975453360665,0.06545423178383837
7,N1,0.5069494422473757,0.7199965496222221,0.7392477942645276,0.06160398285537729
7,N1,0.527484103199168,0.7700497856922162,0.7507985410499107,0.06160398285537729
7,N1,0.5428850989130124,0.7777502835491383,0.7700497856922162,0.0808552274976827
7,N1,0.518500189032759,0.7161463006937611,0.7661995367637551,0.07315472964076054
7,N1,0.4812811160576351,0.7045955539083778,0.669943313552228,0.06930448071229946
7,N1,0.4620298714153297,0.6968950560514556,0.6160398285537729,0.07315472964076054
7,N1,0.4466288757014854,0.6545423178383838,0.619890077482234,0.06545423178383837
7,N1,0.49924894439045353,0.7392477942645276,0.6853443092660724,0.07315472964076054
7,N1,0.518500189032759,0.7276970474791443,0.7546487899783718,0.07315472964076054
7,N1,0.48641478129558324,0.6968950560514556,0.6891945581945335,0.07315472964076054
7,N1,0.4697303692722519,0.6391413221245394,0.7084458028368389,0.06160398285537729
7,N1,0.49026503022404433,0.7507985410499107,0.6545423178383838,0.06545423178383837
7,N1,0.4979655280809665,0.7122960517653,0.7161463006937611,0.06545423178383837
7,N1,0.4504791246299465,0.662242815695306,0.619890077482234,0.06930448071229946
7,N1,0.4453454593919983,0.6968950560514556,0.5621363435553178,0.07700497856922162
7,N1,0.4158268842737967,0.6044890817683897,0.5736870903407011,0.06930448071229946
7,N1,0.41711030058328374,0.6314408242676173,0.5467353478414735,0.07315472964076054
7,N1,0.3747575623702119,0.5544358456983957,0.5043826096284016,0.06545423178383837
7,N1,0.34395557094252327,0.4658801203437908,0.4851313649860962,0.0808552274976827
7,N1,0.39914247225046545,0.5505855967699346,0.5813875881976233,0.06545423178383837
7,N2,0.3567897340373935,0.48898161391455724,0.5159333564137848,0.06545423178383837
7,N2,0.35807315034688053,0.5197836053422459,0.48898161391455724,0.06545423178383837
7,N2,0.4106932190358487,0.56983684141224,0.5967885839114675,0.06545423178383837
7,N2,0.3696238971322638,0.4851313649860962,0.5505855967699346,0.07315472964076054
7,N2,0.40299272117892654,0.5544358456983957,0.5852378371260843,0.06930448071229946
7,N2,0.39015855808405625,0.48898161391455724,0.6121895796253118,0.06930448071229946
7,N2,0.3978590559409783,0.527484103199168,0.5852378371260843,0.0808552274976827
7,N2,0.4145434679643098,0.5775373392691622,0.5852378371260843,0.0808552274976827
7,N2,0.34395557094252327,0.4581796224868686,0.5082328585568627,0.06545423178383837
7,N1,0.4183937168927708,0.6006388328399286,0.5775373392691622,0.07700497856922162
7,N1,0.37219072975123785,0.5313343521276291,0.523633854270707,0.06160398285537729
7,N2,0.3465224035614973,0.49283186284301833,0.47743086712917404,0.06930448071229946
7,N2,0.3619233992753415,0.5159333564137848,0.49283186284301833,0.07700497856922162
7,N2,0.3888751417745692,0.5967885839114675,0.4966821117714794,0.07315472964076054
7,N2,0.3888751417745692,0.49283186284301833,0.6083393306968508,0.06545423178383837
7,N2,0.36320681558482865,0.4812811160576351,0.527484103199168,0.0808552274976827
7,N2,0.33240482415713996,0.43892837784456323,0.4966821117714794,0.06160398285537729
7,N2,0.36577364820380276,0.4851313649860962,0.5390348499845513,0.07315472964076054
7,N2,0.3221374936812437,0.4543293735584075,0.4466288757014854,0.06545423178383837
7,N2,0.3452389872520103,0.48898161391455724,0.4812811160576351,0.06545423178383837
7,N2,0.39015855808405625,0.5467353478414735,0.5544358456983957,0.06930448071229946
7,N2,0.32855457522867887,0.4543293735584075,0.4658801203437908,0.06545423178383837
7,N2,0.31828724475278264,0.4235273821307189,0.4543293735584075,0.07700497856922162
7,N2,0.3452389872520103,0.4581796224868686,0.5043826096284016,0.07315472964076054
7,N2,0.32727115891919184,0.4543293735584075,0.4620298714153297,0.06545423178383837
7,N2,0.31187016320534755,0.43122787998764106,0.43507812891610215,0.06930448071229946
7,N2,0.27850133915868486,0.34652240356149727,0.4196771332022578,0.06930448071229946
7,N2,0.30288624903893835,0.41197663534533563,0.4196771332022578,0.07700497856922162
7,N3,0.2926189185630422,0.3657736482038027,0.4427786267730243,0.06930448071229946
7,N3,0.2797847554681719,0.3388219057045751,0.42737763105918,0.07315472964076054
7,N3,0.2631003434448405,0.35422290141841944,0.3696238971322638,0.06545423178383837
7,N3,0.25539984558791834,0.3003194164199643,0.4042761374884135,0.06160398285537729
7,N3,0.2579666782068924,0.334971656776114,0.3696238971322638,0.06930448071229946
7,N3,0.2669505923733016,0.3773243949891859,0.3619233992753416,0.06160398285537729
7,N3,0.25539984558791834,0.3619233992753416,0.3388219057045751,0.06545423178383837
7,N3,0.23486518463612593,0.2926189185630422,0.35037265248995836,0.06160398285537729
7,N3,0.2631003434448405,0.39272539070303025,0.3195706610622697,0.07700497856922162
7,N3,0.24384909880253514,0.2926189185630422,0.3619233992753416,0.07700497856922162
7,N3,0.2425656824930481,0.3272711589191919,0.3272711589191919,0.07315472964076054
7,N3,0.22331443785074268,0.26951742499227566,0.3195706610622697,0.0808552274976827
7,N3,0.20021294427997618,0.27336767392073674,0.26566717606381457,0.06160398285537729
7,N3,0.21433052368433347,0.26951742499227566,0.2964691674915032,0.07700497856922162
7,N3,0.1963626953515151,0.24641593142150917,0.2810681717776589,0.06160398285537729
7,N3,0.20791344213689836,0.26951742499227566,0.27721792284919783,0.07700497856922162
7,N3,0.22331443785074268,0.3003194164199643,0.2964691674915032,0.07315472964076054
7,N3,0.24513251511202216,0.3003194164199643,0.3657736482038027,0.06930448071229946
7,N3,0.20406319320843727,0.24641593142150917,0.2964691674915032,0.06930448071229946
7,N3,0.21946418892228162,0.2926189185630422,0.2926189185630422,0.07315472964076054
7,N3,0.2194641889222816,0.26951742499227566,0.31572041213380864,0.07315472964076054
7,N3,0.20021294427997618,0.26566717606381457,0.26566717606381457,0.06930448071229946
7,N3,0.19379586273254104,0.24641593142150917,0.2618169271353535,0.07315472964076054
7,N3,0.21433052368433347,0.27336767392073674,0.3003194164199643,0.06930448071229946
7,N3,0.20406319320843727,0.2579666782068924,0.27336767392073674,0.0808552274976827
7,N3,0.18994561380408,0.23101493570766485,0.26566717606381457,0.07315472964076054
7,N3,0.22074760523176862,0.27336767392073674,0.31187016320534755,0.07700497856922162
7,N3,0.20663002582741133,0.28491842070612,0.26566717606381457,0.06930448071229946
7,N3,0.17326120178074866,0.2040631932084373,0.2425656824930481,0.07315472964076054
7,N3,0.2014963605894632,0.21176369106535944,0.31572041213380864,0.07700497856922162
7,N3,0.28620183701560703,0.331121407847653,0.4466288757014854,0.0808552274976827
7,N1,0.3721907297512379,0.4812811160576351,0.5659865924837789,0.06930448071229946
7,N1,0.37219072975123785,0.45047912462994644,0.5967885839114675,0.06930448071229946
7,N1,0.3516560687994454,0.4581796224868686,0.5313343521276291,0.06545423178383837
7,N1,0.3837414765366211,0.48898161391455724,0.6006388328399286,0.06160398285537729
7,N2,0.3298379915381659,0.4543293735584075,0.4620298714153297,0.07315472964076054
7,N2,0.3580731503468806,0.4620298714153297,0.5390348499845513,0.07315472964076054
7,N2,0.3221374936812437,0.3657736482038027,0.527484103199168,0.07315472964076054
7,N2,0.3234209099907308,0.4081263864168746,0.5005323606999406,0.06160398285537729
7,N2,0.3375384893950881,0.4427786267730243,0.5082328585568627,0.06160398285537729
7,N2,0.35037265248995836,0.46973036927225187,0.5043826096284016,0.07700497856922162
7,N2,0.3375384893950881,0.47743086712917404,0.47358061820071296,0.06160398285537729
7,N2,0.29133550225355515,0.38887514177456917,0.4235273821307189,0.06160398285537729
7,N2,0.2990360001104773,0.38887514177456917,0.43892837784456323,0.06930448071229946
7,N2,0.3105867468958605,0.38887514177456917,0.4658801203437908,0.07700497856922162
7,N2,0.3247043263002178,0.41197663534533563,0.48898161391455724,0.07315472964076054
7,N2,0.2810681717776589,0.3619233992753416,0.4158268842737967,0.06545423178383837
7,N2,0.2631003434448405,0.3619233992753416,0.35422290141841944,0.07315472964076054
7,N2,0.2926189185630422,0.3657736482038027,0.43507812891610215,0.07700497856922162
7,N2,0.2464159314215092,0.3234209099907308,0.3388219057045751,0.07700497856922162
7,N2,0.2887686696345811,0.3619233992753416,0.4235273821307189,0.0808552274976827
7,N2,0.283635004396633,0.3426721546330362,0.43122787998764106,0.07700497856922162
7,N2,0.3208540773717567,0.39272539070303025,0.4966821117714794,0.07315472964076054
7,N2,0.2618169271353535,0.3619233992753416,0.35422290141841944,0.06930448071229946
7,N3,0.2502661803499703,0.28491842070612,0.4004258885599524,0.06545423178383837
7,N3,0.21433052368433347,0.24641593142150917,0.334971656776114,0.06160398285537729
7,N3,0.23229835201715188,0.2579666782068924,0.3657736482038027,0.07315472964076054
7,N3,0.2425656824930481,0.35037265248995836,0.3041696653484254,0.07315472964076054
7,N2,0.24384909880253514,0.2579666782068924,0.39657563963149134,0.07700497856922162
7,N2,0.2682340086827886,0.35422290141841944,0.381174643917647,0.06930448071229946
7,N3,0.2926189185630422,0.39657563963149134,0.4196771332022578,0.06160398285537729
7,N2,0.2977525838009903,0.3696238971322638,0.4581796224868686,0.06545423178383837
7,N2,0.32342090999073075,0.4158268842737967,0.4851313649860962,0.06930448071229946
7,N2,0.2990360001104773,0.34652240356149727,0.4658801203437908,0.08470547642614377
7,N2,0.3247043263002178,0.45047912462994644,0.4581796224868686,0.06545423178383837
7,N2,0.3131535795148346,0.4158268842737967,0.4427786267730243,0.0808552274976827
7,N2,0.3247043263002178,0.3734741460607248,0.5351846010560902,0.06545423178383837
7,REM,0.37604097867969893,0.4851313649860962,0.5736870903407011,0.06930448071229946
7,REM,0.3734741460607249,0.4812811160576351,0.5582860946268567,0.0808552274976827
7,REM,0.35807315034688053,0.45047912462994644,0.5467353478414735,0.07700497856922162
7,REM,0.40427613748841357,0.5659865924837789,0.5775373392691622,0.06930448071229946
7,REM,0.3619233992753416,0.5120831074853237,0.5005323606999406,0.07315472964076054
7,REM,0.39400880701251734,0.5544358456983957,0.5544358456983957,0.07315472964076054
7,REM,0.3927253907030302,0.5967885839114675,0.5005323606999406,0.0808552274976827
7,REM,0.37219072975123785,0.4581796224868686,0.5890880860545453,0.06930448071229946
7,REM,0.4145434679643098,0.5582860946268567,0.6160398285537729,0.06930448071229946
7,REM,0.3837414765366211,0.5467353478414735,0.5428850989130124,0.06160398285537729
7,REM,0.37732439498918596,0.5159333564137848,0.5467353478414735,0.06930448071229946
7,REM,0.4094098027263617,0.5544358456983957,0.5967885839114675,0.07700497856922162
7,REM,0.4337947126066151,0.5775373392691622,0.6545423178383838,0.06930448071229946
7,REM,0.4017093048694394,0.523633854270707,0.6160398285537729,0.06545423178383837
7,REM,0.3734741460607249,0.4812811160576351,0.5582860946268567,0.0808552274976827
7,REM,0.3914419743935433,0.5929383349830064,0.5197836053422459,0.06160398285537729
7,REM,0.42481079844020586,0.6006388328399286,0.5929383349830064,0.0808552274976827
7,REM,0.3927253907030303,0.5351846010560902,0.56983684141224,0.07315472964076054
7,REM,0.4119766353453356,0.5467353478414735,0.6083393306968508,0.0808552274976827
7,REM,0.42224396582123186,0.6044890817683897,0.5967885839114675,0.06545423178383837
7,REM,0.38630830915559516,0.49283186284301833,0.5967885839114675,0.06930448071229946
7,REM,0.39529222332200425,0.527484103199168,0.5890880860545453,0.06930448071229946
7,REM,0.4273776310591799,0.6083393306968508,0.5967885839114675,0.07700497856922162
7,REM,0.43507812891610226,0.5852378371260843,0.6506920689099227,0.06930448071229946
7,REM,0.4158268842737968,0.5621363435553178,0.6121895796253118,0.07315472964076054
7,REM,0.3914419743935433,0.5197836053422459,0.5813875881976233,0.07315472964076054
7,REM,0.3875917254650822,0.5582860946268567,0.5390348499845513,0.06545423178383837
7,REM,0.4106932190358487,0.5351846010560902,0.6314408242676173,0.06545423178383837
7,N1,0.35165606879944544,0.5313343521276291,0.4466288757014854,0.07700497856922162
7,N1,0.37347414606072493,0.5043826096284016,0.5428850989130124,0.07315472964076054
7,N1,0.38502489284610814,0.5313343521276291,0.5505855967699346,0.07315472964076054
7,N1,0.3401053220140622,0.4235273821307189,0.5313343521276291,0.06545423178383837
7,N1,0.3580731503468806,0.4966821117714794,0.5082328585568627,0.06930448071229946
7,N1,0.3413887383235492,0.43122787998764106,0.5351846010560902,0.05775373392691621
7,N2,0.3529394851089324,0.4543293735584075,0.5313343521276291,0.07315472964076054
7,N2,0.33240482415713996,0.4427786267730243,0.4812811160576351,0.07315472964076054
7,N2,0.3888751417745692,0.523633854270707,0.5736870903407011,0.06930448071229946
7,N2,0.3311214078476529,0.43122787998764106,0.4851313649860962,0.07700497856922162
7,N2,0.3208540773717567,0.4004258885599524,0.48898161391455724,0.07315472964076054
7,N2,0.31957066106226967,0.43122787998764106,0.4543293735584075,0.07315472964076054
7,N2,0.3709073134417508,0.4466288757014854,0.5929383349830064,0.07315472964076054
7,N2,0.3619233992753417,0.4658801203437908,0.5505855967699346,0.06930448071229946
7,N2,0.3567897340373935,0.4620298714153297,0.5351846010560902,0.07315472964076054
7,N2,0.3644902318943157,0.5159333564137848,0.5120831074853237,0.06545423178383837
7,N2,0.334971656776114,0.4081263864168746,0.5197836053422459,0.07700497856922162
7,N2,0.3247043263002178,0.43122787998764106,0.47358061820071296,0.06930448071229946
7,N2,0.31828724475278264,0.4196771332022578,0.4620298714153297,0.07315472964076054
7,N2,0.3298379915381659,0.43122787998764106,0.48898161391455724,0.06930448071229946
7,N2,0.35807315034688053,0.48898161391455724,0.5197836053422459,0.06545423178383837
7,N2,0.3311214078476529,0.4004258885599524,0.5197836053422459,0.07315472964076054
7,N2,0.32085407737175675,0.4042761374884135,0.4812811160576351,0.07700497856922162
7,N2,0.3311214078476529,0.4004258885599524,0.527484103199168,0.06545423178383837
7,N2,0.29133550225355515,0.41197663534533563,0.39657563963149134,0.06545423178383837
7,N2,0.2720842576112497,0.35807315034688053,0.381174643917647,0.07700497856922162
7,N2,0.283635004396633,0.3696238971322638,0.4158268842737967,0.06545423178383837
7,N2,0.2515495966594573,0.3195706610622697,0.3657736482038027,0.06930448071229946
7,N2,0.2669505923733016,0.334971656776114,0.39657563963149134,0.06930448071229946
7,N3,0.2528330129689443,0.3272711589191919,0.3773243949891859,0.05390348499845513
7,N3,0.21433052368433347,0.27336767392073674,0.3003194164199643,0.06930448071229946
7,N3,0.2682340086827886,0.3234209099907308,0.4158268842737967,0.06545423178383837
7,N3,0.20663002582741133,0.24641593142150917,0.3041696653484254,0.06930448071229946
7,N3,0.2194641889222816,0.2964691674915032,0.2964691674915032,0.06545423178383837
7,N3,0.22331443785074268,0.2926189185630422,0.30801991427688646,0.06930448071229946
7,N3,0.22074760523176862,0.23871543356458702,0.35037265248995836,0.07315472964076054
7,N3,0.20406319320843727,0.27336767392073674,0.27721792284919783,0.06160398285537729
7,N3,0.18737878118510595,0.21176369106535944,0.2810681717776589,0.06930448071229946
7,N3,0.20406319320843727,0.23101493570766485,0.31572041213380864,0.06545423178383837
7,N3,0.20791344213689836,0.2618169271353535,0.2926189185630422,0.06930448071229946
7,N3,0.21561393999382053,0.27721792284919783,0.2887686696345811,0.0808552274976827
7,N3,0.2027797768989503,0.2926189185630422,0.23871543356458702,0.07700497856922162
7,N3,0.20791344213689836,0.3003194164199643,0.2502661803499703,0.07315472964076054
7,N3,0.20406319320843727,0.22716468677920376,0.31572041213380864,0.06930448071229946
7,N3,0.19507927904202813,0.2425656824930481,0.27336767392073674,0.06930448071229946
7,N3,0.18737878118510595,0.23486518463612593,0.26951742499227566,0.05775373392691621
7,N3,0.18737878118510595,0.22716468677920376,0.2618169271353535,0.07315472964076054
7,N3,0.19636269535151515,0.2579666782068924,0.25411642927843137,0.07700497856922162
7,N3,0.18994561380408,0.23486518463612593,0.2618169271353535,0.07315472964076054
7,N3,0.26566717606381457,0.31187016320534755,0.41197663534533563,0.07315472964076054
7,N3,0.2797847554681719,0.334971656776114,0.42737763105918,0.07700497856922162
7,N3,0.2810681717776589,0.35807315034688053,0.4196771332022578,0.06545423178383837
7,N2,0.29518575118201623,0.3696238971322638,0.43892837784456323,0.07700497856922162
7,N2,0.35293948510893247,0.4235273821307189,0.56983684141224,0.06545423178383837
7,N2,0.31187016320534755,0.39272539070303025,0.46973036927225187,0.07315472964076054
7,N2,0.3503726524899584,0.4004258885599524,0.5775373392691622,0.07315472964076054
7,N2,0.3375384893950881,0.46973036927225187,0.4812811160576351,0.06160398285537729
7,N2,0.33497165677611407,0.4427786267730243,0.48898161391455724,0.07315472964076054
7,N2,0.3311214078476529,0.3773243949891859,0.5428850989130124,0.07315472964076054
7,N2,0.31443699582432155,0.3850248928461081,0.48898161391455724,0.06930448071229946
7,N2,0.26053351082586645,0.3272711589191919,0.3850248928461081,0.06930448071229946
7,N2,0.2631003434448405,0.331121407847653,0.381174643917647,0.07700497856922162
7,N3,0.22716468677920376,0.27721792284919783,0.331121407847653,0.07315472964076054
7,N2,0.24128226618356108,0.30801991427688646,0.35037265248995836,0.06545423178383837
7,N3,0.2502661803499703,0.28491842070612,0.4042761374884135,0.06160398285537729
7,N3,0.2091968584463854,0.25411642927843137,0.3041696653484254,0.06930448071229946
7,N3,0.21048027475587242,0.25411642927843137,0.31187016320534755,0.06545423178383837
7,N3,0.18866219749459298,0.23486518463612593,0.26951742499227566,0.06160398285537729
7,N3,0.20663002582741133,0.27721792284919783,0.26951742499227566,0.07315472964076054
7,N3,0.19507927904202813,0.23486518463612593,0.2887686696345811,0.06160398285537729
7,N3,0.18352853225664487,0.23486518463612593,0.2425656824930481,0.07315472964076054
7,N3,0.18224511594715784,0.21946418892228162,0.2579666782068924,0.06930448071229946
7,N3,0.19636269535151515,0.26566717606381457,0.25411642927843137,0.06930448071229946
7,N3,0.20663002582741133,0.26951742499227566,0.27721792284919783,0.07315472964076054
7,N3,0.17839486701869675,0.21561393999382053,0.2579666782068924,0.06160398285537729
7,N3,0.2091968584463854,0.2502661803499703,0.30801991427688646,0.06930448071229946
7,N3,0.15400995713844323,0.1617104549953654,0.22716468677920376,0.07315472964076054
7,N3,0.19379586273254104,0.2579666782068924,0.26566717606381457,0.05775373392691621
7,N3,0.1989295279704892,0.2425656824930481,0.27336767392073674,0.0808552274976827
7,N3,0.20406319320843733,0.28491842070612,0.25411642927843137,0.07315472964076054
7,N3,0.14245921035306,0.17326120178074864,0.1848119485661319,0.06930448071229946
7,N3,0.14887629190049512,0.1848119485661319,0.18866219749459295,0.07315472964076054
7,N3,0.18352853225664487,0.24641593142150917,0.23101493570766485,0.07315472964076054
7,N3,0.16299387130485243,0.1848119485661319,0.23486518463612593,0.06930448071229946
7,N3,0.16941095285228755,0.20791344213689836,0.23101493570766485,0.06930448071229946
7,N3,0.16941095285228758,0.21946418892228162,0.2233144378507427,0.06545423178383837
7,N3,0.1719777854712616,0.21176369106535944,0.23871543356458702,0.06545423178383837
7,N3,0.16299387130485243,0.1848119485661319,0.23871543356458702,0.06545423178383837
7,N3,0.19251244642305407,0.23101493570766485,0.27721792284919783,0.06930448071229946
7,N3,0.16941095285228758,0.2002129442799762,0.23101493570766485,0.07700497856922162
7,N3,0.1989295279704892,0.23871543356458702,0.2926189185630422,0.06545423178383837
7,N3,0.20149636058946327,0.2502661803499703,0.28491842070612,0.06930448071229946
7,N3,0.17197778547126163,0.19636269535151513,0.25411642927843137,0.06545423178383837
7,N3,0.20406319320843727,0.2233144378507427,0.3195706610622697,0.06930448071229946
7,N3,0.18994561380408,0.22716468677920376,0.27721792284919783,0.06545423178383837
7,N3,0.18994561380408,0.23871543356458702,0.25411642927843137,0.07700497856922162
7,N3,0.1809616996376708,0.21561393999382053,0.2618169271353535,0.06545423178383837
7,N3,0.18866219749459298,0.2618169271353535,0.2425656824930481,0.06160398285537729
7,N3,0.19507927904202813,0.2233144378507427,0.2810681717776589,0.0808552274976827
7,N3,0.1809616996376708,0.21946418892228162,0.25411642927843137,0.06930448071229946
7,N3,0.20663002582741133,0.2502661803499703,0.3003194164199643,0.06930448071229946
7,N3,0.19636269535151515,0.2425656824930481,0.27336767392073674,0.07315472964076054
7,N3,0.17197778547126163,0.21946418892228162,0.2233144378507427,0.07315472964076054
7,N3,0.16556070392382646,0.20791344213689836,0.21561393999382053,0.07315472964076054
7,N3,0.17326120178074864,0.21561393999382053,0.23871543356458702,0.06545423178383837
7,N3,0.18352853225664487,0.21176369106535944,0.27336767392073674,0.06545423178383837
7,N3,0.18352853225664487,0.21176369106535944,0.26566717606381457,0.07315472964076054
7,N3,0.1617104549953654,0.17711145070920972,0.23486518463612593,0.07315472964076054
7,N3,0.17967828332818378,0.21561393999382053,0.25411642927843137,0.06930448071229946
7,N3,0.20149636058946327,0.2502661803499703,0.2887686696345811,0.06545423178383837
7,N3,0.17069436916177458,0.1848119485661319,0.26951742499227566,0.05775373392691621
7,N3,0.18609536487561892,0.23101493570766485,0.2618169271353535,0.06545423178383837
7,N3,0.17454461809023566,0.2233144378507427,0.23871543356458702,0.06160398285537729
7,N3,0.18994561380408,0.23101493570766485,0.26566717606381457,0.07315472964076054
7,N3,0.19122903011356704,0.23486518463612593,0.27336767392073674,0.06545423178383837
7,N3,0.19122903011356704,0.21946418892228162,0.27721792284919783,0.07700497856922162
7,N3,0.16299387130485243,0.19636269535151513,0.2233144378507427,0.06930448071229946
7,N3,0.20663002582741133,0.2425656824930481,0.3003194164199643,0.07700497856922162
7,N3,0.17967828332818378,0.21561393999382053,0.24641593142150917,0.07700497856922162
7,N3,0.1617104549953654,0.1848119485661319,0.23871543356458702,0.06160398285537729
7,N3,0.24898276404048325,0.31187016320534755,0.3696238971322638,0.06545423178383837
7,N3,0.2900520859440681,0.3234209099907308,0.47358061820071296,0.07315472964076054
7,N3,0.2810681717776589,0.3734741460607248,0.39657563963149134,0.07315472964076054
7,N3,0.32727115891919184,0.45047912462994644,0.47358061820071296,0.05775373392691621
7,N2,0.3041696653484254,0.3850248928461081,0.4658801203437908,0.06160398285537729
7,N2,0.29518575118201623,0.39272539070303025,0.4196771332022578,0.07315472964076054
7,N2,0.3247043263002178,0.4620298714153297,0.43892837784456323,0.07315472964076054
7,N2,0.3734741460607249,0.5120831074853237,0.5390348499845513,0.06930448071229946
7,N2,0.3105867468958605,0.47358061820071296,0.3850248928461081,0.07315472964076054
7,N2,0.31187016320534755,0.4158268842737967,0.4466288757014854,0.07315472964076054
7,N2,0.3105867468958605,0.4196771332022578,0.43892837784456323,0.07315472964076054
7,N2,0.3157204121338086,0.381174643917647,0.49283186284301833,0.07315472964076054
7,N2,0.30288624903893835,0.38887514177456917,0.4581796224868686,0.06160398285537729
7,N2,0.29518575118201623,0.42737763105918,0.3850248928461081,0.07315472964076054
7,N2,0.31572041213380864,0.43892837784456323,0.4466288757014854,0.06160398285537729
7,N2,0.3503726524899584,0.43507812891610215,0.5428850989130124,0.07315472964076054
7,N2,0.3259877426097048,0.4235273821307189,0.4812811160576351,0.07315472964076054
7,N2,0.3041696653484254,0.38887514177456917,0.4620298714153297,0.06160398285537729
7,N2,0.32727115891919184,0.39657563963149134,0.5159333564137848,0.06930448071229946
7,N2,0.3118701632053475,0.35422290141841944,0.5120831074853237,0.06930448071229946
7,N2,0.3426721546330362,0.45047912462994644,0.5005323606999406,0.07700497856922162
7,REM,0.4094098027263617,0.5390348499845513,0.619890077482234,0.06930448071229946
7,REM,0.3606399829658546,0.48898161391455724,0.527484103199168,0.06545423178383837
7,REM,0.2977525838009903,0.43122787998764106,0.38887514177456917,0.07315472964076054
7,REM,0.38502489284610814,0.4966821117714794,0.5890880860545453,0.06930448071229946
7,REM,0.3837414765366211,0.49283186284301833,0.5852378371260843,0.07315472964076054
7,REM,0.33240482415713996,0.48898161391455724,0.4427786267730243,0.06545423178383837
7,REM,0.3914419743935433,0.4966821117714794,0.6006388328399286,0.07700497856922162
7,REM,0.3747575623702119,0.5428850989130124,0.5159333564137848,0.06545423178383837
7,REM,0.3401053220140622,0.4196771332022578,0.5428850989130124,0.05775373392691621
7,REM,0.378607811298673,0.4966821117714794,0.5659865924837789,0.07315472964076054
7,REM,0.3875917254650822,0.5005323606999406,0.5929383349830064,0.06930448071229946
7,REM,0.3888751417745692,0.5467353478414735,0.5467353478414735,0.07315472964076054
7,REM,0.37989122760816,0.5120831074853237,0.5621363435553178,0.06545423178383837
7,REM,0.3516560687994454,0.45047912462994644,0.5313343521276291,0.07315472964076054
7,REM,0.37219072975123785,0.47743086712917404,0.5659865924837789,0.07315472964076054
7,REM,0.4068429701073876,0.5929383349830064,0.5505855967699346,0.07700497856922162
7,REM,0.3734741460607249,0.5467353478414735,0.5043826096284016,0.06930448071229946
7,REM,0.34652240356149727,0.45047912462994644,0.5159333564137848,0.07315472964076054
7,REM,0.36320681558482865,0.4196771332022578,0.6044890817683897,0.06545423178383837
7,REM,0.41326005165482277,0.5852378371260843,0.5890880860545453,0.06545423178383837
7,REM,0.3978590559409783,0.5159333564137848,0.6160398285537729,0.06160398285537729
7,REM,0.35550631772790653,0.49283186284301833,0.5005323606999406,0.07315472964076054
7,REM,0.3696238971322638,0.47358061820071296,0.56983684141224,0.06545423178383837
7,REM,0.4196771332022578,0.5775373392691622,0.6160398285537729,0.06545423178383837
7,REM,0.39914247225046545,0.56983684141224,0.5621363435553178,0.06545423178383837
7,REM,0.37989122760816,0.4620298714153297,0.6121895796253118,0.06545423178383837
7,REM,0.42224396582123186,0.5852378371260843,0.6083393306968508,0.07315472964076054
7,REM,0.4106932190358487,0.5775373392691622,0.5852378371260843,0.06930448071229946
7,REM,0.4004258885599525,0.5544358456983957,0.5813875881976233,0.06545423178383837
7,REM,0.36834048082277676,0.5043826096284016,0.5313343521276291,0.06930448071229946
7,REM,0.3927253907030303,0.5197836053422459,0.6006388328399286,0.05775373392691621
7,REM,0.35422290141841944,0.5197836053422459,0.47743086712917404,0.06545423178383837
7,REM,0.35422290141841944,0.46973036927225187,0.5197836053422459,0.07315472964076054
7,REM,0.39400880701251734,0.5313343521276291,0.5890880860545453,0.06160398285537729
7,N1,0.4068429701073875,0.6776438114091502,0.46973036927225187,0.07315472964076054
7,N1,0.36834048082277676,0.5197836053422459,0.5197836053422459,0.06545423178383837
7,N2,0.3619233992753416,0.5005323606999406,0.5120831074853237,0.07315472964076054
7,N2,0.35807315034688053,0.5197836053422459,0.4851313649860962,0.06930448071229946
7,N2,0.36320681558482865,0.5313343521276291,0.48898161391455724,0.06930448071229946
7,N2,0.3465224035614973,0.4427786267730243,0.527484103199168,0.06930448071229946
7,N2,0.37860781129867305,0.5043826096284016,0.5659865924837789,0.06545423178383837
7,N2,0.3503726524899584,0.4235273821307189,0.5544358456983957,0.07315472964076054
7,N2,0.33753848939508807,0.4966821117714794,0.43892837784456323,0.07700497856922162
7,N2,0.3824580602271341,0.47358061820071296,0.6006388328399286,0.07315472964076054
7,N2,0.34010532201406213,0.4427786267730243,0.4966821117714794,0.0808552274976827
7,N2,0.3311214078476529,0.45047912462994644,0.46973036927225187,0.07315472964076054
7,N2,0.3875917254650822,0.49283186284301833,0.5967885839114675,0.07315472964076054
7,N2,0.3221374936812438,0.4042761374884135,0.4812811160576351,0.0808552274976827
7,N2,0.35678973403739356,0.48898161391455724,0.5082328585568627,0.07315472964076054
7,N2,0.3837414765366211,0.5197836053422459,0.5659865924837789,0.06545423178383837
7,N2,0.33882190570457515,0.45047912462994644,0.48898161391455724,0.07700497856922162
7,N2,0.32727115891919184,0.42737763105918,0.48898161391455724,0.06545423178383837
7,N2,0.31443699582432155,0.41197663534533563,0.47358061820071296,0.05775373392691621
7,N2,0.3401053220140622,0.43892837784456323,0.5082328585568627,0.07315472964076054
7,N2,0.3490892361804714,0.47358061820071296,0.5005323606999406,0.07315472964076054
7,N2,0.3503726524899584,0.4966821117714794,0.4851313649860962,0.06930448071229946
7,N2,0.3413887383235492,0.45047912462994644,0.4966821117714794,0.07700497856922162
7,N2,0.35165606879944544,0.4466288757014854,0.5428850989130124,0.06545423178383837
7,N2,0.3362550730856011,0.47358061820071296,0.47743086712917404,0.05775373392691621
7,N2,0.3478058198709843,0.45047912462994644,0.5197836053422459,0.07315472964076054
7,N2,0.3311214078476529,0.4427786267730243,0.46973036927225187,0.0808552274976827
7,N2,0.35935656665636756,0.4581796224868686,0.5621363435553178,0.05775373392691621
7,N2,0.3080199142768864,0.3388219057045751,0.5159333564137848,0.06930448071229946
7,N2,0.30031941641996435,0.39657563963149134,0.43122787998764106,0.07315472964076054
7,N2,0.3105867468958605,0.4004258885599524,0.4658801203437908,0.06545423178383837
7,N2,0.3221374936812437,0.4235273821307189,0.4812811160576351,0.06160398285537729
7,N2,0.334971656776114,0.42737763105918,0.5005323606999406,0.07700497856922162
7,N2,0.30801991427688646,0.3850248928461081,0.47358061820071296,0.06545423178383837
7,N2,0.3054530816579124,0.3850248928461081,0.47358061820071296,0.05775373392691621
7,N2,0.3093033305863735,0.3657736482038027,0.49283186284301833,0.06930448071229946
7,N2,0.3259877426097048,0.4235273821307189,0.48898161391455724,0.06545423178383837
7,N2,0.28748525332509406,0.3388219057045751,0.4620298714153297,0.06160398285537729
7,N2,0.3208540773717567,0.4196771332022578,0.47358061820071296,0.06930448071229946
7,N2,0.3170038284432956,0.39272539070303025,0.49283186284301833,0.06545423178383837
7,N2,0.32342090999073075,0.4196771332022578,0.4851313649860962,0.06545423178383837
7,N2,0.3234209099907308,0.38887514177456917,0.5082328585568627,0.07315472964076054
7,N2,0.35807315034688053,0.48898161391455724,0.5082328585568627,0.07700497856922162
7,N2,0.3375384893950881,0.4196771332022578,0.523633854270707,0.06930448071229946
7,N2,0.2759345065397108,0.2926189185630422,0.4658801203437908,0.06930448071229946
7,N2,0.28235158808714594,0.381174643917647,0.39657563963149134,0.06930448071229946
7,N2,0.2977525838009903,0.3657736482038027,0.4581796224868686,0.06930448071229946
7,N2,0.2939023348725292,0.35422290141841944,0.4543293735584075,0.07315472964076054
7,N2,0.32727115891919184,0.4235273821307189,0.4812811160576351,0.07700497856922162
7,N2,0.3144369958243216,0.39657563963149134,0.4812811160576351,0.06545423178383837
7,N2,0.2990360001104773,0.3773243949891859,0.4466288757014854,0.07315472964076054
7,N2,0.3413887383235492,0.4620298714153297,0.49283186284301833,0.06930448071229946
7,N2,0.27850133915868486,0.3657736482038027,0.4042761374884135,0.06545423178383837
7,N2,0.3311214078476529,0.4543293735584075,0.4658801203437908,0.07315472964076054
7,N2,0.2887686696345811,0.3234209099907308,0.4620298714153297,0.0808552274976827
7,N2,0.3144369958243216,0.4466288757014854,0.43892837784456323,0.05775373392691621
7,N2,0.2926189185630422,0.35807315034688053,0.4543293735584075,0.06545423178383837
7,N3,0.3028862490389384,0.3619233992753416,0.4812811160576351,0.06545423178383837
7,N2,0.29646916749150326,0.38887514177456917,0.42737763105918,0.07315472964076054
7,N2,0.35550631772790653,0.45047912462994644,0.5505855967699346,0.06545423178383837
7,N2,0.3863083091555952,0.5082328585568627,0.5775373392691622,0.07315472964076054
7,N2,0.33497165677611407,0.5005323606999406,0.43892837784456323,0.06545423178383837
7,N2,0.3247043263002178,0.4158268842737967,0.4812811160576351,0.07700497856922162
7,N2,0.3465224035614973,0.47743086712917404,0.4966821117714794,0.06545423178383837
7,N2,0.33240482415713996,0.4196771332022578,0.5082328585568627,0.06930448071229946
7,N2,0.32342090999073075,0.4196771332022578,0.4812811160576351,0.06930448071229946
7,N2,0.3606399829658546,0.4851313649860962,0.527484103199168,0.06930448071229946
7,N2,0.29646916749150326,0.3696238971322638,0.4620298714153297,0.05775373392691621
7,N2,0.3170038284432957,0.3619233992753416,0.5082328585568627,0.0808552274976827
7,N2,0.3144369958243216,0.39657563963149134,0.4812811160576351,0.06545423178383837
7,N2,0.3157204121338086,0.39657563963149134,0.48898161391455724,0.06160398285537729
7,N2,0.27721792284919783,0.2964691674915032,0.4658801203437908,0.06930448071229946
7,N2,0.30801991427688646,0.38887514177456917,0.4620298714153297,0.07315472964076054
7,N2,0.31700382844329567,0.39657563963149134,0.4851313649860962,0.06930448071229946
7,N3,0.2541164292784313,0.31187016320534755,0.38887514177456917,0.06160398285537729
7,N2,0.2720842576112497,0.2964691674915032,0.45047912462994644,0.06930448071229946
7,N2,0.26438375975432754,0.3195706610622697,0.4042761374884135,0.06930448071229946
7,N3,0.2631003434448405,0.2810681717776589,0.4466288757014854,0.06160398285537729
7,N3,0.24128226618356108,0.26951742499227566,0.381174643917647,0.07315472964076054
7,N3,0.2541164292784313,0.30801991427688646,0.3773243949891859,0.07700497856922162
7,N3,0.2156139399938205,0.2425656824930481,0.3426721546330362,0.06160398285537729
7,N3,0.2245978541602297,0.23101493570766485,0.3734741460607248,0.06930448071229946
7,N3,0.22973151939817782,0.21946418892228162,0.39657563963149134,0.07315472964076054
7,N3,0.2335817683266389,0.2926189185630422,0.3426721546330362,0.06545423178383837
7,N3,0.23614860094561296,0.2502661803499703,0.381174643917647,0.07700497856922162
7,N3,0.24769934773099622,0.2810681717776589,0.38887514177456917,0.07315472964076054
7,N3,0.2194641889222816,0.21561393999382053,0.3734741460607248,0.06930448071229946
7,N3,0.2284481030886908,0.24641593142150917,0.3773243949891859,0.06160398285537729
7,N3,0.21304710737484645,0.26951742499227566,0.30801991427688646,0.06160398285537729
7,N3,0.24898276404048322,0.2964691674915032,0.3773243949891859,0.07315472964076054
7,N3,0.22331443785074268,0.23486518463612593,0.3657736482038027,0.06930448071229946
7,N3,0.21304710737484645,0.2618169271353535,0.31187016320534755,0.06545423178383837
7,N3,0.2194641889222816,0.24641593142150917,0.3388219057045751,0.07315472964076054
7,N3,0.22203102154125565,0.25411642927843137,0.3426721546330362,0.06930448071229946
7,N3,0.22973151939817782,0.26566717606381457,0.35422290141841944,0.06930448071229946
7,N3,0.2245978541602297,0.3003194164199643,0.30801991427688646,0.06545423178383837
7,N3,0.21818077261279456,0.2579666782068924,0.331121407847653,0.06545423178383837
7,N3,0.19122903011356704,0.19636269535151513,0.31572041213380864,0.06160398285537729
7,N3,0.2926189185630422,0.3696238971322638,0.43507812891610215,0.07315472964076054
7,N2,0.31443699582432155,0.3850248928461081,0.48898161391455724,0.06930448071229946
7,N2,0.28620183701560703,0.35037265248995836,0.45047912462994644,0.05775373392691621
7,N2,0.3362550730856011,0.43122787998764106,0.5120831074853237,0.06545423178383837
7,N2,0.2759345065397108,0.3272711589191919,0.42737763105918,0.07315472964076054
7,N2,0.2977525838009903,0.34652240356149727,0.47743086712917404,0.06930448071229946
7,N2,0.31700382844329567,0.4081263864168746,0.47743086712917404,0.06545423178383837
7,N2,0.31957066106226967,0.4235273821307189,0.4620298714153297,0.07315472964076054
7,N2,0.3465224035614973,0.4466288757014854,0.523633854270707,0.06930448071229946
7,N2,0.33240482415713996,0.45047912462994644,0.4812811160576351,0.06545423178383837
7,N2,0.31187016320534755,0.4658801203437908,0.4042761374884135,0.06545423178383837
7,N2,0.3221374936812437,0.43507812891610215,0.4581796224868686,0.07315472964076054
7,N2,0.31957066106226967,0.4158268842737967,0.4620298714153297,0.0808552274976827
7,N2,0.3362550730856011,0.4581796224868686,0.4851313649860962,0.06545423178383837
7,REM,0.34267215463303624,0.4581796224868686,0.4966821117714794,0.07315472964076054
7,REM,0.34395557094252327,0.4427786267730243,0.5197836053422459,0.06930448071229946
7,REM,0.37732439498918596,0.5005323606999406,0.5659865924837789,0.06545423178383837
7,REM,0.34780581987098436,0.43507812891610215,0.5428850989130124,0.06545423178383837
7,REM,0.35807315034688053,0.4543293735584075,0.5582860946268567,0.06160398285537729
7,REM,0.3709073134417508,0.4196771332022578,0.6275905753391562,0.06545423178383837
7,REM,0.37732439498918596,0.4812811160576351,0.5852378371260843,0.06545423178383837
7,REM,0.33882190570457515,0.3773243949891859,0.5659865924837789,0.07315472964076054
7,REM,0.3709073134417508,0.4812811160576351,0.5544358456983957,0.07700497856922162
7,REM,0.39400880701251734,0.56983684141224,0.5505855967699346,0.06160398285537729
7,REM,0.37989122760816,0.6083393306968508,0.4581796224868686,0.07315472964076054
7,REM,0.378607811298673,0.5736870903407011,0.4966821117714794,0.06545423178383837
7,REM,0.38502489284610814,0.5390348499845513,0.5428850989130124,0.07315472964076054
7,REM,0.40812638641687465,0.5582860946268567,0.5929383349830064,0.07315472964076054
7,REM,0.3888751417745692,0.5120831074853237,0.5852378371260843,0.06930448071229946
7,REM,0.3837414765366211,0.5967885839114675,0.49283186284301833,0.06160398285537729
7,REM,0.40427613748841346,0.5467353478414735,0.6006388328399286,0.06545423178383837
7,REM,0.4004258885599525,0.5621363435553178,0.5659865924837789,0.07315472964076054
7,REM,0.37604097867969893,0.523633854270707,0.5390348499845513,0.06545423178383837
7,REM,0.3709073134417508,0.5082328585568627,0.5351846010560902,0.06930448071229946
7,REM,0.4248107984402059,0.6506920689099227,0.5582860946268567,0.06545423178383837
7,REM,0.4094098027263617,0.5159333564137848,0.6429915710530005,0.06930448071229946
7,REM,0.4427786267730243,0.6083393306968508,0.6506920689099227,0.06930448071229946
7,REM,0.3811746439176471,0.5775373392691622,0.5005323606999406,0.06545423178383837
7,REM,0.3644902318943157,0.5197836053422459,0.5005323606999406,0.07315472964076054
7,REM,0.39400880701251734,0.5159333564137848,0.6044890817683897,0.06160398285537729
7,N1,0.3837414765366211,0.5505855967699346,0.523633854270707,0.07700497856922162
7,N1,0.33240482415713996,0.4620298714153297,0.4620298714153297,0.07315472964076054
7,N2,0.4017093048694395,0.5621363435553178,0.56983684141224,0.07315472964076054
7,N2,0.39400880701251734,0.5467353478414735,0.5775373392691622,0.05775373392691621
7,N2,0.4196771332022579,0.5505855967699346,0.6391413221245394,0.06930448071229946
7,N2,0.35935656665636756,0.5505855967699346,0.4620298714153297,0.06545423178383837
7,N2,0.3580731503468806,0.4966821117714794,0.5043826096284016,0.07315472964076054
7,REM,0.3580731503468806,0.43892837784456323,0.5621363435553178,0.07315472964076054
7,REM,0.37219072975123785,0.5313343521276291,0.5159333564137848,0.06930448071229946
7,REM,0.38117464391764705,0.527484103199168,0.5505855967699346,0.06545423178383837
7,REM,0.3567897340373935,0.5390348499845513,0.4581796224868686,0.07315472964076054
7,REM,0.3837414765366211,0.5313343521276291,0.5544358456983957,0.06545423178383837
7,REM,0.4196771332022579,0.5505855967699346,0.6314408242676173,0.07700497856922162
7,REM,0.35935656665636756,0.5159333564137848,0.49283186284301833,0.06930448071229946
7,REM,0.3555063177279065,0.4658801203437908,0.5159333564137848,0.08470547642614377
7,N2,0.37604097867969893,0.523633854270707,0.5428850989130124,0.06160398285537729
7,N2,0.3413887383235492,0.5082328585568627,0.4466288757014854,0.06930448071229946
7,N2,0.3824580602271341,0.5159333564137848,0.5659865924837789,0.06545423178383837
7,N2,0.3747575623702119,0.527484103199168,0.523633854270707,0.07315472964076054
7,N2,0.34652240356149727,0.4543293735584075,0.5120831074853237,0.07315472964076054
7,N2,0.3619233992753416,0.48898161391455724,0.5351846010560902,0.06160398285537729
7,N2,0.37989122760816,0.48898161391455724,0.5775373392691622,0.07315472964076054
7,N2,0.41326005165482277,0.5467353478414735,0.6352910731960784,0.05775373392691621
7,N2,0.3375384893950881,0.43507812891610215,0.5159333564137848,0.06160398285537729
7,N2,0.40427613748841357,0.5544358456983957,0.5890880860545453,0.06930448071229946
7,REM,0.40940980272636157,0.5390348499845513,0.6160398285537729,0.07315472964076054
7,REM,0.3696238971322638,0.4581796224868686,0.5852378371260843,0.06545423178383837
7,REM,0.38502489284610814,0.4658801203437908,0.6275905753391562,0.06160398285537729
7,REM,0.36834048082277676,0.48898161391455724,0.5428850989130124,0.07315472964076054
7,REM,0.4106932190358486,0.523633854270707,0.6314408242676173,0.07700497856922162
7,REM,0.3837414765366211,0.5505855967699346,0.527484103199168,0.07315472964076054
7,REM,0.37347414606072493,0.5736870903407011,0.47358061820071296,0.07315472964076054
7,REM,0.3875917254650822,0.523633854270707,0.5813875881976233,0.05775373392691621
7,REM,0.37219072975123785,0.4427786267730243,0.6044890817683897,0.06930448071229946
7,REM,0.3298379915381659,0.4466288757014854,0.4851313649860962,0.05775373392691621
7,REM,0.3824580602271341,0.5390348499845513,0.5390348499845513,0.06930448071229946
7,REM,0.38245806022713413,0.5082328585568627,0.5621363435553178,0.07700497856922162
7,REM,0.3978590559409784,0.5082328585568627,0.6160398285537729,0.06930448071229946
7,REM,0.3619233992753417,0.4658801203437908,0.5428850989130124,0.07700497856922162
7,REM,0.3529394851089324,0.4042761374884135,0.5929383349830064,0.06160398285537729
7,REM,0.3734741460607249,0.527484103199168,0.527484103199168,0.06545423178383837
7,REM,0.36577364820380276,0.4851313649860962,0.5467353478414735,0.06545423178383837
7,REM,0.4029927211789264,0.5505855967699346,0.5890880860545453,0.06930448071229946
7,REM,0.4106932190358487,0.5929383349830064,0.5736870903407011,0.06545423178383837
7,REM,0.3837414765366211,0.5159333564137848,0.56983684141224,0.06545423178383837
7,REM,0.39914247225046545,0.5582860946268567,0.5736870903407011,0.06545423178383837
7,REM,0.37989122760816,0.4581796224868686,0.6121895796253118,0.06930448071229946
7,REM,0.38502489284610814,0.6006388328399286,0.49283186284301833,0.06160398285537729
7,REM,0.4004258885599525,0.5582860946268567,0.5736870903407011,0.06930448071229946
7,REM,0.3965756396314914,0.56983684141224,0.5428850989130124,0.07700497856922162
7,REM,0.3978590559409784,0.5159333564137848,0.6121895796253118,0.06545423178383837
7,REM,0.40812638641687465,0.6083393306968508,0.5582860946268567,0.05775373392691621
7,REM,0.3567897340373935,0.523633854270707,0.47358061820071296,0.07315472964076054
7,REM,0.35422290141841944,0.48898161391455724,0.5159333564137848,0.05775373392691621
7,REM,0.40812638641687454,0.5428850989130124,0.6121895796253118,0.06930448071229946
7,N2,0.35550631772790653,0.4466288757014854,0.5505855967699346,0.06930448071229946
7,N2,0.36705706451328973,0.5351846010560902,0.5005323606999406,0.06545423178383837
7,N2,0.35037265248995836,0.4620298714153297,0.5159333564137848,0.07315472964076054
7,N2,0.35678973403739356,0.49283186284301833,0.5082328585568627,0.06930448071229946
7,N2,0.3914419743935433,0.5313343521276291,0.5736870903407011,0.06930448071229946
7,N2,0.37475756237021196,0.5005323606999406,0.5467353478414735,0.07700497856922162
7,N2,0.3593565666563676,0.45047912462994644,0.5505855967699346,0.07700497856922162
7,N2,0.3298379915381659,0.39657563963149134,0.527484103199168,0.06545423178383837
7,N2,0.36962389713226385,0.4851313649860962,0.5544358456983957,0.06930448071229946
7,N2,0.3837414765366211,0.5313343521276291,0.5582860946268567,0.06160398285537729
7,N2,0.3747575623702119,0.5197836053422459,0.5390348499845513,0.06545423178383837
7,N2,0.39914247225046534,0.5505855967699346,0.5890880860545453,0.05775373392691621
7,N2,0.3657736482038027,0.5082328585568627,0.5082328585568627,0.0808552274976827
7,N2,0.3593565666563676,0.4812811160576351,0.527484103199168,0.06930448071229946
7,N2,0.38630830915559516,0.527484103199168,0.5736870903407011,0.05775373392691621
7,N2,0.3131535795148345,0.4235273821307189,0.4543293735584075,0.06160398285537729
7,N2,0.34267215463303624,0.47358061820071296,0.4851313649860962,0.06930448071229946
7,N2,0.36320681558482865,0.48898161391455724,0.5467353478414735,0.05390348499845513
7,N2,0.3632068155848287,0.46973036927225187,0.5544358456983957,0.06545423178383837
7,N2,0.39914247225046534,0.5159333564137848,0.6160398285537729,0.06545423178383837
7,N2,0.32727115891919184,0.43507812891610215,0.47743086712917404,0.06930448071229946
7,N2,0.38117464391764705,0.4966821117714794,0.56983684141224,0.07700497856922162
7,N2,0.3837414765366211,0.5159333564137848,0.5736870903407011,0.06160398285537729
7,N2,0.3837414765366211,0.48898161391455724,0.5929383349830064,0.06930448071229946
7,N2,0.39400880701251734,0.5197836053422459,0.5929383349830064,0.06930448071229946
7,N2,0.34908923618047133,0.45047912462994644,0.527484103199168,0.06930448071229946
7,N2,0.35037265248995836,0.4427786267730243,0.5313343521276291,0.07700497856922162
7,N2,0.37219072975123774,0.5005323606999406,0.5351846010560902,0.0808552274976827
7,N2,0.3619233992753416,0.5043826096284016,0.5159333564137848,0.06545423178383837
7,N2,0.3028862490389384,0.39657563963149134,0.4427786267730243,0.06930448071229946
7,N2,0.34395557094252327,0.4620298714153297,0.5082328585568627,0.06160398285537729
7,N2,0.3401053220140622,0.42737763105918,0.523633854270707,0.06930448071229946
7,N2,0.3542229014184195,0.43892837784456323,0.5582860946268567,0.06545423178383837
7,N2,0.36577364820380276,0.5005323606999406,0.5313343521276291,0.06545423178383837
7,N2,0.3709073134417508,0.527484103199168,0.5120831074853237,0.07315472964076054
7,N2,0.31828724475278264,0.4158268842737967,0.46973036927225187,0.06930448071229946
7,N2,0.33240482415713996,0.43507812891610215,0.49283186284301833,0.06930448071229946
7,N2,0.3478058198709843,0.4658801203437908,0.5120831074853237,0.06545423178383837
7,N2,0.3221374936812437,0.4466288757014854,0.4581796224868686,0.06160398285537729
7,N2,0.29646916749150326,0.39657563963149134,0.43122787998764106,0.06160398285537729
7,N2,0.33240482415713996,0.46973036927225187,0.46973036927225187,0.05775373392691621
7,N2,0.3362550730856011,0.39272539070303025,0.5428850989130124,0.07315472964076054
7,N2,0.35807315034688053,0.4658801203437908,0.5390348499845513,0.06930448071229946
7,N2,0.32727115891919184,0.42737763105918,0.4851313649860962,0.06930448071229946
7,N2,0.33497165677611407,0.43507812891610215,0.5005323606999406,0.06930448071229946
7,N2,0.30031941641996435,0.4081263864168746,0.4196771332022578,0.07315472964076054
7,N2,0.3067364979673995,0.3619233992753416,0.4851313649860962,0.07315472964076054
7,N2,0.25154959665945725,0.26951742499227566,0.4235273821307189,0.06160398285537729
7,N2,0.28748525332509406,0.3426721546330362,0.4466288757014854,0.07315472964076054
7,N2,0.2939023348725292,0.381174643917647,0.43892837784456323,0.06160398285537729
7,N3,0.2579666782068924,0.3003194164199643,0.4042761374884135,0.06930448071229946
7,N3,0.2541164292784313,0.3234209099907308,0.381174643917647,0.05775373392691621
7,N3,0.2631003434448405,0.3195706610622697,0.39272539070303025,0.07700497856922162
7,N3,0.24898276404048322,0.2579666782068924,0.4196771332022578,0.06930448071229946
7,N3,0.28748525332509406,0.34652240356149727,0.43507812891610215,0.0808552274976827
7,N3,0.2515495966594573,0.2810681717776589,0.4042761374884135,0.06930448071229946
7,N3,0.2759345065397108,0.35807315034688053,0.39657563963149134,0.07315472964076054
7,N3,0.2990360001104773,0.38887514177456917,0.43507812891610215,0.07315472964076054
7,N3,0.20791344213689836,0.24641593142150917,0.30801991427688646,0.06930448071229946
7,N3,0.2335817683266389,0.24641593142150917,0.4004258885599524,0.05390348499845513
7,N2,0.2592500945163794,0.38887514177456917,0.3234209099907308,0.06545423178383837
7,N3,0.23614860094561296,0.3234209099907308,0.3272711589191919,0.05775373392691621
7,N2,0.2669505923733016,0.334971656776114,0.4042761374884135,0.06160398285537729
7,N3,0.21176369106535944,0.24641593142150917,0.3195706610622697,0.06930448071229946
7,N3,0.22203102154125565,0.21176369106535944,0.38887514177456917,0.06545423178383837
7,N3,0.2425656824930481,0.2810681717776589,0.3734741460607248,0.07315472964076054
7,N3,0.19764611166100218,0.25411642927843137,0.26951742499227566,0.06930448071229946
7,N3,0.19379586273254104,0.2618169271353535,0.2618169271353535,0.05775373392691621
7,N3,0.19251244642305407,0.21561393999382053,0.2887686696345811,0.07315472964076054
7,N3,0.2066300258274113,0.26951742499227566,0.2964691674915032,0.05390348499845513
7,N2,0.36320681558482865,0.4158268842737967,0.6044890817683897,0.06930448071229946
7,N1,0.33240482415713996,0.38887514177456917,0.5390348499845513,0.06930448071229946
7,N2,0.3221374936812437,0.4196771332022578,0.4812811160576351,0.06545423178383837
7,N2,0.32855457522867887,0.4196771332022578,0.5120831074853237,0.05390348499845513
7,N2,0.3208540773717567,0.3773243949891859,0.523633854270707,0.06160398285537729
7,N2,0.41326005165482277,0.5428850989130124,0.6314408242676173,0.06545423178383837
7,N2,0.3362550730856011,0.42737763105918,0.5159333564137848,0.06545423178383837
7,N2,0.3311214078476529,0.46973036927225187,0.4658801203437908,0.05775373392691621
7,N2,0.38117464391764705,0.5313343521276291,0.5544358456983957,0.05775373392691621
7,N2,0.32727115891919184,0.4543293735584075,0.4581796224868686,0.06930448071229946
7,N2,0.34780581987098436,0.4466288757014854,0.5351846010560902,0.06160398285537729
7,N2,0.3619233992753417,0.47743086712917404,0.5390348499845513,0.06930448071229946
7,N2,0.36705706451328973,0.4966821117714794,0.5351846010560902,0.06930448071229946
7,N2,0.34395557094252327,0.4427786267730243,0.5313343521276291,0.05775373392691621
7,N2,0.36320681558482865,0.4812811160576351,0.5390348499845513,0.06930448071229946
7,N2,0.3362550730856011,0.43122787998764106,0.5120831074853237,0.06545423178383837
7,N2,0.35037265248995836,0.46973036927225187,0.5120831074853237,0.06930448071229946
7,N2,0.3413887383235492,0.4543293735584075,0.5043826096284016,0.06545423178383837
7,N2,0.3401053220140622,0.4235273821307189,0.523633854270707,0.07315472964076054
7,N2,0.3311214078476529,0.4427786267730243,0.47743086712917404,0.07315472964076054
7,N2,0.36063998296585464,0.43122787998764106,0.5813875881976233,0.06930448071229946
7,N1,0.34908923618047133,0.48898161391455724,0.48898161391455724,0.06930448071229946
7,N1,0.3452389872520103,0.4196771332022578,0.5544358456983957,0.06160398285537729
7,N2,0.3362550730856011,0.4581796224868686,0.4812811160576351,0.06930448071229946
7,N2,0.33882190570457515,0.4851313649860962,0.4658801203437908,0.06545423178383837
7,N2,0.33368824046662704,0.46973036927225187,0.47358061820071296,0.05775373392691621
7,N2,0.3465224035614973,0.47358061820071296,0.4966821117714794,0.06930448071229946
7,N2,0.33882190570457515,0.38887514177456917,0.5505855967699346,0.07700497856922162
7,N2,0.41711030058328386,0.4851313649860962,0.6968950560514556,0.06930448071229946
7,N2,0.3555063177279065,0.47358061820071296,0.523633854270707,0.06930448071229946
7,N2,0.33882190570457515,0.4196771332022578,0.5313343521276291,0.06545423178383837
7,N2,0.3593565666563676,0.4620298714153297,0.5467353478414735,0.06930448071229946
7,N2,0.3927253907030303,0.523633854270707,0.5890880860545453,0.06545423178383837
7,N2,0.3516560687994454,0.5120831074853237,0.49283186284301833,0.05005323606999405
7,N2,0.3567897340373935,0.4620298714153297,0.5428850989130124,0.06545423178383837
7,N2,0.3221374936812437,0.4658801203437908,0.4427786267730243,0.05775373392691621
7,N2,0.3747575623702118,0.5159333564137848,0.527484103199168,0.0808552274976827
7,N2,0.3478058198709843,0.49283186284301833,0.47358061820071296,0.07700497856922162
7,N2,0.35422290141841944,0.4543293735584075,0.5351846010560902,0.07315472964076054
7,N2,0.3311214078476529,0.4658801203437908,0.4581796224868686,0.06930448071229946
7,N2,0.33368824046662704,0.4081263864168746,0.5313343521276291,0.06160398285537729
7,N2,0.3709073134417508,0.4581796224868686,0.5775373392691622,0.07700497856922162
7,N2,0.37989122760816,0.46973036927225187,0.6006388328399286,0.06930448071229946
7,N2,0.33497165677611407,0.41197663534533563,0.523633854270707,0.06930448071229946
7,N1,0.31443699582432155,0.49283186284301833,0.3734741460607248,0.07700497856922162
7,N1,0.43122787998764106,0.4966821117714794,0.7238467985506832,0.07315472964076054
7,N1,0.36705706451328973,0.4966821117714794,0.5351846010560902,0.06930448071229946
7,N2,0.35422290141841944,0.4851313649860962,0.5120831074853237,0.06545423178383837
7,N2,0.3709073134417508,0.5120831074853237,0.527484103199168,0.07315472964076054
7,N2,0.35935656665636756,0.47743086712917404,0.527484103199168,0.07315472964076054
7,N2,0.3272711589191919,0.4042761374884135,0.5082328585568627,0.06930448071229946
7,N2,0.3914419743935433,0.527484103199168,0.5813875881976233,0.06545423178383837
7,N2,0.38630830915559516,0.4812811160576351,0.6044890817683897,0.07315472964076054
7,N2,0.32855457522867887,0.4427786267730243,0.4812811160576351,0.06160398285537729
7,N2,0.39914247225046534,0.5313343521276291,0.5929383349830064,0.07315472964076054
7,N2,0.36834048082277676,0.5390348499845513,0.49283186284301833,0.07315472964076054
7,N2,0.36063998296585464,0.5082328585568627,0.5159333564137848,0.05775373392691621
7,N2,0.3747575623702119,0.5043826096284016,0.5544358456983957,0.06545423178383837
7,N2,0.4029927211789264,0.527484103199168,0.619890077482234,0.06160398285537729
7,N2,0.3747575623702119,0.5505855967699346,0.5082328585568627,0.06545423178383837
7,N1,0.40812638641687465,0.5929383349830064,0.5582860946268567,0.07315472964076054
7,N1,0.3644902318943157,0.4851313649860962,0.5428850989130124,0.06545423178383837
7,N2,0.4004258885599525,0.5582860946268567,0.5813875881976233,0.06160398285537729
7,N2,0.3619233992753416,0.4851313649860962,0.5351846010560902,0.06545423178383837
7,N2,0.3914419743935433,0.5005323606999406,0.6121895796253118,0.06160398285537729
7,REM,0.38117464391764705,0.4543293735584075,0.6237403264106951,0.06545423178383837
7,REM,0.39015855808405625,0.5082328585568627,0.5967885839114675,0.06545423178383837
7,REM,0.4196771332022578,0.619890077482234,0.5813875881976233,0.05775373392691621
7,REM,0.38630830915559516,0.523633854270707,0.5659865924837789,0.06930448071229946
7,REM,0.40812638641687465,0.5351846010560902,0.6160398285537729,0.07315472964076054
7,REM,0.39400880701251734,0.5659865924837789,0.5390348499845513,0.07700497856922162
7,REM,0.39914247225046545,0.5197836053422459,0.6160398285537729,0.06160398285537729
7,REM,0.34908923618047133,0.45047912462994644,0.5351846010560902,0.06160398285537729
7,REM,0.37604097867969893,0.4620298714153297,0.5967885839114675,0.06930448071229946
7,REM,0.3965756396314914,0.5351846010560902,0.5852378371260843,0.06930448071229946
7,REM,0.37475756237021196,0.4851313649860962,0.56983684141224,0.06930448071229946
7,REM,0.3093033305863735,0.39657563963149134,0.46973036927225187,0.06160398285537729
7,REM,0.38630830915559516,0.4812811160576351,0.6006388328399286,0.07700497856922162
7,REM,0.377324394989186,0.4851313649860962,0.5775373392691622,0.06930448071229946
7,REM,0.3413887383235492,0.38887514177456917,0.5621363435553178,0.07315472964076054
7,REM,0.34780581987098436,0.43507812891610215,0.5390348499845513,0.06930448071229946
7,REM,0.40042588855995237,0.5043826096284016,0.619890077482234,0.07700497856922162
7,REM,0.42096054951174483,0.5813875881976233,0.6121895796253118,0.06930448071229946
7,REM,0.4017093048694394,0.5428850989130124,0.5890880860545453,0.07315472964076054
7,N1,0.39914247225046534,0.6083393306968508,0.5159333564137848,0.07315472964076054
7,N1,0.44021179415405026,0.6275905753391562,0.6314408242676173,0.06160398285537729
7,REM,0.4158268842737968,0.56983684141224,0.6121895796253118,0.06545423178383837
7,REM,0.42609421474969295,0.5929383349830064,0.6237403264106951,0.06160398285537729
7,REM,0.4402117941540502,0.6044890817683897,0.6391413221245394,0.07700497856922162
7,REM,0.39914247225046545,0.523633854270707,0.6044890817683897,0.06930448071229946
7,REM,0.41197663534533574,0.5544358456983957,0.6121895796253118,0.06930448071229946
7,REM,0.40427613748841357,0.5659865924837789,0.5775373392691622,0.06930448071229946
7,REM,0.3490892361804714,0.4427786267730243,0.5428850989130124,0.06160398285537729
7,REM,0.4055595537979006,0.5582860946268567,0.6006388328399286,0.05775373392691621
7,REM,0.41326005165482266,0.5082328585568627,0.6545423178383838,0.07700497856922162
7,REM,0.39400880701251734,0.4851313649860962,0.6275905753391562,0.06930448071229946
7,REM,0.3888751417745692,0.43892837784456323,0.669943313552228,0.05775373392691621
7,N1,0.4325112962971281,0.7045955539083778,0.5351846010560902,0.05775373392691621
7,N1,0.4504791246299465,0.6352910731960784,0.6468418199814616,0.06930448071229946
7,REM,0.43507812891610215,0.6083393306968508,0.6352910731960784,0.06160398285537729
7,REM,0.42994446367815403,0.5967885839114675,0.6237403264106951,0.06930448071229946
7,REM,0.40427613748841357,0.527484103199168,0.6160398285537729,0.06930448071229946
7,REM,0.40812638641687465,0.5313343521276291,0.6275905753391562,0.06545423178383837
7,REM,0.40427613748841357,0.56983684141224,0.5775373392691622,0.06545423178383837
7,REM,0.4068429701073876,0.5428850989130124,0.6237403264106951,0.05390348499845513
7,N1,0.47358061820071296,0.6853443092660724,0.6545423178383838,0.0808552274976827
7,N1,0.3914419743935433,0.5505855967699346,0.5582860946268567,0.06545423178383837
7,N2,0.3888751417745692,0.523633854270707,0.5775373392691622,0.06545423178383837
7,REM,0.378607811298673,0.48898161391455724,0.5852378371260843,0.06160398285537729
7,REM,0.41197663534533563,0.5813875881976233,0.5890880860545453,0.06545423178383837
7,REM,0.40427613748841346,0.5428850989130124,0.6044890817683897,0.06545423178383837
7,REM,0.42609421474969295,0.5852378371260843,0.6121895796253118,0.0808552274976827
7,REM,0.4414952104635373,0.6044890817683897,0.6468418199814616,0.07315472964076054
7,REM,0.3542229014184195,0.4427786267730243,0.5428850989130124,0.07700497856922162
7,REM,0.39144197439354317,0.5159333564137848,0.5929383349830064,0.06545423178383837
7,REM,0.3914419743935433,0.48898161391455724,0.6121895796253118,0.07315472964076054
7,REM,0.42609421474969306,0.5813875881976233,0.6237403264106951,0.07315472964076054
7,REM,0.40940980272636157,0.5659865924837789,0.5890880860545453,0.07315472964076054
7,REM,0.4106932190358487,0.6391413221245394,0.5197836053422459,0.07315472964076054
7,REM,0.4248107984402059,0.5736870903407011,0.6429915710530005,0.05775373392691621
7,REM,0.3709073134417509,0.47743086712917404,0.56983684141224,0.06545423178383837
7,REM,0.40940980272636157,0.5351846010560902,0.619890077482234,0.07315472964076054
7,N1,0.42737763105918,0.5929383349830064,0.6160398285537729,0.07315472964076054
7,N1,0.4517625409394335,0.6275905753391562,0.6506920689099227,0.07700497856922162
7,N2,0.3978590559409784,0.527484103199168,0.6083393306968508,0.05775373392691621
7,N2,0.4004258885599525,0.5659865924837789,0.5736870903407011,0.06160398285537729
7,REM,0.3657736482038027,0.4427786267730243,0.5890880860545453,0.06545423178383837
7,REM,0.39015855808405625,0.5428850989130124,0.5659865924837789,0.06160398285537729
7,REM,0.4183937168927709,0.5505855967699346,0.6314408242676173,0.07315472964076054
7,REM,0.41326005165482277,0.5390348499845513,0.6352910731960784,0.06545423178383837
7,REM,0.3824580602271341,0.48898161391455724,0.5929383349830064,0.06545423178383837
7,REM,0.36705706451328973,0.4581796224868686,0.5852378371260843,0.05775373392691621
7,REM,0.4273776310591801,0.5621363435553178,0.6429915710530005,0.07700497856922162
7,REM,0.40940980272636157,0.5159333564137848,0.6391413221245394,0.07315472964076054
7,REM,0.3298379915381659,0.31187016320534755,0.6121895796253118,0.06545423178383837
7,REM,0.378607811298673,0.523633854270707,0.5582860946268567,0.05390348499845513
7,N1,0.378607811298673,0.5505855967699346,0.527484103199168,0.05775373392691621
7,N1,0.42994446367815403,0.6468418199814616,0.5775373392691622,0.06545423178383837
7,REM,0.378607811298673,0.5120831074853237,0.5659865924837789,0.05775373392691621
7,REM,0.40812638641687454,0.5390348499845513,0.6237403264106951,0.06160398285537729
7,REM,0.3709073134417508,0.49283186284301833,0.5582860946268567,0.06160398285537729
7,REM,0.41326005165482266,0.56983684141224,0.5929383349830064,0.07700497856922162
7,REM,0.3875917254650821,0.4812811160576351,0.6044890817683897,0.07700497856922162
7,REM,0.39400880701251734,0.5390348499845513,0.5736870903407011,0.06930448071229946
7,REM,0.4337947126066151,0.6083393306968508,0.6237403264106951,0.06930448071229946
7,REM,0.40427613748841357,0.5582860946268567,0.5929383349830064,0.06160398285537729
7,REM,0.38117464391764705,0.527484103199168,0.5659865924837789,0.05005323606999405
7,REM,0.3811746439176471,0.5043826096284016,0.5736870903407011,0.06545423178383837
7,REM,0.40812638641687454,0.5120831074853237,0.6429915710530005,0.06930448071229946
7,REM,0.3516560687994454,0.5159333564137848,0.46973036927225187,0.06930448071229946
7,N1,0.43122787998764106,0.6275905753391562,0.5929383349830064,0.07315472964076054
7,N1,0.3888751417745692,0.5505855967699346,0.5428850989130124,0.07315472964076054
7,N1,0.3837414765366211,0.523633854270707,0.5544358456983957,0.07315472964076054
7,N1,0.3747575623702119,0.48898161391455724,0.5621363435553178,0.07315472964076054
7,N1,0.4145434679643097,0.5505855967699346,0.6275905753391562,0.06545423178383837
7,N2,0.4017093048694395,0.5582860946268567,0.5813875881976233,0.06545423178383837
7,N2,0.3875917254650822,0.4543293735584075,0.6429915710530005,0.06545423178383837
7,N2,0.36449023189431573,0.5082328585568627,0.5159333564137848,0.06930448071229946
7,N2,0.4055595537979005,0.56983684141224,0.5659865924837789,0.0808552274976827
7,N2,0.39529222332200437,0.5659865924837789,0.5582860946268567,0.06160398285537729
7,N2,0.39914247225046545,0.5197836053422459,0.6083393306968508,0.06930448071229946
7,N1,0.3914419743935433,0.5813875881976233,0.523633854270707,0.06930448071229946
7,N1,0.42994446367815403,0.5890880860545453,0.6314408242676173,0.06930448071229946
7,N1,0.3657736482038027,0.46973036927225187,0.5582860946268567,0.06930448071229946
7,N2,0.3965756396314914,0.5428850989130124,0.5775373392691622,0.06930448071229946
7,N2,0.3927253907030303,0.5544358456983957,0.5659865924837789,0.05775373392691621
7,N2,0.39015855808405614,0.5120831074853237,0.5813875881976233,0.07700497856922162
7,N2,0.40427613748841357,0.5582860946268567,0.5852378371260843,0.06930448071229946
7,N2,0.41197663534533563,0.6044890817683897,0.5582860946268567,0.07315472964076054
7,N2,0.41197663534533574,0.5621363435553178,0.6044890817683897,0.06930448071229946
7,N2,0.39015855808405614,0.5467353478414735,0.5467353478414735,0.07700497856922162
7,N2,0.37989122760816,0.523633854270707,0.5505855967699346,0.06545423178383837
7,N2,0.376040978679699,0.5082328585568627,0.5467353478414735,0.07315472964076054
7,N2,0.3593565666563676,0.46973036927225187,0.5390348499845513,0.06930448071229946
7,N2,0.38502489284610814,0.5467353478414735,0.5390348499845513,0.06930448071229946
7,N2,0.35550631772790653,0.5043826096284016,0.48898161391455724,0.07315472964076054
7,N2,0.35037265248995836,0.47358061820071296,0.5159333564137848,0.06160398285537729
7,N2,0.3696238971322637,0.5159333564137848,0.5159333564137848,0.07700497856922162
7,N2,0.3734741460607249,0.49283186284301833,0.56983684141224,0.05775373392691621
7,N1,0.3093033305863735,0.4543293735584075,0.4004258885599524,0.07315472964076054
7,N2,0.40427613748841357,0.5467353478414735,0.6044890817683897,0.06160398285537729
7,N2,0.39015855808405625,0.5428850989130124,0.5621363435553178,0.06545423178383837
7,N2,0.38630830915559516,0.5544358456983957,0.5351846010560902,0.06930448071229946
7,N2,0.40299272117892654,0.5082328585568627,0.6352910731960784,0.06545423178383837
7,N2,0.3927253907030303,0.5813875881976233,0.523633854270707,0.07315472964076054
7,N1,0.32855457522867887,0.41197663534533563,0.5197836053422459,0.05390348499845513
7,N1,0.3632068155848287,0.4427786267730243,0.5736870903407011,0.07315472964076054
7,N2,0.38117464391764705,0.5159333564137848,0.5544358456983957,0.07315472964076054
7,N2,0.38117464391764705,0.5082328585568627,0.5659865924837789,0.06930448071229946
7,N2,0.4055595537979006,0.5582860946268567,0.5852378371260843,0.07315472964076054
7,N2,0.3837414765366211,0.4812811160576351,0.5967885839114675,0.07315472964076054
7,N2,0.3619233992753416,0.48898161391455724,0.5313343521276291,0.06545423178383837
7,N2,0.4094098027263617,0.6006388328399286,0.5582860946268567,0.06930448071229946
7,N2,0.3529394851089324,0.45047912462994644,0.5390348499845513,0.06930448071229946
7,N2,0.40427613748841357,0.5544358456983957,0.5890880860545453,0.06930448071229946
7,N2,0.37475756237021196,0.4851313649860962,0.56983684141224,0.06930448071229946
7,N2,0.32727115891919184,0.43892837784456323,0.4658801203437908,0.07700497856922162
7,N2,0.37732439498918596,0.5197836053422459,0.5428850989130124,0.06930448071229946
7,N2,0.4055595537979006,0.5505855967699346,0.6006388328399286,0.06545423178383837
7,N2,0.40427613748841357,0.5505855967699346,0.5929383349830064,0.06930448071229946
7,N2,0.3875917254650822,0.527484103199168,0.5736870903407011,0.06160398285537729
7,N2,0.3401053220140622,0.43892837784456323,0.5082328585568627,0.07315472964076054
7,N2,0.3734741460607249,0.4966821117714794,0.5544358456983957,0.06930448071229946
7,N2,0.34652240356149727,0.48898161391455724,0.49283186284301833,0.05775373392691621
7,N2,0.3696238971322637,0.5043826096284016,0.523633854270707,0.0808552274976827
7,N2,0.3696238971322638,0.48898161391455724,0.5544358456983957,0.06545423178383837
7,N2,0.33368824046662704,0.43507812891610215,0.5005323606999406,0.06545423178383837
7,N2,0.3683404808227768,0.5005323606999406,0.5313343521276291,0.07315472964076054
7,N2,0.34780581987098436,0.4812811160576351,0.4966821117714794,0.06545423178383837
7,N2,0.34267215463303624,0.42737763105918,0.527484103199168,0.07315472964076054
7,N2,0.33240482415713996,0.4158268842737967,0.5082328585568627,0.07315472964076054
7,N2,0.30801991427688646,0.4196771332022578,0.42737763105918,0.07700497856922162
7,N1,0.3401053220140622,0.48898161391455724,0.47358061820071296,0.05775373392691621
7,N2,0.32727115891919184,0.42737763105918,0.4851313649860962,0.06930448071229946
7,N2,0.3542229014184195,0.4427786267730243,0.5505855967699346,0.06930448071229946
7,N2,0.378607811298673,0.5467353478414735,0.5313343521276291,0.05775373392691621
7,N2,0.3683404808227768,0.4812811160576351,0.5659865924837789,0.05775373392691621
7,N2,0.3465224035614973,0.47358061820071296,0.5005323606999406,0.06545423178383837
7,N2,0.3927253907030303,0.5582860946268567,0.5621363435553178,0.05775373392691621
7,N2,0.36320681558482865,0.4966821117714794,0.5313343521276291,0.06160398285537729
7,N2,0.3503726524899584,0.4466288757014854,0.5313343521276291,0.07315472964076054
7,N2,0.39529222332200437,0.5082328585568627,0.6083393306968508,0.06930448071229946
7,N2,0.378607811298673,0.5197836053422459,0.5505855967699346,0.06545423178383837
7,N2,0.37604097867969893,0.48898161391455724,0.5659865924837789,0.07315472964076054
7,N2,0.3298379915381659,0.4466288757014854,0.47358061820071296,0.06930448071229946
7,N2,0.3247043263002178,0.4235273821307189,0.48898161391455724,0.06160398285537729
7,N2,0.3375384893950881,0.4042761374884135,0.5390348499845513,0.06930448071229946
7,N2,0.34267215463303624,0.5005323606999406,0.4581796224868686,0.06930448071229946
7,N2,0.2990360001104773,0.35807315034688053,0.46973036927225187,0.06930448071229946
7,N2,0.3080199142768865,0.35422290141841944,0.5005323606999406,0.06930448071229946
7,N2,0.29518575118201623,0.3773243949891859,0.43892837784456323,0.06930448071229946
7,W,0.2990360001104773,0.35037265248995836,0.4851313649860962,0.06160398285537729
7,W,0.4543293735584076,0.6083393306968508,0.6853443092660724,0.06930448071229946
7,N1,0.4068429701073876,0.5082328585568627,0.6468418199814616,0.06545423178383837
7,N1,0.4145434679643098,0.5736870903407011,0.6006388328399286,0.06930448071229946
7,N1,0.3837414765366211,0.523633854270707,0.5582860946268567,0.06930448071229946
7,N1,0.4183937168927708,0.619890077482234,0.5736870903407011,0.06160398285537729
7,N1,0.378607811298673,0.48898161391455724,0.5775373392691622,0.06930448071229946
7,N1,0.39400880701251734,0.49283186284301833,0.6237403264106951,0.06545423178383837
7,N1,0.4055595537979006,0.5159333564137848,0.6275905753391562,0.07315472964076054
7,N1,0.43379471260661523,0.5813875881976233,0.662242815695306,0.05775373392691621
7,N1,0.4466288757014854,0.5813875881976233,0.6853443092660724,0.07315472964076054
7,N1,0.4183937168927708,0.5467353478414735,0.6468418199814616,0.06160398285537729
7,N1,0.3657736482038027,0.43507812891610215,0.5852378371260843,0.07700497856922162
7,N1,0.36705706451328973,0.47743086712917404,0.5582860946268567,0.06545423178383837
7,N2,0.34267215463303624,0.39272539070303025,0.5736870903407011,0.06160398285537729
7,N2,0.3478058198709843,0.3850248928461081,0.6006388328399286,0.05775373392691621
7,W,0.3837414765366211,0.5197836053422459,0.56983684141224,0.06160398285537729
7,N1,0.4414952104635373,0.5890880860545453,0.6660930646237669,0.06930448071229946
7,N1,0.4055595537979005,0.5120831074853237,0.6275905753391562,0.07700497856922162
7,N1,0.4055595537979006,0.4812811160576351,0.662242815695306,0.07315472964076054
7,N1,0.41326005165482277,0.5390348499845513,0.6352910731960784,0.06545423178383837
7,N1,0.3670570645132898,0.4851313649860962,0.5544358456983957,0.06160398285537729
7,N2,0.4055595537979006,0.5659865924837789,0.5813875881976233,0.06930448071229946
7,N2,0.3914419743935433,0.4966821117714794,0.6083393306968508,0.06930448071229946
7,N2,0.36320681558482865,0.5197836053422459,0.4966821117714794,0.07315472964076054
7,N2,0.3888751417745691,0.5120831074853237,0.5890880860545453,0.06545423178383837
7,N2,0.36834048082277676,0.47358061820071296,0.5621363435553178,0.06930448071229946
7,N2,0.3875917254650822,0.523633854270707,0.56983684141224,0.06930448071229946
7,N2,0.36577364820380276,0.4658801203437908,0.5659865924837789,0.06545423178383837
7,N2,0.3965756396314914,0.48898161391455724,0.6314408242676173,0.06930448071229946
7,W,0.4017093048694395,0.5852378371260843,0.5621363435553178,0.05775373392691621
7,N1,0.42096054951174483,0.5467353478414735,0.6545423178383838,0.06160398285537729
7,N1,0.3875917254650822,0.5005323606999406,0.5967885839114675,0.06545423178383837
7,N1,0.4183937168927708,0.5159333564137848,0.669943313552228,0.06930448071229946
7,N1,0.3837414765366211,0.5621363435553178,0.5197836053422459,0.06930448071229946
7,N2,0.3888751417745692,0.49283186284301833,0.6006388328399286,0.07315472964076054
7,N2,0.42994446367815403,0.6121895796253118,0.6160398285537729,0.06160398285537729
7,N2,0.35422290141841944,0.46973036927225187,0.523633854270707,0.06930448071229946
7,N2,0.3696238971322638,0.5120831074853237,0.527484103199168,0.06930448071229946
7,N2,0.3927253907030303,0.5313343521276291,0.5813875881976233,0.06545423178383837
7,N2,0.4055595537979006,0.5852378371260843,0.56983684141224,0.06160398285537729
7,N2,0.3362550730856011,0.47358061820071296,0.4658801203437908,0.06930448071229946
7,W,0.44406204308251135,0.4812811160576351,0.7777502835491383,0.07315472964076054
7,W,0.523633854270707,0.5351846010560902,0.9548617342583481,0.0808552274976827
7,W,0.4453454593919984,0.3734741460607248,0.8932577514029708,0.06930448071229946
7,W,0.47871428343866107,0.39657563963149134,0.9625622321152703,0.07700497856922162
7,W,0.44791229201097243,0.3850248928461081,0.8855572535460486,0.07315472964076054
7,W,0.476147450819687,0.43507812891610215,0.9317602406875816,0.06160398285537729
7,W,0.4607464551058427,0.35807315034688053,0.9587119831868092,0.06545423178383837
7,W,0.473580618200713,0.4581796224868686,0.8971080003314319,0.06545423178383837
7,W,0.5339011847466032,0.5467353478414735,0.9895139746144977,0.06545423178383837
7,W,0.44791229201097243,0.34652240356149727,0.9279099917591205,0.06930448071229946
7,W,0.4633132877248168,0.3850248928461081,0.9394607385445037,0.06545423178383837
7,W,0.5262006868896811,0.5736870903407011,0.9394607385445037,0.06545423178383837
7,W,0.5159333564137849,0.4851313649860962,0.9972144724714199,0.06545423178383837
7,W,0.49539869546199244,0.49283186284301833,0.9202094939021983,0.07315472964076054
7,W,0.4645967040343038,0.39272539070303025,0.9317602406875816,0.06930448071229946
7,W,0.5018157770094276,0.43507812891610215,1.0010647213998811,0.06930448071229946
7,W,0.4633132877248168,0.35807315034688053,0.9664124810437313,0.06545423178383837
7,W,0.5172167727232719,0.5197836053422459,0.9625622321152703,0.06930448071229946
7,W,0.4517625409394335,0.42737763105918,0.8701562578322043,0.05775373392691621
7,W,0.42994446367815403,0.3696238971322638,0.8509050131898989,0.06930448071229946
7,W,0.4851313649860962,0.4581796224868686,0.9317602406875816,0.06545423178383837
7,W,0.5326177684371163,0.5197836053422459,1.0087652192568033,0.06930448071229946
7,W,0.4799976997481481,0.4004258885599524,0.9741129789006535,0.06545423178383837
7,W,0.5133665237948107,0.48898161391455724,0.9933642235429588,0.05775373392691621
7,W,0.4812811160576351,0.4081263864168746,0.9664124810437313,0.06930448071229946
7,W,0.6096227470063379,0.7584990389068329,1.0049149703283422,0.06545423178383837
7,W,0.5570026783173697,0.6160398285537729,0.9818134767575756,0.07315472964076054
7,W,0.4594630387963557,0.3426721546330362,0.9625622321152703,0.07315472964076054
7,W,0.5223504379612199,0.5120831074853237,0.9856637256860367,0.06930448071229946
7,W,0.46459670403430375,0.43122787998764106,0.8778567556891265,0.08470547642614377
7,W,0.44021179415405026,0.3657736482038027,0.8894075024745097,0.06545423178383837
7,W,0.4799976997481481,0.381174643917647,0.9856637256860367,0.07315472964076054
7,W,0.4889816139145573,0.4620298714153297,0.9394607385445037,0.06545423178383837
7,W,0.5005323606999406,0.4581796224868686,0.9741129789006535,0.06930448071229946
7,W,0.476147450819687,0.4196771332022578,0.9548617342583481,0.05390348499845513
7,W,0.44791229201097243,0.3657736482038027,0.9125089960452761,0.06545423178383837
7,W,0.43892837784456323,0.3234209099907308,0.9279099917591205,0.06545423178383837
7,W,0.47101378558173895,0.3850248928461081,0.9548617342583481,0.07315472964076054
7,W,0.476147450819687,0.43507812891610215,0.9279099917591205,0.06545423178383837
7,W,0.524917270580194,0.5505855967699346,0.9587119831868092,0.06545423178383837
7,W,0.4889816139145573,0.48898161391455724,0.9125089960452761,0.06545423178383837
7,W,0.5095162748663498,0.49283186284301833,0.9664124810437313,0.06930448071229946
7,W,0.5172167727232718,0.5005323606999406,0.9856637256860367,0.06545423178383837
7,W,0.5018157770094276,0.4658801203437908,0.9741129789006535,0.06545423178383837
7,W,0.48256453236712216,0.43507812891610215,0.9471612364014259,0.06545423178383837
7,W,0.42096054951174483,0.35422290141841944,0.8432045153329767,0.06545423178383837
7,W,0.4697303692722518,0.42737763105918,0.904808498188354,0.07700497856922162
7,W,0.45817962248686867,0.3426721546330362,0.9664124810437313,0.06545423178383837
7,W,0.44277862677302426,0.3195706610622697,0.9317602406875816,0.07700497856922162
7,W,0.472297201891226,0.39272539070303025,0.9548617342583481,0.06930448071229946
7,W,0.45304595724892055,0.35422290141841944,0.9356104896160427,0.06930448071229946
7,W,0.4697303692722519,0.47358061820071296,0.8740065067606654,0.06160398285537729
7,W,0.4517625409394335,0.4658801203437908,0.8124025239052881,0.07700497856922162
8,W,0.43892837784456323,0.4581796224868686,0.8008517771199049,0.05775373392691621
8,W,0.4196771332022578,0.3850248928461081,0.8008517771199049,0.07315472964076054
8,W,0.44919570832045946,0.4466288757014854,0.8316537685475934,0.06930448071229946
8,W,0.37604097867969893,0.31572041213380864,0.7469482921214496,0.06545423178383837
8,W,0.44406204308251135,0.4466288757014854,0.8124025239052881,0.07315472964076054
8,W,0.4068429701073876,0.39657563963149134,0.7546487899783718,0.06930448071229946
8,W,0.44406204308251135,0.381174643917647,0.8740065067606654,0.07700497856922162
8,W,0.3978590559409784,0.4042761374884135,0.7199965496222221,0.06930448071229946
8,W,0.44791229201097243,0.4543293735584075,0.8201030217622103,0.06930448071229946
8,W,0.44021179415405026,0.42737763105918,0.8316537685475934,0.06160398285537729
8,W,0.4607464551058427,0.43122787998764106,0.8817070046175876,0.06930448071229946
8,W,0.44919570832045946,0.4466288757014854,0.8355040174760545,0.06545423178383837
8,W,0.5069494422473757,0.56983684141224,0.8740065067606654,0.07700497856922162
8,W,0.4196771332022578,0.4235273821307189,0.7700497856922162,0.06545423178383837
8,W,0.43892837784456323,0.3850248928461081,0.8663060089037432,0.06545423178383837
8,W,0.42609421474969295,0.331121407847653,0.8778567556891265,0.06930448071229946
8,W,0.4620298714153297,0.39272539070303025,0.9356104896160427,0.05775373392691621
8,W,0.4325112962971281,0.4158268842737967,0.8278035196191323,0.05390348499845513
8,W,0.45304595724892055,0.381174643917647,0.9125089960452761,0.06545423178383837
8,W,0.43251129629712803,0.4158268842737967,0.8047020260483659,0.07700497856922162
8,W,0.4979655280809665,0.5043826096284016,0.9279099917591205,0.06160398285537729
8,W,0.4017093048694395,0.34652240356149727,0.7970015281914438,0.06160398285537729
8,W,0.4568962061773816,0.39657563963149134,0.908658747116815,0.06545423178383837
8,W,0.4325112962971281,0.4466288757014854,0.7854507814060605,0.06545423178383837
8,W,0.4594630387963557,0.4581796224868686,0.8509050131898989,0.06930448071229946
8,W,0.36063998296585464,0.4466288757014854,0.5736870903407011,0.06160398285537729
8,W,0.3850248928461082,0.5043826096284016,0.5813875881976233,0.06930448071229946
8,W,0.3657736482038027,0.4427786267730243,0.5890880860545453,0.06545423178383837
8,W,0.46588012034379084,0.6275905753391562,0.7045955539083778,0.06545423178383837
8,W,0.49154844653353136,0.6853443092660724,0.7199965496222221,0.06930448071229946
8,W,0.4453454593919983,0.5929383349830064,0.6737935624806891,0.06930448071229946
8,W,0.4645967040343038,0.6968950560514556,0.6275905753391562,0.06930448071229946
8,W,0.4774308671291741,0.7199965496222221,0.6352910731960784,0.07700497856922162
8,W,0.48641478129558324,0.6814940603376113,0.7007453049799167,0.07700497856922162
8,W,0.4966821117714795,0.7392477942645276,0.6853443092660724,0.06545423178383837
8,W,0.47358061820071296,0.6660930646237669,0.6891945581945335,0.06545423178383837
8,W,0.5659865924837789,0.8740065067606654,0.7661995367637551,0.05775373392691621
8,W,0.4517625409394335,0.6391413221245394,0.6583925667668449,0.05775373392691621
8,W,0.43122787998764106,0.5467353478414735,0.6814940603376113,0.06545423178383837
8,W,0.40042588855995237,0.35807315034688053,0.7661995367637551,0.07700497856922162
8,W,0.4196771332022578,0.42737763105918,0.7661995367637551,0.06545423178383837
8,W,0.44021179415405026,0.4658801203437908,0.7893010303345216,0.06545423178383837
8,W,0.47614745081968707,0.46973036927225187,0.8932577514029708,0.06545423178383837
8,W,0.49539869546199244,0.56983684141224,0.85475526211836,0.06160398285537729
8,W,0.4941152791525054,0.5852378371260843,0.8355040174760545,0.06160398285537729
8,W,0.42096054951174483,0.41197663534533563,0.7854507814060605,0.06545423178383837
8,W,0.3709073134417508,0.3426721546330362,0.6968950560514556,0.07315472964076054
8,W,0.42096054951174483,0.49283186284301833,0.7122960517653,0.05775373392691621
8,W,0.4684469529627649,0.7315472964076054,0.6006388328399286,0.07315472964076054
8,W,0.44406204308251135,0.5659865924837789,0.7007453049799167,0.06545423178383837
8,W,0.46202987141532975,0.7007453049799167,0.6237403264106951,0.06160398285537729
8,W,0.47743086712917404,0.7430980431929886,0.6160398285537729,0.07315472964076054
8,W,0.4671635366532778,0.7161463006937611,0.619890077482234,0.06545423178383837
8,W,0.46588012034379084,0.5929383349830064,0.7392477942645276,0.06545423178383837
8,W,0.4812811160576351,0.7276970474791443,0.6468418199814616,0.06930448071229946
8,W,0.49026503022404433,0.7739000346206772,0.6237403264106951,0.07315472964076054
8,W,0.4812811160576351,0.7469482921214496,0.6352910731960784,0.06160398285537729
8,W,0.4889816139145573,0.7315472964076054,0.6660930646237669,0.06930448071229946
8,W,0.4979655280809665,0.7970015281914438,0.6429915710530005,0.05390348499845513
8,W,0.4838479486766092,0.7276970474791443,0.6660930646237669,0.05775373392691621
8,N1,0.4979655280809665,0.7739000346206772,0.6468418199814616,0.07315472964076054
8,N1,0.4774308671291741,0.7238467985506832,0.6391413221245394,0.06930448071229946
8,N1,0.4607464551058427,0.6737935624806891,0.6429915710530005,0.06545423178383837
8,N1,0.4645967040343038,0.6891945581945335,0.6429915710530005,0.06160398285537729
8,N1,0.48513136498609616,0.7122960517653,0.662242815695306,0.0808552274976827
8,N1,0.46202987141532975,0.669943313552228,0.6468418199814616,0.06930448071229946
8,W,0.42224396582123197,0.5043826096284016,0.7007453049799167,0.06160398285537729
8,W,0.4286610473686671,0.5813875881976233,0.6391413221245394,0.06545423178383837
8,W,0.47871428343866107,0.7469482921214496,0.6275905753391562,0.06160398285537729
8,W,0.49539869546199244,0.7546487899783718,0.6660930646237669,0.06545423178383837
8,N1,0.4838479486766092,0.7469482921214496,0.6352910731960784,0.06930448071229946
8,N1,0.4966821117714794,0.7584990389068329,0.6660930646237669,0.06545423178383837
8,N1,0.4941152791525054,0.7161463006937611,0.6968950560514556,0.06930448071229946
8,N1,0.4774308671291741,0.7238467985506832,0.6314408242676173,0.07700497856922162
8,N1,0.44406204308251135,0.6352910731960784,0.619890077482234,0.07700497856922162
8,N1,0.4530459572489205,0.6737935624806891,0.6160398285537729,0.06930448071229946
8,N1,0.42994446367815414,0.6429915710530005,0.5775373392691622,0.06930448071229946
8,W,0.42994446367815403,0.5120831074853237,0.7084458028368389,0.06930448071229946
8,W,0.4607464551058427,0.6275905753391562,0.6891945581945335,0.06545423178383837
8,W,0.4363615452255892,0.4812811160576351,0.7661995367637551,0.06160398285537729
8,W,0.44919570832045946,0.5082328585568627,0.7700497856922162,0.06930448071229946
8,W,0.4620298714153297,0.6391413221245394,0.6737935624806891,0.07315472964076054
8,W,0.4414952104635373,0.6468418199814616,0.6006388328399286,0.07700497856922162
8,W,0.47358061820071296,0.7084458028368389,0.6429915710530005,0.06930448071229946
8,W,0.4543293735584076,0.6506920689099227,0.6352910731960784,0.07700497856922162
8,N1,0.4941152791525054,0.7507985410499107,0.669943313552228,0.06160398285537729
8,N1,0.49154844653353136,0.7353975453360665,0.6737935624806891,0.06545423178383837
8,N1,0.4337947126066151,0.6044890817683897,0.6160398285537729,0.0808552274976827
8,W,0.36705706451328973,0.4466288757014854,0.5890880860545453,0.06545423178383837
8,W,0.41711030058328386,0.5582860946268567,0.6237403264106951,0.06930448071229946
8,W,0.44021179415405026,0.662242815695306,0.5929383349830064,0.06545423178383837
8,N1,0.43507812891610215,0.5813875881976233,0.6583925667668449,0.06545423178383837
8,W,0.3619233992753417,0.4543293735584075,0.5544358456983957,0.07700497856922162
8,W,0.39400880701251734,0.35037265248995836,0.7546487899783718,0.07700497856922162
8,W,0.39400880701251734,0.3734741460607248,0.7353975453360665,0.07315472964076054
8,W,0.4183937168927708,0.4081263864168746,0.7700497856922162,0.07700497856922162
8,W,0.4979655280809665,0.4658801203437908,0.9625622321152703,0.06545423178383837
8,W,0.4838479486766092,0.45047912462994644,0.9356104896160427,0.06545423178383837
8,W,0.46202987141532975,0.381174643917647,0.951011485329887,0.05390348499845513
8,W,0.4902650302240443,0.4427786267730243,0.951011485329887,0.07700497856922162
8,W,0.5249172705801941,0.523633854270707,0.9741129789006535,0.07700497856922162
8,W,0.4466288757014854,0.38887514177456917,0.8778567556891265,0.07315472964076054
8,W,0.46973036927225187,0.43507812891610215,0.9009582492598929,0.07315472964076054
8,W,0.47871428343866107,0.4658801203437908,0.904808498188354,0.06545423178383837
8,W,0.44406204308251135,0.4196771332022578,0.8509050131898989,0.06160398285537729
8,W,0.4530459572489205,0.47743086712917404,0.8278035196191323,0.05390348499845513
8,W,0.4633132877248167,0.4581796224868686,0.8624557599752821,0.06930448071229946
8,W,0.4607464551058427,0.42737763105918,0.8855572535460486,0.06930448071229946
8,W,0.4248107984402059,0.34652240356149727,0.8663060089037432,0.06160398285537729
8,W,0.48641478129558324,0.5043826096284016,0.8932577514029708,0.06160398285537729
8,W,0.43507812891610215,0.4158268842737967,0.8316537685475934,0.05775373392691621
8,W,0.4504791246299465,0.4427786267730243,0.8393542664045156,0.06930448071229946
8,W,0.4466288757014854,0.47358061820071296,0.7931512792629827,0.07315472964076054
8,W,0.4350781289161021,0.35037265248995836,0.8778567556891265,0.07700497856922162
8,W,0.47486403451020004,0.4620298714153297,0.8932577514029708,0.06930448071229946
8,W,0.4337947126066151,0.41197663534533563,0.8201030217622103,0.06930448071229946
8,W,0.44406204308251135,0.41197663534533563,0.8663060089037432,0.05390348499845513
8,W,0.48641478129558324,0.5197836053422459,0.8663060089037432,0.07315472964076054
8,W,0.5018157770094275,0.5313343521276291,0.908658747116815,0.06545423178383837
8,W,0.4941152791525054,0.523633854270707,0.8971080003314319,0.06160398285537729
8,W,0.49026503022404433,0.5582860946268567,0.8509050131898989,0.06160398285537729
8,W,0.45689620617738164,0.4196771332022578,0.8778567556891265,0.07315472964076054
8,W,0.45047912462994644,0.43507812891610215,0.8355040174760545,0.0808552274976827
8,W,0.44919570832045946,0.3773243949891859,0.8932577514029708,0.07700497856922162
8,W,0.5172167727232718,0.4966821117714794,0.9818134767575756,0.07315472964076054
8,W,0.5390348499845513,0.5890880860545453,0.9625622321152703,0.06545423178383837
8,W,0.5069494422473756,0.5313343521276291,0.9240597428306594,0.06545423178383837
8,W,0.49154844653353136,0.56983684141224,0.8470547642614378,0.05775373392691621
8,W,0.4620298714153297,0.47358061820071296,0.8470547642614378,0.06545423178383837
8,W,0.4466288757014854,0.46973036927225187,0.808552274976827,0.06160398285537729
8,W,0.4748640345102,0.5428850989130124,0.808552274976827,0.07315472964076054
8,W,0.4812811160576351,0.5159333564137848,0.858605511046821,0.06930448071229946
8,W,0.4799976997481481,0.5390348499845513,0.8432045153329767,0.05775373392691621
8,W,0.4337947126066151,0.4658801203437908,0.762349287835294,0.07315472964076054
8,W,0.46716353665327787,0.45047912462994644,0.8894075024745097,0.06160398285537729
8,W,0.476147450819687,0.5197836053422459,0.8393542664045156,0.06930448071229946
8,W,0.4812811160576351,0.4581796224868686,0.908658747116815,0.07700497856922162
8,W,0.4812811160576351,0.5505855967699346,0.8393542664045156,0.05390348499845513
8,W,0.47871428343866107,0.5159333564137848,0.858605511046821,0.06160398285537729
8,W,0.4376449615350762,0.4427786267730243,0.8047020260483659,0.06545423178383837
8,W,0.4427786267730243,0.46973036927225187,0.7893010303345216,0.06930448071229946
8,W,0.49796552808096645,0.56983684141224,0.8470547642614378,0.07700497856922162
8,W,0.47999769974814804,0.4543293735584075,0.9009582492598929,0.08470547642614377
8,W,0.44791229201097243,0.49283186284301833,0.7931512792629827,0.05775373392691621
8,W,0.5120831074853238,0.619890077482234,0.85475526211836,0.06160398285537729
8,W,0.48641478129558324,0.5351846010560902,0.858605511046821,0.06545423178383837
8,W,0.5300509358181421,0.6391413221245394,0.8855572535460486,0.06545423178383837
8,W,0.56983684141224,0.6853443092660724,0.9548617342583481,0.06930448071229946
8,W,0.5788207555786492,0.7045955539083778,0.9664124810437313,0.06545423178383837
8,W,0.5351846010560902,0.6237403264106951,0.9163592449737372,0.06545423178383837
8,W,0.5416016826035254,0.6429915710530005,0.9125089960452761,0.06930448071229946
8,W,0.5441685152224994,0.6506920689099227,0.9202094939021983,0.06160398285537729
8,W,0.527484103199168,0.6006388328399286,0.904808498188354,0.07700497856922162
8,W,0.4941152791525054,0.5582860946268567,0.85475526211836,0.06930448071229946
8,W,0.5095162748663496,0.5890880860545453,0.8740065067606654,0.06545423178383837
8,W,0.5210670216517329,0.6083393306968508,0.8740065067606654,0.0808552274976827
8,W,0.5043826096284016,0.5852378371260843,0.8663060089037432,0.06160398285537729
8,W,0.5647031761742919,0.7122960517653,0.9202094939021983,0.06160398285537729
8,W,0.5428850989130124,0.6237403264106951,0.9394607385445037,0.06545423178383837
8,W,0.5518690130794215,0.6660930646237669,0.908658747116815,0.0808552274976827
8,W,0.5339011847466032,0.6006388328399286,0.9356104896160427,0.06545423178383837
8,W,0.4979655280809665,0.5505855967699346,0.8701562578322043,0.07315472964076054
8,W,0.5069494422473757,0.5659865924837789,0.8855572535460486,0.06930448071229946
8,W,0.5095162748663498,0.5582860946268567,0.8971080003314319,0.07315472964076054
8,W,0.523633854270707,0.6160398285537729,0.8855572535460486,0.06930448071229946
8,W,0.46973036927225187,0.5005323606999406,0.8432045153329767,0.06545423178383837
8,W,0.4799976997481481,0.48898161391455724,0.8894075024745097,0.06160398285537729
8,W,0.48256453236712216,0.5428850989130124,0.8470547642614378,0.05775373392691621
8,W,0.5570026783173697,0.669943313552228,0.9394607385445037,0.06160398285537729
8,W,0.4504791246299465,0.5082328585568627,0.7739000346206772,0.06930448071229946
8,W,0.4748640345102,0.5582860946268567,0.7931512792629827,0.07315472964076054
8,W,0.5287675195086552,0.6314408242676173,0.8894075024745097,0.06545423178383837
8,W,0.5146499401042978,0.7045955539083778,0.7661995367637551,0.07315472964076054
8,W,0.49796552808096645,0.6545423178383838,0.762349287835294,0.07700497856922162
8,W,0.48256453236712216,0.5659865924837789,0.8162527728337492,0.06545423178383837
8,W,0.5300509358181422,0.5736870903407011,0.9471612364014259,0.06930448071229946
8,W,0.521067021651733,0.6391413221245394,0.858605511046821,0.06545423178383837
8,W,0.48256453236712216,0.5082328585568627,0.8817070046175876,0.05775373392691621
8,W,0.5428850989130124,0.6275905753391562,0.9202094939021983,0.0808552274976827
8,W,0.5441685152224994,0.6968950560514556,0.8701562578322043,0.06545423178383837
8,W,0.49026503022404433,0.43507812891610215,0.9779632278291145,0.05775373392691621
8,W,0.5095162748663498,0.5120831074853237,0.9548617342583481,0.06160398285537729
8,W,0.4889816139145573,0.4581796224868686,0.9356104896160427,0.07315472964076054
8,W,0.49924894439045353,0.49283186284301833,0.9356104896160427,0.06930448071229946
8,W,0.5659865924837789,0.6814940603376113,0.951011485329887,0.06545423178383837
8,W,0.5120831074853238,0.5159333564137848,0.9587119831868092,0.06160398285537729
8,W,0.5159333564137849,0.5467353478414735,0.9356104896160427,0.06545423178383837
8,W,0.5185001890327589,0.56983684141224,0.9163592449737372,0.06930448071229946
8,W,0.5505855967699346,0.6468418199814616,0.9394607385445037,0.06545423178383837
8,W,0.4966821117714795,0.5005323606999406,0.9240597428306594,0.06545423178383837
8,W,0.5005323606999404,0.5197836053422459,0.9202094939021983,0.06160398285537729
8,W,0.5056660259378887,0.527484103199168,0.9163592449737372,0.07315472964076054
8,W,0.5351846010560902,0.6391413221245394,0.908658747116815,0.05775373392691621
8,W,0.5467353478414735,0.6506920689099227,0.9202094939021983,0.06930448071229946
8,W,0.5351846010560902,0.6160398285537729,0.9279099917591205,0.06160398285537729
8,W,0.519783605342246,0.5775373392691622,0.9202094939021983,0.06160398285537729
8,W,0.5236338542707071,0.5659865924837789,0.9394607385445037,0.06545423178383837
8,W,0.49796552808096645,0.5120831074853237,0.9125089960452761,0.06930448071229946
8,W,0.4941152791525054,0.49283186284301833,0.9125089960452761,0.07700497856922162
8,W,0.5172167727232719,0.5736870903407011,0.908658747116815,0.06930448071229946
8,W,0.4453454593919984,0.3657736482038027,0.8971080003314319,0.07315472964076054
8,W,0.5043826096284016,0.523633854270707,0.9125089960452761,0.07700497856922162
8,W,0.4658801203437908,0.5120831074853237,0.8162527728337492,0.06930448071229946
8,W,0.39914247225046545,0.43507812891610215,0.6814940603376113,0.0808552274976827
8,W,0.5018157770094276,0.6737935624806891,0.762349287835294,0.06930448071229946
8,W,0.4645967040343038,0.5967885839114675,0.7353975453360665,0.06160398285537729
8,W,0.42994446367815414,0.5736870903407011,0.6391413221245394,0.07700497856922162
8,W,0.3709073134417508,0.3657736482038027,0.6814940603376113,0.06545423178383837
8,W,0.5172167727232719,0.5159333564137848,0.9741129789006535,0.06160398285537729
8,W,0.5480187641509605,0.619890077482234,0.9548617342583481,0.06930448071229946
8,W,0.41326005165482277,0.381174643917647,0.7931512792629827,0.06545423178383837
8,W,0.428661047368667,0.3850248928461081,0.8239532706906713,0.07700497856922162
8,W,0.5082328585568627,0.5736870903407011,0.8817070046175876,0.06930448071229946
8,W,0.5133665237948107,0.5621363435553178,0.8971080003314319,0.0808552274976827
8,W,0.5082328585568627,0.527484103199168,0.9240597428306594,0.07315472964076054
8,W,0.5172167727232719,0.56983684141224,0.9202094939021983,0.06160398285537729
8,W,0.4876981976050702,0.49283186284301833,0.8932577514029708,0.07700497856922162
8,W,0.5377514336750643,0.5890880860545453,0.9741129789006535,0.05005323606999405
8,W,0.5210670216517329,0.5929383349830064,0.904808498188354,0.06545423178383837
8,W,0.4838479486766092,0.43892837784456323,0.9356104896160427,0.07700497856922162
8,W,0.5351846010560902,0.5736870903407011,0.9587119831868092,0.07315472964076054
8,W,0.5069494422473756,0.5313343521276291,0.9240597428306594,0.06545423178383837
8,W,0.527484103199168,0.5621363435553178,0.9548617342583481,0.06545423178383837
8,W,0.49026503022404433,0.49283186284301833,0.9125089960452761,0.06545423178383837
8,W,0.4979655280809665,0.5005323606999406,0.9279099917591205,0.06545423178383837
8,W,0.47358061820071296,0.5159333564137848,0.8355040174760545,0.06930448071229946
8,W,0.42994446367815403,0.43122787998764106,0.8008517771199049,0.05775373392691621
8,W,0.46716353665327787,0.4812811160576351,0.858605511046821,0.06160398285537729
8,W,0.4568962061773816,0.5159333564137848,0.7893010303345216,0.06545423178383837
8,W,0.3619233992753416,0.43122787998764106,0.5929383349830064,0.06160398285537729
8,W,0.45176254093943347,0.527484103199168,0.762349287835294,0.06545423178383837
8,W,0.3965756396314914,0.4042761374884135,0.7161463006937611,0.06930448071229946
8,W,0.4068429701073876,0.4427786267730243,0.7161463006937611,0.06160398285537729
8,W,0.47743086712917404,0.5159333564137848,0.8432045153329767,0.07315472964076054
8,W,0.46074645510584267,0.4658801203437908,0.85475526211836,0.06160398285537729
8,W,0.6057724980778768,0.7584990389068329,0.9933642235429588,0.06545423178383837
8,W,0.5570026783173697,0.6083393306968508,0.9856637256860367,0.07700497856922162
8,W,0.5146499401042979,0.523633854270707,0.9433109874729648,0.07700497856922162
8,W,0.48513136498609616,0.47358061820071296,0.904808498188354,0.07700497856922162
8,W,0.4594630387963557,0.4658801203437908,0.8432045153329767,0.06930448071229946
8,W,0.4979655280809665,0.5159333564137848,0.904808498188354,0.07315472964076054
8,W,0.4568962061773816,0.4620298714153297,0.8355040174760545,0.07315472964076054
8,W,0.3965756396314914,0.381174643917647,0.7353975453360665,0.07315472964076054
8,W,0.3914419743935433,0.4235273821307189,0.6814940603376113,0.06930448071229946
8,W,0.4748640345102,0.46973036927225187,0.8971080003314319,0.05775373392691621
8,W,0.41711030058328374,0.35422290141841944,0.8316537685475934,0.06545423178383837
8,W,0.43122787998764106,0.43122787998764106,0.8008517771199049,0.06160398285537729
8,W,0.36320681558482865,0.35807315034688053,0.6660930646237669,0.06545423178383837
8,W,0.4055595537979005,0.3734741460607248,0.7661995367637551,0.07700497856922162
8,W,0.4145434679643097,0.4042761374884135,0.7661995367637551,0.07315472964076054
8,W,0.38502489284610814,0.35807315034688053,0.7315472964076054,0.06545423178383837
8,W,0.43507812891610215,0.43122787998764106,0.8162527728337492,0.05775373392691621
8,W,0.3837414765366211,0.3850248928461081,0.6891945581945335,0.07700497856922162
8,W,0.3875917254650822,0.42737763105918,0.669943313552228,0.06545423178383837
8,W,0.45304595724892055,0.6275905753391562,0.6583925667668449,0.07315472964076054
8,W,0.4376449615350762,0.5929383349830064,0.6506920689099227,0.06930448071229946
8,W,0.4748640345102,0.6968950560514556,0.662242815695306,0.06545423178383837
8,W,0.472297201891226,0.6930448071229945,0.662242815695306,0.06160398285537729
8,W,0.4941152791525054,0.7392477942645276,0.6737935624806891,0.06930448071229946
8,W,0.49924894439045353,0.7584990389068329,0.6776438114091502,0.06160398285537729
8,N1,0.4594630387963557,0.6468418199814616,0.6583925667668449,0.07315472964076054
8,N1,0.4581796224868686,0.6468418199814616,0.6737935624806891,0.05390348499845513
8,N1,0.48769819760507027,0.7276970474791443,0.662242815695306,0.07315472964076054
8,N1,0.5069494422473757,0.7777502835491383,0.6660930646237669,0.07700497856922162
8,N1,0.47871428343866107,0.6891945581945335,0.6853443092660724,0.06160398285537729
8,N1,0.4748640345102,0.7161463006937611,0.6429915710530005,0.06545423178383837
8,N1,0.4812811160576351,0.6583925667668449,0.7084458028368389,0.07700497856922162
8,N1,0.472297201891226,0.6506920689099227,0.6968950560514556,0.06930448071229946
8,N1,0.46716353665327787,0.6044890817683897,0.7353975453360665,0.06160398285537729
8,N1,0.48256453236712216,0.7122960517653,0.6737935624806891,0.06160398285537729
8,N1,0.4722972018912259,0.6545423178383838,0.6968950560514556,0.06545423178383837
8,N1,0.5146499401042979,0.7469482921214496,0.7199965496222221,0.07700497856922162
8,N1,0.5172167727232719,0.7430980431929886,0.7315472964076054,0.07700497856922162
8,N1,0.4710137855817389,0.6930448071229945,0.6583925667668449,0.06160398285537729
8,N1,0.5133665237948108,0.7661995367637551,0.7007453049799167,0.07315472964076054
8,N1,0.5313343521276291,0.7970015281914438,0.7353975453360665,0.06160398285537729
8,N1,0.4941152791525054,0.7315472964076054,0.6930448071229945,0.05775373392691621
8,N1,0.5018157770094276,0.7392477942645276,0.6930448071229945,0.07315472964076054
8,N1,0.4966821117714795,0.7122960517653,0.7007453049799167,0.07700497856922162
8,N1,0.4337947126066151,0.6352910731960784,0.6006388328399286,0.06545423178383837
8,N1,0.4440620430825113,0.669943313552228,0.5890880860545453,0.07315472964076054
8,N1,0.42737763105918,0.6314408242676173,0.5890880860545453,0.06160398285537729
8,N1,0.4543293735584076,0.6660930646237669,0.6275905753391562,0.06930448071229946
8,N1,0.3824580602271341,0.5467353478414735,0.5351846010560902,0.06545423178383837
8,N1,0.4068429701073875,0.619890077482234,0.527484103199168,0.07315472964076054
8,N1,0.48256453236712216,0.7353975453360665,0.6391413221245394,0.07315472964076054
8,N1,0.42609421474969295,0.6583925667668449,0.5505855967699346,0.06930448071229946
8,N1,0.3965756396314914,0.6506920689099227,0.4658801203437908,0.07315472964076054
8,N2,0.33497165677611407,0.4620298714153297,0.46973036927225187,0.07315472964076054
8,N2,0.30673649796739944,0.4158268842737967,0.4427786267730243,0.06160398285537729
8,N2,0.32727115891919184,0.47743086712917404,0.43892837784456323,0.06545423178383837
8,N2,0.30930333058637344,0.45047912462994644,0.4158268842737967,0.06160398285537729
8,N2,0.31957066106226967,0.4581796224868686,0.43122787998764106,0.06930448071229946
8,N2,0.32342090999073075,0.5005323606999406,0.41197663534533563,0.05775373392691621
8,N2,0.3003194164199643,0.41197663534533563,0.41197663534533563,0.07700497856922162
8,N2,0.30673649796739944,0.39657563963149134,0.4658801203437908,0.05775373392691621
8,N2,0.28491842070612,0.3850248928461081,0.4158268842737967,0.05390348499845513
8,N2,0.29646916749150326,0.39272539070303025,0.43892837784456323,0.05775373392691621
8,N2,0.29133550225355515,0.4196771332022578,0.39272539070303025,0.06160398285537729
8,N2,0.26438375975432754,0.35422290141841944,0.3773243949891859,0.06160398285537729
8,N2,0.2797847554681719,0.43507812891610215,0.334971656776114,0.06930448071229946
8,N2,0.27465109023022377,0.381174643917647,0.3734741460607248,0.06930448071229946
8,N2,0.26053351082586645,0.4042761374884135,0.31572041213380864,0.06160398285537729
8,N2,0.26951742499227566,0.35422290141841944,0.381174643917647,0.07315472964076054
8,N3,0.2425656824930481,0.35422290141841944,0.30801991427688646,0.06545423178383837
8,N3,0.26053351082586645,0.331121407847653,0.3734741460607248,0.07700497856922162
8,N3,0.23871543356458702,0.3234209099907308,0.3234209099907308,0.06930448071229946
8,N3,0.2579666782068924,0.3734741460607248,0.3426721546330362,0.05775373392691621
8,N3,0.2502661803499702,0.3850248928461081,0.2964691674915032,0.06930448071229946
8,N3,0.24513251511202216,0.334971656776114,0.331121407847653,0.06930448071229946
8,N3,0.20919685844638536,0.2964691674915032,0.26951742499227566,0.06160398285537729
8,N3,0.21689735630330753,0.28491842070612,0.31187016320534755,0.05390348499845513
8,N3,0.2091968584463854,0.2502661803499703,0.30801991427688646,0.06930448071229946
8,N3,0.20791344213689836,0.31572041213380864,0.23486518463612593,0.07315472964076054
8,N3,0.20791344213689833,0.3041696653484254,0.2618169271353535,0.05775373392691621
8,N3,0.17454461809023566,0.21176369106535944,0.2502661803499703,0.06160398285537729
8,N3,0.21689735630330753,0.2579666782068924,0.31187016320534755,0.0808552274976827
8,N3,0.2014963605894632,0.2618169271353535,0.27336767392073674,0.06930448071229946
8,N3,0.21304710737484647,0.28491842070612,0.2887686696345811,0.06545423178383837
8,N3,0.20663002582741133,0.27336767392073674,0.27721792284919783,0.06930448071229946
8,N3,0.1963626953515151,0.24641593142150917,0.2887686696345811,0.05390348499845513
8,N3,0.1809616996376708,0.23486518463612593,0.23486518463612593,0.07315472964076054
8,N3,0.2104802747558724,0.2964691674915032,0.27721792284919783,0.05775373392691621
8,N3,0.1848119485661319,0.2425656824930481,0.2502661803499703,0.06160398285537729
8,N3,0.18737878118510595,0.2618169271353535,0.23871543356458702,0.06160398285537729
8,N3,0.17711145070920972,0.2425656824930481,0.23871543356458702,0.05005323606999405
8,N3,0.18352853225664487,0.2233144378507427,0.25411642927843137,0.07315472964076054
8,N3,0.1963626953515151,0.3003194164199643,0.21561393999382053,0.07315472964076054
8,N3,0.19892952797048916,0.2964691674915032,0.24641593142150917,0.05390348499845513
8,N3,0.17967828332818378,0.2579666782068924,0.21946418892228162,0.06160398285537729
8,N3,0.1809616996376708,0.2502661803499703,0.22716468677920376,0.06545423178383837
8,N3,0.1937958627325411,0.27336767392073674,0.2425656824930481,0.06545423178383837
8,N3,0.17326120178074866,0.25411642927843137,0.2002129442799762,0.06545423178383837
8,N3,0.17711145070920972,0.25411642927843137,0.21176369106535944,0.06545423178383837
8,N3,0.18352853225664487,0.2425656824930481,0.2425656824930481,0.06545423178383837
8,N3,0.19122903011356704,0.2618169271353535,0.25411642927843137,0.05775373392691621
8,N3,0.15529337344793026,0.21176369106535944,0.19251244642305404,0.06160398285537729
8,N3,0.17069436916177458,0.2425656824930481,0.20791344213689836,0.06160398285537729
8,N3,0.17711145070920972,0.2425656824930481,0.21561393999382053,0.07315472964076054
8,N3,0.17711145070920972,0.25411642927843137,0.21946418892228162,0.05775373392691621
8,N3,0.19764611166100218,0.28491842070612,0.25411642927843137,0.05390348499845513
8,N3,0.21561393999382053,0.2926189185630422,0.28491842070612,0.06930448071229946
8,N3,0.18224511594715784,0.2502661803499703,0.23101493570766485,0.06545423178383837
8,N3,0.17454461809023566,0.20791344213689836,0.2579666782068924,0.05775373392691621
8,N3,0.17967828332818378,0.26951742499227566,0.19636269535151513,0.07315472964076054
8,N3,0.17967828332818378,0.2502661803499703,0.21946418892228162,0.06930448071229946
8,N3,0.17967828332818378,0.21176369106535944,0.25411642927843137,0.07315472964076054
8,N3,0.17711145070920972,0.22716468677920376,0.2425656824930481,0.06160398285537729
8,N3,0.16684412023331352,0.2002129442799762,0.22716468677920376,0.07315472964076054
8,N3,0.17839486701869675,0.24641593142150917,0.2233144378507427,0.06545423178383837
8,N3,0.17839486701869675,0.23871543356458702,0.22716468677920376,0.06930448071229946
8,N3,0.15914362237639135,0.2002129442799762,0.2040631932084373,0.07315472964076054
8,N3,0.16812753654280055,0.2233144378507427,0.2233144378507427,0.05775373392691621
8,N3,0.18224511594715784,0.2425656824930481,0.23101493570766485,0.07315472964076054
8,N3,0.18866219749459298,0.2579666782068924,0.2502661803499703,0.05775373392691621
8,N3,0.1758280343997227,0.2425656824930481,0.21561393999382053,0.06930448071229946
8,N3,0.17326120178074864,0.21946418892228162,0.22716468677920376,0.07315472964076054
8,N3,0.28235158808714594,0.43507812891610215,0.35422290141841944,0.05775373392691621
8,N3,0.19122903011356704,0.26566717606381457,0.2425656824930481,0.06545423178383837
8,N3,0.26438375975432754,0.3234209099907308,0.39657563963149134,0.07315472964076054
8,N3,0.2926189185630422,0.42737763105918,0.3696238971322638,0.0808552274976827
8,N2,0.31828724475278264,0.3734741460607248,0.5159333564137848,0.06545423178383837
8,N3,0.2502661803499702,0.35037265248995836,0.334971656776114,0.06545423178383837
8,N3,0.2900520859440681,0.3234209099907308,0.46973036927225187,0.07700497856922162
8,N3,0.2720842576112497,0.3619233992753416,0.39272539070303025,0.06160398285537729
8,N3,0.27850133915868486,0.34652240356149727,0.4196771332022578,0.06930448071229946
8,N3,0.2579666782068924,0.3003194164199643,0.4081263864168746,0.06545423178383837
8,N3,0.26438375975432754,0.35807315034688053,0.3734741460607248,0.06160398285537729
8,N3,0.2797847554681719,0.35037265248995836,0.4196771332022578,0.06930448071229946
8,N2,0.26438375975432754,0.35037265248995836,0.381174643917647,0.06160398285537729
8,N3,0.26951742499227566,0.3388219057045751,0.4081263864168746,0.06160398285537729
8,N3,0.28491842070612,0.3696238971322638,0.4196771332022578,0.06545423178383837
8,N3,0.2631003434448405,0.334971656776114,0.38887514177456917,0.06545423178383837
8,N3,0.24769934773099622,0.3234209099907308,0.35807315034688053,0.06160398285537729
8,N3,0.23101493570766485,0.3426721546330362,0.3003194164199643,0.05005323606999405
8,N3,0.26053351082586645,0.30801991427688646,0.4081263864168746,0.06545423178383837
8,N3,0.25283301296894434,0.331121407847653,0.3657736482038027,0.06160398285537729
8,N3,0.25668326189740537,0.3734741460607248,0.3426721546330362,0.05390348499845513
8,N3,0.2374320172551,0.30801991427688646,0.3388219057045751,0.06545423178383837
8,N3,0.2194641889222816,0.2964691674915032,0.2926189185630422,0.06930448071229946
8,N3,0.2027797768989503,0.27721792284919783,0.25411642927843137,0.07700497856922162
8,N3,0.2053466095179243,0.23486518463612593,0.31572041213380864,0.06545423178383837
8,N3,0.20663002582741133,0.2810681717776589,0.27721792284919783,0.06160398285537729
8,N3,0.20021294427997618,0.26566717606381457,0.27336767392073674,0.06160398285537729
8,N3,0.21176369106535944,0.2887686696345811,0.2810681717776589,0.06545423178383837
8,N3,0.1963626953515151,0.2618169271353535,0.2618169271353535,0.06545423178383837
8,N3,0.1848119485661319,0.2425656824930481,0.2502661803499703,0.06160398285537729
8,N3,0.19122903011356704,0.23101493570766485,0.26951742499227566,0.07315472964076054
8,N3,0.1963626953515151,0.24641593142150917,0.27336767392073674,0.06930448071229946
8,N3,0.1937958627325411,0.2502661803499703,0.2618169271353535,0.06930448071229946
8,N3,0.17711145070920972,0.2502661803499703,0.21561393999382053,0.06545423178383837
8,N3,0.18224511594715784,0.24641593142150917,0.23486518463612593,0.06545423178383837
8,N3,0.17967828332818378,0.24641593142150917,0.2233144378507427,0.06930448071229946
8,N3,0.15400995713844323,0.19636269535151513,0.1848119485661319,0.0808552274976827
8,N3,0.18866219749459298,0.23486518463612593,0.26951742499227566,0.06160398285537729
8,N3,0.16299387130485243,0.21946418892228162,0.21176369106535944,0.05775373392691621
8,N3,0.20791344213689836,0.2425656824930481,0.30801991427688646,0.07315472964076054
8,N3,0.18224511594715784,0.2618169271353535,0.2040631932084373,0.0808552274976827
8,N3,0.1719777854712616,0.20791344213689836,0.2502661803499703,0.05775373392691621
8,N3,0.16941095285228755,0.20791344213689836,0.23101493570766485,0.06930448071229946
8,N3,0.1719777854712616,0.23101493570766485,0.21946418892228162,0.06545423178383837
8,N3,0.15914362237639135,0.2040631932084373,0.21561393999382053,0.05775373392691621
8,N3,0.19764611166100213,0.24641593142150917,0.27721792284919783,0.06930448071229946
8,N3,0.15914362237639135,0.21946418892228162,0.18866219749459295,0.06930448071229946
8,N3,0.1809616996376708,0.2618169271353535,0.21176369106535944,0.06930448071229946
8,N3,0.1848119485661319,0.22716468677920376,0.2502661803499703,0.07700497856922162
8,N3,0.1758280343997227,0.26951742499227566,0.18866219749459295,0.06930448071229946
8,N3,0.18609536487561892,0.23486518463612593,0.2579666782068924,0.06545423178383837
8,N3,0.16812753654280052,0.21176369106535944,0.23486518463612593,0.05775373392691621
8,N3,0.17197778547126163,0.2425656824930481,0.2002129442799762,0.07315472964076054
8,N3,0.15786020606690432,0.20791344213689836,0.2040631932084373,0.06160398285537729
8,N3,0.16684412023331352,0.2233144378507427,0.21946418892228162,0.05775373392691621
8,N3,0.1809616996376708,0.21946418892228162,0.2502661803499703,0.07315472964076054
8,N3,0.18224511594715784,0.24641593142150917,0.23101493570766485,0.06930448071229946
8,N3,0.1809616996376708,0.2502661803499703,0.22716468677920376,0.06545423178383837
8,N3,0.18352853225664487,0.2233144378507427,0.2579666782068924,0.06930448071229946
8,N3,0.1655607039238265,0.2002129442799762,0.2425656824930481,0.05390348499845513
8,N3,0.17711145070920972,0.21561393999382053,0.2579666782068924,0.05775373392691621
8,N3,0.31957066106226967,0.3426721546330362,0.5621363435553178,0.05390348499845513
8,N3,0.24898276404048325,0.2502661803499703,0.43507812891610215,0.06160398285537729
8,N3,0.24898276404048325,0.331121407847653,0.35037265248995836,0.06545423178383837
8,N1,0.30288624903893835,0.3619233992753416,0.48898161391455724,0.05775373392691621
8,N2,0.3157204121338086,0.4004258885599524,0.48898161391455724,0.05775373392691621
8,N3,0.2759345065397108,0.3272711589191919,0.4427786267730243,0.05775373392691621
8,N3,0.2810681717776589,0.3619233992753416,0.4081263864168746,0.07315472964076054
8,N1,0.40427613748841357,0.4851313649860962,0.662242815695306,0.06545423178383837
8,N1,0.4235273821307189,0.5890880860545453,0.6121895796253118,0.06930448071229946
8,N2,0.3028862490389384,0.4081263864168746,0.43507812891610215,0.06545423178383837
8,N2,0.28491842070612,0.3850248928461081,0.4004258885599524,0.06930448071229946
8,N3,0.2592500945163794,0.334971656776114,0.3850248928461081,0.05775373392691621
8,N3,0.28491842070612,0.3696238971322638,0.42737763105918,0.05775373392691621
8,N3,0.3067364979673995,0.35807315034688053,0.5043826096284016,0.05775373392691621
8,N2,0.2887686696345811,0.3657736482038027,0.4427786267730243,0.05775373392691621
8,N2,0.3093033305863735,0.3850248928461081,0.46973036927225187,0.07315472964076054
8,N3,0.31058674689586047,0.41197663534533563,0.4543293735584075,0.06545423178383837
8,N2,0.28235158808714594,0.34652240356149727,0.43507812891610215,0.06545423178383837
8,N3,0.28620183701560703,0.4158268842737967,0.3773243949891859,0.06545423178383837
8,N3,0.2669505923733016,0.331121407847653,0.4042761374884135,0.06545423178383837
8,N2,0.29133550225355515,0.39272539070303025,0.4158268842737967,0.06545423178383837
8,N2,0.3875917254650822,0.48898161391455724,0.6160398285537729,0.05775373392691621
8,N3,0.3016028327294513,0.3734741460607248,0.4543293735584075,0.07700497856922162
8,N3,0.27336767392073674,0.3619233992753416,0.39272539070303025,0.06545423178383837
8,N3,0.2926189185630422,0.3657736482038027,0.4466288757014854,0.06545423178383837
8,N3,0.28491842070612,0.35807315034688053,0.43122787998764106,0.06545423178383837
8,N2,0.27465109023022377,0.35037265248995836,0.4235273821307189,0.05005323606999405
8,N3,0.25668326189740537,0.3388219057045751,0.3619233992753416,0.06930448071229946
8,N2,0.28620183701560703,0.39272539070303025,0.41197663534533563,0.05390348499845513
8,N3,0.20791344213689836,0.24641593142150917,0.3041696653484254,0.07315472964076054
8,N3,0.2515495966594573,0.3272711589191919,0.3657736482038027,0.06160398285537729
8,N3,0.2810681717776589,0.3734741460607248,0.4042761374884135,0.06545423178383837
8,N3,0.3016028327294513,0.31187016320534755,0.5197836053422459,0.07315472964076054
8,N3,0.25668326189740537,0.34652240356149727,0.35422290141841944,0.06930448071229946
8,N2,0.3259877426097048,0.43507812891610215,0.4658801203437908,0.07700497856922162
8,N3,0.24513251511202216,0.3388219057045751,0.331121407847653,0.06545423178383837
8,N3,0.22331443785074268,0.3041696653484254,0.30801991427688646,0.05775373392691621
8,N3,0.2541164292784313,0.2964691674915032,0.4004258885599524,0.06545423178383837
8,N3,0.2759345065397108,0.3272711589191919,0.42737763105918,0.07315472964076054
8,N2,0.2579666782068924,0.35422290141841944,0.3619233992753416,0.05775373392691621
8,N2,0.26053351082586645,0.3619233992753416,0.35807315034688053,0.06160398285537729
8,N2,0.29133550225355515,0.35807315034688053,0.45047912462994644,0.06545423178383837
8,N2,0.30801991427688646,0.41197663534533563,0.4466288757014854,0.06545423178383837
8,N3,0.3080199142768864,0.3388219057045751,0.523633854270707,0.06160398285537729
8,N3,0.2810681717776589,0.3657736482038027,0.4081263864168746,0.06930448071229946
8,N3,0.24898276404048325,0.2926189185630422,0.3734741460607248,0.0808552274976827
8,N2,0.2990360001104773,0.4042761374884135,0.41197663534533563,0.0808552274976827
8,N2,0.23614860094561296,0.31187016320534755,0.3234209099907308,0.07315472964076054
8,N3,0.2592500945163794,0.3195706610622697,0.39657563963149134,0.06160398285537729
8,N3,0.2759345065397108,0.334971656776114,0.4196771332022578,0.07315472964076054
8,N3,0.24898276404048322,0.3003194164199643,0.3773243949891859,0.06930448071229946
8,N3,0.2682340086827886,0.3272711589191919,0.41197663534533563,0.06545423178383837
8,N3,0.2579666782068924,0.3234209099907308,0.3850248928461081,0.06545423178383837
8,N3,0.22973151939817782,0.26566717606381457,0.3619233992753416,0.06160398285537729
8,N3,0.23229835201715188,0.28491842070612,0.35422290141841944,0.05775373392691621
8,N3,0.22973151939817782,0.27336767392073674,0.34652240356149727,0.06930448071229946
8,N3,0.23101493570766485,0.26566717606381457,0.3657736482038027,0.06160398285537729
8,N3,0.19379586273254104,0.21946418892228162,0.2964691674915032,0.06545423178383837
8,N3,0.2245978541602297,0.27721792284919783,0.334971656776114,0.06160398285537729
8,N3,0.21176369106535942,0.2964691674915032,0.2810681717776589,0.05775373392691621
8,N3,0.2464159314215092,0.2887686696345811,0.381174643917647,0.06930448071229946
8,N3,0.20791344213689836,0.2810681717776589,0.27721792284919783,0.06545423178383837
8,N3,0.21304710737484647,0.3272711589191919,0.24641593142150917,0.06545423178383837
8,N3,0.20791344213689836,0.2040631932084373,0.35422290141841944,0.06545423178383837
8,N3,0.1809616996376708,0.21561393999382053,0.2618169271353535,0.06545423178383837
8,N3,0.26053351082586645,0.2964691674915032,0.4042761374884135,0.0808552274976827
8,N3,0.2143305236843335,0.26951742499227566,0.2926189185630422,0.0808552274976827
8,N3,0.23614860094561296,0.2810681717776589,0.35037265248995836,0.07700497856922162
8,N3,0.26438375975432754,0.35422290141841944,0.3657736482038027,0.07315472964076054
8,N3,0.25668326189740537,0.3234209099907308,0.38887514177456917,0.05775373392691621
8,N2,0.3041696653484254,0.35422290141841944,0.49283186284301833,0.06545423178383837
8,N2,0.24384909880253514,0.2810681717776589,0.3850248928461081,0.06545423178383837
8,N2,0.3016028327294514,0.39272539070303025,0.43892837784456323,0.07315472964076054
8,N3,0.2502661803499703,0.3195706610622697,0.35037265248995836,0.0808552274976827
8,N3,0.22331443785074268,0.28491842070612,0.3234209099907308,0.06160398285537729
8,N3,0.2669505923733016,0.3272711589191919,0.41197663534533563,0.06160398285537729
8,N2,0.27336767392073674,0.35807315034688053,0.39657563963149134,0.06545423178383837
8,N3,0.2579666782068924,0.334971656776114,0.3657736482038027,0.07315472964076054
8,N3,0.27850133915868486,0.3234209099907308,0.4427786267730243,0.06930448071229946
8,N3,0.27850133915868486,0.3657736482038027,0.4004258885599524,0.06930448071229946
8,N3,0.22973151939817782,0.2502661803499703,0.3619233992753416,0.07700497856922162
8,N3,0.24898276404048325,0.3272711589191919,0.35422290141841944,0.06545423178383837
8,N3,0.27721792284919783,0.30801991427688646,0.4620298714153297,0.06160398285537729
8,N3,0.2977525838009903,0.3619233992753416,0.4543293735584075,0.07700497856922162
8,N3,0.2579666782068924,0.3696238971322638,0.3388219057045751,0.06545423178383837
8,N3,0.23614860094561296,0.2887686696345811,0.35807315034688053,0.06160398285537729
8,N2,0.3016028327294513,0.42737763105918,0.4158268842737967,0.06160398285537729
8,N3,0.2990360001104773,0.3388219057045751,0.5082328585568627,0.05005323606999405
8,N2,0.2720842576112497,0.3234209099907308,0.4235273821307189,0.06930448071229946
8,N2,0.27336767392073674,0.35037265248995836,0.4158268842737967,0.05390348499845513
8,N2,0.26053351082586645,0.3195706610622697,0.4081263864168746,0.05390348499845513
8,N2,0.2720842576112497,0.35807315034688053,0.4004258885599524,0.05775373392691621
8,N2,0.2669505923733016,0.3657736482038027,0.3696238971322638,0.06545423178383837
8,REM,0.33240482415713996,0.4427786267730243,0.4812811160576351,0.07315472964076054
8,REM,0.3709073134417508,0.5159333564137848,0.5390348499845513,0.05775373392691621
8,REM,0.35935656665636756,0.5197836053422459,0.4851313649860962,0.07315472964076054
8,REM,0.3888751417745692,0.5467353478414735,0.5621363435553178,0.05775373392691621
8,REM,0.31187016320534755,0.47358061820071296,0.39657563963149134,0.06545423178383837
8,REM,0.35807315034688053,0.6044890817683897,0.4158268842737967,0.05390348499845513
8,REM,0.3824580602271341,0.619890077482234,0.47358061820071296,0.05390348499845513
8,REM,0.37989122760816,0.5390348499845513,0.527484103199168,0.07315472964076054
8,REM,0.3593565666563676,0.5467353478414735,0.46973036927225187,0.06160398285537729
8,REM,0.3747575623702119,0.56983684141224,0.49283186284301833,0.06160398285537729
8,REM,0.4068429701073876,0.5890880860545453,0.5544358456983957,0.07700497856922162
8,REM,0.3927253907030303,0.5621363435553178,0.5428850989130124,0.07315472964076054
8,REM,0.41326005165482277,0.6391413221245394,0.5351846010560902,0.06545423178383837
8,REM,0.38502489284610814,0.5621363435553178,0.5313343521276291,0.06160398285537729
8,REM,0.39529222332200437,0.5351846010560902,0.5775373392691622,0.07315472964076054
8,REM,0.3606399829658546,0.6006388328399286,0.4158268842737967,0.06545423178383837
8,REM,0.36449023189431573,0.5775373392691622,0.4466288757014854,0.06930448071229946
8,REM,0.36063998296585464,0.5775373392691622,0.43892837784456323,0.06545423178383837
8,REM,0.40812638641687454,0.6006388328399286,0.5544358456983957,0.06930448071229946
8,REM,0.3606399829658546,0.5005323606999406,0.5197836053422459,0.06160398285537729
8,REM,0.3927253907030302,0.5659865924837789,0.5351846010560902,0.07700497856922162
8,REM,0.39015855808405625,0.56983684141224,0.5428850989130124,0.05775373392691621
8,REM,0.37604097867969893,0.48898161391455724,0.56983684141224,0.06930448071229946
8,REM,0.34395557094252327,0.46973036927225187,0.49283186284301833,0.06930448071229946
8,REM,0.35807315034688053,0.5544358456983957,0.4427786267730243,0.07700497856922162
8,REM,0.3927253907030303,0.5736870903407011,0.5390348499845513,0.06545423178383837
8,REM,0.35165606879944544,0.4427786267730243,0.5467353478414735,0.06545423178383837
8,REM,0.41326005165482277,0.5505855967699346,0.6160398285537729,0.07315472964076054
8,REM,0.3978590559409784,0.5544358456983957,0.5659865924837789,0.07315472964076054
8,REM,0.3696238971322638,0.5505855967699346,0.49283186284301833,0.06545423178383837
8,REM,0.3606399829658546,0.5159333564137848,0.49283186284301833,0.07315472964076054
8,REM,0.35550631772790653,0.56983684141224,0.43122787998764106,0.06545423178383837
8,REM,0.3516560687994454,0.4581796224868686,0.527484103199168,0.06930448071229946
8,REM,0.3105867468958605,0.4427786267730243,0.42737763105918,0.06160398285537729
8,REM,0.33882190570457515,0.47358061820071296,0.47358061820071296,0.06930448071229946
8,REM,0.3131535795148345,0.4158268842737967,0.4543293735584075,0.06930448071229946
8,REM,0.3016028327294514,0.4042761374884135,0.43122787998764106,0.06930448071229946
8,REM,0.30416966534842543,0.4042761374884135,0.43892837784456323,0.06930448071229946
8,REM,0.3311214078476529,0.43122787998764106,0.48898161391455724,0.07315472964076054
8,REM,0.34780581987098436,0.47358061820071296,0.5043826096284016,0.06545423178383837
8,REM,0.3619233992753416,0.527484103199168,0.49283186284301833,0.06545423178383837
8,REM,0.3657736482038027,0.5467353478414735,0.49283186284301833,0.05775373392691621
8,REM,0.3644902318943157,0.5467353478414735,0.47358061820071296,0.07315472964076054
8,REM,0.3619233992753416,0.5082328585568627,0.5120831074853237,0.06545423178383837
8,REM,0.3657736482038026,0.5120831074853237,0.5005323606999406,0.08470547642614377
8,REM,0.31187016320534755,0.43892837784456323,0.4158268842737967,0.0808552274976827
8,REM,0.29518575118201623,0.4196771332022578,0.39272539070303025,0.07315472964076054
8,REM,0.31828724475278264,0.46973036927225187,0.4158268842737967,0.06930448071229946
8,REM,0.3311214078476529,0.4427786267730243,0.4812811160576351,0.06930448071229946
8,REM,0.3555063177279065,0.4966821117714794,0.4966821117714794,0.07315472964076054
8,REM,0.3362550730856011,0.48898161391455724,0.4543293735584075,0.06545423178383837
8,REM,0.35165606879944544,0.5390348499845513,0.43892837784456323,0.07700497856922162
8,REM,0.3555063177279065,0.4966821117714794,0.49283186284301833,0.07700497856922162
8,REM,0.31443699582432155,0.5390348499845513,0.3388219057045751,0.06545423178383837
8,REM,0.3824580602271341,0.5890880860545453,0.49283186284301833,0.06545423178383837
8,REM,0.31443699582432155,0.4196771332022578,0.4543293735584075,0.06930448071229946
8,REM,0.2977525838009903,0.4081263864168746,0.42737763105918,0.05775373392691621
8,REM,0.32727115891919184,0.4235273821307189,0.4966821117714794,0.06160398285537729
8,REM,0.29646916749150326,0.43507812891610215,0.3850248928461081,0.06930448071229946
8,N2,0.3426721546330362,0.5120831074853237,0.4543293735584075,0.06160398285537729
8,N2,0.33882190570457515,0.5082328585568627,0.4427786267730243,0.06545423178383837
8,N2,0.31443699582432155,0.4196771332022578,0.4581796224868686,0.06545423178383837
8,N2,0.2810681717776589,0.4004258885599524,0.3657736482038027,0.07700497856922162
8,N2,0.3144369958243216,0.43507812891610215,0.43892837784456323,0.06930448071229946
8,N2,0.3170038284432956,0.4581796224868686,0.42737763105918,0.06545423178383837
8,N2,0.27721792284919783,0.3234209099907308,0.4427786267730243,0.06545423178383837
8,N2,0.3093033305863735,0.3657736482038027,0.4966821117714794,0.06545423178383837
8,N2,0.29646916749150326,0.39272539070303025,0.4427786267730243,0.05390348499845513
8,N2,0.32470432630021784,0.4042761374884135,0.5082328585568627,0.06160398285537729
8,N3,0.29903600011047726,0.3773243949891859,0.4658801203437908,0.05390348499845513
8,N3,0.2528330129689443,0.30801991427688646,0.381174643917647,0.06930448071229946
8,W,0.32342090999073075,0.3003194164199643,0.5890880860545453,0.0808552274976827
8,W,0.35165606879944544,0.43507812891610215,0.5544358456983957,0.06545423178383837
8,W,0.38245806022713397,0.5428850989130124,0.527484103199168,0.07700497856922162
8,W,0.3888751417745692,0.5428850989130124,0.5467353478414735,0.07700497856922162
8,W,0.32342090999073075,0.43892837784456323,0.4658801203437908,0.06545423178383837
8,W,0.3054530816579124,0.3234209099907308,0.5351846010560902,0.05775373392691621
8,W,0.4248107984402059,0.5813875881976233,0.6275905753391562,0.06545423178383837
8,W,0.45304595724892055,0.7007453049799167,0.6006388328399286,0.05775373392691621
8,W,0.3657736482038027,0.334971656776114,0.6930448071229945,0.06930448071229946
8,W,0.4106932190358486,0.34652240356149727,0.8047020260483659,0.0808552274976827
8,W,0.3734741460607249,0.21176369106535944,0.8316537685475934,0.07700497856922162
8,W,0.3734741460607249,0.24641593142150917,0.808552274976827,0.06545423178383837
8,W,0.35293948510893247,0.2887686696345811,0.7045955539083778,0.06545423178383837
8,W,0.37732439498918596,0.45047912462994644,0.6121895796253118,0.06930448071229946
8,W,0.40299272117892654,0.5390348499845513,0.6044890817683897,0.06545423178383837
8,N1,0.4145434679643098,0.5544358456983957,0.6275905753391562,0.06160398285537729
8,N1,0.3927253907030303,0.47743086712917404,0.6275905753391562,0.07315472964076054
8,N1,0.3837414765366211,0.42737763105918,0.6583925667668449,0.06545423178383837
8,N1,0.4607464551058427,0.6968950560514556,0.6121895796253118,0.07315472964076054
8,N1,0.4363615452255892,0.6275905753391562,0.6006388328399286,0.0808552274976827
8,N1,0.40940980272636157,0.5621363435553178,0.5929383349830064,0.07315472964076054
8,N2,0.33497165677611407,0.47358061820071296,0.47358061820071296,0.05775373392691621
8,N2,0.29646916749150326,0.3657736482038027,0.4581796224868686,0.06545423178383837
8,N2,0.2797847554681719,0.3657736482038027,0.4081263864168746,0.06545423178383837
8,N2,0.2720842576112497,0.3696238971322638,0.3734741460607248,0.07315472964076054
8,N2,0.31187016320534755,0.42737763105918,0.4427786267730243,0.06545423178383837
8,N2,0.28491842070612,0.3426721546330362,0.4466288757014854,0.06545423178383837
8,N2,0.27850133915868486,0.35807315034688053,0.4081263864168746,0.06930448071229946
8,N2,0.3054530816579124,0.4004258885599524,0.4543293735584075,0.06160398285537729
8,N2,0.27721792284919783,0.39272539070303025,0.3734741460607248,0.06545423178383837
8,N2,0.31828724475278264,0.4543293735584075,0.43122787998764106,0.06930448071229946
8,N2,0.3311214078476529,0.43892837784456323,0.49283186284301833,0.06160398285537729
8,N2,0.29518575118201623,0.381174643917647,0.4466288757014854,0.05775373392691621
8,N2,0.2720842576112497,0.4042761374884135,0.3426721546330362,0.06930448071229946
8,N2,0.3247043263002178,0.4196771332022578,0.4812811160576351,0.07315472964076054
8,N2,0.3054530816579124,0.42737763105918,0.4196771332022578,0.06930448071229946
8,N2,0.3016028327294513,0.3773243949891859,0.4543293735584075,0.07315472964076054
8,N2,0.27721792284919783,0.3657736482038027,0.4042761374884135,0.06160398285537729
8,N2,0.29646916749150326,0.4196771332022578,0.39657563963149134,0.07315472964076054
8,N2,0.3054530816579124,0.39657563963149134,0.45047912462994644,0.06930448071229946
8,N2,0.3144369958243216,0.4235273821307189,0.4466288757014854,0.07315472964076054
8,N2,0.2990360001104773,0.4235273821307189,0.4042761374884135,0.06930448071229946
8,N3,0.2939023348725292,0.3850248928461081,0.43507812891610215,0.06160398285537729
8,N2,0.2900520859440681,0.43122787998764106,0.3850248928461081,0.05390348499845513
8,N3,0.2797847554681719,0.35037265248995836,0.42737763105918,0.06160398285537729
8,N3,0.2631003434448405,0.35037265248995836,0.3773243949891859,0.06160398285537729
8,N3,0.2618169271353535,0.3195706610622697,0.4004258885599524,0.06545423178383837
8,N3,0.24513251511202216,0.27336767392073674,0.39657563963149134,0.06545423178383837
8,N3,0.21818077261279456,0.27336767392073674,0.30801991427688646,0.07315472964076054
8,N3,0.24513251511202214,0.2964691674915032,0.3734741460607248,0.06545423178383837
8,N3,0.21561393999382053,0.28491842070612,0.2810681717776589,0.0808552274976827
8,N3,0.24769934773099622,0.3272711589191919,0.35037265248995836,0.06545423178383837
8,N3,0.22074760523176862,0.27721792284919783,0.3195706610622697,0.06545423178383837
8,N3,0.21689735630330753,0.2964691674915032,0.2964691674915032,0.05775373392691621
8,N3,0.2464159314215092,0.30801991427688646,0.3657736482038027,0.06545423178383837
8,N3,0.18866219749459298,0.2579666782068924,0.2425656824930481,0.06545423178383837
8,N3,0.1989295279704892,0.26566717606381457,0.25411642927843137,0.07700497856922162
8,N3,0.20663002582741133,0.28491842070612,0.26951742499227566,0.06545423178383837
8,N3,0.19636269535151515,0.2810681717776589,0.2425656824930481,0.06545423178383837
8,N3,0.1848119485661319,0.2926189185630422,0.20791344213689836,0.05390348499845513
8,N3,0.19507927904202813,0.23486518463612593,0.2810681717776589,0.06930448071229946
8,N3,0.21689735630330753,0.2579666782068924,0.3195706610622697,0.07315472964076054
8,N3,0.17967828332818378,0.26566717606381457,0.20791344213689836,0.06545423178383837
8,N3,0.17967828332818378,0.23871543356458702,0.23486518463612593,0.06545423178383837
8,N3,0.20406319320843727,0.23871543356458702,0.31187016320534755,0.06160398285537729
8,N3,0.283635004396633,0.3657736482038027,0.4081263864168746,0.07700497856922162
8,N3,0.23486518463612593,0.30801991427688646,0.3272711589191919,0.06930448071229946
8,N3,0.22074760523176862,0.3272711589191919,0.27721792284919783,0.05775373392691621
8,N2,0.2900520859440681,0.3734741460607248,0.42737763105918,0.06930448071229946
8,N2,0.27336767392073674,0.3426721546330362,0.4158268842737967,0.06160398285537729
8,N3,0.27465109023022377,0.3657736482038027,0.39657563963149134,0.06160398285537729
8,N3,0.2579666782068924,0.3234209099907308,0.3773243949891859,0.07315472964076054
8,N3,0.2759345065397108,0.381174643917647,0.38887514177456917,0.05775373392691621
8,N2,0.32342090999073075,0.4427786267730243,0.4658801203437908,0.06160398285537729
8,N2,0.2708008413017627,0.334971656776114,0.4196771332022578,0.05775373392691621
8,N3,0.2977525838009903,0.3619233992753416,0.4581796224868686,0.07315472964076054
8,N3,0.2797847554681719,0.3234209099907308,0.4543293735584075,0.06160398285537729
8,N3,0.2720842576112497,0.2964691674915032,0.4543293735584075,0.06545423178383837
8,N3,0.20791344213689836,0.2425656824930481,0.3195706610622697,0.06160398285537729
8,N3,0.21176369106535942,0.26951742499227566,0.30801991427688646,0.05775373392691621
8,N3,0.2194641889222816,0.26951742499227566,0.3272711589191919,0.06160398285537729
8,N3,0.21304710737484647,0.24641593142150917,0.3234209099907308,0.06930448071229946
8,N3,0.2476993477309962,0.2964691674915032,0.3773243949891859,0.06930448071229946
8,N3,0.3093033305863735,0.35422290141841944,0.49283186284301833,0.0808552274976827
8,W,0.3914419743935433,0.3426721546330362,0.7700497856922162,0.06160398285537729
8,W,0.3593565666563676,0.3388219057045751,0.662242815695306,0.07700497856922162
8,W,0.3888751417745692,0.5621363435553178,0.527484103199168,0.07700497856922162
8,N1,0.32855457522867887,0.4812811160576351,0.43507812891610215,0.06930448071229946
8,N2,0.3003194164199643,0.4196771332022578,0.4158268842737967,0.06545423178383837
8,N2,0.28748525332509406,0.4042761374884135,0.38887514177456917,0.06930448071229946
8,N3,0.2977525838009903,0.43507812891610215,0.39657563963149134,0.06160398285537729
8,N2,0.29133550225355515,0.4158268842737967,0.39657563963149134,0.06160398285537729
8,N2,0.2810681717776589,0.35422290141841944,0.4196771332022578,0.06930448071229946
8,N2,0.30288624903893835,0.41197663534533563,0.42737763105918,0.06930448071229946
8,N2,0.3247043263002178,0.46973036927225187,0.43507812891610215,0.06930448071229946
8,N2,0.31828724475278264,0.4158268842737967,0.4658801203437908,0.07315472964076054
8,N2,0.34395557094252327,0.47358061820071296,0.49283186284301833,0.06545423178383837
8,N2,0.2759345065397108,0.3234209099907308,0.4543293735584075,0.05005323606999405
8,N2,0.2541164292784313,0.3195706610622697,0.3734741460607248,0.06930448071229946
8,N2,0.28491842070612,0.38887514177456917,0.38887514177456917,0.07700497856922162
8,N2,0.2682340086827886,0.3850248928461081,0.3657736482038027,0.05390348499845513
8,N2,0.27850133915868486,0.34652240356149727,0.4158268842737967,0.07315472964076054
8,N2,0.2528330129689443,0.3388219057045751,0.35807315034688053,0.06160398285537729
8,N3,0.2708008413017627,0.331121407847653,0.41197663534533563,0.06930448071229946
8,N2,0.25283301296894434,0.3234209099907308,0.3657736482038027,0.06930448071229946
8,N3,0.22074760523176862,0.28491842070612,0.3195706610622697,0.05775373392691621
8,N3,0.24769934773099622,0.3195706610622697,0.3696238971322638,0.05390348499845513
8,N3,0.25668326189740537,0.3195706610622697,0.381174643917647,0.06930448071229946
8,N3,0.24513251511202216,0.28491842070612,0.3734741460607248,0.07700497856922162
8,N3,0.2515495966594573,0.31187016320534755,0.3619233992753416,0.0808552274976827
8,N3,0.22331443785074268,0.26566717606381457,0.334971656776114,0.06930448071229946
8,N3,0.19122903011356704,0.2425656824930481,0.2618169271353535,0.06930448071229946
8,N3,0.18609536487561892,0.2425656824930481,0.2579666782068924,0.05775373392691621
8,N3,0.1809616996376708,0.22716468677920376,0.23871543356458702,0.07700497856922162
8,N3,0.2027797768989503,0.2502661803499703,0.2926189185630422,0.06545423178383837
8,N3,0.16556070392382646,0.23871543356458702,0.19251244642305404,0.06545423178383837
8,N3,0.23486518463612593,0.3272711589191919,0.3041696653484254,0.07315472964076054
8,N3,0.2374320172551,0.2810681717776589,0.3619233992753416,0.06930448071229946
8,N3,0.2502661803499702,0.2618169271353535,0.43122787998764106,0.05775373392691621
8,N3,0.31700382844329567,0.4081263864168746,0.4851313649860962,0.05775373392691621
8,N2,0.2887686696345811,0.381174643917647,0.4235273821307189,0.06160398285537729
8,N2,0.28620183701560703,0.3734741460607248,0.41197663534533563,0.07315472964076054
8,N2,0.27721792284919783,0.3619233992753416,0.4042761374884135,0.06545423178383837
8,N3,0.26053351082586645,0.31572041213380864,0.41197663534533563,0.05390348499845513
8,N3,0.2502661803499703,0.331121407847653,0.3619233992753416,0.05775373392691621
8,N2,0.27721792284919783,0.381174643917647,0.39272539070303025,0.05775373392691621
8,N2,0.30930333058637355,0.4081263864168746,0.4466288757014854,0.07315472964076054
8,N2,0.30031941641996435,0.4042761374884135,0.4235273821307189,0.07315472964076054
8,N2,0.3208540773717567,0.4158268842737967,0.46973036927225187,0.07700497856922162
8,N2,0.3054530816579124,0.35422290141841944,0.4966821117714794,0.06545423178383837
8,N3,0.2759345065397108,0.3272711589191919,0.42737763105918,0.07315472964076054
8,N3,0.2720842576112497,0.34652240356149727,0.4042761374884135,0.06545423178383837
8,N2,0.26053351082586645,0.3388219057045751,0.3773243949891859,0.06545423178383837
8,N3,0.2631003434448405,0.3272711589191919,0.38887514177456917,0.07315472964076054
8,N3,0.27721792284919783,0.3272711589191919,0.4466288757014854,0.05775373392691621
8,N3,0.2618169271353535,0.334971656776114,0.3850248928461081,0.06545423178383837
8,N3,0.2053466095179243,0.2579666782068924,0.2926189185630422,0.06545423178383837
8,N3,0.2181807726127946,0.20791344213689836,0.3657736482038027,0.0808552274976827
8,N3,0.18994561380408,0.23871543356458702,0.26566717606381457,0.06545423178383837
8,N3,0.20919685844638536,0.2964691674915032,0.26951742499227566,0.06160398285537729
8,N3,0.20277977689895024,0.27336767392073674,0.27336767392073674,0.06160398285537729
8,N3,0.18609536487561892,0.23486518463612593,0.2502661803499703,0.07315472964076054
8,N3,0.1617104549953654,0.20791344213689836,0.2040631932084373,0.07315472964076054
8,N3,0.19122903011356704,0.21561393999382053,0.28491842070612,0.07315472964076054
8,N3,0.1719777854712616,0.23486518463612593,0.20791344213689836,0.07315472964076054
8,N3,0.18609536487561892,0.2618169271353535,0.23101493570766485,0.06545423178383837
8,N3,0.17839486701869675,0.23101493570766485,0.2425656824930481,0.06160398285537729
8,N3,0.18352853225664487,0.22716468677920376,0.25411642927843137,0.06930448071229946
8,N3,0.17454461809023566,0.22716468677920376,0.2233144378507427,0.07315472964076054
8,N3,0.16684412023331352,0.21176369106535944,0.2233144378507427,0.06545423178383837
8,N3,0.17711145070920975,0.25411642927843137,0.2040631932084373,0.07315472964076054
8,N3,0.1719777854712616,0.21561393999382053,0.23101493570766485,0.06930448071229946
8,N3,0.17582803439972272,0.25411642927843137,0.2040631932084373,0.06930448071229946
8,N3,0.17326120178074864,0.21561393999382053,0.2425656824930481,0.06160398285537729
8,N3,0.18737878118510595,0.25411642927843137,0.2425656824930481,0.06545423178383837
8,N3,0.1565767897574173,0.21176369106535944,0.18866219749459295,0.06930448071229946
8,N3,0.16812753654280055,0.21946418892228162,0.21176369106535944,0.07315472964076054
8,N3,0.26053351082586645,0.26566717606381457,0.4543293735584075,0.06160398285537729
8,W,0.30801991427688646,0.23101493570766485,0.619890077482234,0.07315472964076054
8,W,0.3401053220140622,0.39272539070303025,0.5621363435553178,0.06545423178383837
8,N1,0.27336767392073674,0.3426721546330362,0.41197663534533563,0.06545423178383837
8,N1,0.2977525838009903,0.3773243949891859,0.43892837784456323,0.07700497856922162
8,N1,0.2708008413017627,0.3272711589191919,0.4158268842737967,0.06930448071229946
8,N2,0.2900520859440681,0.3426721546330362,0.4543293735584075,0.07315472964076054
8,N2,0.24769934773099622,0.35422290141841944,0.3195706610622697,0.06930448071229946
8,N2,0.32727115891919184,0.43507812891610215,0.4620298714153297,0.08470547642614377
8,N2,0.28748525332509406,0.3696238971322638,0.4235273821307189,0.06930448071229946
8,N2,0.2900520859440681,0.3657736482038027,0.43892837784456323,0.06545423178383837
8,N2,0.2900520859440681,0.42737763105918,0.3734741460607248,0.06930448071229946
8,N2,0.29133550225355515,0.3773243949891859,0.42737763105918,0.06930448071229946
8,N2,0.31058674689586047,0.4543293735584075,0.41197663534533563,0.06545423178383837
8,N2,0.29646916749150326,0.38887514177456917,0.43507812891610215,0.06545423178383837
8,N2,0.3016028327294513,0.4235273821307189,0.4158268842737967,0.06545423178383837
8,N2,0.29133550225355515,0.4235273821307189,0.3850248928461081,0.06545423178383837
8,N2,0.3221374936812437,0.4196771332022578,0.46973036927225187,0.07700497856922162
8,N2,0.32855457522867887,0.43892837784456323,0.4812811160576351,0.06545423178383837
8,N1,0.4068429701073876,0.4235273821307189,0.7238467985506832,0.07315472964076054
8,N1,0.35293948510893247,0.4466288757014854,0.5390348499845513,0.07315472964076054
8,N2,0.3016028327294514,0.3850248928461081,0.43892837784456323,0.0808552274976827
8,N2,0.31957066106226967,0.4235273821307189,0.47358061820071296,0.06160398285537729
8,N2,0.2939023348725292,0.4081263864168746,0.4081263864168746,0.06545423178383837
8,N2,0.32085407737175675,0.4466288757014854,0.43892837784456323,0.07700497856922162
8,N2,0.3157204121338086,0.41197663534533563,0.4543293735584075,0.0808552274976827
8,N3,0.31187016320534755,0.4004258885599524,0.4658801203437908,0.06930448071229946
8,N2,0.3067364979673995,0.3619233992753416,0.4851313649860962,0.07315472964076054
8,N2,0.3182872447527827,0.4466288757014854,0.43892837784456323,0.06930448071229946
8,N2,0.31187016320534755,0.4235273821307189,0.4427786267730243,0.06930448071229946
8,N3,0.27465109023022377,0.3388219057045751,0.4042761374884135,0.0808552274976827
8,N2,0.3118701632053475,0.4158268842737967,0.45047912462994644,0.06930448071229946
8,N2,0.34652240356149727,0.4581796224868686,0.5120831074853237,0.06930448071229946
8,N2,0.39015855808405625,0.5428850989130124,0.5544358456983957,0.07315472964076054
8,N2,0.2926189185630422,0.381174643917647,0.4196771332022578,0.07700497856922162
8,N2,0.2887686696345811,0.381174643917647,0.4081263864168746,0.07700497856922162
8,N2,0.33368824046662704,0.4658801203437908,0.46973036927225187,0.06545423178383837
8,N2,0.4017093048694394,0.4620298714153297,0.669943313552228,0.07315472964076054
8,N2,0.27721792284919783,0.3619233992753416,0.4042761374884135,0.06545423178383837
8,N2,0.3093033305863735,0.4042761374884135,0.4543293735584075,0.06930448071229946
8,N2,0.3247043263002178,0.4620298714153297,0.45047912462994644,0.06160398285537729
8,N2,0.30288624903893835,0.42737763105918,0.41197663534533563,0.06930448071229946
8,N2,0.31572041213380864,0.4004258885599524,0.4812811160576351,0.06545423178383837
8,N2,0.2926189185630422,0.3734741460607248,0.4427786267730243,0.06160398285537729
8,N2,0.3208540773717567,0.43122787998764106,0.4658801203437908,0.06545423178383837
8,N2,0.37732439498918585,0.5813875881976233,0.46973036927225187,0.0808552274976827
8,REM,0.3927253907030303,0.5544358456983957,0.5621363435553178,0.06160398285537729
8,REM,0.3311214078476529,0.4427786267730243,0.47358061820071296,0.07700497856922162
8,REM,0.37219072975123785,0.5313343521276291,0.5159333564137848,0.06930448071229946
8,REM,0.3247043263002178,0.4812811160576351,0.42737763105918,0.06545423178383837
8,REM,0.33882190570457515,0.5005323606999406,0.4543293735584075,0.06160398285537729
8,REM,0.3542229014184195,0.49283186284301833,0.5043826096284016,0.06545423178383837
8,REM,0.34780581987098436,0.4851313649860962,0.5005323606999406,0.05775373392691621
8,REM,0.32855457522867887,0.4543293735584075,0.47743086712917404,0.05390348499845513
8,REM,0.3644902318943157,0.47743086712917404,0.5505855967699346,0.06545423178383837
8,REM,0.3978590559409784,0.6391413221245394,0.4851313649860962,0.06930448071229946
8,REM,0.35550631772790653,0.5082328585568627,0.49283186284301833,0.06545423178383837
8,REM,0.3978590559409784,0.6044890817683897,0.5159333564137848,0.07315472964076054
8,REM,0.40299272117892654,0.6044890817683897,0.5390348499845513,0.06545423178383837
8,REM,0.38630830915559516,0.5621363435553178,0.5390348499845513,0.05775373392691621
8,REM,0.3696238971322638,0.5582860946268567,0.48898161391455724,0.06160398285537729
8,REM,0.37604097867969893,0.5544358456983957,0.5197836053422459,0.05390348499845513
8,REM,0.3619233992753417,0.523633854270707,0.5082328585568627,0.05390348499845513
8,REM,0.3593565666563676,0.46973036927225187,0.5467353478414735,0.06160398285537729
8,REM,0.38630830915559516,0.5082328585568627,0.5736870903407011,0.07700497856922162
8,REM,0.3503726524899584,0.5505855967699346,0.43122787998764106,0.06930448071229946
8,REM,0.3567897340373935,0.5120831074853237,0.4966821117714794,0.06160398285537729
8,REM,0.3837414765366211,0.5505855967699346,0.5390348499845513,0.06160398285537729
8,REM,0.3888751417745692,0.5775373392691622,0.527484103199168,0.06160398285537729
8,REM,0.33882190570457515,0.5082328585568627,0.4427786267730243,0.06545423178383837
8,REM,0.36449023189431573,0.5582860946268567,0.4658801203437908,0.06930448071229946
8,REM,0.35550631772790653,0.4966821117714794,0.5043826096284016,0.06545423178383837
8,REM,0.3824580602271341,0.5120831074853237,0.5621363435553178,0.07315472964076054
8,REM,0.3657736482038027,0.5197836053422459,0.5159333564137848,0.06160398285537729
8,REM,0.35293948510893247,0.5043826096284016,0.49283186284301833,0.06160398285537729
8,REM,0.3875917254650822,0.5197836053422459,0.56983684141224,0.07315472964076054
8,REM,0.3734741460607249,0.6006388328399286,0.4620298714153297,0.05775373392691621
8,REM,0.33368824046662704,0.5120831074853237,0.4196771332022578,0.06930448071229946
8,REM,0.3644902318943157,0.5159333564137848,0.5197836053422459,0.05775373392691621
8,REM,0.37604097867969893,0.5467353478414735,0.5120831074853237,0.06930448071229946
8,REM,0.3516560687994454,0.523633854270707,0.4620298714153297,0.06930448071229946
8,REM,0.40042588855995237,0.6160398285537729,0.523633854270707,0.06160398285537729
8,REM,0.34395557094252327,0.4235273821307189,0.5390348499845513,0.06930448071229946
8,N1,0.38374147653662116,0.5775373392691622,0.5005323606999406,0.07315472964076054
8,N1,0.39529222332200437,0.5967885839114675,0.523633854270707,0.06545423178383837
8,N1,0.36834048082277676,0.5351846010560902,0.5082328585568627,0.06160398285537729
8,N2,0.32727115891919184,0.47358061820071296,0.43892837784456323,0.06930448071229946
8,N2,0.32470432630021784,0.4851313649860962,0.4081263864168746,0.0808552274976827
8,N2,0.3170038284432956,0.43122787998764106,0.4543293735584075,0.06545423178383837
8,N2,0.3157204121338086,0.4620298714153297,0.42737763105918,0.05775373392691621
8,N2,0.32855457522867887,0.4966821117714794,0.42737763105918,0.06160398285537729
8,N2,0.33882190570457515,0.49283186284301833,0.4581796224868686,0.06545423178383837
8,REM,0.3311214078476529,0.4851313649860962,0.4427786267730243,0.06545423178383837
8,REM,0.3888751417745692,0.49283186284301833,0.5929383349830064,0.0808552274976827
8,REM,0.35550631772790653,0.5082328585568627,0.49283186284301833,0.06545423178383837
8,N1,0.3298379915381659,0.4042761374884135,0.5197836053422459,0.06545423178383837
8,N1,0.41711030058328386,0.6160398285537729,0.5659865924837789,0.06930448071229946
8,N2,0.3362550730856011,0.4581796224868686,0.47358061820071296,0.07700497856922162
8,N2,0.2926189185630422,0.4196771332022578,0.4004258885599524,0.05775373392691621
8,N2,0.3016028327294514,0.4042761374884135,0.4235273821307189,0.07700497856922162
8,N2,0.3362550730856011,0.4851313649860962,0.4543293735584075,0.06930448071229946
8,N2,0.3619233992753416,0.527484103199168,0.48898161391455724,0.06930448071229946
8,N2,0.30673649796739944,0.38887514177456917,0.45047912462994644,0.0808552274976827
8,N2,0.3426721546330362,0.45047912462994644,0.5120831074853237,0.06545423178383837
8,N2,0.31828724475278264,0.4196771332022578,0.4620298714153297,0.07315472964076054
8,N2,0.3182872447527827,0.4081263864168746,0.47743086712917404,0.06930448071229946
8,N2,0.33882190570457515,0.4851313649860962,0.4581796224868686,0.07315472964076054
8,N2,0.3298379915381659,0.4427786267730243,0.47743086712917404,0.06930448071229946
8,N2,0.34780581987098436,0.4851313649860962,0.49283186284301833,0.06545423178383837
8,N2,0.3516560687994454,0.49283186284301833,0.4966821117714794,0.06545423178383837
8,N2,0.33240482415713996,0.4543293735584075,0.4851313649860962,0.05775373392691621
8,N2,0.3208540773717567,0.4620298714153297,0.43507812891610215,0.06545423178383837
8,N2,0.3131535795148346,0.42737763105918,0.4427786267730243,0.06930448071229946
8,N2,0.29518575118201623,0.39657563963149134,0.42737763105918,0.06160398285537729
8,N2,0.32342090999073075,0.42737763105918,0.4851313649860962,0.05775373392691621
8,N2,0.35550631772790653,0.47358061820071296,0.5428850989130124,0.05005323606999405
8,N2,0.31187016320534755,0.43507812891610215,0.42737763105918,0.07315472964076054
8,N2,0.3131535795148346,0.43122787998764106,0.43892837784456323,0.06930448071229946
8,N2,0.28491842070612,0.3619233992753416,0.42737763105918,0.06545423178383837
8,N2,0.3221374936812437,0.43892837784456323,0.4581796224868686,0.06930448071229946
8,N2,0.3362550730856011,0.45047912462994644,0.4812811160576351,0.07700497856922162
8,N2,0.3401053220140622,0.43892837784456323,0.5120831074853237,0.06930448071229946
8,N2,0.31828724475278264,0.42737763105918,0.4658801203437908,0.06160398285537729
8,N2,0.3054530816579124,0.4042761374884135,0.4543293735584075,0.05775373392691621
8,N2,0.2926189185630422,0.39272539070303025,0.4235273821307189,0.06160398285537729
8,N2,0.32342090999073075,0.43892837784456323,0.4581796224868686,0.07315472964076054
8,N2,0.3170038284432956,0.4196771332022578,0.47358061820071296,0.05775373392691621
8,N3,0.30673649796739944,0.42737763105918,0.43507812891610215,0.05775373392691621
8,N3,0.29133550225355515,0.39657563963149134,0.41197663534533563,0.06545423178383837
8,N2,0.3195706610622697,0.4427786267730243,0.4466288757014854,0.06930448071229946
8,N2,0.32342090999073075,0.4543293735584075,0.4543293735584075,0.06160398285537729
8,N3,0.24898276404048325,0.31572041213380864,0.35807315034688053,0.07315472964076054
8,N3,0.24898276404048322,0.30801991427688646,0.3734741460607248,0.06545423178383837
8,N3,0.27721792284919783,0.35807315034688053,0.4081263864168746,0.06545423178383837
8,N3,0.2579666782068924,0.2964691674915032,0.4158268842737967,0.06160398285537729
8,N3,0.27721792284919783,0.35422290141841944,0.4042761374884135,0.07315472964076054
8,N3,0.2528330129689443,0.334971656776114,0.35037265248995836,0.07315472964076054
8,N3,0.2759345065397108,0.34652240356149727,0.4081263864168746,0.07315472964076054
8,N2,0.33240482415713996,0.4196771332022578,0.5120831074853237,0.06545423178383837
8,N3,0.2682340086827886,0.3696238971322638,0.3657736482038027,0.06930448071229946
8,N2,0.3298379915381659,0.46973036927225187,0.45047912462994644,0.06930448071229946
8,N2,0.3452389872520103,0.4851313649860962,0.4966821117714794,0.05390348499845513
8,N3,0.2618169271353535,0.34652240356149727,0.3696238971322638,0.06930448071229946
8,N3,0.27721792284919783,0.3426721546330362,0.42737763105918,0.06160398285537729
8,N3,0.2579666782068924,0.334971656776114,0.3657736482038027,0.07315472964076054
8,N3,0.24641593142150917,0.3426721546330362,0.3388219057045751,0.05775373392691621
8,N3,0.2708008413017627,0.34652240356149727,0.39272539070303025,0.07315472964076054
8,N3,0.2759345065397108,0.34652240356149727,0.4081263864168746,0.07315472964076054
8,N3,0.24384909880253514,0.3272711589191919,0.34652240356149727,0.05775373392691621
8,N3,0.25668326189740537,0.35037265248995836,0.34652240356149727,0.07315472964076054
8,N3,0.22588127046971673,0.31572041213380864,0.2887686696345811,0.07315472964076054
8,N3,0.20791344213689833,0.26951742499227566,0.3003194164199643,0.05390348499845513
8,N3,0.2053466095179243,0.26951742499227566,0.27721792284919783,0.06930448071229946
8,N3,0.19251244642305407,0.26566717606381457,0.2502661803499703,0.06160398285537729
8,N3,0.20663002582741133,0.2618169271353535,0.2887686696345811,0.06930448071229946
8,N3,0.2156139399938205,0.331121407847653,0.26566717606381457,0.05005323606999405
8,N3,0.23486518463612593,0.30801991427688646,0.331121407847653,0.06545423178383837
8,N3,0.1937958627325411,0.2425656824930481,0.26566717606381457,0.07315472964076054
8,N3,0.18994561380408,0.2502661803499703,0.26566717606381457,0.05390348499845513
8,N3,0.19507927904202813,0.2233144378507427,0.2926189185630422,0.06930448071229946
8,N3,0.16941095285228755,0.2040631932084373,0.24641593142150917,0.05775373392691621
8,N3,0.20277977689895024,0.28491842070612,0.2579666782068924,0.06545423178383837
8,N3,0.18994561380408,0.26566717606381457,0.2425656824930481,0.06160398285537729
8,N3,0.17839486701869675,0.2618169271353535,0.21561393999382053,0.05775373392691621
8,N3,0.2156139399938205,0.2618169271353535,0.31187016320534755,0.07315472964076054
8,N3,0.18994561380408,0.2618169271353535,0.25411642927843137,0.05390348499845513
8,N3,0.20277977689895024,0.27721792284919783,0.2618169271353535,0.06930448071229946
8,N3,0.17967828332818378,0.24641593142150917,0.22716468677920376,0.06545423178383837
8,N3,0.18866219749459298,0.28491842070612,0.21176369106535944,0.06930448071229946
8,N3,0.1937958627325411,0.2579666782068924,0.25411642927843137,0.06930448071229946
8,N3,0.17967828332818378,0.25411642927843137,0.21561393999382053,0.06930448071229946
8,N3,0.1617104549953654,0.21946418892228162,0.19636269535151513,0.06930448071229946
8,N3,0.18994561380407995,0.2618169271353535,0.24641593142150917,0.06160398285537729
8,N3,0.16941095285228755,0.21561393999382053,0.23486518463612593,0.05775373392691621
8,N3,0.17711145070920972,0.23101493570766485,0.24641593142150917,0.05390348499845513
8,N3,0.1719777854712616,0.23101493570766485,0.21946418892228162,0.06545423178383837
8,N3,0.16812753654280052,0.24641593142150917,0.18866219749459295,0.06930448071229946
8,N3,0.16941095285228755,0.21176369106535944,0.23871543356458702,0.05775373392691621
8,N3,0.2887686696345811,0.334971656776114,0.4581796224868686,0.07315472964076054
8,N3,0.2579666782068924,0.26951742499227566,0.43892837784456323,0.06545423178383837
8,N3,0.2528330129689443,0.3195706610622697,0.3773243949891859,0.06160398285537729
8,N2,0.28748525332509406,0.3696238971322638,0.4235273821307189,0.06930448071229946
8,N3,0.29518575118201623,0.39272539070303025,0.43122787998764106,0.06160398285537729
8,N3,0.3234209099907308,0.4004258885599524,0.5082328585568627,0.06160398285537729
8,N2,0.27850133915868486,0.3734741460607248,0.4004258885599524,0.06160398285537729
8,N2,0.36705706451328973,0.45047912462994644,0.5852378371260843,0.06545423178383837
8,N2,0.37219072975123785,0.5120831074853237,0.5467353478414735,0.05775373392691621
8,N2,0.33882190570457515,0.4235273821307189,0.527484103199168,0.06545423178383837
8,N2,0.30545308165791246,0.4042761374884135,0.43507812891610215,0.07700497856922162
8,N2,0.30930333058637344,0.41197663534533563,0.4658801203437908,0.05005323606999405
8,N2,0.32855457522867887,0.43892837784456323,0.4851313649860962,0.06160398285537729
8,N2,0.3644902318943157,0.5043826096284016,0.5313343521276291,0.05775373392691621
8,N2,0.3093033305863735,0.4235273821307189,0.43892837784456323,0.06545423178383837
8,N2,0.31572041213380864,0.4466288757014854,0.43892837784456323,0.06160398285537729
8,N2,0.2926189185630422,0.4196771332022578,0.38887514177456917,0.06930448071229946
8,N2,0.34908923618047133,0.5120831074853237,0.46973036927225187,0.06545423178383837
8,N2,0.3465224035614973,0.43122787998764106,0.5467353478414735,0.06160398285537729
8,N2,0.30416966534842543,0.43892837784456323,0.4081263864168746,0.06545423178383837
8,N2,0.35037265248995836,0.48898161391455724,0.48898161391455724,0.07315472964076054
8,N2,0.30673649796739944,0.4004258885599524,0.4543293735584075,0.06545423178383837
8,N2,0.33240482415713996,0.47743086712917404,0.4620298714153297,0.05775373392691621
8,N2,0.31828724475278264,0.39657563963149134,0.49283186284301833,0.06545423178383837
8,N2,0.28491842070612,0.4004258885599524,0.39657563963149134,0.05775373392691621
8,N2,0.3311214078476529,0.4851313649860962,0.4543293735584075,0.05390348499845513
8,N2,0.3170038284432956,0.4658801203437908,0.4235273821307189,0.06160398285537729
8,REM,0.3131535795148345,0.4235273821307189,0.4581796224868686,0.05775373392691621
8,REM,0.3311214078476529,0.4620298714153297,0.47358061820071296,0.05775373392691621
8,REM,0.34780581987098436,0.5005323606999406,0.48898161391455724,0.05390348499845513
8,REM,0.3734741460607249,0.5736870903407011,0.47743086712917404,0.06930448071229946
8,REM,0.32855457522867887,0.4658801203437908,0.4581796224868686,0.06160398285537729
8,REM,0.34267215463303624,0.4812811160576351,0.4812811160576351,0.06545423178383837
8,REM,0.36449023189431573,0.4812811160576351,0.5351846010560902,0.07700497856922162
8,REM,0.3619233992753416,0.5428850989130124,0.47743086712917404,0.06545423178383837
8,REM,0.39400880701251734,0.5582860946268567,0.5621363435553178,0.06160398285537729
8,REM,0.37219072975123785,0.5351846010560902,0.5197836053422459,0.06160398285537729
8,REM,0.3401053220140622,0.5467353478414735,0.4042761374884135,0.06930448071229946
8,REM,0.39015855808405625,0.5852378371260843,0.5197836053422459,0.06545423178383837
8,REM,0.3965756396314914,0.5582860946268567,0.56983684141224,0.06160398285537729
8,REM,0.33882190570457515,0.4466288757014854,0.48898161391455724,0.0808552274976827
8,REM,0.37219072975123785,0.5428850989130124,0.5120831074853237,0.06160398285537729
8,REM,0.37604097867969893,0.5467353478414735,0.5159333564137848,0.06545423178383837
8,REM,0.33368824046662704,0.4581796224868686,0.49283186284301833,0.05005323606999405
8,REM,0.3734741460607249,0.5467353478414735,0.5120831074853237,0.06160398285537729
8,REM,0.37732439498918596,0.5775373392691622,0.4966821117714794,0.05775373392691621
8,REM,0.378607811298673,0.5005323606999406,0.5736870903407011,0.06160398285537729
8,REM,0.4106932190358487,0.5736870903407011,0.5929383349830064,0.06545423178383837
8,REM,0.4017093048694395,0.5621363435553178,0.5852378371260843,0.05775373392691621
8,REM,0.36449023189431573,0.523633854270707,0.5005323606999406,0.06930448071229946
8,REM,0.39015855808405625,0.5544358456983957,0.5544358456983957,0.06160398285537729
8,REM,0.3798912276081601,0.5621363435553178,0.5082328585568627,0.06930448071229946
8,REM,0.3657736482038027,0.4966821117714794,0.523633854270707,0.07700497856922162
8,REM,0.37604097867969893,0.5390348499845513,0.523633854270707,0.06545423178383837
8,REM,0.3914419743935433,0.5813875881976233,0.527484103199168,0.06545423178383837
8,REM,0.37347414606072493,0.4812811160576351,0.5736870903407011,0.06545423178383837
8,REM,0.36962389713226385,0.5390348499845513,0.5005323606999406,0.06930448071229946
8,REM,0.4325112962971281,0.6429915710530005,0.5890880860545453,0.06545423178383837
8,REM,0.36320681558482865,0.5659865924837789,0.4620298714153297,0.06160398285537729
8,N1,0.3311214078476529,0.4658801203437908,0.4620298714153297,0.06545423178383837
8,N1,0.42481079844020603,0.5736870903407011,0.6391413221245394,0.06160398285537729
8,N1,0.3401053220140622,0.4620298714153297,0.4966821117714794,0.06160398285537729
8,N2,0.3221374936812438,0.39272539070303025,0.5043826096284016,0.06930448071229946
8,N2,0.2926189185630422,0.4004258885599524,0.4235273821307189,0.05390348499845513
8,N2,0.3041696653484254,0.42737763105918,0.4196771332022578,0.06545423178383837
8,N2,0.3016028327294513,0.42737763105918,0.4196771332022578,0.05775373392691621
8,N2,0.3362550730856011,0.5043826096284016,0.4427786267730243,0.06160398285537729
8,N2,0.3298379915381659,0.39657563963149134,0.5120831074853237,0.0808552274976827
8,N2,0.3028862490389384,0.4042761374884135,0.43892837784456323,0.06545423178383837
8,N2,0.30545308165791246,0.4042761374884135,0.43892837784456323,0.07315472964076054
8,N2,0.30673649796739944,0.42737763105918,0.42737763105918,0.06545423178383837
8,N2,0.3298379915381659,0.4543293735584075,0.4620298714153297,0.07315472964076054
8,N2,0.3144369958243216,0.43892837784456323,0.43507812891610215,0.06930448071229946
8,N2,0.31187016320534755,0.43122787998764106,0.43892837784456323,0.06545423178383837
8,N2,0.32855457522867887,0.4812811160576351,0.4543293735584075,0.05005323606999405
8,N2,0.2977525838009903,0.3657736482038027,0.4620298714153297,0.06545423178383837
8,N2,0.3490892361804714,0.5005323606999406,0.4812811160576351,0.06545423178383837
8,N2,0.39015855808405625,0.5621363435553178,0.5467353478414735,0.06160398285537729
8,N2,0.35422290141841944,0.49283186284301833,0.4966821117714794,0.07315472964076054
8,N2,0.2926189185630422,0.4004258885599524,0.4158268842737967,0.06160398285537729
8,N2,0.3093033305863735,0.4427786267730243,0.4158268842737967,0.06930448071229946
8,N2,0.3259877426097048,0.4158268842737967,0.49283186284301833,0.06930448071229946
8,N2,0.3105867468958605,0.4466288757014854,0.43122787998764106,0.05390348499845513
8,N2,0.29646916749150326,0.42737763105918,0.4042761374884135,0.05775373392691621
8,N2,0.3362550730856011,0.49283186284301833,0.4620298714153297,0.05390348499845513
8,N2,0.33882190570457515,0.4966821117714794,0.45047912462994644,0.06930448071229946
8,N2,0.29133550225355515,0.4004258885599524,0.4042761374884135,0.06930448071229946
8,N2,0.30673649796739944,0.4042761374884135,0.4581796224868686,0.05775373392691621
8,N2,0.30801991427688646,0.4427786267730243,0.4158268842737967,0.06545423178383837
8,N2,0.3131535795148345,0.4196771332022578,0.4658801203437908,0.05390348499845513
8,N2,0.31187016320534755,0.4004258885599524,0.4581796224868686,0.07700497856922162
8,N2,0.3221374936812437,0.4427786267730243,0.4620298714153297,0.06160398285537729
8,N2,0.2926189185630422,0.41197663534533563,0.3850248928461081,0.0808552274976827
8,N2,0.3144369958243216,0.4427786267730243,0.43122787998764106,0.06930448071229946
8,N2,0.31572041213380864,0.4466288757014854,0.43122787998764106,0.06930448071229946
8,N2,0.3362550730856011,0.48898161391455724,0.4620298714153297,0.05775373392691621
8,N2,0.30801991427688646,0.4235273821307189,0.42737763105918,0.07315472964076054
8,N2,0.2977525838009903,0.4081263864168746,0.4235273821307189,0.06160398285537729
8,N2,0.2810681717776589,0.3657736482038027,0.4004258885599524,0.07700497856922162
8,N2,0.30801991427688646,0.41197663534533563,0.4466288757014854,0.06545423178383837
8,N2,0.3311214078476529,0.4466288757014854,0.48898161391455724,0.05775373392691621
8,N2,0.37219072975123785,0.5390348499845513,0.5197836053422459,0.05775373392691621
8,N2,0.3247043263002178,0.4427786267730243,0.4658801203437908,0.06545423178383837
8,N2,0.33497165677611407,0.4235273821307189,0.5082328585568627,0.07315472964076054
8,N2,0.30031941641996435,0.4081263864168746,0.4196771332022578,0.07315472964076054
8,N2,0.27850133915868486,0.3619233992753416,0.4081263864168746,0.06545423178383837
8,N2,0.3131535795148346,0.4466288757014854,0.42737763105918,0.06545423178383837
8,N2,0.3747575623702119,0.5159333564137848,0.5428850989130124,0.06545423178383837
8,N2,0.3093033305863735,0.4581796224868686,0.4042761374884135,0.06545423178383837
8,N2,0.31957066106226967,0.4543293735584075,0.43892837784456323,0.06545423178383837
8,N2,0.2900520859440681,0.4158268842737967,0.39272539070303025,0.06160398285537729
8,N2,0.28235158808714594,0.38887514177456917,0.39272539070303025,0.06545423178383837
8,N2,0.26566717606381457,0.331121407847653,0.39272539070303025,0.07315472964076054
8,N2,0.2759345065397108,0.34652240356149727,0.4196771332022578,0.06160398285537729
8,N2,0.2669505923733016,0.34652240356149727,0.38887514177456917,0.06545423178383837
8,N3,0.2425656824930481,0.27721792284919783,0.39272539070303025,0.05775373392691621
8,N3,0.2579666782068924,0.334971656776114,0.3773243949891859,0.06160398285537729
8,N2,0.3105867468958605,0.43507812891610215,0.43122787998764106,0.06545423178383837
8,N2,0.2797847554681719,0.35807315034688053,0.41197663534533563,0.06930448071229946
8,N2,0.3105867468958605,0.39657563963149134,0.47743086712917404,0.05775373392691621
8,N3,0.28491842070612,0.3696238971322638,0.41197663534533563,0.07315472964076054
8,N3,0.2720842576112497,0.34652240356149727,0.39272539070303025,0.07700497856922162
8,N2,0.29518575118201623,0.4042761374884135,0.4158268842737967,0.06545423178383837
8,N2,0.28235158808714594,0.38887514177456917,0.4004258885599524,0.05775373392691621
8,N3,0.2541164292784313,0.34652240356149727,0.34652240356149727,0.06930448071229946
8,N3,0.2528330129689443,0.3388219057045751,0.35422290141841944,0.06545423178383837
8,N3,0.2990360001104773,0.4004258885599524,0.43507812891610215,0.06160398285537729
8,N3,0.24513251511202216,0.3272711589191919,0.34652240356149727,0.06160398285537729
8,N3,0.24898276404048325,0.3696238971322638,0.31187016320534755,0.06545423178383837
8,N3,0.22588127046971673,0.3773243949891859,0.2502661803499703,0.05005323606999405
8,N3,0.2374320172551,0.2964691674915032,0.35422290141841944,0.06160398285537729
8,N3,0.20663002582741133,0.28491842070612,0.26566717606381457,0.06930448071229946
8,N3,0.2541164292784313,0.3426721546330362,0.35422290141841944,0.06545423178383837
8,N3,0.2053466095179243,0.2618169271353535,0.2926189185630422,0.06160398285537729
8,N3,0.3003194164199643,0.3426721546330362,0.48898161391455724,0.06930448071229946
8,N3,0.26566717606381457,0.3426721546330362,0.3850248928461081,0.06930448071229946
8,N3,0.24128226618356108,0.3195706610622697,0.331121407847653,0.07315472964076054
8,N3,0.2592500945163794,0.3195706610622697,0.3850248928461081,0.07315472964076054
8,N3,0.25668326189740537,0.35037265248995836,0.35037265248995836,0.06930448071229946
8,N3,0.24384909880253514,0.34652240356149727,0.31572041213380864,0.06930448071229946
8,N3,0.2245978541602297,0.31187016320534755,0.2964691674915032,0.06545423178383837
8,N3,0.2541164292784313,0.35807315034688053,0.3388219057045751,0.06545423178383837
8,N3,0.19636269535151515,0.23486518463612593,0.2926189185630422,0.06160398285537729
8,N3,0.2284481030886908,0.26951742499227566,0.334971656776114,0.0808552274976827
8,N3,0.2245978541602297,0.3195706610622697,0.2887686696345811,0.06545423178383837
8,N3,0.2502661803499702,0.3388219057045751,0.35037265248995836,0.06160398285537729
8,N3,0.24898276404048325,0.3234209099907308,0.3657736482038027,0.05775373392691621
8,N3,0.19122903011356704,0.25411642927843137,0.26566717606381457,0.05390348499845513
8,N3,0.2027797768989503,0.25411642927843137,0.28491842070612,0.06930448071229946
8,N3,0.21689735630330753,0.2964691674915032,0.2926189185630422,0.06160398285537729
8,N3,0.1989295279704892,0.2502661803499703,0.26951742499227566,0.07700497856922162
8,N3,0.22074760523176862,0.31187016320534755,0.2887686696345811,0.06160398285537729
8,N3,0.18994561380407995,0.24641593142150917,0.2618169271353535,0.06160398285537729
8,N3,0.2104802747558724,0.2618169271353535,0.31572041213380864,0.05390348499845513
8,N3,0.16941095285228755,0.20791344213689836,0.23101493570766485,0.06930448071229946
8,N3,0.18609536487561892,0.2425656824930481,0.25411642927843137,0.06160398285537729
8,N3,0.16427728761433943,0.21176369106535944,0.21946418892228162,0.06160398285537729
8,W,0.3478058198709843,0.39272539070303025,0.5890880860545453,0.06160398285537729
8,W,0.3247043263002178,0.2887686696345811,0.6160398285537729,0.06930448071229946
8,W,0.2669505923733016,0.26951742499227566,0.4658801203437908,0.06545423178383837
8,W,0.2759345065397108,0.2618169271353535,0.48898161391455724,0.07700497856922162
8,W,0.3221374936812438,0.3195706610622697,0.5852378371260843,0.06160398285537729
8,W,0.4158268842737968,0.5505855967699346,0.6314408242676173,0.06545423178383837
8,W,0.3593565666563676,0.47358061820071296,0.5351846010560902,0.06930448071229946
8,W,0.37219072975123785,0.42737763105918,0.6275905753391562,0.06160398285537729
8,W,0.36834048082277676,0.4466288757014854,0.6006388328399286,0.05775373392691621
8,W,0.378607811298673,0.4196771332022578,0.6429915710530005,0.07315472964076054
8,W,0.45561278986789455,0.6814940603376113,0.6237403264106951,0.06160398285537729
8,W,0.3490892361804714,0.4004258885599524,0.5736870903407011,0.07315472964076054
8,W,0.4196771332022578,0.5621363435553178,0.6314408242676173,0.06545423178383837
8,W,0.48384794867660913,0.6968950560514556,0.669943313552228,0.08470547642614377
8,W,0.4414952104635373,0.6121895796253118,0.6391413221245394,0.07315472964076054
8,W,0.4581796224868686,0.669943313552228,0.6237403264106951,0.0808552274976827
8,W,0.48256453236712216,0.6968950560514556,0.6776438114091502,0.07315472964076054
8,W,0.33368824046662704,0.2964691674915032,0.6391413221245394,0.06545423178383837
8,W,0.3824580602271341,0.3619233992753416,0.7122960517653,0.07315472964076054
8,W,0.3259877426097048,0.3426721546330362,0.56983684141224,0.06545423178383837
8,W,0.34267215463303624,0.3388219057045751,0.6275905753391562,0.06160398285537729
8,W,0.30930333058637355,0.2926189185630422,0.5621363435553178,0.07315472964076054
8,W,0.3914419743935433,0.331121407847653,0.7816005324775994,0.06160398285537729
8,W,0.4594630387963557,0.41197663534533563,0.8932577514029708,0.07315472964076054
8,W,0.3632068155848287,0.3657736482038027,0.6583925667668449,0.06545423178383837
8,W,0.47358061820071296,0.5428850989130124,0.808552274976827,0.06930448071229946
8,W,0.4414952104635373,0.43892837784456323,0.8162527728337492,0.06930448071229946
8,W,0.40812638641687454,0.4004258885599524,0.7546487899783718,0.06930448071229946
8,W,0.4337947126066151,0.4158268842737967,0.8162527728337492,0.06930448071229946
8,W,0.42224396582123186,0.42737763105918,0.7700497856922162,0.06930448071229946
8,W,0.35550631772790653,0.3657736482038027,0.6429915710530005,0.05775373392691621
8,W,0.4094098027263617,0.35807315034688053,0.8008517771199049,0.06930448071229946
8,W,0.39400880701251734,0.2964691674915032,0.8239532706906713,0.06160398285537729
8,W,0.4325112962971281,0.39657563963149134,0.8432045153329767,0.05775373392691621
8,W,0.41326005165482266,0.3388219057045751,0.8355040174760545,0.06545423178383837
8,W,0.4094098027263617,0.3734741460607248,0.8008517771199049,0.05390348499845513
8,W,0.4196771332022578,0.3734741460607248,0.8201030217622103,0.06545423178383837
8,W,0.4017093048694394,0.39272539070303025,0.7469482921214496,0.06545423178383837
8,W,0.40427613748841357,0.3850248928461081,0.7661995367637551,0.06160398285537729
8,W,0.46973036927225187,0.5120831074853237,0.8278035196191323,0.06930448071229946
8,W,0.45689620617738164,0.4851313649860962,0.8201030217622103,0.06545423178383837
8,W,0.46588012034379084,0.5505855967699346,0.7893010303345216,0.05775373392691621
8,W,0.4568962061773816,0.47358061820071296,0.8239532706906713,0.07315472964076054
8,W,0.4158268842737967,0.47743086712917404,0.7007453049799167,0.06930448071229946
8,W,0.42994446367815403,0.4158268842737967,0.808552274976827,0.06545423178383837
8,W,0.4671635366532778,0.5005323606999406,0.8355040174760545,0.06545423178383837
8,W,0.4363615452255892,0.4658801203437908,0.762349287835294,0.0808552274976827
8,W,0.4055595537979005,0.38887514177456917,0.7507985410499107,0.07700497856922162
8,W,0.4517625409394335,0.5428850989130124,0.7507985410499107,0.06160398285537729
8,W,0.477430867129174,0.523633854270707,0.8316537685475934,0.07700497856922162
8,W,0.49026503022404433,0.5890880860545453,0.8162527728337492,0.06545423178383837
8,W,0.4633132877248167,0.527484103199168,0.7816005324775994,0.0808552274976827
8,W,0.48641478129558324,0.5659865924837789,0.8239532706906713,0.06930448071229946
9,W,0.5647031761742919,0.6968950560514556,0.9317602406875816,0.06545423178383837
9,W,0.5505855967699346,0.6506920689099227,0.9394607385445037,0.06160398285537729
9,W,0.5852378371260843,0.7353975453360665,0.9625622321152703,0.05775373392691621
9,W,0.5993554165304417,0.8162527728337492,0.9279099917591205,0.05390348499845513
9,W,0.5416016826035254,0.6391413221245394,0.9163592449737372,0.06930448071229946
9,W,0.5531524293889086,0.6930448071229945,0.904808498188354,0.06160398285537729
9,W,0.5313343521276293,0.6391413221245394,0.8817070046175876,0.07315472964076054
9,W,0.5865212534355714,0.7276970474791443,0.9664124810437313,0.06545423178383837
9,W,0.571120257721727,0.7353975453360665,0.9202094939021983,0.05775373392691621
9,W,0.5595695109363438,0.7661995367637551,0.8470547642614378,0.06545423178383837
9,W,0.571120257721727,0.7469482921214496,0.904808498188354,0.06160398285537729
9,W,0.6032056654589026,0.7700497856922162,0.9779632278291145,0.06160398285537729
9,W,0.5788207555786492,0.7353975453360665,0.9394607385445037,0.06160398285537729
9,W,0.6070559143873637,0.85475526211836,0.908658747116815,0.05775373392691621
9,W,0.6109061633158249,0.8278035196191323,0.9471612364014259,0.05775373392691621
9,W,0.5929383349830065,0.7777502835491383,0.9394607385445037,0.06160398285537729
9,W,0.5441685152224994,0.6891945581945335,0.8817070046175876,0.06160398285537729
9,W,0.5518690130794216,0.7045955539083778,0.8894075024745097,0.06160398285537729
9,W,0.5942217512924935,0.7970015281914438,0.9279099917591205,0.05775373392691621
9,W,0.518500189032759,0.6314408242676173,0.8663060089037432,0.05775373392691621
9,W,0.5454519315319865,0.6506920689099227,0.9279099917591205,0.05775373392691621
9,W,0.5903715023640325,0.7661995367637551,0.9471612364014259,0.05775373392691621
9,W,0.568553425102753,0.6853443092660724,0.9548617342583481,0.06545423178383837
9,W,0.5428850989130124,0.6660930646237669,0.9009582492598929,0.06160398285537729
9,W,0.5351846010560902,0.6429915710530005,0.8971080003314319,0.06545423178383837
9,W,0.5582860946268567,0.7007453049799167,0.9009582492598929,0.07315472964076054
9,W,0.5287675195086551,0.6660930646237669,0.8701562578322043,0.05005323606999405
9,W,0.5416016826035254,0.619890077482234,0.9471612364014259,0.05775373392691621
9,W,0.6019222491494157,0.7816005324775994,0.9587119831868092,0.06545423178383837
9,W,0.5595695109363438,0.6930448071229945,0.9202094939021983,0.06545423178383837
9,W,0.5621363435553178,0.7507985410499107,0.8701562578322043,0.06545423178383837
9,W,0.5557192620078827,0.7122960517653,0.8971080003314319,0.05775373392691621
9,W,0.5467353478414735,0.6930448071229945,0.8855572535460486,0.06160398285537729
9,W,0.5505855967699346,0.6891945581945335,0.8932577514029708,0.06930448071229946
9,W,0.6109061633158248,0.8278035196191323,0.951011485329887,0.05390348499845513
9,W,0.5724036740312141,0.7045955539083778,0.951011485329887,0.06160398285537729
9,W,0.5441685152224994,0.7122960517653,0.85475526211836,0.06545423178383837
9,W,0.571120257721727,0.7584990389068329,0.8894075024745097,0.06545423178383837
9,W,0.5929383349830065,0.858605511046821,0.8701562578322043,0.05005323606999405
9,W,0.5762539229596751,0.8008517771199049,0.8624557599752821,0.06545423178383837
9,W,0.5736870903407011,0.7661995367637551,0.8894075024745097,0.06545423178383837
9,W,0.5531524293889086,0.6891945581945335,0.9163592449737372,0.05390348499845513
9,W,0.5326177684371162,0.6930448071229945,0.8470547642614378,0.05775373392691621
9,W,0.5775373392691622,0.7507985410499107,0.9202094939021983,0.06160398285537729
9,W,0.5801041718881362,0.7584990389068329,0.9240597428306594,0.05775373392691621
9,W,0.5351846010560903,0.6506920689099227,0.8932577514029708,0.06160398285537729
9,W,0.524917270580194,0.669943313552228,0.8432045153329767,0.06160398285537729
9,W,0.5159333564137848,0.7546487899783718,0.7315472964076054,0.06160398285537729
9,W,0.49154844653353136,0.5082328585568627,0.9009582492598929,0.06545423178383837
9,W,0.44406204308251135,0.42737763105918,0.8470547642614378,0.05775373392691621
9,W,0.3375384893950881,0.3426721546330362,0.6121895796253118,0.05775373392691621
9,W,0.3465224035614973,0.334971656776114,0.6391413221245394,0.06545423178383837
9,W,0.4453454593919983,0.5197836053422459,0.7469482921214496,0.06930448071229946
9,W,0.39400880701251734,0.4004258885599524,0.7161463006937611,0.06545423178383837
9,W,0.4325112962971281,0.5159333564137848,0.7199965496222221,0.06160398285537729
9,W,0.41711030058328374,0.48898161391455724,0.6968950560514556,0.06545423178383837
9,W,0.4363615452255892,0.523633854270707,0.7238467985506832,0.06160398285537729
9,W,0.4094098027263617,0.47743086712917404,0.6891945581945335,0.06160398285537729
9,W,0.33497165677611407,0.4196771332022578,0.523633854270707,0.06160398285537729
9,W,0.4068429701073876,0.4966821117714794,0.662242815695306,0.06160398285537729
9,N1,0.46074645510584267,0.5929383349830064,0.7276970474791443,0.06160398285537729
9,N1,0.45689620617738164,0.5813875881976233,0.7238467985506832,0.06545423178383837
9,N1,0.4325112962971281,0.6391413221245394,0.6006388328399286,0.05775373392691621
9,N1,0.43892837784456323,0.6545423178383838,0.5967885839114675,0.06545423178383837
9,N1,0.3927253907030303,0.5043826096284016,0.619890077482234,0.05390348499845513
9,N2,0.37732439498918596,0.48898161391455724,0.5852378371260843,0.05775373392691621
9,N2,0.3734741460607249,0.46973036927225187,0.5813875881976233,0.06930448071229946
9,N2,0.35165606879944544,0.5043826096284016,0.48898161391455724,0.06160398285537729
9,N2,0.37604097867969893,0.49283186284301833,0.5621363435553178,0.07315472964076054
9,N2,0.37219072975123785,0.5159333564137848,0.5351846010560902,0.06545423178383837
9,N2,0.3170038284432956,0.49283186284301833,0.4004258885599524,0.05775373392691621
9,N2,0.3567897340373935,0.4966821117714794,0.5197836053422459,0.05390348499845513
9,N2,0.37219072975123785,0.5120831074853237,0.5351846010560902,0.06930448071229946
9,N2,0.3093033305863735,0.43507812891610215,0.42737763105918,0.06545423178383837
9,N2,0.33497165677611407,0.5005323606999406,0.4466288757014854,0.05775373392691621
9,N2,0.35293948510893247,0.4966821117714794,0.5043826096284016,0.05775373392691621
9,N2,0.3311214078476529,0.5082328585568627,0.42737763105918,0.05775373392691621
9,N2,0.31700382844329567,0.4081263864168746,0.46973036927225187,0.07315472964076054
9,N2,0.31443699582432155,0.4235273821307189,0.4581796224868686,0.06160398285537729
9,N2,0.32727115891919184,0.4427786267730243,0.4812811160576351,0.05775373392691621
9,N2,0.30673649796739944,0.4081263864168746,0.4543293735584075,0.05775373392691621
9,N2,0.3093033305863735,0.4812811160576351,0.3850248928461081,0.06160398285537729
9,N3,0.2977525838009903,0.4081263864168746,0.4235273821307189,0.06160398285537729
9,N2,0.2720842576112497,0.4158268842737967,0.3388219057045751,0.06160398285537729
9,N2,0.25668326189740537,0.35807315034688053,0.34652240356149727,0.06545423178383837
9,N2,0.2810681717776589,0.39657563963149134,0.38887514177456917,0.05775373392691621
9,N3,0.27850133915868486,0.39657563963149134,0.3773243949891859,0.06160398285537729
9,N3,0.23101493570766485,0.3195706610622697,0.3041696653484254,0.06930448071229946
9,N3,0.2759345065397108,0.38887514177456917,0.381174643917647,0.05775373392691621
9,N3,0.22716468677920376,0.27721792284919783,0.3388219057045751,0.06545423178383837
9,N3,0.26438375975432754,0.39272539070303025,0.3426721546330362,0.05775373392691621
9,N3,0.2618169271353535,0.38887514177456917,0.3195706610622697,0.07700497856922162
9,N3,0.25154959665945725,0.3426721546330362,0.3426721546330362,0.06930448071229946
9,N3,0.2194641889222816,0.3195706610622697,0.2810681717776589,0.05775373392691621
9,N3,0.24513251511202216,0.3234209099907308,0.3426721546330362,0.06930448071229946
9,N3,0.24128226618356108,0.3272711589191919,0.334971656776114,0.06160398285537729
9,N3,0.2284481030886908,0.3195706610622697,0.3041696653484254,0.06160398285537729
9,N3,0.22203102154125565,0.34652240356149727,0.2579666782068924,0.06160398285537729
9,N3,0.21433052368433347,0.30801991427688646,0.26951742499227566,0.06545423178383837
9,N3,0.2245978541602297,0.2926189185630422,0.31572041213380864,0.06545423178383837
9,N3,0.23229835201715188,0.3272711589191919,0.3003194164199643,0.06930448071229946
9,N3,0.24128226618356108,0.34652240356149727,0.3041696653484254,0.07315472964076054
9,N3,0.21689735630330753,0.2810681717776589,0.31187016320534755,0.05775373392691621
9,N3,0.22716468677920376,0.3041696653484254,0.30801991427688646,0.06930448071229946
9,N3,0.20791344213689833,0.2964691674915032,0.26566717606381457,0.06160398285537729
9,N3,0.2245978541602297,0.3426721546330362,0.26951742499227566,0.06160398285537729
9,N3,0.22716468677920376,0.3234209099907308,0.2964691674915032,0.06160398285537729
9,N3,0.21689735630330753,0.27336767392073674,0.31572041213380864,0.06160398285537729
9,N3,0.2245978541602297,0.31187016320534755,0.2926189185630422,0.06930448071229946
9,N3,0.21176369106535942,0.3003194164199643,0.27336767392073674,0.06160398285537729
9,N2,0.3170038284432956,0.43507812891610215,0.4581796224868686,0.05775373392691621
9,N2,0.3311214078476529,0.4196771332022578,0.5082328585568627,0.06545423178383837
9,N2,0.27850133915868486,0.39272539070303025,0.381174643917647,0.06160398285537729
9,N2,0.2977525838009903,0.34652240356149727,0.47743086712917404,0.06930448071229946
9,N2,0.2720842576112497,0.35422290141841944,0.4004258885599524,0.06160398285537729
9,N3,0.2708008413017627,0.3696238971322638,0.3734741460607248,0.06930448071229946
9,N3,0.28491842070612,0.35422290141841944,0.4427786267730243,0.05775373392691621
9,N3,0.2476993477309962,0.334971656776114,0.3426721546330362,0.06545423178383837
9,N3,0.25668326189740537,0.3657736482038027,0.3426721546330362,0.06160398285537729
9,N3,0.2553998455879184,0.3272711589191919,0.3696238971322638,0.06930448071229946
9,N3,0.2502661803499703,0.3272711589191919,0.3657736482038027,0.05775373392691621
9,N3,0.22074760523176862,0.31187016320534755,0.2964691674915032,0.05390348499845513
9,N3,0.21048027475587242,0.28491842070612,0.26951742499227566,0.07700497856922162
9,N3,0.20791344213689833,0.31187016320534755,0.2579666782068924,0.05390348499845513
9,N3,0.2284481030886908,0.27336767392073674,0.35037265248995836,0.06160398285537729
9,N3,0.22074760523176862,0.2926189185630422,0.30801991427688646,0.06160398285537729
9,N3,0.20277977689895024,0.26566717606381457,0.2887686696345811,0.05390348499845513
9,N3,0.23871543356458702,0.3041696653484254,0.3619233992753416,0.05005323606999405
9,N3,0.24898276404048325,0.31572041213380864,0.3619233992753416,0.06930448071229946
9,N3,0.2464159314215092,0.3195706610622697,0.35037265248995836,0.06930448071229946
9,N3,0.23229835201715188,0.27336767392073674,0.35422290141841944,0.06930448071229946
9,N3,0.26053351082586645,0.38887514177456917,0.31572041213380864,0.07700497856922162
9,N3,0.23101493570766485,0.30801991427688646,0.331121407847653,0.05390348499845513
9,N3,0.23614860094561296,0.3195706610622697,0.3272711589191919,0.06160398285537729
9,N3,0.1989295279704892,0.2502661803499703,0.28491842070612,0.06160398285537729
9,N3,0.22588127046971673,0.2964691674915032,0.3195706610622697,0.06160398285537729
9,N3,0.21304710737484647,0.2887686696345811,0.27721792284919783,0.07315472964076054
9,N3,0.21818077261279456,0.31187016320534755,0.2810681717776589,0.06160398285537729
9,N3,0.21176369106535944,0.2887686696345811,0.2926189185630422,0.05390348499845513
9,N3,0.20791344213689833,0.2964691674915032,0.26951742499227566,0.05775373392691621
9,N3,0.20021294427997618,0.27336767392073674,0.26951742499227566,0.05775373392691621
9,N3,0.21176369106535944,0.28491842070612,0.2926189185630422,0.05775373392691621
9,N3,0.19764611166100218,0.2502661803499703,0.2810681717776589,0.06160398285537729
9,N3,0.192512446423054,0.2579666782068924,0.2618169271353535,0.05775373392691621
9,N3,0.2014963605894632,0.26951742499227566,0.26566717606381457,0.06930448071229946
9,N3,0.20406319320843727,0.2810681717776589,0.2618169271353535,0.06930448071229946
9,N3,0.21176369106535942,0.27336767392073674,0.3003194164199643,0.06160398285537729
9,N3,0.22588127046971673,0.3041696653484254,0.31572041213380864,0.05775373392691621
9,N3,0.19251244642305407,0.25411642927843137,0.2618169271353535,0.06160398285537729
9,N3,0.19251244642305407,0.2579666782068924,0.25411642927843137,0.06545423178383837
9,N3,0.1937958627325411,0.28491842070612,0.23486518463612593,0.06160398285537729
9,N3,0.20919685844638536,0.2964691674915032,0.27721792284919783,0.05390348499845513
9,N3,0.19507927904202813,0.2425656824930481,0.28491842070612,0.05775373392691621
9,N3,0.2014963605894632,0.26566717606381457,0.27336767392073674,0.06545423178383837
9,N3,0.1963626953515151,0.26951742499227566,0.24641593142150917,0.07315472964076054
9,N3,0.21818077261279456,0.2964691674915032,0.2964691674915032,0.06160398285537729
9,N3,0.18737878118510595,0.2502661803499703,0.2502661803499703,0.06160398285537729
9,N3,0.22203102154125565,0.2964691674915032,0.3041696653484254,0.06545423178383837
9,N3,0.24128226618356108,0.2926189185630422,0.3773243949891859,0.05390348499845513
9,N2,0.2631003434448405,0.35037265248995836,0.38887514177456917,0.05005323606999405
9,N3,0.28620183701560703,0.4081263864168746,0.39272539070303025,0.05775373392691621
9,N3,0.2810681717776589,0.34652240356149727,0.43507812891610215,0.06160398285537729
9,N2,0.2720842576112497,0.3696238971322638,0.3850248928461081,0.06160398285537729
9,N2,0.3054530816579124,0.3773243949891859,0.4851313649860962,0.05390348499845513
9,N3,0.2682340086827886,0.3734741460607248,0.3734741460607248,0.05775373392691621
9,N3,0.2797847554681719,0.3696238971322638,0.41197663534533563,0.05775373392691621
9,N2,0.30673649796739944,0.4466288757014854,0.4158268842737967,0.05775373392691621
9,N2,0.28620183701560703,0.35807315034688053,0.43122787998764106,0.06930448071229946
9,REM,0.2618169271353535,0.3734741460607248,0.35037265248995836,0.06160398285537729
9,REM,0.2720842576112497,0.35807315034688053,0.4004258885599524,0.05775373392691621
9,REM,0.32085407737175675,0.3850248928461081,0.5082328585568627,0.06930448071229946
9,REM,0.27336767392073674,0.3657736482038027,0.4004258885599524,0.05390348499845513
9,REM,0.29518575118201623,0.43892837784456323,0.39657563963149134,0.05005323606999405
9,REM,0.29646916749150326,0.3850248928461081,0.43122787998764106,0.07315472964076054
9,REM,0.29133550225355515,0.35422290141841944,0.4543293735584075,0.06545423178383837
9,REM,0.30801991427688646,0.39657563963149134,0.46973036927225187,0.05775373392691621
9,REM,0.34395557094252327,0.4235273821307189,0.5428850989130124,0.06545423178383837
9,REM,0.2990360001104773,0.39657563963149134,0.43892837784456323,0.06160398285537729
9,REM,0.31828724475278264,0.4543293735584075,0.43507812891610215,0.06545423178383837
9,REM,0.32855457522867887,0.4543293735584075,0.46973036927225187,0.06160398285537729
9,REM,0.29775258380099023,0.41197663534533563,0.4158268842737967,0.06545423178383837
9,REM,0.33882190570457515,0.4466288757014854,0.5043826096284016,0.06545423178383837
9,REM,0.31187016320534755,0.38887514177456917,0.4812811160576351,0.06545423178383837
9,REM,0.3131535795148346,0.4004258885599524,0.47743086712917404,0.06160398285537729
9,REM,0.3003194164199643,0.381174643917647,0.4581796224868686,0.06160398285537729
9,REM,0.28235158808714594,0.3619233992753416,0.4196771332022578,0.06545423178383837
9,REM,0.3221374936812437,0.4427786267730243,0.4658801203437908,0.05775373392691621
9,REM,0.3490892361804714,0.4812811160576351,0.5005323606999406,0.06545423178383837
9,REM,0.32855457522867887,0.4543293735584075,0.47358061820071296,0.05775373392691621
9,REM,0.3003194164199643,0.4581796224868686,0.3850248928461081,0.05775373392691621
9,REM,0.35165606879944544,0.4427786267730243,0.5544358456983957,0.05775373392691621
9,REM,0.31058674689586047,0.3734741460607248,0.48898161391455724,0.06930448071229946
9,REM,0.2887686696345811,0.3850248928461081,0.4196771332022578,0.06160398285537729
9,REM,0.2887686696345811,0.35807315034688053,0.4466288757014854,0.06160398285537729
9,REM,0.3362550730856011,0.45047912462994644,0.5005323606999406,0.05775373392691621
9,REM,0.31443699582432155,0.4658801203437908,0.4196771332022578,0.05775373392691621
9,REM,0.2926189185630422,0.39272539070303025,0.4196771332022578,0.06545423178383837
9,REM,0.3131535795148345,0.43122787998764106,0.45047912462994644,0.05775373392691621
9,REM,0.283635004396633,0.39272539070303025,0.39657563963149134,0.06160398285537729
9,REM,0.2990360001104773,0.3850248928461081,0.4466288757014854,0.06545423178383837
9,REM,0.30673649796739944,0.3850248928461081,0.47358061820071296,0.06160398285537729
9,REM,0.26951742499227566,0.34652240356149727,0.39272539070303025,0.06930448071229946
9,REM,0.31058674689586047,0.381174643917647,0.48898161391455724,0.06160398285537729
9,N2,0.35165606879944544,0.47358061820071296,0.5082328585568627,0.07315472964076054
9,N2,0.31700382844329567,0.381174643917647,0.5082328585568627,0.06160398285537729
9,N2,0.2759345065397108,0.31572041213380864,0.43892837784456323,0.07315472964076054
9,N2,0.27465109023022377,0.3734741460607248,0.39272539070303025,0.05775373392691621
9,N3,0.2541164292784313,0.334971656776114,0.3657736482038027,0.06160398285537729
9,N2,0.30416966534842543,0.3696238971322638,0.4851313649860962,0.05775373392691621
9,N2,0.2977525838009903,0.3696238971322638,0.4620298714153297,0.06160398285537729
9,N2,0.2900520859440681,0.3619233992753416,0.4581796224868686,0.05005323606999405
9,N2,0.3157204121338086,0.3696238971322638,0.5120831074853237,0.06545423178383837
9,N2,0.27721792284919783,0.3272711589191919,0.4466288757014854,0.05775373392691621
9,N2,0.27465109023022377,0.34652240356149727,0.4196771332022578,0.05775373392691621
9,N2,0.2810681717776589,0.3657736482038027,0.41197663534533563,0.06545423178383837
9,N2,0.28491842070612,0.3696238971322638,0.4196771332022578,0.06545423178383837
9,N2,0.2720842576112497,0.35807315034688053,0.39272539070303025,0.06545423178383837
9,N3,0.26053351082586645,0.3234209099907308,0.39657563963149134,0.06160398285537729
9,N3,0.24513251511202216,0.31572041213380864,0.35422290141841944,0.06545423178383837
9,N2,0.2425656824930481,0.331121407847653,0.334971656776114,0.06160398285537729
9,N3,0.2618169271353535,0.3657736482038027,0.35037265248995836,0.06930448071229946
9,N2,0.26053351082586645,0.331121407847653,0.381174643917647,0.06930448071229946
9,N2,0.2464159314215092,0.2887686696345811,0.3734741460607248,0.07700497856922162
9,N3,0.27336767392073674,0.3388219057045751,0.4196771332022578,0.06160398285537729
9,N1,0.35550631772790653,0.46973036927225187,0.5313343521276291,0.06545423178383837
9,N2,0.31957066106226967,0.4158268842737967,0.4851313649860962,0.05775373392691621
9,N2,0.2990360001104773,0.4042761374884135,0.43507812891610215,0.05775373392691621
9,N2,0.3003194164199643,0.41197663534533563,0.42737763105918,0.06160398285537729
9,N2,0.3157204121338086,0.3388219057045751,0.5428850989130124,0.06545423178383837
9,N2,0.30801991427688646,0.4235273821307189,0.4466288757014854,0.05390348499845513
9,N2,0.28748525332509406,0.35422290141841944,0.45047912462994644,0.05775373392691621
9,N2,0.28235158808714594,0.3388219057045751,0.4543293735584075,0.05390348499845513
9,N2,0.31187016320534755,0.4042761374884135,0.46973036927225187,0.06160398285537729
9,N2,0.28748525332509406,0.3388219057045751,0.4620298714153297,0.06160398285537729
9,N2,0.30031941641996435,0.4042761374884135,0.43507812891610215,0.06160398285537729
9,N2,0.2977525838009903,0.34652240356149727,0.4812811160576351,0.06545423178383837
9,N2,0.27850133915868486,0.34652240356149727,0.43892837784456323,0.05005323606999405
9,N2,0.2977525838009903,0.35807315034688053,0.47743086712917404,0.05775373392691621
9,N2,0.28620183701560703,0.4004258885599524,0.39657563963149134,0.06160398285537729
9,N3,0.25283301296894434,0.331121407847653,0.3657736482038027,0.06160398285537729
9,N2,0.23101493570766485,0.26566717606381457,0.3696238971322638,0.05775373392691621
9,N3,0.22203102154125565,0.3234209099907308,0.2810681717776589,0.06160398285537729
9,N3,0.24384909880253514,0.3195706610622697,0.34652240356149727,0.06545423178383837
9,N2,0.2810681717776589,0.3734741460607248,0.4081263864168746,0.06160398285537729
9,N2,0.3054530816579124,0.3850248928461081,0.4658801203437908,0.06545423178383837
9,N2,0.3093033305863735,0.42737763105918,0.43892837784456323,0.06160398285537729
9,N2,0.23871543356458702,0.3003194164199643,0.35807315034688053,0.05775373392691621
9,N2,0.2708008413017627,0.3657736482038027,0.39272539070303025,0.05390348499845513
9,N2,0.32342090999073075,0.43892837784456323,0.46973036927225187,0.06160398285537729
9,N2,0.30673649796739944,0.38887514177456917,0.4658801203437908,0.06545423178383837
9,N2,0.3093033305863735,0.43892837784456323,0.43122787998764106,0.05775373392691621
9,N2,0.3041696653484254,0.3850248928461081,0.46973036927225187,0.05775373392691621
9,N2,0.26438375975432754,0.3388219057045751,0.4004258885599524,0.05390348499845513
9,N3,0.2631003434448405,0.334971656776114,0.39657563963149134,0.05775373392691621
9,N2,0.28235158808714594,0.381174643917647,0.4081263864168746,0.05775373392691621
9,N3,0.26053351082586645,0.3234209099907308,0.39272539070303025,0.06545423178383837
9,N2,0.2810681717776589,0.3388219057045751,0.4427786267730243,0.06160398285537729
9,N3,0.22973151939817782,0.3426721546330362,0.2926189185630422,0.05390348499845513
9,N3,0.23101493570766485,0.3003194164199643,0.3195706610622697,0.07315472964076054
9,N3,0.2284481030886908,0.3003194164199643,0.3272711589191919,0.05775373392691621
9,N3,0.23101493570766485,0.31187016320534755,0.31572041213380864,0.06545423178383837
9,N3,0.2284481030886908,0.30801991427688646,0.31572041213380864,0.06160398285537729
9,N3,0.23101493570766485,0.331121407847653,0.2964691674915032,0.06545423178383837
9,N3,0.20277977689895024,0.27721792284919783,0.27336767392073674,0.05775373392691621
9,N3,0.22331443785074268,0.2579666782068924,0.331121407847653,0.0808552274976827
9,N3,0.2091968584463854,0.27336767392073674,0.2887686696345811,0.06545423178383837
9,N3,0.1937958627325411,0.27721792284919783,0.2502661803499703,0.05390348499845513
9,N3,0.22074760523176862,0.2964691674915032,0.3003194164199643,0.06545423178383837
9,N3,0.2425656824930481,0.34652240356149727,0.31572041213380864,0.06545423178383837
9,N3,0.23871543356458702,0.334971656776114,0.31187016320534755,0.06930448071229946
9,N3,0.23486518463612593,0.34652240356149727,0.3003194164199643,0.05775373392691621
9,N3,0.26438375975432754,0.35037265248995836,0.38887514177456917,0.05390348499845513
9,N3,0.20021294427997618,0.26951742499227566,0.27721792284919783,0.05390348499845513
9,N3,0.21048027475587242,0.31572041213380864,0.24641593142150917,0.06930448071229946
9,N3,0.17967828332818378,0.22716468677920376,0.2502661803499703,0.06160398285537729
9,N3,0.2053466095179243,0.26951742499227566,0.28491842070612,0.06160398285537729
9,N3,0.2194641889222816,0.2926189185630422,0.3041696653484254,0.06160398285537729
9,N3,0.18994561380408,0.25411642927843137,0.2502661803499703,0.06545423178383837
9,N3,0.20021294427997618,0.27336767392073674,0.26566717606381457,0.06160398285537729
9,N3,0.17839486701869675,0.25411642927843137,0.21176369106535944,0.06930448071229946
9,N3,0.20791344213689836,0.2579666782068924,0.2926189185630422,0.07315472964076054
9,N3,0.2091968584463854,0.25411642927843137,0.30801991427688646,0.06545423178383837
9,N3,0.2053466095179243,0.2425656824930481,0.31572041213380864,0.05775373392691621
9,N3,0.21818077261279456,0.2926189185630422,0.3003194164199643,0.06160398285537729
9,N3,0.21304710737484645,0.2425656824930481,0.334971656776114,0.06160398285537729
9,N3,0.18994561380408,0.2233144378507427,0.27721792284919783,0.06930448071229946
9,N3,0.2014963605894632,0.26566717606381457,0.28491842070612,0.05390348499845513
9,N3,0.24513251511202214,0.2964691674915032,0.3734741460607248,0.06545423178383837
9,N3,0.17711145070920972,0.23871543356458702,0.2233144378507427,0.06930448071229946
9,N3,0.2066300258274113,0.2964691674915032,0.2618169271353535,0.06160398285537729
9,N3,0.21176369106535942,0.22716468677920376,0.35422290141841944,0.05390348499845513
9,N3,0.27850133915868486,0.35037265248995836,0.42737763105918,0.05775373392691621
9,N3,0.23486518463612593,0.2964691674915032,0.35037265248995836,0.05775373392691621
9,N3,0.24128226618356108,0.31187016320534755,0.35422290141841944,0.05775373392691621
9,N3,0.2335817683266389,0.2887686696345811,0.34652240356149727,0.06545423178383837
9,N3,0.2143305236843335,0.2887686696345811,0.28491842070612,0.06930448071229946
9,N3,0.22203102154125565,0.2810681717776589,0.3272711589191919,0.05775373392691621
9,N3,0.2194641889222816,0.3003194164199643,0.2926189185630422,0.06545423178383837
9,N3,0.18994561380408,0.25411642927843137,0.25411642927843137,0.06160398285537729
9,N3,0.19251244642305407,0.23871543356458702,0.27336767392073674,0.06545423178383837
9,N3,0.18609536487561892,0.26951742499227566,0.23101493570766485,0.05775373392691621
9,N3,0.20791344213689836,0.30801991427688646,0.25411642927843137,0.06160398285537729
9,N3,0.20406319320843727,0.27721792284919783,0.26951742499227566,0.06545423178383837
9,N3,0.17711145070920972,0.20791344213689836,0.2618169271353535,0.06160398285537729
9,N3,0.16684412023331352,0.21176369106535944,0.2233144378507427,0.06545423178383837
9,N3,0.24128226618356108,0.334971656776114,0.3234209099907308,0.06545423178383837
9,N2,0.2720842576112497,0.3773243949891859,0.3773243949891859,0.06160398285537729
9,N2,0.28748525332509406,0.3272711589191919,0.47743086712917404,0.05775373392691621
9,N2,0.28748525332509406,0.3426721546330362,0.4543293735584075,0.06545423178383837
9,N3,0.2759345065397108,0.3619233992753416,0.4042761374884135,0.06160398285537729
9,N3,0.2284481030886908,0.30801991427688646,0.31572041213380864,0.06160398285537729
9,N2,0.3413887383235492,0.48898161391455724,0.47743086712917404,0.05775373392691621
9,N2,0.28235158808714594,0.4004258885599524,0.3734741460607248,0.07315472964076054
9,N2,0.3465224035614973,0.42737763105918,0.5467353478414735,0.06545423178383837
9,N2,0.3041696653484254,0.4004258885599524,0.45047912462994644,0.06160398285537729
9,REM,0.3555063177279065,0.4658801203437908,0.5467353478414735,0.05390348499845513
9,REM,0.33497165677611407,0.47358061820071296,0.4658801203437908,0.06545423178383837
9,REM,0.3131535795148346,0.4081263864168746,0.47358061820071296,0.05775373392691621
9,REM,0.3555063177279065,0.46973036927225187,0.5351846010560902,0.06160398285537729
9,REM,0.3696238971322638,0.527484103199168,0.523633854270707,0.05775373392691621
9,REM,0.3170038284432956,0.43122787998764106,0.4581796224868686,0.06160398285537729
9,REM,0.3490892361804714,0.42737763105918,0.5467353478414735,0.07315472964076054
9,REM,0.3567897340373935,0.4658801203437908,0.5390348499845513,0.06545423178383837
9,REM,0.31572041213380864,0.38887514177456917,0.5005323606999406,0.05775373392691621
9,REM,0.3824580602271341,0.5351846010560902,0.5544358456983957,0.05775373392691621
9,REM,0.38630830915559516,0.527484103199168,0.5621363435553178,0.06930448071229946
9,REM,0.3105867468958605,0.47358061820071296,0.39272539070303025,0.06545423178383837
9,REM,0.37604097867969893,0.47743086712917404,0.5890880860545453,0.06160398285537729
9,REM,0.3580731503468806,0.47743086712917404,0.5313343521276291,0.06545423178383837
9,REM,0.41197663534533563,0.5967885839114675,0.5736870903407011,0.06545423178383837
9,REM,0.37604097867969893,0.4966821117714794,0.5621363435553178,0.06930448071229946
9,REM,0.3413887383235492,0.47743086712917404,0.4851313649860962,0.06160398285537729
9,REM,0.3606399829658546,0.5120831074853237,0.5082328585568627,0.06160398285537729
9,REM,0.32855457522867887,0.47358061820071296,0.45047912462994644,0.06160398285537729
9,REM,0.3837414765366211,0.5544358456983957,0.5351846010560902,0.06160398285537729
9,REM,0.3734741460607249,0.523633854270707,0.5351846010560902,0.06160398285537729
9,REM,0.3516560687994454,0.5120831074853237,0.4851313649860962,0.05775373392691621
9,REM,0.34267215463303624,0.5351846010560902,0.43122787998764106,0.06160398285537729
9,REM,0.3452389872520103,0.47743086712917404,0.49283186284301833,0.06545423178383837
9,REM,0.35037265248995836,0.4543293735584075,0.5390348499845513,0.05775373392691621
9,REM,0.3644902318943157,0.5505855967699346,0.47743086712917404,0.06545423178383837
9,REM,0.3157204121338086,0.4543293735584075,0.42737763105918,0.06545423178383837
9,REM,0.34780581987098436,0.5005323606999406,0.47358061820071296,0.06930448071229946
9,REM,0.39015855808405625,0.5082328585568627,0.6044890817683897,0.05775373392691621
9,REM,0.3965756396314914,0.5659865924837789,0.5621363435553178,0.06160398285537729
9,REM,0.3298379915381659,0.46973036927225187,0.4658801203437908,0.05390348499845513
9,REM,0.33882190570457515,0.43507812891610215,0.5159333564137848,0.06545423178383837
9,REM,0.4068429701073876,0.523633854270707,0.6352910731960784,0.06160398285537729
9,REM,0.3401053220140622,0.4581796224868686,0.5043826096284016,0.05775373392691621
9,REM,0.35037265248995836,0.49283186284301833,0.49283186284301833,0.06545423178383837
9,REM,0.3709073134417509,0.5467353478414735,0.5005323606999406,0.06545423178383837
9,N2,0.3413887383235492,0.43507812891610215,0.527484103199168,0.06160398285537729
9,N2,0.385024892846108,0.5313343521276291,0.5467353478414735,0.07700497856922162
9,N2,0.35165606879944544,0.4966821117714794,0.4851313649860962,0.07315472964076054
9,N2,0.33882190570457515,0.43507812891610215,0.5197836053422459,0.06160398285537729
9,N2,0.38502489284610814,0.5313343521276291,0.5621363435553178,0.06160398285537729
9,N2,0.33882190570457515,0.4658801203437908,0.48898161391455724,0.06160398285537729
9,N2,0.3375384893950881,0.45047912462994644,0.5082328585568627,0.05390348499845513
9,N2,0.34780581987098436,0.5043826096284016,0.47358061820071296,0.06545423178383837
9,N2,0.3619233992753417,0.5082328585568627,0.5159333564137848,0.06160398285537729
9,N2,0.34652240356149727,0.4543293735584075,0.523633854270707,0.06160398285537729
9,N2,0.3362550730856011,0.46973036927225187,0.4851313649860962,0.05390348499845513
9,N2,0.3478058198709843,0.4543293735584075,0.5351846010560902,0.05390348499845513
9,N2,0.2887686696345811,0.41197663534533563,0.39272539070303025,0.06160398285537729
9,N2,0.35037265248995836,0.45047912462994644,0.5390348499845513,0.06160398285537729
9,N2,0.32855457522867887,0.4543293735584075,0.47358061820071296,0.05775373392691621
9,N2,0.33368824046662704,0.4620298714153297,0.4812811160576351,0.05775373392691621
9,N2,0.33240482415713996,0.46973036927225187,0.46973036927225187,0.05775373392691621
9,N2,0.34395557094252327,0.47358061820071296,0.5005323606999406,0.05775373392691621
9,N2,0.2939023348725292,0.4004258885599524,0.4081263864168746,0.07315472964076054
9,N2,0.3105867468958605,0.4081263864168746,0.4581796224868686,0.06545423178383837
9,N2,0.3144369958243216,0.42737763105918,0.4466288757014854,0.06930448071229946
9,N2,0.3311214078476529,0.4658801203437908,0.46973036927225187,0.05775373392691621
9,N2,0.32855457522867887,0.43892837784456323,0.4812811160576351,0.06545423178383837
9,N2,0.36063998296585464,0.5043826096284016,0.5197836053422459,0.05775373392691621
9,N2,0.30673649796739944,0.4004258885599524,0.4658801203437908,0.05390348499845513
9,N2,0.3182872447527827,0.4042761374884135,0.4851313649860962,0.06545423178383837
9,N2,0.2759345065397108,0.3734741460607248,0.39657563963149134,0.05775373392691621
9,N2,0.3080199142768864,0.4158268842737967,0.45047912462994644,0.05775373392691621
9,N2,0.3478058198709843,0.47358061820071296,0.5120831074853237,0.05775373392691621
9,N2,0.3413887383235492,0.45047912462994644,0.5043826096284016,0.06930448071229946
9,N2,0.2939023348725292,0.4042761374884135,0.4196771332022578,0.05775373392691621
9,N2,0.3259877426097048,0.381174643917647,0.523633854270707,0.07315472964076054
9,N2,0.31828724475278264,0.4004258885599524,0.49283186284301833,0.06160398285537729
9,N2,0.2810681717776589,0.43507812891610215,0.35422290141841944,0.05390348499845513
9,N2,0.33497165677611407,0.4427786267730243,0.48898161391455724,0.07315472964076054
9,N2,0.3362550730856011,0.47743086712917404,0.47743086712917404,0.05390348499845513
9,N2,0.30288624903893835,0.41197663534533563,0.43122787998764106,0.06545423178383837
9,N2,0.3093033305863735,0.39657563963149134,0.4581796224868686,0.07315472964076054
9,N2,0.2900520859440681,0.4081263864168746,0.4042761374884135,0.05775373392691621
9,N2,0.33882190570457515,0.4466288757014854,0.5120831074853237,0.05775373392691621
9,N2,0.3606399829658546,0.4812811160576351,0.5313343521276291,0.06930448071229946
9,N2,0.3041696653484254,0.4235273821307189,0.4158268842737967,0.07315472964076054
9,N2,0.3118701632053475,0.42737763105918,0.4543293735584075,0.05390348499845513
9,N2,0.32855457522867887,0.4543293735584075,0.46973036927225187,0.06160398285537729
9,N2,0.26951742499227566,0.3619233992753416,0.381174643917647,0.06545423178383837
9,N2,0.3465224035614973,0.4851313649860962,0.4966821117714794,0.05775373392691621
9,N2,0.2977525838009903,0.4196771332022578,0.4042761374884135,0.06930448071229946
9,N2,0.3054530816579124,0.3773243949891859,0.4812811160576351,0.05775373392691621
9,N2,0.2631003434448405,0.3195706610622697,0.41197663534533563,0.05775373392691621
9,N2,0.2579666782068924,0.3696238971322638,0.3426721546330362,0.06160398285537729
9,N2,0.29133550225355515,0.4004258885599524,0.4081263864168746,0.06545423178383837
9,N2,0.283635004396633,0.4042761374884135,0.38887514177456917,0.05775373392691621
9,N2,0.25411642927843137,0.3234209099907308,0.3696238971322638,0.06930448071229946
9,N3,0.24769934773099622,0.3195706610622697,0.3657736482038027,0.05775373392691621
9,N2,0.29903600011047726,0.3850248928461081,0.4581796224868686,0.05390348499845513
9,N2,0.24384909880253514,0.3426721546330362,0.331121407847653,0.05775373392691621
9,N2,0.28620183701560703,0.3734741460607248,0.4158268842737967,0.06930448071229946
9,N3,0.23486518463612593,0.3195706610622697,0.3234209099907308,0.06160398285537729
9,N2,0.28748525332509406,0.38887514177456917,0.4081263864168746,0.06545423178383837
9,N2,0.28235158808714594,0.3773243949891859,0.4158268842737967,0.05390348499845513
9,N3,0.21433052368433347,0.3003194164199643,0.28491842070612,0.05775373392691621
9,N3,0.26053351082586645,0.35807315034688053,0.35422290141841944,0.06930448071229946
9,N3,0.2759345065397108,0.3619233992753416,0.4081263864168746,0.05775373392691621
9,N2,0.3118701632053475,0.4158268842737967,0.45047912462994644,0.06930448071229946
9,N2,0.2887686696345811,0.38887514177456917,0.4235273821307189,0.05390348499845513
9,N2,0.27721792284919783,0.3426721546330362,0.42737763105918,0.06160398285537729
9,N3,0.23486518463612593,0.30801991427688646,0.334971656776114,0.06160398285537729
9,N2,0.2939023348725292,0.41197663534533563,0.39657563963149134,0.07315472964076054
9,N3,0.21689735630330753,0.27336767392073674,0.31187016320534755,0.06545423178383837
9,N3,0.24641593142150917,0.334971656776114,0.3388219057045751,0.06545423178383837
9,N2,0.33368824046662704,0.4081263864168746,0.523633854270707,0.06930448071229946
9,N2,0.30673649796739944,0.42737763105918,0.43507812891610215,0.05775373392691621
9,N2,0.30673649796739944,0.4581796224868686,0.39272539070303025,0.06930448071229946
9,N2,0.2900520859440681,0.43892837784456323,0.3619233992753416,0.06930448071229946
9,N2,0.3311214078476529,0.42737763105918,0.5082328585568627,0.05775373392691621
9,N2,0.31828724475278264,0.4581796224868686,0.42737763105918,0.06930448071229946
9,N2,0.3131535795148345,0.43122787998764106,0.45047912462994644,0.05775373392691621
9,N2,0.2810681717776589,0.3850248928461081,0.39657563963149134,0.06160398285537729
9,N2,0.29646916749150326,0.4004258885599524,0.4235273821307189,0.06545423178383837
9,N2,0.3041696653484254,0.4158268842737967,0.43507812891610215,0.06160398285537729
9,N2,0.31572041213380864,0.43892837784456323,0.43892837784456323,0.06930448071229946
9,REM,0.3259877426097048,0.45047912462994644,0.4620298714153297,0.06545423178383837
9,REM,0.3247043263002178,0.47358061820071296,0.4427786267730243,0.05775373392691621
9,REM,0.3824580602271341,0.5467353478414735,0.5390348499845513,0.06160398285537729
9,REM,0.33240482415713996,0.48898161391455724,0.4427786267730243,0.06545423178383837
9,REM,0.35678973403739356,0.5005323606999406,0.4966821117714794,0.07315472964076054
9,REM,0.3529394851089324,0.4466288757014854,0.5351846010560902,0.07700497856922162
9,N2,0.378607811298673,0.5120831074853237,0.5659865924837789,0.05775373392691621
9,N2,0.3054530816579124,0.4042761374884135,0.45047912462994644,0.06160398285537729
9,N2,0.3696238971322638,0.49283186284301833,0.5428850989130124,0.07315472964076054
9,N2,0.36834048082277676,0.5120831074853237,0.5313343521276291,0.06160398285537729
9,N2,0.3221374936812437,0.4620298714153297,0.4427786267730243,0.06160398285537729
9,N2,0.3041696653484254,0.43507812891610215,0.4196771332022578,0.05775373392691621
9,N2,0.35037265248995836,0.4543293735584075,0.527484103199168,0.06930448071229946
9,REM,0.38502489284610814,0.5197836053422459,0.56983684141224,0.06545423178383837
9,N2,0.3375384893950881,0.43892837784456323,0.5120831074853237,0.06160398285537729
9,N2,0.3362550730856011,0.4466288757014854,0.5043826096284016,0.05775373392691621
9,N2,0.3362550730856011,0.43892837784456323,0.5043826096284016,0.06545423178383837
9,N2,0.32727115891919184,0.4466288757014854,0.47358061820071296,0.06160398285537729
9,N2,0.3093033305863735,0.4004258885599524,0.46973036927225187,0.05775373392691621
9,N2,0.3709073134417508,0.45047912462994644,0.5929383349830064,0.06930448071229946
9,N2,0.3247043263002178,0.45047912462994644,0.4581796224868686,0.06545423178383837
9,N2,0.3478058198709843,0.47358061820071296,0.5120831074853237,0.05775373392691621
9,N2,0.3375384893950881,0.4581796224868686,0.4851313649860962,0.06930448071229946
9,N2,0.31828724475278264,0.45047912462994644,0.45047912462994644,0.05390348499845513
9,N2,0.31187016320534755,0.47358061820071296,0.39657563963149134,0.06545423178383837
9,N2,0.3221374936812437,0.4966821117714794,0.41197663534533563,0.05775373392691621
9,N2,0.3696238971322638,0.5390348499845513,0.5120831074853237,0.05775373392691621
9,N2,0.33368824046662704,0.46973036927225187,0.47358061820071296,0.05775373392691621
9,N2,0.31058674689586047,0.4543293735584075,0.4196771332022578,0.05775373392691621
9,N2,0.3157204121338086,0.4543293735584075,0.43507812891610215,0.05775373392691621
9,N2,0.3555063177279065,0.5120831074853237,0.4966821117714794,0.05775373392691621
9,N2,0.3401053220140622,0.5120831074853237,0.4466288757014854,0.06160398285537729
9,N2,0.3709073134417509,0.5467353478414735,0.5005323606999406,0.06545423178383837
9,N2,0.35807315034688053,0.4658801203437908,0.5313343521276291,0.07700497856922162
9,N2,0.37989122760816,0.5428850989130124,0.5390348499845513,0.05775373392691621
9,N2,0.3413887383235492,0.5082328585568627,0.4543293735584075,0.06160398285537729
9,N2,0.3413887383235492,0.4812811160576351,0.4812811160576351,0.06160398285537729
9,N2,0.3362550730856011,0.5082328585568627,0.4466288757014854,0.05390348499845513
9,N2,0.2990360001104773,0.4081263864168746,0.42737763105918,0.06160398285537729
9,N2,0.34908923618047133,0.4851313649860962,0.5120831074853237,0.05005323606999405
9,N2,0.37604097867969893,0.5082328585568627,0.5505855967699346,0.06930448071229946
9,N2,0.3311214078476529,0.46973036927225187,0.4543293735584075,0.06930448071229946
9,N2,0.34652240356149727,0.45047912462994644,0.5313343521276291,0.05775373392691621
9,N2,0.32727115891919184,0.47743086712917404,0.4466288757014854,0.05775373392691621
9,N2,0.35165606879944544,0.48898161391455724,0.5005323606999406,0.06545423178383837
9,N2,0.3401053220140622,0.46973036927225187,0.48898161391455724,0.06160398285537729
9,N2,0.2900520859440681,0.4004258885599524,0.4042761374884135,0.06545423178383837
9,N2,0.31700382844329567,0.4427786267730243,0.4466288757014854,0.06160398285537729
9,N2,0.3734741460607249,0.49283186284301833,0.56983684141224,0.05775373392691621
9,N2,0.34267215463303624,0.47358061820071296,0.5005323606999406,0.05390348499845513
9,N2,0.35678973403739356,0.4543293735584075,0.5467353478414735,0.06930448071229946
9,N2,0.32342090999073075,0.4466288757014854,0.4658801203437908,0.05775373392691621
9,N2,0.3413887383235492,0.4966821117714794,0.4658801203437908,0.06160398285537729
9,N2,0.34652240356149727,0.48898161391455724,0.48898161391455724,0.06160398285537729
9,N2,0.28748525332509406,0.41197663534533563,0.38887514177456917,0.06160398285537729
9,N2,0.3298379915381659,0.4196771332022578,0.5082328585568627,0.06160398285537729
9,N2,0.3747575623702119,0.5313343521276291,0.5351846010560902,0.05775373392691621
9,N2,0.2926189185630422,0.42737763105918,0.39657563963149134,0.05390348499845513
9,N2,0.3529394851089324,0.4581796224868686,0.5390348499845513,0.06160398285537729
9,N2,0.3054530816579124,0.3850248928461081,0.47358061820071296,0.05775373392691621
9,N2,0.3503726524899584,0.5005323606999406,0.4812811160576351,0.06930448071229946
9,N2,0.3362550730856011,0.4620298714153297,0.4851313649860962,0.06160398285537729
9,N2,0.28748525332509406,0.38887514177456917,0.4196771332022578,0.05390348499845513
9,N2,0.283635004396633,0.3850248928461081,0.39657563963149134,0.06930448071229946
9,N2,0.32727115891919184,0.4466288757014854,0.47743086712917404,0.05775373392691621
9,N2,0.32855457522867887,0.4543293735584075,0.47358061820071296,0.05775373392691621
9,N2,0.2926189185630422,0.4081263864168746,0.4042761374884135,0.06545423178383837
9,N2,0.283635004396633,0.4042761374884135,0.38887514177456917,0.05775373392691621
9,N2,0.3375384893950881,0.4658801203437908,0.4851313649860962,0.06160398285537729
9,N2,0.2810681717776589,0.39272539070303025,0.38887514177456917,0.06160398285537729
9,N3,0.23614860094561296,0.31572041213380864,0.3234209099907308,0.06930448071229946
9,N2,0.3041696653484254,0.41197663534533563,0.4427786267730243,0.05775373392691621
9,N2,0.3247043263002178,0.4466288757014854,0.4620298714153297,0.06545423178383837
9,N2,0.26566717606381457,0.3734741460607248,0.3657736482038027,0.05775373392691621
9,N2,0.3170038284432956,0.45047912462994644,0.43122787998764106,0.06930448071229946
9,N2,0.3054530816579124,0.39657563963149134,0.4620298714153297,0.05775373392691621
9,N2,0.24898276404048322,0.35037265248995836,0.3388219057045751,0.05775373392691621
9,N2,0.33368824046662704,0.4466288757014854,0.4966821117714794,0.05775373392691621
9,N2,0.29518575118201623,0.4081263864168746,0.4081263864168746,0.06930448071229946
9,N2,0.28748525332509406,0.4235273821307189,0.3773243949891859,0.06160398285537729
9,N2,0.34652240356149727,0.4543293735584075,0.527484103199168,0.05775373392691621
9,N2,0.3478058198709843,0.48898161391455724,0.48898161391455724,0.06545423178383837
9,N2,0.30031941641996435,0.4004258885599524,0.43507812891610215,0.06545423178383837
9,W,0.37732439498918596,0.35422290141841944,0.7045955539083778,0.07315472964076054
9,W,0.42224396582123186,0.34652240356149727,0.8663060089037432,0.05390348499845513
9,W,0.32342090999073075,0.39657563963149134,0.5159333564137848,0.05775373392691621
9,N1,0.3144369958243216,0.4812811160576351,0.39272539070303025,0.06930448071229946
9,N1,0.3644902318943157,0.523633854270707,0.5159333564137848,0.05390348499845513
9,N2,0.3362550730856011,0.46973036927225187,0.47358061820071296,0.06545423178383837
9,N2,0.40812638641687454,0.5582860946268567,0.5967885839114675,0.06930448071229946
9,N1,0.46074645510584267,0.6237403264106951,0.6968950560514556,0.06160398285537729
9,W,0.42737763105918,0.5505855967699346,0.669943313552228,0.06160398285537729
9,N1,0.3696238971322638,0.5428850989130124,0.5082328585568627,0.05775373392691621
9,N1,0.37989122760816,0.5005323606999406,0.5813875881976233,0.05775373392691621
9,N2,0.3824580602271341,0.5120831074853237,0.5659865924837789,0.06930448071229946
9,N2,0.40299272117892654,0.5813875881976233,0.5775373392691622,0.05005323606999405
9,N2,0.41197663534533574,0.5467353478414735,0.6275905753391562,0.06160398285537729
9,N2,0.3375384893950881,0.4851313649860962,0.46973036927225187,0.05775373392691621
9,N2,0.3208540773717567,0.4581796224868686,0.4466288757014854,0.05775373392691621
9,N2,0.3747575623702119,0.5159333564137848,0.5467353478414735,0.06160398285537729
9,N2,0.37604097867969893,0.5197836053422459,0.5467353478414735,0.06160398285537729
9,N2,0.37604097867969893,0.5313343521276291,0.5390348499845513,0.05775373392691621
9,N2,0.35935656665636756,0.49283186284301833,0.527484103199168,0.05775373392691621
9,N2,0.37604097867969893,0.5197836053422459,0.5428850989130124,0.06545423178383837
9,N2,0.34780581987098436,0.4812811160576351,0.5005323606999406,0.06160398285537729
9,N2,0.3247043263002178,0.4658801203437908,0.45047912462994644,0.05775373392691621
9,N2,0.3606399829658546,0.4966821117714794,0.527484103199168,0.05775373392691621
9,N2,0.39529222332200437,0.5505855967699346,0.5775373392691622,0.05775373392691621
9,N2,0.34780581987098436,0.5082328585568627,0.4812811160576351,0.05390348499845513
9,N2,0.34908923618047133,0.4581796224868686,0.5313343521276291,0.05775373392691621
9,N2,0.3401053220140622,0.47358061820071296,0.4851313649860962,0.06160398285537729
9,N2,0.3298379915381659,0.46973036927225187,0.4620298714153297,0.05775373392691621
9,N2,0.3311214078476529,0.4427786267730243,0.48898161391455724,0.06160398285537729
9,N2,0.36834048082277676,0.527484103199168,0.523633854270707,0.05390348499845513
9,N2,0.3619233992753416,0.5159333564137848,0.5120831074853237,0.05775373392691621
9,N2,0.29390233487252915,0.4158268842737967,0.41197663534533563,0.05390348499845513
9,N2,0.3170038284432956,0.4158268842737967,0.47358061820071296,0.06160398285537729
9,N2,0.3054530816579124,0.4466288757014854,0.4196771332022578,0.05005323606999405
9,N2,0.3247043263002178,0.4543293735584075,0.4658801203437908,0.05390348499845513
9,N2,0.2797847554681719,0.39657563963149134,0.3773243949891859,0.06545423178383837
9,N2,0.3401053220140622,0.47743086712917404,0.48898161391455724,0.05390348499845513
9,N2,0.3131535795148346,0.4427786267730243,0.4427786267730243,0.05390348499845513
9,N2,0.3170038284432956,0.4620298714153297,0.43122787998764106,0.05775373392691621
9,N3,0.2939023348725292,0.39657563963149134,0.4235273821307189,0.06160398285537729
9,N3,0.25283301296894434,0.3657736482038027,0.331121407847653,0.06160398285537729
9,N3,0.25668326189740537,0.35807315034688053,0.34652240356149727,0.06545423178383837
9,N2,0.2887686696345811,0.4042761374884135,0.4042761374884135,0.05775373392691621
9,N2,0.30416966534842543,0.4466288757014854,0.4081263864168746,0.05775373392691621
9,N2,0.2579666782068924,0.331121407847653,0.3850248928461081,0.05775373392691621
9,N2,0.2990360001104773,0.42737763105918,0.4042761374884135,0.06545423178383837
9,N3,0.26951742499227566,0.3619233992753416,0.38887514177456917,0.05775373392691621
9,N2,0.29646916749150326,0.4466288757014854,0.3850248928461081,0.05775373392691621
9,N2,0.3105867468958605,0.43122787998764106,0.43892837784456323,0.06160398285537729
9,N3,0.2797847554681719,0.43122787998764106,0.3426721546330362,0.06545423178383837
9,N2,0.30801991427688646,0.4812811160576351,0.38887514177456917,0.05390348499845513
9,N2,0.30801991427688646,0.43507812891610215,0.42737763105918,0.06160398285537729
9,N2,0.33497165677611407,0.43507812891610215,0.5082328585568627,0.06160398285537729
9,N2,0.38502489284610814,0.5313343521276291,0.5582860946268567,0.06545423178383837
9,N2,0.2926189185630422,0.39657563963149134,0.42737763105918,0.05390348499845513
9,N2,0.32085407737175675,0.4042761374884135,0.5005323606999406,0.05775373392691621
9,N2,0.33882190570457515,0.4427786267730243,0.5197836053422459,0.05390348499845513
9,N2,0.3182872447527827,0.38887514177456917,0.5082328585568627,0.05775373392691621
9,N2,0.33240482415713996,0.47743086712917404,0.4466288757014854,0.07315472964076054
9,REM,0.3157204121338086,0.4581796224868686,0.42737763105918,0.06160398285537729
9,REM,0.3259877426097048,0.42737763105918,0.49283186284301833,0.05775373392691621
9,REM,0.3131535795148345,0.4581796224868686,0.4196771332022578,0.06160398285537729
9,REM,0.32727115891919184,0.4235273821307189,0.5005323606999406,0.05775373392691621
9,N2,0.3683404808227768,0.5005323606999406,0.5467353478414735,0.05775373392691621
9,N2,0.32855457522867887,0.4543293735584075,0.47358061820071296,0.05775373392691621
9,N2,0.3413887383235492,0.4812811160576351,0.4851313649860962,0.05775373392691621
9,N2,0.34395557094252327,0.47743086712917404,0.5005323606999406,0.05390348499845513
9,N2,0.33882190570457515,0.5159333564137848,0.4427786267730243,0.05775373392691621
9,N2,0.3503726524899584,0.5005323606999406,0.4851313649860962,0.06545423178383837
9,N2,0.3465224035614973,0.5005323606999406,0.4658801203437908,0.07315472964076054
9,N2,0.35678973403739356,0.48898161391455724,0.5082328585568627,0.07315472964076054
9,N2,0.3298379915381659,0.43122787998764106,0.5005323606999406,0.05775373392691621
9,N2,0.33497165677611407,0.49283186284301833,0.4543293735584075,0.05775373392691621
9,N2,0.3105867468958605,0.4658801203437908,0.4042761374884135,0.06160398285537729
9,N2,0.32342090999073075,0.4543293735584075,0.4581796224868686,0.05775373392691621
9,N2,0.36449023189431573,0.4658801203437908,0.5736870903407011,0.05390348499845513
9,REM,0.39015855808405625,0.5621363435553178,0.5544358456983957,0.05390348499845513
9,REM,0.3606399829658546,0.5467353478414735,0.47358061820071296,0.06160398285537729
9,REM,0.41197663534533574,0.523633854270707,0.6506920689099227,0.06160398285537729
9,REM,0.36705706451328973,0.5159333564137848,0.523633854270707,0.06160398285537729
9,REM,0.3914419743935433,0.5005323606999406,0.619890077482234,0.05390348499845513
9,REM,0.378607811298673,0.5351846010560902,0.5467353478414735,0.05390348499845513
9,REM,0.38117464391764705,0.5505855967699346,0.5351846010560902,0.05775373392691621
9,REM,0.3247043263002178,0.4581796224868686,0.4620298714153297,0.05390348499845513
9,REM,0.3914419743935433,0.5351846010560902,0.5775373392691622,0.06160398285537729
9,REM,0.35807315034688053,0.5313343521276291,0.4812811160576351,0.06160398285537729
9,REM,0.3709073134417508,0.5082328585568627,0.5428850989130124,0.06160398285537729
9,REM,0.3927253907030303,0.5582860946268567,0.5505855967699346,0.06930448071229946
9,REM,0.35807315034688053,0.47743086712917404,0.5351846010560902,0.06160398285537729
9,REM,0.35422290141841944,0.4581796224868686,0.5351846010560902,0.06930448071229946
9,REM,0.39529222332200437,0.5544358456983957,0.5736870903407011,0.05775373392691621
9,REM,0.4017093048694394,0.6814940603376113,0.47358061820071296,0.05005323606999405
9,REM,0.40427613748841346,0.6083393306968508,0.5390348499845513,0.06545423178383837
9,REM,0.43122787998764106,0.669943313552228,0.56983684141224,0.05390348499845513
9,REM,0.36449023189431573,0.5467353478414735,0.4851313649860962,0.06160398285537729
9,REM,0.4158268842737968,0.6429915710530005,0.5467353478414735,0.05775373392691621
9,N1,0.39144197439354317,0.5197836053422459,0.5890880860545453,0.06545423178383837
9,N2,0.43892837784456323,0.669943313552228,0.5813875881976233,0.06545423178383837
9,N2,0.3709073134417508,0.5467353478414735,0.5043826096284016,0.06160398285537729
9,N2,0.3452389872520103,0.47358061820071296,0.5043826096284016,0.05775373392691621
9,N2,0.3362550730856011,0.5005323606999406,0.4466288757014854,0.06160398285537729
9,N2,0.3516560687994454,0.4620298714153297,0.5313343521276291,0.06160398285537729
9,N2,0.3516560687994454,0.5428850989130124,0.45047912462994644,0.06160398285537729
9,REM,0.40812638641687465,0.5775373392691622,0.5890880860545453,0.05775373392691621
9,REM,0.3696238971322638,0.5390348499845513,0.5120831074853237,0.05775373392691621
9,REM,0.4145434679643097,0.6429915710530005,0.527484103199168,0.07315472964076054
9,REM,0.3978590559409784,0.5467353478414735,0.5852378371260843,0.06160398285537729
9,REM,0.42096054951174483,0.5621363435553178,0.6314408242676173,0.06930448071229946
9,REM,0.3875917254650822,0.6160398285537729,0.49283186284301833,0.05390348499845513
9,REM,0.4017093048694394,0.6083393306968508,0.5390348499845513,0.05775373392691621
9,REM,0.3529394851089324,0.5159333564137848,0.47358061820071296,0.06930448071229946
9,N2,0.40812638641687465,0.6545423178383838,0.5120831074853237,0.05775373392691621
9,N2,0.3927253907030303,0.56983684141224,0.5505855967699346,0.05775373392691621
9,N2,0.3940088070125172,0.5890880860545453,0.527484103199168,0.06545423178383837
9,REM,0.3978590559409784,0.6006388328399286,0.5351846010560902,0.05775373392691621
9,REM,0.3529394851089324,0.4620298714153297,0.527484103199168,0.06930448071229946
9,REM,0.35807315034688053,0.4658801203437908,0.5467353478414735,0.06160398285537729
9,REM,0.3093033305863735,0.4081263864168746,0.4658801203437908,0.05390348499845513
9,REM,0.36705706451328973,0.48898161391455724,0.5467353478414735,0.06545423178383837
9,REM,0.39914247225046545,0.5929383349830064,0.527484103199168,0.07700497856922162
9,REM,0.3965756396314914,0.5582860946268567,0.5813875881976233,0.05005323606999405
9,REM,0.3965756396314914,0.5621363435553178,0.5505855967699346,0.07700497856922162
9,REM,0.4068429701073876,0.5621363435553178,0.5890880860545453,0.06930448071229946
9,REM,0.3542229014184195,0.43122787998764106,0.56983684141224,0.06160398285537729
9,REM,0.38502489284610814,0.5775373392691622,0.5120831074853237,0.06545423178383837
9,REM,0.39914247225046545,0.5929383349830064,0.5428850989130124,0.06160398285537729
9,REM,0.3940088070125172,0.6006388328399286,0.5159333564137848,0.06545423178383837
9,REM,0.37989122760816,0.5890880860545453,0.47743086712917404,0.07315472964076054
9,REM,0.37732439498918596,0.527484103199168,0.5467353478414735,0.05775373392691621
9,REM,0.39015855808405625,0.5505855967699346,0.5544358456983957,0.06545423178383837
9,REM,0.3888751417745692,0.6121895796253118,0.48898161391455724,0.06545423178383837
9,REM,0.40299272117892654,0.56983684141224,0.5659865924837789,0.07315472964076054
9,REM,0.37604097867969893,0.5313343521276291,0.527484103199168,0.06930448071229946
9,REM,0.34267215463303624,0.5467353478414735,0.4196771332022578,0.06160398285537729
9,REM,0.33497165677611407,0.5005323606999406,0.4466288757014854,0.05775373392691621
9,REM,0.35935656665636756,0.523633854270707,0.5043826096284016,0.05005323606999405
9,REM,0.37732439498918596,0.5813875881976233,0.4851313649860962,0.06545423178383837
9,REM,0.3709073134417509,0.5428850989130124,0.5043826096284016,0.06545423178383837
9,REM,0.3413887383235492,0.48898161391455724,0.47743086712917404,0.05775373392691621
9,REM,0.34780581987098436,0.5390348499845513,0.4427786267730243,0.06160398285537729
9,REM,0.3465224035614973,0.5351846010560902,0.4427786267730243,0.06160398285537729
9,REM,0.3426721546330362,0.5197836053422459,0.45047912462994644,0.05775373392691621
9,REM,0.36962389713226385,0.4851313649860962,0.5621363435553178,0.06160398285537729
9,REM,0.3298379915381659,0.5313343521276291,0.39657563963149134,0.06160398285537729
9,REM,0.33240482415713996,0.4851313649860962,0.45047912462994644,0.06160398285537729
9,N2,0.3888751417745692,0.5775373392691622,0.5313343521276291,0.05775373392691621
9,N2,0.3644902318943157,0.5505855967699346,0.4851313649860962,0.05775373392691621
9,N2,0.3362550730856011,0.5120831074853237,0.4427786267730243,0.05390348499845513
9,N2,0.35807315034688053,0.5120831074853237,0.5005323606999406,0.06160398285537729
9,N2,0.3644902318943157,0.47358061820071296,0.5621363435553178,0.05775373392691621
9,N2,0.3747575623702119,0.5428850989130124,0.523633854270707,0.05775373392691621
9,N2,0.36834048082277676,0.523633854270707,0.5197836053422459,0.06160398285537729
9,N2,0.38117464391764705,0.5967885839114675,0.47358061820071296,0.07315472964076054
9,N2,0.35678973403739356,0.5621363435553178,0.4427786267730243,0.06545423178383837
9,N2,0.3747575623702119,0.5467353478414735,0.5159333564137848,0.06160398285537729
9,N2,0.33240482415713996,0.4966821117714794,0.43507812891610215,0.06545423178383837
9,N2,0.38630830915559516,0.523633854270707,0.5659865924837789,0.06930448071229946
9,N2,0.3875917254650822,0.5351846010560902,0.56983684141224,0.05775373392691621
9,N2,0.3567897340373935,0.4966821117714794,0.4966821117714794,0.07700497856922162
9,N2,0.37604097867969893,0.527484103199168,0.5428850989130124,0.05775373392691621
9,N2,0.38117464391764705,0.5120831074853237,0.56983684141224,0.06160398285537729
9,N2,0.40940980272636157,0.5313343521276291,0.6314408242676173,0.06545423178383837
9,N2,0.35678973403739356,0.56983684141224,0.4427786267730243,0.05775373392691621
9,N2,0.3747575623702119,0.523633854270707,0.527484103199168,0.07315472964076054
9,N2,0.38502489284610814,0.523633854270707,0.5736870903407011,0.05775373392691621
9,N2,0.37732439498918596,0.5351846010560902,0.5313343521276291,0.06545423178383837
9,N2,0.35422290141841944,0.4966821117714794,0.5120831074853237,0.05390348499845513
9,N2,0.3606399829658546,0.5197836053422459,0.5005323606999406,0.06160398285537729
9,N2,0.39400880701251734,0.5313343521276291,0.5890880860545453,0.06160398285537729
9,N2,0.39914247225046545,0.5544358456983957,0.5736870903407011,0.06930448071229946
9,N2,0.35037265248995836,0.4658801203437908,0.5159333564137848,0.06930448071229946
9,N2,0.3709073134417508,0.5428850989130124,0.5082328585568627,0.06160398285537729
9,N2,0.34395557094252327,0.5082328585568627,0.46973036927225187,0.05390348499845513
9,N2,0.33497165677611407,0.4658801203437908,0.47358061820071296,0.06545423178383837
9,N2,0.3401053220140622,0.47358061820071296,0.4851313649860962,0.06160398285537729
9,N2,0.3567897340373935,0.48898161391455724,0.5120831074853237,0.06930448071229946
9,N2,0.28620183701560703,0.4235273821307189,0.3734741460607248,0.06160398285537729
9,N2,0.29646916749150326,0.42737763105918,0.39657563963149134,0.06545423178383837
9,N2,0.2887686696345811,0.4004258885599524,0.4081263864168746,0.05775373392691621
9,N2,0.31700382844329567,0.47743086712917404,0.4081263864168746,0.06545423178383837
9,N2,0.2926189185630422,0.4427786267730243,0.381174643917647,0.05390348499845513
9,N2,0.31957066106226967,0.43122787998764106,0.47358061820071296,0.05390348499845513
9,N2,0.29518575118201623,0.4158268842737967,0.4081263864168746,0.06160398285537729
9,N2,0.27336767392073674,0.3696238971322638,0.3850248928461081,0.06545423178383837
9,N2,0.28748525332509406,0.35807315034688053,0.4466288757014854,0.05775373392691621
9,N2,0.3003194164199643,0.4196771332022578,0.4196771332022578,0.06160398285537729
9,N2,0.2682340086827886,0.39657563963149134,0.3426721546330362,0.06545423178383837
9,N2,0.26566717606381457,0.3773243949891859,0.35037265248995836,0.06930448071229946
9,N2,0.26566717606381457,0.43122787998764106,0.3041696653484254,0.06160398285537729
9,N2,0.3259877426097048,0.4543293735584075,0.4543293735584075,0.06930448071229946
9,N2,0.30801991427688646,0.4466288757014854,0.4235273821307189,0.05390348499845513
9,N2,0.283635004396633,0.34652240356149727,0.43892837784456323,0.06545423178383837
9,N2,0.2926189185630422,0.4081263864168746,0.4042761374884135,0.06545423178383837
9,N2,0.3362550730856011,0.4620298714153297,0.4851313649860962,0.06160398285537729
9,N2,0.3105867468958605,0.4581796224868686,0.4081263864168746,0.06545423178383837
9,N2,0.29646916749150326,0.4235273821307189,0.4081263864168746,0.05775373392691621
9,N2,0.30801991427688646,0.4235273821307189,0.43507812891610215,0.06545423178383837
9,N3,0.25539984558791834,0.3734741460607248,0.331121407847653,0.06160398285537729
9,N3,0.2708008413017627,0.3850248928461081,0.3619233992753416,0.06545423178383837
9,N3,0.23614860094561296,0.31572041213380864,0.331121407847653,0.06160398285537729
9,N2,0.2515495966594573,0.3234209099907308,0.3696238971322638,0.06160398285537729
9,N3,0.2528330129689443,0.3388219057045751,0.3619233992753416,0.05775373392691621
9,N3,0.23999884987407405,0.35422290141841944,0.3041696653484254,0.06160398285537729
9,N3,0.2797847554681719,0.35422290141841944,0.4235273821307189,0.06160398285537729
9,N3,0.2374320172551,0.331121407847653,0.3195706610622697,0.06160398285537729
9,N3,0.25154959665945725,0.334971656776114,0.35807315034688053,0.06160398285537729
9,N2,0.25411642927843137,0.331121407847653,0.3696238971322638,0.06160398285537729
9,N3,0.22588127046971673,0.27336767392073674,0.3388219057045751,0.06545423178383837
9,N3,0.23229835201715188,0.3041696653484254,0.3272711589191919,0.06545423178383837
9,N3,0.2669505923733016,0.35422290141841944,0.38887514177456917,0.05775373392691621
9,N3,0.2335817683266389,0.331121407847653,0.3003194164199643,0.06930448071229946
9,N2,0.2374320172551,0.3041696653484254,0.34652240356149727,0.06160398285537729
9,N2,0.27465109023022377,0.3734741460607248,0.381174643917647,0.06930448071229946
9,N3,0.21818077261279456,0.3041696653484254,0.2926189185630422,0.05775373392691621
9,N3,0.21304710737484645,0.3003194164199643,0.27336767392073674,0.06545423178383837
9,N3,0.2245978541602297,0.3003194164199643,0.31572041213380864,0.05775373392691621
9,N3,0.2335817683266389,0.30801991427688646,0.331121407847653,0.06160398285537729
9,N3,0.23101493570766485,0.31187016320534755,0.31572041213380864,0.06545423178383837
9,N3,0.23999884987407405,0.3388219057045751,0.31187016320534755,0.06930448071229946
9,N3,0.2682340086827886,0.331121407847653,0.41197663534533563,0.06160398285537729
9,N2,0.32085407737175675,0.4081263864168746,0.4812811160576351,0.07315472964076054
9,N2,0.34652240356149727,0.4658801203437908,0.5120831074853237,0.06160398285537729
9,N2,0.37732439498918596,0.5390348499845513,0.527484103199168,0.06545423178383837
9,N2,0.34780581987098436,0.47358061820071296,0.5082328585568627,0.06160398285537729
9,N2,0.3465224035614973,0.47358061820071296,0.5082328585568627,0.05775373392691621
9,N2,0.3452389872520103,0.47358061820071296,0.48898161391455724,0.07315472964076054
9,N2,0.36063998296585464,0.47743086712917404,0.5390348499845513,0.06545423178383837
9,N2,0.32727115891919184,0.4581796224868686,0.4581796224868686,0.06545423178383837
9,N2,0.3452389872520103,0.5043826096284016,0.47358061820071296,0.05775373392691621
9,N2,0.37219072975123785,0.5197836053422459,0.5313343521276291,0.06545423178383837
9,N2,0.30673649796739944,0.4620298714153297,0.39272539070303025,0.06545423178383837
9,N2,0.32855457522867887,0.45047912462994644,0.4658801203437908,0.06930448071229946
9,N2,0.378607811298673,0.5390348499845513,0.5390348499845513,0.05775373392691621
9,N2,0.36834048082277676,0.5582860946268567,0.4851313649860962,0.06160398285537729
9,N2,0.3516560687994454,0.5351846010560902,0.4543293735584075,0.06545423178383837
9,N2,0.34908923618047133,0.4812811160576351,0.5120831074853237,0.05390348499845513
9,N2,0.3311214078476529,0.4581796224868686,0.47358061820071296,0.06160398285537729
9,N2,0.3311214078476529,0.4427786267730243,0.49283186284301833,0.05775373392691621
9,N2,0.3170038284432956,0.4543293735584075,0.43507812891610215,0.06160398285537729
9,N2,0.33368824046662704,0.4658801203437908,0.47743086712917404,0.05775373392691621
9,N2,0.3580731503468806,0.5005323606999406,0.5082328585568627,0.06545423178383837
9,N2,0.27850133915868486,0.3773243949891859,0.4004258885599524,0.05775373392691621
9,N2,0.3016028327294514,0.4042761374884135,0.43122787998764106,0.06930448071229946
9,N2,0.31187016320534755,0.43122787998764106,0.4427786267730243,0.06160398285537729
9,N2,0.3221374936812437,0.4658801203437908,0.43892837784456323,0.06160398285537729
9,N2,0.32855457522867887,0.4658801203437908,0.4620298714153297,0.05775373392691621
9,N2,0.3208540773717567,0.46973036927225187,0.43122787998764106,0.06160398285537729
9,N2,0.3105867468958605,0.4466288757014854,0.4235273821307189,0.06160398285537729
9,N2,0.32727115891919184,0.4581796224868686,0.4658801203437908,0.05775373392691621
9,N2,0.2926189185630422,0.4581796224868686,0.35807315034688053,0.06160398285537729
9,N2,0.3105867468958605,0.4466288757014854,0.43122787998764106,0.05390348499845513
9,N3,0.27721792284919783,0.4158268842737967,0.35037265248995836,0.06545423178383837
9,N2,0.29646916749150326,0.42737763105918,0.4004258885599524,0.06160398285537729
9,N2,0.3401053220140622,0.5120831074853237,0.4427786267730243,0.06545423178383837
9,N2,0.33368824046662704,0.523633854270707,0.4196771332022578,0.05775373392691621
9,N2,0.31828724475278264,0.45047912462994644,0.43892837784456323,0.06545423178383837
9,N2,0.2759345065397108,0.3850248928461081,0.3773243949891859,0.06545423178383837
9,N2,0.3362550730856011,0.5082328585568627,0.43892837784456323,0.06160398285537729
9,N2,0.27465109023022377,0.4081263864168746,0.35807315034688053,0.05775373392691621
9,N2,0.28748525332509406,0.43122787998764106,0.3696238971322638,0.06160398285537729
9,N2,0.2939023348725292,0.43507812891610215,0.38887514177456917,0.05775373392691621
9,N2,0.2977525838009903,0.43892837784456323,0.39272539070303025,0.06160398285537729
9,N2,0.2900520859440681,0.47358061820071296,0.3388219057045751,0.05775373392691621
9,N2,0.3170038284432956,0.42737763105918,0.4620298714153297,0.06160398285537729
9,N2,0.2939023348725292,0.4042761374884135,0.4158268842737967,0.06160398285537729
9,N3,0.28620183701560703,0.38887514177456917,0.4004258885599524,0.06930448071229946
9,N2,0.2887686696345811,0.3696238971322638,0.43507812891610215,0.06160398285537729
9,N2,0.2631003434448405,0.3388219057045751,0.39272539070303025,0.05775373392691621
9,N2,0.30288624903893835,0.42737763105918,0.4196771332022578,0.06160398285537729
9,N2,0.2900520859440681,0.45047912462994644,0.3619233992753416,0.05775373392691621
9,N2,0.3311214078476529,0.46973036927225187,0.4581796224868686,0.06545423178383837
9,N2,0.2990360001104773,0.43892837784456323,0.39657563963149134,0.06160398285537729
9,N2,0.3054530816579124,0.39272539070303025,0.46973036927225187,0.05390348499845513
9,N2,0.28491842070612,0.3850248928461081,0.4081263864168746,0.06160398285537729
9,N2,0.2810681717776589,0.3195706610622697,0.45047912462994644,0.07315472964076054
9,N2,0.2977525838009903,0.4042761374884135,0.4235273821307189,0.06545423178383837
9,N2,0.27850133915868486,0.3773243949891859,0.4081263864168746,0.05005323606999405
9,N2,0.30288624903893835,0.41197663534533563,0.43122787998764106,0.06545423178383837
9,N2,0.30673649796739944,0.41197663534533563,0.4466288757014854,0.06160398285537729
9,N2,0.2618169271353535,0.3234209099907308,0.41197663534533563,0.05005323606999405
9,N2,0.29646916749150326,0.4235273821307189,0.4081263864168746,0.05775373392691621
9,N2,0.28620183701560703,0.3657736482038027,0.42737763105918,0.06545423178383837
9,N2,0.27721792284919783,0.3696238971322638,0.39272539070303025,0.06930448071229946
9,N2,0.27336767392073674,0.331121407847653,0.4158268842737967,0.07315472964076054
9,N2,0.2797847554681719,0.381174643917647,0.39657563963149134,0.06160398285537729
9,N2,0.29775258380099023,0.3773243949891859,0.45047912462994644,0.06545423178383837
9,N2,0.2977525838009903,0.39657563963149134,0.43122787998764106,0.06545423178383837
9,N3,0.27465109023022377,0.3696238971322638,0.38887514177456917,0.06545423178383837
9,N2,0.283635004396633,0.3657736482038027,0.42737763105918,0.05775373392691621
9,N2,0.3093033305863735,0.4196771332022578,0.4466288757014854,0.06160398285537729
9,REM,0.31443699582432155,0.4620298714153297,0.4235273821307189,0.05775373392691621
9,REM,0.3170038284432956,0.4543293735584075,0.43892837784456323,0.05775373392691621
9,REM,0.3375384893950881,0.46973036927225187,0.4812811160576351,0.06160398285537729
9,REM,0.28235158808714594,0.4543293735584075,0.34652240356149727,0.046202987141532974
9,N2,0.3362550730856011,0.5313343521276291,0.4158268842737967,0.06160398285537729
9,REM,0.37604097867969893,0.523633854270707,0.5351846010560902,0.06930448071229946
9,REM,0.34652240356149727,0.45047912462994644,0.527484103199168,0.06160398285537729
9,REM,0.378607811298673,0.5428850989130124,0.5313343521276291,0.06160398285537729
9,REM,0.34652240356149727,0.5159333564137848,0.4620298714153297,0.06160398285537729
9,REM,0.3593565666563676,0.5043826096284016,0.5120831074853237,0.06160398285537729
9,REM,0.3644902318943157,0.5159333564137848,0.5197836053422459,0.05775373392691621
9,REM,0.3580731503468806,0.4658801203437908,0.5428850989130124,0.06545423178383837
9,REM,0.33882190570457515,0.42737763105918,0.5313343521276291,0.05775373392691621
9,REM,0.36705706451328973,0.47358061820071296,0.56983684141224,0.05775373392691621
9,REM,0.35935656665636756,0.5313343521276291,0.49283186284301833,0.05390348499845513
9,REM,0.3490892361804714,0.47743086712917404,0.5082328585568627,0.06160398285537729
9,REM,0.33240482415713996,0.47358061820071296,0.4581796224868686,0.06545423178383837
9,REM,0.35807315034688053,0.4812811160576351,0.5313343521276291,0.06160398285537729
9,REM,0.3619233992753416,0.48898161391455724,0.5313343521276291,0.06545423178383837
9,REM,0.3683404808227768,0.5390348499845513,0.5005323606999406,0.06545423178383837
9,REM,0.3670570645132898,0.5813875881976233,0.4581796224868686,0.06160398285537729
9,REM,0.32342090999073075,0.41197663534533563,0.49283186284301833,0.06545423178383837
9,REM,0.4017093048694395,0.5736870903407011,0.56983684141224,0.06160398285537729
9,REM,0.3503726524899584,0.4851313649860962,0.5043826096284016,0.06160398285537729
9,REM,0.38117464391764705,0.5467353478414735,0.5351846010560902,0.06160398285537729
9,REM,0.3542229014184195,0.4966821117714794,0.5043826096284016,0.06160398285537729
9,N2,0.39400880701251734,0.523633854270707,0.5890880860545453,0.06930448071229946
9,N2,0.4055595537979006,0.5852378371260843,0.5775373392691622,0.05390348499845513
9,N2,0.35293948510893247,0.5005323606999406,0.49283186284301833,0.06545423178383837
9,N2,0.36577364820380276,0.5390348499845513,0.5005323606999406,0.05775373392691621
9,N2,0.3362550730856011,0.5159333564137848,0.43892837784456323,0.05390348499845513
9,N2,0.37604097867969893,0.5428850989130124,0.527484103199168,0.05775373392691621
9,N2,0.3362550730856011,0.49283186284301833,0.4543293735584075,0.06160398285537729
9,N2,0.35293948510893247,0.5005323606999406,0.48898161391455724,0.06930448071229946
9,REM,0.3927253907030303,0.5467353478414735,0.56983684141224,0.06160398285537729
9,REM,0.36577364820380276,0.523633854270707,0.5082328585568627,0.06545423178383837
9,REM,0.31828724475278264,0.41197663534533563,0.4851313649860962,0.05775373392691621
9,REM,0.3490892361804714,0.4851313649860962,0.49283186284301833,0.06930448071229946
9,REM,0.33882190570457515,0.43892837784456323,0.5159333564137848,0.06160398285537729
9,REM,0.3567897340373935,0.4812811160576351,0.523633854270707,0.06545423178383837
9,REM,0.3914419743935433,0.5659865924837789,0.5505855967699346,0.05775373392691621
9,REM,0.3747575623702119,0.5351846010560902,0.5390348499845513,0.05005323606999405
9,REM,0.33882190570457515,0.4081263864168746,0.5621363435553178,0.046202987141532974
9,REM,0.34780581987098436,0.4427786267730243,0.5390348499845513,0.06160398285537729
9,REM,0.3516560687994454,0.4620298714153297,0.527484103199168,0.06545423178383837
9,REM,0.3567897340373935,0.4042761374884135,0.5929383349830064,0.07315472964076054
9,REM,0.36705706451328973,0.5736870903407011,0.46973036927225187,0.05775373392691621
9,REM,0.3375384893950881,0.4581796224868686,0.4966821117714794,0.05775373392691621
9,REM,0.35807315034688053,0.4658801203437908,0.5467353478414735,0.06160398285537729
9,REM,0.3824580602271341,0.5120831074853237,0.56983684141224,0.06545423178383837
9,REM,0.35678973403739356,0.5351846010560902,0.47358061820071296,0.06160398285537729
9,REM,0.3490892361804714,0.47743086712917404,0.5082328585568627,0.06160398285537729
9,REM,0.4145434679643097,0.6006388328399286,0.5775373392691622,0.06545423178383837
9,REM,0.34267215463303624,0.47743086712917404,0.49283186284301833,0.05775373392691621
9,N2,0.35037265248995836,0.47743086712917404,0.5120831074853237,0.06160398285537729
9,N2,0.3940088070125172,0.5929383349830064,0.523633854270707,0.06545423178383837
9,N2,0.37732439498918596,0.5505855967699346,0.5159333564137848,0.06545423178383837
9,N2,0.3657736482038027,0.5197836053422459,0.5159333564137848,0.06160398285537729
9,N2,0.3259877426097048,0.4620298714153297,0.4543293735584075,0.06160398285537729
9,REM,0.34780581987098436,0.47743086712917404,0.5043826096284016,0.06160398285537729
9,REM,0.3696238971322638,0.5313343521276291,0.5197836053422459,0.05775373392691621
9,REM,0.3683404808227768,0.5082328585568627,0.5313343521276291,0.06545423178383837
9,REM,0.35422290141841944,0.5313343521276291,0.4658801203437908,0.06545423178383837
9,REM,0.3221374936812437,0.4543293735584075,0.45047912462994644,0.06160398285537729
9,REM,0.3144369958243216,0.4466288757014854,0.43892837784456323,0.05775373392691621
9,REM,0.34780581987098436,0.4851313649860962,0.4966821117714794,0.06160398285537729
9,REM,0.3362550730856011,0.4427786267730243,0.5043826096284016,0.06160398285537729
9,N2,0.3439555709425232,0.5159333564137848,0.4543293735584075,0.06160398285537729
9,REM,0.35678973403739356,0.5082328585568627,0.48898161391455724,0.07315472964076054
9,REM,0.3439555709425232,0.4620298714153297,0.5120831074853237,0.05775373392691621
9,REM,0.3490892361804714,0.4812811160576351,0.5005323606999406,0.06545423178383837
9,REM,0.3401053220140622,0.48898161391455724,0.4658801203437908,0.06545423178383837
9,REM,0.36577364820380276,0.5313343521276291,0.5082328585568627,0.05775373392691621
9,REM,0.37604097867969893,0.5467353478414735,0.523633854270707,0.05775373392691621
9,REM,0.3208540773717567,0.49283186284301833,0.4081263864168746,0.06160398285537729
9,REM,0.38117464391764705,0.56983684141224,0.5120831074853237,0.06160398285537729
9,REM,0.37347414606072493,0.5582860946268567,0.5043826096284016,0.05775373392691621
9,REM,0.3824580602271341,0.5582860946268567,0.5313343521276291,0.05775373392691621
9,REM,0.3721907297512379,0.5813875881976233,0.47358061820071296,0.06160398285537729
9,REM,0.3311214078476529,0.527484103199168,0.4081263864168746,0.05775373392691621
9,REM,0.3311214078476529,0.47358061820071296,0.4581796224868686,0.06160398285537729
9,REM,0.3606399829658546,0.4658801203437908,0.5621363435553178,0.05390348499845513
9,REM,0.40812638641687465,0.6314408242676173,0.5351846010560902,0.05775373392691621
9,REM,0.34908923618047133,0.5351846010560902,0.4581796224868686,0.05390348499845513
9,REM,0.34267215463303624,0.47358061820071296,0.49283186284301833,0.06160398285537729
9,REM,0.3798912276081601,0.56983684141224,0.5082328585568627,0.06160398285537729
9,REM,0.4029927211789264,0.6044890817683897,0.5428850989130124,0.06160398285537729
9,REM,0.39400880701251734,0.5736870903407011,0.5428850989130124,0.06545423178383837
9,REM,0.34780581987098436,0.4812811160576351,0.4966821117714794,0.06545423178383837
9,REM,0.3375384893950881,0.4966821117714794,0.45047912462994644,0.06545423178383837
9,REM,0.3542229014184195,0.5159333564137848,0.4851313649860962,0.06160398285537729
9,REM,0.3401053220140622,0.5390348499845513,0.43507812891610215,0.046202987141532974
9,N2,0.3696238971322638,0.5428850989130124,0.5120831074853237,0.05390348499845513
9,N2,0.34267215463303624,0.4812811160576351,0.4812811160576351,0.06545423178383837
9,N2,0.34395557094252327,0.5043826096284016,0.47358061820071296,0.05390348499845513
9,N2,0.3311214078476529,0.4812811160576351,0.4466288757014854,0.06545423178383837
9,N2,0.3157204121338086,0.47358061820071296,0.4196771332022578,0.05390348499845513
9,N2,0.37732439498918585,0.5351846010560902,0.5197836053422459,0.07700497856922162
9,N2,0.3401053220140622,0.5005323606999406,0.4620298714153297,0.05775373392691621
9,N2,0.3696238971322638,0.5159333564137848,0.527484103199168,0.06545423178383837
9,N2,0.38502489284610814,0.5775373392691622,0.5043826096284016,0.07315472964076054
9,N2,0.3542229014184195,0.5197836053422459,0.4812811160576351,0.06160398285537729
9,N2,0.3401053220140622,0.5005323606999406,0.4581796224868686,0.06160398285537729
9,N2,0.3529394851089324,0.4966821117714794,0.4966821117714794,0.06545423178383837
9,N2,0.3670570645132898,0.5082328585568627,0.5313343521276291,0.06160398285537729
9,N2,0.3503726524899584,0.5043826096284016,0.48898161391455724,0.05775373392691621
9,N2,0.3619233992753416,0.5159333564137848,0.5043826096284016,0.06545423178383837
9,N2,0.3362550730856011,0.49283186284301833,0.45047912462994644,0.06545423178383837
9,N2,0.3452389872520103,0.4466288757014854,0.523633854270707,0.06545423178383837
9,N2,0.3259877426097048,0.47358061820071296,0.4427786267730243,0.06160398285537729
9,N2,0.3259877426097048,0.4851313649860962,0.43122787998764106,0.06160398285537729
9,N2,0.36577364820380276,0.5082328585568627,0.5313343521276291,0.05775373392691621
9,N2,0.38117464391764705,0.5428850989130124,0.5351846010560902,0.06545423178383837
9,N2,0.3413887383235492,0.49283186284301833,0.4658801203437908,0.06545423178383837
9,N2,0.32855457522867887,0.43507812891610215,0.49283186284301833,0.05775373392691621
9,N2,0.3311214078476529,0.4851313649860962,0.4543293735584075,0.05390348499845513
9,N2,0.3580731503468806,0.4812811160576351,0.5351846010560902,0.05775373392691621
9,N2,0.27850133915868486,0.3773243949891859,0.4004258885599524,0.05775373392691621
9,N2,0.36063998296585464,0.5159333564137848,0.5005323606999406,0.06545423178383837
9,N2,0.3221374936812437,0.46973036927225187,0.43507812891610215,0.06160398285537729
9,N2,0.3311214078476529,0.4581796224868686,0.47358061820071296,0.06160398285537729
9,N2,0.3439555709425232,0.48898161391455724,0.49283186284301833,0.05005323606999405
9,N2,0.34395557094252327,0.4812811160576351,0.4851313649860962,0.06545423178383837
9,N2,0.33497165677611407,0.527484103199168,0.41197663534533563,0.06545423178383837
9,N2,0.30801991427688646,0.4658801203437908,0.39657563963149134,0.06160398285537729
9,N2,0.3747575623702119,0.5120831074853237,0.5505855967699346,0.06160398285537729
9,N2,0.3696238971322638,0.5505855967699346,0.49283186284301833,0.06545423178383837
9,N2,0.30673649796739944,0.46973036927225187,0.38887514177456917,0.06160398285537729
9,N2,0.32727115891919184,0.4658801203437908,0.4466288757014854,0.06930448071229946
9,N2,0.3118701632053475,0.4543293735584075,0.4235273821307189,0.05775373392691621
9,N2,0.3311214078476529,0.4658801203437908,0.4581796224868686,0.06930448071229946
9,N2,0.3093033305863735,0.43507812891610215,0.43122787998764106,0.06160398285537729
9,N2,0.3413887383235492,0.4851313649860962,0.4581796224868686,0.0808552274976827
9,N2,0.34908923618047133,0.45047912462994644,0.5313343521276291,0.06545423178383837
9,W,0.4158268842737967,0.34652240356149727,0.8393542664045156,0.06160398285537729
9,W,0.4055595537979006,0.5313343521276291,0.6275905753391562,0.05775373392691621
9,W,0.42737763105918,0.6044890817683897,0.6160398285537729,0.06160398285537729
9,N1,0.3401053220140622,0.4966821117714794,0.46973036927225187,0.05390348499845513
9,W,0.3875917254650822,0.5159333564137848,0.5813875881976233,0.06545423178383837
9,N1,0.35935656665636756,0.527484103199168,0.49283186284301833,0.05775373392691621
9,N2,0.3632068155848287,0.5313343521276291,0.5005323606999406,0.05775373392691621
9,N2,0.36834048082277676,0.5351846010560902,0.5082328585568627,0.06160398285537729
9,N2,0.3619233992753416,0.5197836053422459,0.5005323606999406,0.06545423178383837
9,N2,0.3824580602271341,0.5467353478414735,0.5428850989130124,0.05775373392691621
9,N2,0.3490892361804714,0.47743086712917404,0.5043826096284016,0.06545423178383837
9,N2,0.39400880701251734,0.5659865924837789,0.5505855967699346,0.06545423178383837
9,N2,0.37732439498918596,0.5467353478414735,0.5197836053422459,0.06545423178383837
9,N2,0.35935656665636756,0.5159333564137848,0.5043826096284016,0.05775373392691621
9,N2,0.3375384893950881,0.5043826096284016,0.45047912462994644,0.05775373392691621
9,N2,0.37604097867969893,0.527484103199168,0.5313343521276291,0.06930448071229946
9,N2,0.35678973403739356,0.5043826096284016,0.5043826096284016,0.06160398285537729
9,N2,0.3131535795148345,0.45047912462994644,0.42737763105918,0.06160398285537729
9,N2,0.3311214078476529,0.4851313649860962,0.45047912462994644,0.05775373392691621
9,N2,0.3311214078476529,0.5120831074853237,0.4158268842737967,0.06545423178383837
9,N2,0.33497165677611407,0.48898161391455724,0.4581796224868686,0.05775373392691621
9,N2,0.3413887383235492,0.5082328585568627,0.4543293735584075,0.06160398285537729
9,N2,0.3375384893950881,0.4658801203437908,0.4851313649860962,0.06160398285537729
9,N2,0.4068429701073876,0.6044890817683897,0.5621363435553178,0.05390348499845513
9,N2,0.3606399829658546,0.49283186284301833,0.5197836053422459,0.06930448071229946
9,N2,0.33497165677611407,0.5005323606999406,0.45047912462994644,0.05390348499845513
9,N2,0.36705706451328973,0.5428850989130124,0.48898161391455724,0.06930448071229946
9,N2,0.35037265248995836,0.5197836053422459,0.46973036927225187,0.06160398285537729
9,N2,0.3221374936812437,0.4466288757014854,0.4581796224868686,0.06160398285537729
9,N2,0.35935656665636756,0.49283186284301833,0.5197836053422459,0.06545423178383837
9,N2,0.3208540773717567,0.4620298714153297,0.4466288757014854,0.05390348499845513
9,N2,0.2977525838009903,0.4081263864168746,0.42737763105918,0.05775373392691621
9,N2,0.31957066106226967,0.4620298714153297,0.43892837784456323,0.05775373392691621
9,N2,0.3259877426097048,0.47743086712917404,0.4427786267730243,0.05775373392691621
9,N2,0.3490892361804714,0.5082328585568627,0.47358061820071296,0.06545423178383837
9,N2,0.34267215463303624,0.4658801203437908,0.5082328585568627,0.05390348499845513
9,N2,0.35037265248995836,0.48898161391455724,0.4966821117714794,0.06545423178383837
9,N2,0.32727115891919184,0.4620298714153297,0.4620298714153297,0.05775373392691621
9,N2,0.34267215463303624,0.5082328585568627,0.4620298714153297,0.05775373392691621
9,N2,0.3093033305863735,0.4466288757014854,0.4196771332022578,0.06160398285537729
9,N2,0.3567897340373935,0.5197836053422459,0.48898161391455724,0.06160398285537729
9,N2,0.35293948510893247,0.5082328585568627,0.4812811160576351,0.06930448071229946
9,N2,0.33882190570457515,0.4851313649860962,0.4620298714153297,0.06930448071229946
9,N2,0.3709073134417508,0.5544358456983957,0.48898161391455724,0.06930448071229946
9,N2,0.3696238971322638,0.5582860946268567,0.48898161391455724,0.06160398285537729
9,N2,0.33882190570457515,0.49283186284301833,0.4581796224868686,0.06545423178383837
9,N2,0.35293948510893247,0.4851313649860962,0.5159333564137848,0.05775373392691621
9,N2,0.35422290141841944,0.5197836053422459,0.4851313649860962,0.05775373392691621
9,N2,0.3567897340373935,0.5120831074853237,0.49283186284301833,0.06545423178383837
9,N2,0.2990360001104773,0.43892837784456323,0.39272539070303025,0.06545423178383837
9,N2,0.31443699582432155,0.45047912462994644,0.42737763105918,0.06545423178383837
9,N2,0.4196771332022578,0.6006388328399286,0.5967885839114675,0.06160398285537729
9,N2,0.3542229014184195,0.5351846010560902,0.4658801203437908,0.06160398285537729
9,N2,0.36962389713226385,0.5467353478414735,0.5082328585568627,0.05390348499845513
9,N2,0.3311214078476529,0.49283186284301833,0.43892837784456323,0.06160398285537729
9,W,0.2964691674915032,0.3773243949891859,0.45047912462994644,0.06160398285537729
9,N1,0.38502489284610814,0.5659865924837789,0.5313343521276291,0.05775373392691621
9,N1,0.35935656665636756,0.523633854270707,0.4966821117714794,0.05775373392691621
9,N1,0.37989122760816,0.5428850989130124,0.5428850989130124,0.05390348499845513
9,N2,0.3837414765366211,0.5852378371260843,0.5120831074853237,0.05390348499845513
9,N2,0.3298379915381659,0.49283186284301833,0.43892837784456323,0.05775373392691621
9,N2,0.35037265248995836,0.5120831074853237,0.4812811160576351,0.05775373392691621
9,N2,0.31828724475278264,0.48898161391455724,0.4004258885599524,0.06545423178383837
9,N2,0.3567897340373935,0.5043826096284016,0.5159333564137848,0.05005323606999405
9,N2,0.33497165677611407,0.5082328585568627,0.43122787998764106,0.06545423178383837
9,N2,0.35678973403739356,0.527484103199168,0.4812811160576351,0.06160398285537729
9,N2,0.3580731503468806,0.47358061820071296,0.5505855967699346,0.05005323606999405
9,N2,0.39529222332200437,0.5967885839114675,0.523633854270707,0.06545423178383837
9,N2,0.4055595537979006,0.5852378371260843,0.56983684141224,0.06160398285537729
9,N2,0.39015855808405625,0.5582860946268567,0.5505855967699346,0.06160398285537729
9,REM,0.36577364820380276,0.527484103199168,0.5043826096284016,0.06545423178383837
9,REM,0.3439555709425232,0.4620298714153297,0.5159333564137848,0.05390348499845513
9,REM,0.35422290141841944,0.46973036927225187,0.5351846010560902,0.05775373392691621
9,REM,0.32342090999073075,0.42737763105918,0.48898161391455724,0.05390348499845513
9,REM,0.3388219057045751,0.4543293735584075,0.5120831074853237,0.05005323606999405
9,REM,0.3914419743935433,0.5659865924837789,0.5428850989130124,0.06545423178383837
9,REM,0.3927253907030303,0.5390348499845513,0.5775373392691622,0.06160398285537729
9,REM,0.35550631772790653,0.4851313649860962,0.523633854270707,0.05775373392691621
9,REM,0.34780581987098436,0.4466288757014854,0.5390348499845513,0.05775373392691621
9,REM,0.4017093048694394,0.6044890817683897,0.5351846010560902,0.06545423178383837
9,REM,0.3542229014184195,0.47743086712917404,0.523633854270707,0.06160398285537729
9,REM,0.37732439498918596,0.5197836053422459,0.5582860946268567,0.05390348499845513
9,REM,0.3478058198709843,0.4543293735584075,0.5313343521276291,0.05775373392691621
9,REM,0.35935656665636756,0.523633854270707,0.49283186284301833,0.06160398285537729
9,N2,0.3927253907030302,0.6044890817683897,0.5120831074853237,0.06160398285537729
9,N2,0.38502489284610814,0.5659865924837789,0.5313343521276291,0.05775373392691621
9,N2,0.37989122760816,0.5544358456983957,0.527484103199168,0.05775373392691621
9,N2,0.3221374936812437,0.4581796224868686,0.45047912462994644,0.05775373392691621
9,N2,0.3298379915381659,0.46973036927225187,0.4581796224868686,0.06160398285537729
9,N2,0.37732439498918596,0.5351846010560902,0.5313343521276291,0.06545423178383837
9,N2,0.40427613748841357,0.5852378371260843,0.5621363435553178,0.06545423178383837
9,N2,0.3632068155848287,0.5390348499845513,0.4851313649860962,0.06545423178383837
9,N2,0.36320681558482865,0.5428850989130124,0.4851313649860962,0.06160398285537729
9,N2,0.3619233992753417,0.5544358456983957,0.47743086712917404,0.05390348499845513
9,N2,0.3619233992753416,0.5428850989130124,0.4851313649860962,0.05775373392691621
9,N2,0.36834048082277676,0.5775373392691622,0.4658801203437908,0.06160398285537729
9,N2,0.3696238971322638,0.5505855967699346,0.4966821117714794,0.06160398285537729
9,N2,0.38502489284610814,0.5890880860545453,0.5159333564137848,0.05005323606999405
9,N2,0.3824580602271341,0.5544358456983957,0.527484103199168,0.06545423178383837
9,N2,0.3644902318943157,0.5159333564137848,0.5120831074853237,0.06545423178383837
9,N2,0.3041696653484254,0.4196771332022578,0.4427786267730243,0.05005323606999405
9,N2,0.3696238971322638,0.5159333564137848,0.5351846010560902,0.05775373392691621
9,N2,0.3683404808227768,0.5082328585568627,0.5313343521276291,0.06545423178383837
9,N2,0.3016028327294514,0.43122787998764106,0.4042761374884135,0.06930448071229946
9,N2,0.36834048082277676,0.5351846010560902,0.5082328585568627,0.06160398285537729
9,N2,0.34523898725201024,0.5197836053422459,0.4543293735584075,0.06160398285537729
9,N2,0.3644902318943157,0.5313343521276291,0.4966821117714794,0.06545423178383837
9,N2,0.30545308165791246,0.4427786267730243,0.4042761374884135,0.06930448071229946
9,N2,0.38630830915559516,0.5159333564137848,0.5890880860545453,0.05390348499845513
9,W,0.3311214078476529,0.3850248928461081,0.5505855967699346,0.05775373392691621
9,W,0.37347414606072493,0.31572041213380864,0.7315472964076054,0.07315472964076054
9,W,0.3298379915381659,0.39272539070303025,0.5390348499845513,0.05775373392691621
9,W,0.3105867468958605,0.25411642927843137,0.6083393306968508,0.06930448071229946
9,W,0.3362550730856011,0.4812811160576351,0.4658801203437908,0.06160398285537729
9,W,0.37604097867969893,0.4042761374884135,0.6468418199814616,0.07700497856922162
9,W,0.4235273821307189,0.3696238971322638,0.8355040174760545,0.06545423178383837
9,W,0.5531524293889086,0.6506920689099227,0.951011485329887,0.05775373392691621
9,W,0.52235043796122,0.5544358456983957,0.951011485329887,0.06160398285537729
9,W,0.4722972018912259,0.48898161391455724,0.858605511046821,0.06930448071229946
9,W,0.5403182662940383,0.619890077482234,0.9317602406875816,0.06930448071229946
9,W,0.32727115891919184,0.3657736482038027,0.5505855967699346,0.06545423178383837
9,W,0.36962389713226385,0.4658801203437908,0.5813875881976233,0.06160398285537729
9,W,0.4029927211789264,0.4658801203437908,0.6737935624806891,0.06930448071229946
9,W,0.3542229014184195,0.30801991427688646,0.6930448071229945,0.06160398285537729
9,W,0.3914419743935433,0.4466288757014854,0.6583925667668449,0.06930448071229946
9,W,0.36705706451328973,0.381174643917647,0.662242815695306,0.05775373392691621
9,W,0.3709073134417508,0.381174643917647,0.6776438114091502,0.05390348499845513
9,W,0.40812638641687465,0.5120831074853237,0.6545423178383838,0.05775373392691621
9,W,0.37475756237021196,0.4004258885599524,0.662242815695306,0.06160398285537729
9,W,0.3747575623702119,0.3850248928461081,0.6853443092660724,0.05390348499845513
9,N1,0.4517625409394335,0.6506920689099227,0.6429915710530005,0.06160398285537729
9,N1,0.43892837784456323,0.5659865924837789,0.6891945581945335,0.06160398285537729
9,W,0.34780581987098436,0.4427786267730243,0.5428850989130124,0.05775373392691621
9,W,0.3362550730856011,0.334971656776114,0.5967885839114675,0.07700497856922162
9,W,0.3619233992753417,0.39272539070303025,0.6391413221245394,0.05390348499845513
9,W,0.3721907297512379,0.3850248928461081,0.6545423178383838,0.07700497856922162
9,W,0.40812638641687454,0.49283186284301833,0.6660930646237669,0.06545423178383837
9,W,0.42609421474969295,0.4966821117714794,0.7122960517653,0.06930448071229946
9,W,0.3709073134417508,0.42737763105918,0.6237403264106951,0.06160398285537729
9,W,0.4068429701073875,0.4543293735584075,0.7007453049799167,0.06545423178383837
9,W,0.41326005165482277,0.527484103199168,0.6468418199814616,0.06545423178383837
9,W,0.4004258885599525,0.45047912462994644,0.6930448071229945,0.05775373392691621
9,W,0.3670570645132898,0.4658801203437908,0.5659865924837789,0.06930448071229946
9,W,0.34908923618047133,0.39272539070303025,0.5967885839114675,0.05775373392691621
9,W,0.43507812891610215,0.5428850989130124,0.7007453049799167,0.06160398285537729
9,W,0.4158268842737968,0.5313343521276291,0.6583925667668449,0.05775373392691621
9,W,0.47101378558173895,0.6429915710530005,0.7122960517653,0.05775373392691621
9,W,0.45689620617738164,0.619890077482234,0.6891945581945335,0.06160398285537729
9,W,0.4183937168927708,0.48898161391455724,0.7045955539083778,0.06160398285537729
9,W,0.4427786267730243,0.5929383349830064,0.662242815695306,0.07315472964076054
9,W,0.4440620430825113,0.6044890817683897,0.669943313552228,0.05775373392691621
9,W,0.4671635366532778,0.6968950560514556,0.6468418199814616,0.05775373392691621
9,W,0.49924894439045353,0.7084458028368389,0.7199965496222221,0.06930448071229946
9,W,0.45176254093943347,0.6044890817683897,0.6930448071229945,0.05775373392691621
9,W,0.378607811298673,0.5351846010560902,0.5428850989130124,0.05775373392691621
9,W,0.4517625409394335,0.42737763105918,0.8624557599752821,0.06545423178383837
9,W,0.4068429701073876,0.3388219057045751,0.8124025239052881,0.06930448071229946
9,W,0.46074645510584267,0.523633854270707,0.7893010303345216,0.06930448071229946
9,W,0.5133665237948107,0.5659865924837789,0.9125089960452761,0.06160398285537729
9,W,0.4812811160576351,0.43892837784456323,0.9394607385445037,0.06545423178383837
9,W,0.5146499401042979,0.5005323606999406,0.9664124810437313,0.07700497856922162
9,W,0.5082328585568627,0.5120831074853237,0.9471612364014259,0.06545423178383837
9,W,0.5159333564137848,0.5582860946268567,0.9202094939021983,0.06930448071229946
9,W,0.4337947126066151,0.4196771332022578,0.8239532706906713,0.05775373392691621
9,W,0.4517625409394335,0.47358061820071296,0.8201030217622103,0.06160398285537729
9,W,0.4094098027263617,0.43507812891610215,0.7353975453360665,0.05775373392691621
9,W,0.4466288757014854,0.4851313649860962,0.7970015281914438,0.05775373392691621
9,W,0.3888751417745692,0.3734741460607248,0.7315472964076054,0.06160398285537729
9,W,0.3259877426097048,0.30801991427688646,0.6083393306968508,0.06160398285537729
9,W,0.3914419743935433,0.3619233992753416,0.7469482921214496,0.06545423178383837
9,W,0.5377514336750643,0.5659865924837789,0.9895139746144977,0.05775373392691621
9,W,0.3657736482038027,0.3426721546330362,0.6930448071229945,0.06160398285537729
9,W,0.42737763105918,0.4196771332022578,0.7931512792629827,0.06930448071229946
9,W,0.43507812891610215,0.4196771332022578,0.8239532706906713,0.06160398285537729
9,W,0.4145434679643097,0.43122787998764106,0.7507985410499107,0.06160398285537729
9,W,0.4414952104635373,0.4620298714153297,0.7931512792629827,0.06930448071229946
9,W,0.46844695296276484,0.39272539070303025,0.951011485329887,0.06160398285537729
9,W,0.46459670403430375,0.4620298714153297,0.8740065067606654,0.05775373392691621
9,W,0.4466288757014854,0.45047912462994644,0.8278035196191323,0.06160398285537729
9,W,0.5082328585568627,0.4966821117714794,0.9664124810437313,0.06160398285537729
9,W,0.47871428343866107,0.4543293735584075,0.9202094939021983,0.06160398285537729
9,W,0.5339011847466032,0.5313343521276291,0.9933642235429588,0.07700497856922162
9,W,0.5133665237948108,0.4620298714153297,1.0126154681852644,0.06545423178383837
9,W,0.5454519315319865,0.5659865924837789,1.0049149703283422,0.06545423178383837
9,W,0.42994446367815403,0.3657736482038027,0.8663060089037432,0.05775373392691621
9,W,0.4812811160576351,0.5005323606999406,0.8740065067606654,0.06930448071229946
9,W,0.47358061820071296,0.4196771332022578,0.9356104896160427,0.06545423178383837
9,W,0.4453454593919984,0.43507812891610215,0.8355040174760545,0.06545423178383837
9,W,0.3696238971322638,0.34652240356149727,0.6968950560514556,0.06545423178383837
9,W,0.4748640345102,0.4620298714153297,0.8971080003314319,0.06545423178383837
