subject,state,epoch,lzc,pe,exponent_1f,grupo_responsividade
02,basal,0,0.43915403196216335,0.6871420761758659,1.588297616635495,responsive
02,basal,1,0.4416348478697567,0.6915051897776769,1.5875634452560285,responsive
02,basal,2,0.4398486604162896,0.6872585833982989,1.5737062674913351,responsive
02,basal,3,0.4492757608651439,0.6878825879657556,1.600182452996507,responsive
02,basal,4,0.4321085147845984,0.6779123090884891,1.6917238206592657,responsive
02,basal,5,0.44133714996084533,0.6793005366291254,1.7337482277604555,responsive
02,basal,6,0.43498626123740664,0.6881468253982264,1.6735995591386825,responsive
02,basal,7,0.4348870286011029,0.6813038646390525,1.7349159943369261,responsive
02,basal,8,0.4379136240083667,0.6915127420808738,1.5253763162440035,responsive
02,basal,9,0.44014635832520077,0.6934758046297799,1.6803865684644808,responsive
02,basal,10,0.44396681482289435,0.6865838057017527,1.730511722719706,responsive
02,basal,11,0.4453064554129947,0.6909834244467712,1.7114959617027188,responsive
02,basal,12,0.44659647968494315,0.6864978523469488,1.6931861677376878,responsive
02,basal,13,0.46029058349485813,0.6974019719343593,1.5757617275568743,responsive
02,basal,14,0.44808496922949914,0.6956070309392433,1.6641972141220656,responsive
02,basal,15,0.4427264068690977,0.7054212815620547,1.7142562105759458,responsive
02,basal,16,0.4394021135529227,0.689819813103024,1.6806291296997342,responsive
02,basal,17,0.44148599891530105,0.6904066954600793,1.693232778113183,responsive
02,basal,18,0.4449095248677797,0.7019272889551847,1.6616002836417967,responsive
02,basal,19,0.4278911277416899,0.6786425899350883,1.6534329234706295,responsive
02,basal,20,0.43528395914631784,0.6865405053072758,1.6338963879933937,responsive
02,basal,21,0.42689880137865255,0.6810194695467492,1.6394339299230325,responsive
02,basal,22,0.43925326459846703,0.6818794350279062,1.6521943996417376,responsive
02,basal,23,0.4320092821482947,0.6820517046852131,1.6877165336059772,responsive
02,basal,24,0.4524015889087115,0.6913369270206088,1.6787725543082612,responsive
02,basal,25,0.4480353529113474,0.6928513102271792,1.6989428298551166,responsive
02,basal,26,0.45537856799782345,0.6964315193129212,1.71193279685492,responsive
02,basal,27,0.4413867662789973,0.6968264152626902,1.7627540153688117,responsive
02,basal,28,0.43627628550935516,0.6896971310775624,1.7337200351525341,responsive
02,basal,29,0.4550312537707604,0.691453478680963,1.6467719724349401,responsive
02,basal,30,0.44232947632388275,0.6818510998854797,1.6594981845360837,responsive
02,basal,31,0.44684456127570255,0.6818792888658448,1.621686776110376,responsive
02,basal,32,0.44317295373246457,0.6834062615654539,1.7160018853152186,responsive
02,basal,33,0.44580261859451337,0.6844136443952321,1.596996720004038,responsive
02,basal,34,0.4467453286393988,0.6932031674773439,1.7318085152923586,responsive
02,basal,35,0.44282563950540144,0.6913033475386421,1.7854379266301514,responsive
02,basal,36,0.44768803868428436,0.7007006611145284,1.862109140947154,responsive
02,basal,37,0.45984403663149137,0.6900477132715436,1.7021865167926862,responsive
02,basal,38,0.4601913508585544,0.6893780393371112,1.638341923211022,responsive
02,sedacao_leve,0,0.4883734195688142,0.7091544989918841,1.48684470148809,responsive
02,sedacao_leve,1,0.4542870089984824,0.6929662476904087,1.6496297028506925,responsive
02,sedacao_leve,2,0.45661897595162004,0.6904332605529451,1.5230591330441852,responsive
02,sedacao_leve,3,0.46882459021697903,0.7026595378946124,1.4134371877994567,responsive
02,sedacao_leve,4,0.4533442989535969,0.6842690536706103,1.7008522679227003,responsive
02,sedacao_leve,5,0.4759693400308478,0.7019612476302104,1.6349495881172749,responsive
02,sedacao_leve,6,0.48212176348167907,0.7079429999098253,1.6156340303134962,responsive
02,sedacao_leve,7,0.4524015889087117,0.698185485589461,1.7104610993868796,responsive
02,sedacao_leve,8,0.46937036971664964,0.7112420817621503,1.4478956841226014,responsive
02,sedacao_leve,9,0.4700649981707758,0.7032988204607795,1.491112026235798,responsive
02,sedacao_leve,10,0.4649049010829817,0.7002806604157884,1.6051535118605098,responsive
02,sedacao_leve,11,0.468477275989916,0.6905464505219914,1.5877799892595659,responsive
02,sedacao_leve,12,0.47001538185262376,0.6874277438412907,1.6431333217498678,responsive
02,sedacao_leve,13,0.4552793353615197,0.6900002401996063,1.6164215922378076,responsive
02,sedacao_leve,14,0.4719504182605465,0.690093268113617,1.5916379701953416,responsive
02,sedacao_leve,15,0.4608859793126806,0.6898601474854309,1.5585675142685547,responsive
02,sedacao_leve,16,0.46629415799123397,0.7062621261305244,1.5888091327466256,responsive
02,sedacao_leve,17,0.47477854839520295,0.7036254121273148,1.610723098351006,responsive
02,sedacao_leve,18,0.4658476111278671,0.6997318377513256,1.6535285893462115,responsive
02,sedacao_leve,19,0.46262255044799583,0.6994472718563554,1.505082149081423,responsive
02,sedacao_leve,20,0.4715534877153316,0.6983112217054861,1.5929029631057157,responsive
02,sedacao_leve,21,0.4554778006341272,0.7018100317746675,1.7999673888558427,responsive
02,sedacao_leve,22,0.4626721667661478,0.6937207533119816,1.679756335534663,responsive
02,sedacao_leve,23,0.4579090002235685,0.6923726808222624,1.6679238383822252,responsive
02,sedacao_leve,24,0.47110694085196486,0.7010944325061479,1.622168321843286,responsive
02,sedacao_leve,25,0.4817248329364642,0.7061489780194291,1.613468808388771,responsive
02,sedacao_leve,26,0.45289775209023014,0.7018503459462623,1.5738207482805018,responsive
02,sedacao_leve,27,0.4582066981324798,0.6949262423162189,1.7086375046536604,responsive
02,sedacao_leve,28,0.46639339062753765,0.694722789579559,1.4618794487921827,responsive
02,sedacao_leve,29,0.46649262326384144,0.701333780738953,1.5954594846899268,responsive
02,sedacao_leve,30,0.4685765086262198,0.7016183374142985,1.5241142004432628,responsive
02,sedacao_leve,31,0.47825169066583356,0.6997650967366937,1.6094540744173274,responsive
02,sedacao_leve,32,0.48857188484142156,0.7102910328801967,1.595406363929952,responsive
02,sedacao_leve,33,0.4806332739371232,0.6977464059807821,1.61473776909365,responsive
02,sedacao_leve,34,0.45671820858792384,0.6966717788768937,1.571546118440857,responsive
02,sedacao_leve,35,0.4730915935780395,0.697726248210793,1.5437965042303103,responsive
02,sedacao_leve,36,0.48281639193580517,0.7054424003799038,1.512880887798093,responsive
02,sedacao_leve,37,0.46941998603480145,0.6996966843518025,1.6350736146108051,responsive
02,sedacao_leve,38,0.4875299421602325,0.7002551646238718,1.5642269913571791,responsive
02,sedacao_leve,39,0.45711513913313884,0.7114693555953101,1.6454379011920035,responsive
02,sedacao_leve,40,0.46698878644535996,0.7053772438724238,1.628454181024305,responsive
02,sedacao_leve,41,0.4719504182605467,0.7113356058863256,1.5986414924853145,responsive
02,sedacao_moderada,0,0.4900107580678257,0.7058140571275435,1.5831616262915658,responsive
02,sedacao_moderada,1,0.5205247937312231,0.7128118304720575,1.5431440234303317,responsive
02,sedacao_moderada,2,0.5233033075477276,0.7146815025476346,1.5873044716537255,responsive
02,sedacao_moderada,3,0.5060864451490301,0.7101346707856275,1.6557908269195094,responsive
02,sedacao_moderada,4,0.5157120108704921,0.7131415195546768,1.620697591059196,responsive
02,sedacao_moderada,5,0.5100557506011795,0.7096717401117523,1.5831246274917536,responsive
02,sedacao_moderada,6,0.5015217438790586,0.7148309898013377,1.6160720964457396,responsive
02,sedacao_moderada,7,0.4932854350658489,0.7064643149705406,1.659558145781313,responsive
02,sedacao_moderada,8,0.5035560129232851,0.7101183452401821,1.6544245184911786,responsive
02,sedacao_moderada,9,0.4978005200176686,0.7166246874209624,1.7066339525057388,responsive
02,sedacao_moderada,10,0.5156127782341884,0.717748556456353,1.6491084553568223,responsive
02,sedacao_moderada,11,0.5127846480995322,0.7090887806152062,1.5210541601785625,responsive
02,sedacao_moderada,12,0.5070787715120676,0.7095660206997751,1.5210461076639266,responsive
02,sedacao_moderada,13,0.5025636865602477,0.7139059886329455,1.548646077839629,responsive
02,sedacao_moderada,14,0.4999340216981989,0.7112842190034426,1.6329658233214428,responsive
02,sedacao_moderada,15,0.4970066589272387,0.719778489731879,1.491064401848644,responsive
02,sedacao_moderada,16,0.5130327296902913,0.7148360592858296,1.522891245240271,responsive
02,sedacao_moderada,17,0.49829668319918724,0.7084328351729464,1.6543578250156075,responsive
02,sedacao_moderada,18,0.5012736622882992,0.7172904683766637,1.6161830395262846,responsive
02,sedacao_moderada,19,0.4844041141166648,0.7117188000319855,1.6702049802304935,responsive
02,sedacao_moderada,20,0.5234025401840313,0.7164445454075907,1.4036800991741278,responsive
02,sedacao_moderada,21,0.5198797815952488,0.7171749483030535,1.3592764084411695,responsive
02,sedacao_moderada,22,0.5177462799147188,0.7153196544173905,1.4685866899296132,responsive
02,sedacao_moderada,23,0.513925823417025,0.7232209972913879,1.4960604926883574,responsive
02,sedacao_moderada,24,0.5157120108704922,0.7145829717336737,1.550248752398339,responsive
02,sedacao_moderada,25,0.5178951288691743,0.7155046374199454,1.5492806554414182,responsive
02,sedacao_moderada,26,0.48772840743283974,0.7164329768610601,1.5428955559161635,responsive
02,sedacao_moderada,27,0.518688989959604,0.7168059291933453,1.5272555032955528,responsive
02,sedacao_moderada,28,0.5125861828269246,0.7186986553766637,1.502997386334249,responsive
02,sedacao_moderada,29,0.5141242886896324,0.7146757175700299,1.5388826724534046,responsive
02,sedacao_moderada,30,0.5134792765536581,0.7214202850030358,1.3327921458108736,responsive
02,sedacao_moderada,31,0.5174485820058075,0.7172889291672997,1.5277401431572881,responsive
02,sedacao_moderada,32,0.511693089100191,0.7173486032721258,1.5897421233936766,responsive
02,sedacao_moderada,33,0.4953197041100753,0.7049747858703254,1.7100402159824655,responsive
02,sedacao_moderada,34,0.5010751970156917,0.7113588130465068,1.5473025509544185,responsive
02,recuperacao,0,0.44183331314236407,0.6847298834380162,1.5705172780420225,responsive
02,recuperacao,1,0.43017347837667563,0.6800504489494306,1.6818542748783083,responsive
02,recuperacao,2,0.45810746549617604,0.690165738798852,1.6129274397024174,responsive
02,recuperacao,3,0.43022309469482745,0.6771558064939533,1.798142222727109,responsive
02,recuperacao,4,0.4224333327449845,0.673495371022877,1.6188698839707178,responsive
02,recuperacao,5,0.4269484176968043,0.6707082530805254,1.6190773512239536,responsive
02,recuperacao,6,0.4262041729245264,0.6751565765697483,1.7022874921736644,responsive
02,recuperacao,7,0.43910441564401154,0.6783262182187433,1.6453488265672989,responsive
02,recuperacao,8,0.4470926428664618,0.677505641888095,1.68414629938902,responsive
02,recuperacao,9,0.45438624163478614,0.6788887059474374,1.611430818126315,responsive
02,recuperacao,10,0.4298757804677645,0.6721655948968426,1.633285830931914,responsive
02,recuperacao,11,0.4235745080624776,0.6668784850769339,1.6810557018741663,responsive
02,recuperacao,12,0.4364251344638108,0.6788229758215358,1.7977343610893444,responsive
02,recuperacao,13,0.4483330508202585,0.6810941753725247,1.7341735000679188,responsive
02,recuperacao,14,0.4460010838671209,0.6960910494921186,1.6485095113044108,responsive
02,recuperacao,15,0.4369212976453294,0.6832994067040425,1.5405385042499578,responsive
02,recuperacao,16,0.4591494081773653,0.6908020548212818,1.5288551953081506,responsive
02,recuperacao,17,0.44113868468823797,0.6820307269565257,1.6831272358654563,responsive
02,recuperacao,18,0.44525683909484287,0.6822570520377804,1.6237908626886326,responsive
02,recuperacao,19,0.4351847265100142,0.6783740700225671,1.6248935783761713,responsive
02,recuperacao,20,0.4510619483186112,0.6790702100771279,1.7268174039636197,responsive
02,recuperacao,21,0.43984866041628945,0.6693244315284032,1.6655114362065957,responsive
02,recuperacao,22,0.43329930642024317,0.6744694733267829,1.658090797623483,responsive
02,recuperacao,23,0.43017347837667574,0.6751311426983384,1.6484034180237086,responsive
02,recuperacao,24,0.4402455909615045,0.6824435439804034,1.4693196628112954,responsive
02,recuperacao,25,0.4476384223661324,0.6844005540866414,1.7022466592383927,responsive
02,recuperacao,26,0.43746707714499994,0.6990001332175458,1.8135954722425172,responsive
02,recuperacao,27,0.45359238054435624,0.694246377986272,1.769986940652776,responsive
02,recuperacao,28,0.4393524972347707,0.6813030949104175,1.7159746377165328,responsive
02,recuperacao,29,0.44912691191068843,0.6839730696821623,1.5862803245913935,responsive
02,recuperacao,30,0.4348870286011029,0.6812982316579133,1.7278079033213063,responsive
02,recuperacao,31,0.42575762606115974,0.6701069423265896,1.6785137859140031,responsive
02,recuperacao,32,0.4419325457786679,0.6803936722039212,1.7007670001365682,responsive
02,recuperacao,33,0.4501688545918775,0.6951815204703476,1.7120200199041642,responsive
02,recuperacao,34,0.4537412294988119,0.699996684617097,1.741520881566504,responsive
02,recuperacao,35,0.45126041359121855,0.6945366236604317,1.6885880007224014,responsive
02,recuperacao,36,0.449623075092207,0.693911666383122,1.7113542648384326,responsive
02,recuperacao,37,0.43582973864598834,0.6967484877897191,1.7671970236507286,responsive
02,recuperacao,38,0.438161705599126,0.6876353542788022,1.7762777192288075,responsive
02,recuperacao,39,0.4419821620968196,0.69496750704048,1.6908357588221994,responsive
03,basal,0,0.43057040892189063,0.7212524288887622,1.446874752186706,drowsy
03,basal,1,0.43741746082684807,0.7203242563128252,1.4530028334891198,drowsy
03,basal,2,0.42779189510538623,0.7146905013690903,1.5308269382621968,drowsy
03,basal,3,0.41826556202022785,0.7101405527683394,1.6150774389621323,drowsy
03,basal,4,0.4253606955159447,0.7199290050847298,1.4778808340379388,drowsy
03,basal,5,0.4427264068690977,0.7092716276522459,1.4813663365025864,drowsy
03,basal,6,0.4037775971198832,0.715859431422295,1.52447339948538,drowsy
03,basal,7,0.41563589715817906,0.7084764978657153,1.6046744634481098,drowsy
03,basal,8,0.4340931675106731,0.7318293513266364,1.50894104798737,drowsy
03,basal,9,0.39479704353439554,0.7089323618464823,1.6042802898866877,drowsy
03,basal,10,0.40933462475289206,0.7212760953667711,1.516645201231677,drowsy
03,basal,11,0.39926251216806335,0.7091491462225308,1.621826335185982,drowsy
03,basal,12,0.38368298826837755,0.7044812389754722,1.7020870539887198,drowsy
03,basal,13,0.39767478998720374,0.7118722776309815,1.7369194857752954,drowsy
03,basal,14,0.35029120615217185,0.7069068313645561,2.0256138257019622,drowsy
03,basal,15,0.3574855722841924,0.7021051036800802,1.9333711895736438,drowsy
03,basal,16,0.37822519327167226,0.7025378240061986,1.7116181968716884,drowsy
03,basal,17,0.36274490200829024,0.6997460959765572,1.8372293292116533,drowsy
03,basal,18,0.3756947610459272,0.7076827845071463,1.820640491963976,drowsy
03,basal,19,0.3918696807634355,0.6900822087059321,1.6857472009185224,drowsy
03,basal,20,0.4015448628030492,0.6856597163614823,1.7575000121966313,drowsy
03,basal,21,0.3748512836373454,0.6895610211192613,1.83686137658482,drowsy
03,basal,22,0.3675080685508693,0.6812253685998827,1.9040885722463847,drowsy
03,basal,23,0.40660572725453953,0.702868903639144,1.7255456973450178,drowsy
03,basal,24,0.36180219196340485,0.6864091247072404,1.9015018417232101,drowsy
03,basal,25,0.38269066190534023,0.6761539208513572,1.871435008746043,drowsy
03,basal,26,0.3776794137720018,0.6706065964568696,2.013553143536151,drowsy
03,basal,27,0.3756947610459271,0.6905585131411562,1.884561888222464,drowsy
03,basal,28,0.3976747899872037,0.690820898705046,1.844657599237009,drowsy
03,basal,29,0.38164871922415106,0.6776983957908229,1.8213541827433808,drowsy
03,basal,30,0.3754466794551678,0.684748425121541,1.8323698067403484,drowsy
03,basal,31,0.3984190347594816,0.684197845409889,1.7886225840109626,drowsy
03,basal,32,0.3800609970432913,0.6844291781096898,1.8826331090014268,drowsy
03,basal,33,0.39921289584991154,0.6980735253919911,1.7784525369980424,drowsy
03,basal,34,0.40343028289282,0.7057336556010608,1.772365458526401,drowsy
03,basal,35,0.39757555735089994,0.688889312853072,1.8397753030834947,drowsy
03,basal,36,0.38135102131523985,0.6797545282639049,1.866061420313106,drowsy
03,basal,37,0.37921751963470957,0.6844392060221139,1.897744758565294,drowsy
03,sedacao_leve,0,0.49720512419984625,0.7375819792472078,1.1539426712503202,drowsy
03,sedacao_leve,1,0.4643095052651593,0.7199357282252196,1.3475868865446476,drowsy
03,sedacao_leve,2,0.4727938956691284,0.7415372932661292,1.283275131849173,drowsy
03,sedacao_leve,3,0.4706107776704463,0.7329203821325888,1.3301434865597894,drowsy
03,sedacao_leve,4,0.46103482826713604,0.7233778804966416,1.2079980136370232,drowsy
03,sedacao_leve,5,0.46659185590014507,0.729333906651996,1.3269366429525828,drowsy
03,sedacao_leve,6,0.47765629484801114,0.7429342723132185,1.377417011622798,drowsy
03,sedacao_leve,7,0.4941785287925824,0.7300391468389594,1.3531012293149556,drowsy
03,sedacao_leve,8,0.4955181693826828,0.7562447445502681,1.2152317981344483,drowsy
03,sedacao_leve,9,0.46083636299452874,0.7371412094963031,1.3619636884488433,drowsy
03,sedacao_leve,10,0.4488292140017772,0.7491822438202073,1.4007368230813495,drowsy
03,sedacao_leve,11,0.45508087008891224,0.7225296975160603,1.329764354407518,drowsy
03,sedacao_leve,12,0.4279407440598417,0.7194242427445063,1.4612602113912596,drowsy
03,sedacao_leve,13,0.49497238988301223,0.7291559134882268,1.2918901391490671,drowsy
03,sedacao_leve,14,0.4733396751687989,0.7328863523099582,1.32616587886457,drowsy
03,sedacao_leve,15,0.46847727598991606,0.7232701526580106,1.3233119247408094,drowsy
03,sedacao_leve,16,0.4453560717311467,0.7213170459793742,1.4373955808281762,drowsy
03,sedacao_leve,17,0.43831055455358164,0.7257897506012451,1.5156793078988908,drowsy
03,sedacao_leve,18,0.3969801615330775,0.6946395472244459,1.836101542872392,drowsy
03,sedacao_leve,19,0.4302230946948275,0.7175724551284433,1.706181091004393,drowsy
03,sedacao_leve,20,0.397525941032748,0.6907216037255678,1.8379555265024943,drowsy
03,sedacao_leve,21,0.43930288091661895,0.7056707654551603,1.6915602292204008,drowsy
03,sedacao_leve,22,0.3980221042142667,0.6837755259696069,1.8211915873066329,drowsy
03,sedacao_leve,23,0.3961863004426476,0.7003476672739245,1.8171619024885763,drowsy
03,sedacao_leve,24,0.4010983159396824,0.6915715085384524,1.8671774409702926,drowsy
03,sedacao_leve,25,0.3951939740796103,0.7053855516134547,1.7805225494623969,drowsy
03,sedacao_leve,26,0.45423739268033053,0.7036447524914329,1.5052756633256563,drowsy
03,sedacao_leve,27,0.4120635222512446,0.7110753057840693,1.7626822003087605,drowsy
03,sedacao_leve,28,0.4130062322961302,0.7092603348354588,1.7440345889636317,drowsy
03,sedacao_leve,29,0.3685500112320584,0.7064891411991803,1.9189626922288572,drowsy
03,sedacao_leve,30,0.38775152635683047,0.7120127452022643,1.9776667821629335,drowsy
03,sedacao_leve,31,0.3962359167607995,0.702165440035515,1.8720338635862361,drowsy
03,sedacao_leve,32,0.3718246882300815,0.6995458022093712,1.8746357389383164,drowsy
03,sedacao_moderada,0,0.4183151783383797,0.7361852978341756,1.7893002480830031,drowsy
03,sedacao_moderada,1,0.40447222557400925,0.7262482430706908,1.9056208660097214,drowsy
03,sedacao_moderada,2,0.37981291545253193,0.6987149828139029,2.1600057169781746,drowsy
03,sedacao_moderada,3,0.4030333523476052,0.7047554650313053,2.1229207212460475,drowsy
03,sedacao_moderada,4,0.34771115760827487,0.6905588212903172,2.166344719643041,drowsy
03,sedacao_moderada,5,0.4017929443938086,0.7044768958601503,2.027968150630354,drowsy
03,sedacao_moderada,6,0.36572188109740217,0.6853422301208076,2.1941487654354135,drowsy
03,sedacao_moderada,7,0.32994851570990696,0.6829910582424978,2.361657137436517,drowsy
03,sedacao_moderada,8,0.35768403755679984,0.6973748410961497,2.0881149262162193,drowsy
03,sedacao_moderada,9,0.38403030249544057,0.6763365191549109,2.051403034661677,drowsy
03,sedacao_moderada,10,0.3613556451000379,0.6874542640264256,2.1903907612361397,drowsy
03,sedacao_moderada,11,0.34696691283599684,0.6853329028984427,2.1813917992048957,drowsy
03,sedacao_moderada,12,0.36725998696011003,0.6756522538508626,2.167354218248629,drowsy
03,sedacao_moderada,13,0.32067026421550804,0.6776923180170095,2.3355275258389914,drowsy
03,sedacao_moderada,14,0.37018734973107,0.6920170465006716,2.044415383025247,drowsy
03,sedacao_moderada,15,0.36373722837132744,0.6902946347278759,2.0883913336606734,drowsy
03,sedacao_moderada,16,0.33456283329803044,0.6916874602177852,2.068381424562287,drowsy
03,sedacao_moderada,17,0.3513331488333611,0.6927850719592392,2.119995675518574,drowsy
03,sedacao_moderada,18,0.3577832701931036,0.6924189421952464,2.1457759015733613,drowsy
03,sedacao_moderada,19,0.3496461940161976,0.6813816668234582,2.225818310880054,drowsy
03,sedacao_moderada,20,0.3487531002894641,0.6701849097169872,2.222369627153582,drowsy
03,sedacao_moderada,21,0.3312385399818555,0.6927992203343639,2.094627699629477,drowsy
03,sedacao_moderada,22,0.28782426159897295,0.6844907297126906,2.1834399655961505,drowsy
03,sedacao_moderada,23,0.3255326633943909,0.6733104034677702,2.254871770926193,drowsy
03,sedacao_moderada,24,0.3243418717587462,0.690485885892035,2.1893941470631137,drowsy
03,sedacao_moderada,25,0.31000275581285697,0.6901534618665995,2.223333348974423,drowsy
03,sedacao_moderada,26,0.31422014285576555,0.6892857317371175,2.1957636267193354,drowsy
03,sedacao_moderada,27,0.27318744774417253,0.6892763503404243,2.2805251521288854,drowsy
03,sedacao_moderada,28,0.32424263912244244,0.7043747286737584,2.188581742228606,drowsy
03,sedacao_moderada,29,0.2849961314643166,0.7052942171765428,2.277502417490656,drowsy
03,sedacao_moderada,30,0.3109950821758943,0.7090658760732592,2.252172302125882,drowsy
03,recuperacao,0,0.44982154036481437,0.7355684315291318,1.326892038032757,drowsy
03,recuperacao,1,0.47343890780510245,0.7447230665558086,1.297133896241491,drowsy
03,recuperacao,2,0.4272957319238675,0.7130249905781522,1.5832670716892034,drowsy
03,recuperacao,3,0.45567626590673466,0.748882902325114,1.423884288391471,drowsy
03,recuperacao,4,0.4481345855476511,0.7443524885465289,1.4146180853224348,drowsy
03,recuperacao,5,0.44545530436745034,0.7352851153901019,1.4043931424538507,drowsy
03,recuperacao,6,0.4479361202750436,0.7307903339339801,1.4221318819573978,drowsy
03,recuperacao,7,0.4412379173245417,0.7310217933902149,1.477026957898644,drowsy
03,recuperacao,8,0.4610348282671361,0.7480194639436966,1.357526701318964,drowsy
03,recuperacao,9,0.4254599281522484,0.7243610189322632,1.5300012535209075,drowsy
03,recuperacao,10,0.42025021474630253,0.7275351902045163,1.5455346717874596,drowsy
03,recuperacao,11,0.43458933069219163,0.7244625569264795,1.4940834819232345,drowsy
03,recuperacao,12,0.4810302044823381,0.7487438613628294,1.3304619177165966,drowsy
03,recuperacao,13,0.4604394324493138,0.7487640495501724,1.371652174011135,drowsy
03,recuperacao,14,0.44525683909484287,0.748987984900223,1.4528414961171336,drowsy
03,recuperacao,15,0.4232271938354146,0.7496123581635535,1.4525709448343982,drowsy
03,recuperacao,16,0.44818420186580293,0.7317688908328764,1.4072560088388135,drowsy
03,recuperacao,17,0.44084098677932687,0.7134261041747986,1.465212633252755,drowsy
03,recuperacao,18,0.3736108756835488,0.7181686299765485,1.5180085836999295,drowsy
03,recuperacao,19,0.4361274365548995,0.7118705630236257,1.4674884521456204,drowsy
03,recuperacao,20,0.4355320407370773,0.7263573635531072,1.4097422955160839,drowsy
03,recuperacao,21,0.4335473880110026,0.7219147639908918,1.4672174475351865,drowsy
03,recuperacao,22,0.410128485843322,0.7286872126052982,1.6217965166667017,drowsy
03,recuperacao,23,0.43017347837667574,0.7198105437827583,1.4811293320650427,drowsy
03,recuperacao,24,0.45344353158990075,0.7411174552262249,1.4383845393753347,drowsy
03,recuperacao,25,0.40769728625388046,0.7246393469401284,1.4592341298504339,drowsy
03,recuperacao,26,0.408243065753551,0.7215688258554177,1.6516376107308421,drowsy
03,recuperacao,27,0.40089985066707495,0.7053447751754541,1.6019269949321533,drowsy
03,recuperacao,28,0.39370548453505433,0.7221700810531111,1.4934639263671388,drowsy
03,recuperacao,29,0.4307192578763462,0.7187210348131978,1.5406007041240317,drowsy
03,recuperacao,30,0.43602820391859587,0.7607576914269415,1.4763154748537257,drowsy
03,recuperacao,31,0.4081438331172472,0.7105443458903965,1.6282076538030876,drowsy
03,recuperacao,32,0.4340931675106731,0.736796598960929,1.595097697832547,drowsy
03,recuperacao,33,0.36433262418914986,0.7262056808695214,1.8681246407735879,drowsy
03,recuperacao,34,0.43692129764532944,0.737411761587115,1.5854834555465875,drowsy
03,recuperacao,35,0.4165786072030645,0.7539727292029624,1.6444054501595613,drowsy
05,basal,0,0.522807144366209,0.717910244218317,1.1531205706886405,responsive
05,basal,1,0.5316884653153928,0.719732251026509,1.124060080702763,responsive
05,basal,2,0.5039529434685,0.7076419462421377,1.2920846645620718,responsive
05,basal,3,0.5046475719226261,0.7072431423357834,1.2793187802794221,responsive
05,basal,4,0.5221125159120829,0.7172954889450709,1.1620162023751879,responsive
05,basal,5,0.5109984606460649,0.7087598279249172,1.2144206571746257,responsive
05,basal,6,0.49497238988301223,0.7001745960237997,1.2988886596571372,responsive
05,basal,7,0.5028117681510069,0.701672282229428,1.255527947337201,responsive
05,basal,8,0.5045979556044743,0.7118444847267805,1.2878400663598395,responsive
05,basal,9,0.5247917970922835,0.7177966411499561,1.258318606181007,responsive
05,basal,10,0.5299022778619257,0.7203408269237813,1.2317573226959229,responsive
05,basal,11,0.5081207141932568,0.7165187752565857,1.2487659993047708,responsive
05,basal,12,0.5083191794658641,0.7118840668592298,1.2860279889213013,responsive
05,basal,13,0.5255856581827133,0.7240589851794837,1.2518346560497549,responsive
05,basal,14,0.5058879798764229,0.7062760563091527,1.2472691552087116,responsive
05,basal,15,0.5134792765536582,0.7094119978228455,1.2215640280402449,responsive
05,basal,16,0.5017202091516659,0.7018403802521425,1.3020140496273473,responsive
05,basal,17,0.5100557506011795,0.7141128396946792,1.2692991758450187,responsive
05,basal,18,0.5004301848797175,0.6995961430188293,1.243550479809704,responsive
05,basal,19,0.4981478342447317,0.7011967063131536,1.263829304359169,responsive
05,basal,20,0.5081703305114086,0.7133930446778897,1.2953577582089395,responsive
05,basal,21,0.49110231706716684,0.6952332590173987,1.3310208320179941,responsive
05,basal,22,0.5100061342830274,0.7090719635399191,1.2863108839254493,responsive
05,basal,23,0.5078726326024974,0.7056228083244042,1.2006787850185414,responsive
05,basal,24,0.5132808112810506,0.7115049614420734,1.1897396087574474,responsive
05,basal,25,0.5127846480995321,0.7141751362403448,1.2733535355596959,responsive
05,basal,26,0.5181432104599336,0.7122002552210388,1.2977289527839635,responsive
05,basal,27,0.5107999953734574,0.7092512389666504,1.2405484619563507,responsive
05,basal,28,0.503903327150348,0.7098471988574164,1.208766672217328,responsive
05,basal,29,0.47324044253249514,0.6957046063829122,1.1925585894924018,responsive
05,basal,30,0.5155135455978846,0.7113742652452452,1.1758793455374088,responsive
05,basal,31,0.5047964208770817,0.7111552146304096,1.221232151857696,responsive
05,basal,32,0.522410213820994,0.7175829728516268,1.148064643439906,responsive
05,basal,33,0.5078726326024974,0.7063957363059202,1.2009764163044985,responsive
05,basal,34,0.5205247937312232,0.7187025330772905,1.1348023926276212,responsive
05,basal,35,0.5130823460084432,0.7117199065685136,1.337284164705586,responsive
05,basal,36,0.5346654444045049,0.7198896350280897,1.1083091992121272,responsive
05,basal,37,0.5237002380929426,0.7179702675619001,1.220956111156978,responsive
05,basal,38,0.5280168577721549,0.7130181626443467,1.1679004782624998,responsive
05,basal,39,0.506185677785334,0.708620419431133,1.161452978542954,responsive
05,sedacao_leve,0,0.5339708159503787,0.7078216803641412,1.120860613080823,responsive
05,sedacao_leve,1,0.5303488247252927,0.7048284217651164,1.2000982054147158,responsive
05,sedacao_leve,2,0.5214675037761085,0.703710792059337,1.1538813151487035,responsive
05,sedacao_leve,3,0.5261810540005357,0.7003640511118412,1.1913868671083978,responsive
05,sedacao_leve,4,0.5354593054949347,0.7090004577387883,1.1384645369670192,responsive
05,sedacao_leve,5,0.5158112435067959,0.6992029420304086,1.2026298245427327,responsive
05,sedacao_leve,6,0.5252383439556504,0.7049782907402217,1.20721884863033,responsive
05,sedacao_leve,7,0.5186393736414523,0.6999871746222035,1.0271119353401421,responsive
05,sedacao_leve,8,0.5332265711781008,0.7045233307496556,1.1332219680582198,responsive
05,sedacao_leve,9,0.52310484227512,0.7041526733851342,1.142031877233994,responsive
05,sedacao_leve,10,0.5282153230447623,0.7020086577962128,1.0992918573001613,responsive
05,sedacao_leve,11,0.518688989959604,0.6996614231246899,1.1514593055268068,responsive
05,sedacao_leve,12,0.5192843857774264,0.698862870785446,1.165063025630903,responsive
05,sedacao_leve,13,0.5370966439939463,0.7069280131145289,1.0963072488266739,responsive
05,sedacao_leve,14,0.5181432104599336,0.7011063623345091,1.1722485501850461,responsive
05,sedacao_leve,15,0.5357570034038459,0.7073600011212392,1.092157081405426,responsive
05,sedacao_leve,16,0.554561587983403,0.7136846434211698,0.9854266272100746,responsive
05,sedacao_leve,17,0.540520169946425,0.7080076474884406,0.9785513806193399,responsive
05,sedacao_leve,18,0.5321350121787597,0.7029472056505991,1.1156014045037497,responsive
05,sedacao_leve,19,0.535310456540479,0.7081949280276003,1.1551992454248685,responsive
05,sedacao_leve,20,0.5558019959371997,0.712483774587373,0.966663317235731,responsive
05,sedacao_leve,21,0.5322342448150635,0.7072780297483389,1.0830623870258642,responsive
05,sedacao_leve,22,0.5365012481761239,0.7088628867883209,1.160875930688656,responsive
05,sedacao_leve,23,0.5691487855200517,0.7218913389869042,0.875284933669427,responsive
05,sedacao_leve,24,0.5400240067649064,0.707226093852342,0.9545775012624466,responsive
05,sedacao_leve,25,0.5387835988111097,0.7125980343188522,0.9722998556555472,responsive
05,sedacao_leve,26,0.5156623945523403,0.705343312224265,1.142587367646952,responsive
05,sedacao_leve,27,0.5514853762579873,0.7213151580595148,0.9682093366914395,responsive
05,sedacao_leve,28,0.5698434139741777,0.7292438247001227,0.8398247627346834,responsive
05,sedacao_leve,29,0.5583820444810969,0.7136912153548718,0.9426571225500691,responsive
05,sedacao_leve,30,0.5351119912678717,0.7083012953885827,1.0594468042608312,responsive
05,sedacao_leve,31,0.5499472703952795,0.712948413336521,0.9201651115278393,responsive
05,sedacao_leve,32,0.5887968475081905,0.740791622315202,0.9193440879069047,responsive
05,sedacao_leve,33,0.5528746331662396,0.7128880251604885,0.8954559782584105,responsive
05,sedacao_leve,34,0.5511380620309244,0.7139060985740946,0.918817094050258,responsive
05,sedacao_leve,35,0.5466229770791045,0.7097331774319955,1.0168454779407419,responsive
05,sedacao_leve,36,0.5302495920889889,0.7090542753952166,1.0240308960981586,responsive
05,sedacao_leve,37,0.5465733607609528,0.7188426868204341,0.9493142646290715,responsive
05,sedacao_leve,38,0.544936022261941,0.7134056880649746,0.9424769920671296,responsive
05,sedacao_leve,39,0.5377912724480723,0.708075197915395,1.0514467226300874,responsive
05,sedacao_moderada,0,0.5110480769642167,0.6912275862834325,1.1175534180549693,responsive
05,sedacao_moderada,1,0.5228567606843607,0.6967294757442429,0.9293150410515177,responsive
05,sedacao_moderada,2,0.5347150607226568,0.7003045292001897,1.2014014811519425,responsive
05,sedacao_moderada,3,0.5367493297668832,0.6969252006627907,1.1106095331514008,responsive
05,sedacao_moderada,4,0.5129831133721395,0.693099928807831,1.2677020359670212,responsive
05,sedacao_moderada,5,0.5604163135253231,0.7115967923803282,0.9890841434668365,responsive
05,sedacao_moderada,6,0.5282153230447624,0.691377624083471,1.1810694264446704,responsive
05,sedacao_moderada,7,0.5248910297285874,0.6917543032419357,1.1480947760112892,responsive
05,sedacao_moderada,8,0.5054910493312078,0.6868077370303554,1.2371103168010928,responsive
05,sedacao_moderada,9,0.5520807720758097,0.7093034787938383,0.9558292294192134,responsive
05,sedacao_moderada,10,0.5226086790936015,0.6959011205511646,1.2042831165264134,responsive
05,sedacao_moderada,11,0.5318869305880003,0.7005411542204731,1.1317550086622157,responsive
05,sedacao_moderada,12,0.5367989460850351,0.6987835785322721,1.2386692002707866,responsive
05,sedacao_moderada,13,0.5351119912678717,0.7040762891502532,1.1840092175312924,responsive
05,sedacao_moderada,14,0.5603170808890195,0.712637652992275,0.9593404058407285,responsive
05,sedacao_moderada,15,0.5388828314474134,0.6979605028819323,1.3583611079388929,responsive
05,sedacao_moderada,16,0.5332761874962526,0.6953001037259537,1.0542002414597993,responsive
05,sedacao_moderada,17,0.5069299225576119,0.6861903237817442,1.0335023598789501,responsive
05,sedacao_moderada,18,0.5600689992982602,0.714658130206762,1.0993016443151908,responsive
05,sedacao_moderada,19,0.5415124963094622,0.7060882502210624,1.1000119694340282,responsive
05,sedacao_moderada,20,0.5382378193114391,0.705100223415761,1.1460326786088126,responsive
05,sedacao_moderada,21,0.5299022778619257,0.6956999399218413,1.2196284149994225,responsive
05,sedacao_moderada,22,0.5302495920889887,0.694222928981495,1.2587186415749763,responsive
05,sedacao_moderada,23,0.5413140310368548,0.7064224918578683,1.1042502184495833,responsive
05,sedacao_moderada,24,0.5449856385800929,0.7054532486234567,1.2209821874618603,responsive
05,sedacao_moderada,25,0.5492030256230014,0.7094483247378092,1.1412675737709999,responsive
05,sedacao_moderada,26,0.5267764498183582,0.6978515012918692,1.3669741092300134,responsive
05,sedacao_moderada,27,0.5673625980665843,0.7166507105999208,0.9974231402260817,responsive
05,sedacao_moderada,28,0.542752904263259,0.7065101924140734,1.1476450998903152,responsive
05,sedacao_moderada,29,0.5091626568744458,0.6940187311401551,1.519582912717014,responsive
05,sedacao_moderada,30,0.5252383439556504,0.6955475810643827,1.2586248557280024,responsive
05,sedacao_moderada,31,0.5172997330513518,0.6882777721259293,1.3439999513452008,responsive
05,sedacao_moderada,32,0.519433234731882,0.7001811017854082,1.1506853990134884,responsive
05,sedacao_moderada,33,0.518688989959604,0.6911575011891654,1.3090420350033258,responsive
05,sedacao_moderada,34,0.5372951092665537,0.7046269024426581,1.0425159433693825,responsive
05,sedacao_moderada,35,0.5581339628903372,0.7150510000310394,0.9978398998703502,responsive
05,sedacao_moderada,36,0.5544127390289475,0.7087820804510397,1.0422943296378078,responsive
05,sedacao_moderada,37,0.5248414134104354,0.6955590664854933,1.3553366633616941,responsive
05,sedacao_moderada,38,0.5246925644559798,0.6980391096008333,1.2709126208553123,responsive
05,recuperacao,0,0.5197805489589451,0.7036561082584097,1.1103544614080294,responsive
05,recuperacao,1,0.5250894950011948,0.7076307373625442,1.2758480980539129,responsive
05,recuperacao,2,0.5296045799530146,0.7069614268366821,1.0796238399784646,responsive
05,recuperacao,3,0.5188378389140597,0.7023761046134676,1.1772877662032502,responsive
05,recuperacao,4,0.5163074066883145,0.6991449798016365,1.165246766839868,responsive
05,recuperacao,5,0.5036056292414369,0.694607566328271,1.144892155573666,responsive
05,recuperacao,6,0.4962127978368089,0.6937384053486574,1.1970934396697037,responsive
05,recuperacao,7,0.4902588396585849,0.6888326050686754,1.149827925861837,responsive
05,recuperacao,8,0.49110231706716667,0.6921694848309315,1.1072886308471512,responsive
05,recuperacao,9,0.49472430829225295,0.6932755140369843,1.1122290890290474,responsive
05,recuperacao,10,0.4875299421602325,0.6891292040855389,1.1189491946603125,responsive
05,recuperacao,11,0.5097084363741163,0.6984250119876555,1.1591152498268176,responsive
05,recuperacao,12,0.5161585577338589,0.6970600291669264,1.163000502529767,responsive
05,recuperacao,13,0.5131815786447469,0.7043545772229625,1.2088317399807746,responsive
05,recuperacao,14,0.5027125355147033,0.697796827665598,1.088640367239234,responsive
05,recuperacao,15,0.5111969259186724,0.6991173895876248,1.108709293461889,responsive
05,recuperacao,16,0.5144716029166955,0.7039711461213473,1.1411989502761377,responsive
05,recuperacao,17,0.49308696979324135,0.6966778868308673,1.0988539922087572,responsive
05,recuperacao,18,0.5096092037378127,0.6992159813218831,1.166448654814413,responsive
05,recuperacao,19,0.5195820836863376,0.7042850037642017,1.1581692035225017,responsive
05,recuperacao,20,0.5204751774130714,0.7096957727321604,1.0547895653739545,responsive
05,recuperacao,21,0.515761627188644,0.7058368921087641,1.0636021069026833,responsive
05,recuperacao,22,0.523204074911424,0.7047068943973931,1.1026860364933084,responsive
05,recuperacao,23,0.5256848908190171,0.7093095853342422,1.1274619284908833,responsive
05,recuperacao,24,0.4996859401074395,0.6981286067390546,1.0798032469017091,responsive
05,recuperacao,25,0.5212690385035011,0.7058738604654857,1.022714759018426,responsive
05,recuperacao,26,0.5275703109087881,0.7119511880203266,0.9740052693610828,responsive
05,recuperacao,27,0.5002317196071101,0.6963511027349386,1.1336272851289557,responsive
05,recuperacao,28,0.522062899593931,0.7103877492337001,1.0968969617904214,responsive
05,recuperacao,29,0.49869361374440213,0.7048141896209723,1.0325296223854792,responsive
05,recuperacao,30,0.5243948665470686,0.709123869218884,1.2265604831570338,responsive
05,recuperacao,31,0.5166547209153776,0.7075570942689178,1.0316116105616573,responsive
05,recuperacao,32,0.5080214815569529,0.7025571787068174,1.0462160216137,responsive
05,recuperacao,33,0.5049948861496891,0.7023772516036921,1.0913695200875386,responsive
05,recuperacao,34,0.5475656871239899,0.7112111197108605,1.0620836888858056,responsive
05,recuperacao,35,0.5103038321919388,0.7057565973339278,1.0952742340950923,responsive
05,recuperacao,36,0.5164066393246183,0.7059039202450128,1.1235261533548908,responsive
05,recuperacao,37,0.4974532057906056,0.6925440176893815,1.1420178928533236,responsive
05,recuperacao,38,0.4961135652005052,0.6975547434909507,1.1431954628700836,responsive
05,recuperacao,39,0.5211201895490455,0.7023321108293705,1.205896472054986,responsive
05,recuperacao,40,0.5250894950011948,0.7056155012903628,1.1495514159619493,responsive
06,basal,0,0.4275934298327787,0.6951004972475229,1.6614090456549313,drowsy
06,basal,1,0.4290819193773346,0.6790117087652727,1.610774055006238,drowsy
06,basal,2,0.42952846624070135,0.6663618881850477,1.653136959682109,drowsy
06,basal,3,0.42436836915290727,0.658662316325352,1.7297448342211301,drowsy
06,basal,4,0.42322719383541446,0.6670272423016145,1.7051410703329728,drowsy
06,basal,5,0.42764304615093046,0.6633330718709163,1.7771517175496419,drowsy
06,basal,6,0.43181081687568723,0.6679876329221948,1.8053611330554433,drowsy
06,basal,7,0.4283376746050566,0.6694736183871063,1.7418355751443342,drowsy
06,basal,8,0.4140481749773193,0.6561231872490219,1.811644082873787,drowsy
06,basal,9,0.42124254110933984,0.6654349317367502,1.8545874309472767,drowsy
06,basal,10,0.4100292532070182,0.6651551970620895,1.7959446544810498,drowsy
06,basal,11,0.41980366788293577,0.6689268076622056,1.8200565136695894,drowsy
06,basal,12,0.42441798547105924,0.6638863123349252,1.60453534471677,drowsy
06,basal,13,0.4316123516030798,0.6669573055075664,1.7157535423448367,drowsy
06,basal,14,0.42461645074366666,0.6595541681425291,1.7023485291792166,drowsy
06,basal,15,0.4157847461126346,0.6689825415293351,1.756613238077227,drowsy
06,basal,16,0.4384594035080373,0.6634970909837633,1.7001902647319305,drowsy
06,basal,17,0.44456221064071677,0.6680054702404535,1.7351788371890733,drowsy
06,basal,18,0.42421952019845177,0.6639830111392099,1.8410132985066872,drowsy
06,basal,19,0.4231775775172626,0.665544824101457,1.7299794648512337,drowsy
06,basal,20,0.43498626123740664,0.6683441550118305,1.8272951023643718,drowsy
06,basal,21,0.43999750937074517,0.6695135502681212,1.6841557731265941,drowsy
06,basal,22,0.4306696415581943,0.673111226518548,1.8253469018429331,drowsy
06,basal,23,0.4361274365548995,0.6761882594313716,1.7005071968266627,drowsy
06,basal,24,0.4112696611608149,0.6535301171247571,1.99636815889706,drowsy
06,basal,25,0.42332642647171814,0.6610607533072401,1.7142139281719366,drowsy
06,basal,26,0.44828343450210667,0.68246661021433,1.7025698887971312,drowsy
06,basal,27,0.4265514871515895,0.6756188330985411,1.7638872752215466,drowsy
06,basal,28,0.43076887419449816,0.6737678219579423,1.748736085268303,drowsy
06,basal,29,0.42034944738260627,0.6612728290004601,1.6945378690506254,drowsy
06,basal,30,0.4096819389799552,0.6551237535012034,1.7782753335013708,drowsy
06,basal,31,0.42099445951858044,0.6644556489781162,1.8369706374649735,drowsy
06,basal,32,0.43955096250737835,0.6738777986313044,1.7522784270850256,drowsy
06,basal,33,0.42263179801759204,0.6595042203326749,1.8285299816308875,drowsy
06,basal,34,0.4451576064585392,0.6718533165579763,1.6694111063331796,drowsy
06,basal,35,0.42213563483607336,0.6758311719570109,1.8560758815504088,drowsy
06,basal,36,0.4165289908849125,0.6565313606291586,1.931786289225044,drowsy
06,basal,37,0.41236122016015603,0.660590976044015,1.7739596261665647,drowsy
06,basal,38,0.4100788695251701,0.6454723346291319,1.9377708600987607,drowsy
06,sedacao_leve,0,0.4849995099344872,0.6865488336841703,1.4916676239467095,drowsy
06,sedacao_leve,1,0.48207214716352725,0.6859175289974608,1.5678653233224802,drowsy
06,sedacao_leve,2,0.48013711075560445,0.6888296312670481,1.5013575348850876,drowsy
06,sedacao_leve,3,0.4582563144506317,0.675660727578618,1.719713386466628,drowsy
06,sedacao_leve,4,0.45924864081366895,0.6782723140883253,1.6940681226082683,drowsy
06,sedacao_leve,5,0.4641606563107038,0.6895003404010969,1.6825221146076041,drowsy
06,sedacao_leve,6,0.47100770821566107,0.6833478729380768,1.6878448897249434,drowsy
06,sedacao_leve,7,0.4761678053034552,0.6828825350778442,1.6019181126650526,drowsy
06,sedacao_leve,8,0.4912511660216224,0.6884657358593989,1.6597182258732484,drowsy
06,sedacao_leve,9,0.47378622203216564,0.6790580768518473,1.7537345532936393,drowsy
06,sedacao_leve,10,0.48107982080048983,0.6872534167237755,1.4936631295221825,drowsy
06,sedacao_leve,11,0.4791944007107191,0.6856939357392495,1.5808825399653517,drowsy
06,sedacao_leve,12,0.4758204910763922,0.6855615934491309,1.6755106646226405,drowsy
06,sedacao_leve,13,0.48122866975494544,0.6830664567700926,1.5621427888916875,drowsy
06,sedacao_leve,14,0.4773089806209481,0.6829467686397823,1.497389460436531,drowsy
06,sedacao_leve,15,0.48425526516220924,0.6858976101231042,1.5032064701245245,drowsy
06,sedacao_leve,16,0.4712061734882687,0.672049468026823,1.843737971337112,drowsy
06,sedacao_leve,17,0.46559952953710787,0.670614031547674,1.6840782068797,drowsy
06,sedacao_leve,18,0.4675841822631824,0.678206830745141,1.6837658492272938,drowsy
06,sedacao_leve,19,0.4743320015318362,0.6822201463602914,1.5775224814578543,drowsy
06,sedacao_leve,20,0.4798394128466933,0.6840776210173868,1.5307466319692995,drowsy
06,sedacao_leve,21,0.4754235605311771,0.6840107052727343,1.5556277275351331,drowsy
06,sedacao_leve,22,0.4700649981707758,0.6753264532899462,1.6638666008367593,drowsy
06,sedacao_leve,23,0.457760151269113,0.6713153079191843,1.7214839978564518,drowsy
06,sedacao_leve,24,0.4872818605694731,0.694708068795466,1.5207358013139247,drowsy
06,sedacao_leve,25,0.4749770136678104,0.6860805244117144,1.6971467686536499,drowsy
06,sedacao_leve,26,0.46912228812589024,0.6828186024740406,1.761664087489428,drowsy
06,sedacao_leve,27,0.47904555175626334,0.6838060222411637,1.6732050030662904,drowsy
06,sedacao_leve,28,0.46912228812589035,0.6813562921830825,1.8139242696541809,drowsy
06,sedacao_leve,29,0.4701642308070794,0.6943618876663088,1.6180719502369234,drowsy
06,sedacao_leve,30,0.482915624572109,0.6904047013608086,1.6840129137321822,drowsy
06,sedacao_leve,31,0.46951921867110524,0.6844647482610952,1.7585517719252404,drowsy
06,sedacao_leve,32,0.4844041141166649,0.6888823290224241,1.6556671046880755,drowsy
06,sedacao_leve,33,0.479194400710719,0.6942810052978144,1.699422800716669,drowsy
06,sedacao_leve,34,0.4578097675872649,0.6793554497019964,1.8864866480381166,drowsy
06,sedacao_leve,35,0.4713550224427242,0.686384193641426,1.6830026100430404,drowsy
06,sedacao_leve,36,0.4660460764004745,0.6973155405293872,1.7139237966958836,drowsy
06,sedacao_leve,37,0.47224811616945783,0.6932733101472727,1.8069088341353456,drowsy
06,sedacao_leve,38,0.4795913312559339,0.69896089857898,1.6433126947811243,drowsy
06,sedacao_leve,39,0.46609569271862655,0.6846434234949947,1.8201689557952505,drowsy
06,sedacao_moderada,0,0.45840516340508725,0.6762514368078,1.826347943155803,drowsy
06,sedacao_moderada,1,0.4545350905892418,0.6811706041493322,1.820264044914734,drowsy
06,sedacao_moderada,2,0.44009674200704874,0.6715100616861425,1.8659822593772835,drowsy
06,sedacao_moderada,3,0.4353335754644697,0.6842017060833557,1.8991861844154458,drowsy
06,sedacao_moderada,4,0.4423790926420346,0.6679387726704263,2.0635051411720604,drowsy
06,sedacao_moderada,5,0.44084098677932687,0.6695283871456242,2.000806864826827,drowsy
06,sedacao_moderada,6,0.4119146732967891,0.6637035813158181,2.0168900674129655,drowsy
06,sedacao_moderada,7,0.42471568337997045,0.6755371679363882,1.9752938539433342,drowsy
06,sedacao_moderada,8,0.4502680872281811,0.6688145065516334,1.933838110420142,drowsy
06,sedacao_moderada,9,0.40953309002549954,0.6613333183094932,2.0611647292186737,drowsy
06,sedacao_moderada,10,0.40268603812054204,0.6713437525988082,2.0168315616427126,drowsy
06,sedacao_moderada,11,0.43463894701034356,0.6750368601000725,1.8968936548982378,drowsy
06,sedacao_moderada,12,0.44406604745919814,0.6697593202822448,1.9555889741632306,drowsy
06,sedacao_moderada,13,0.3637868446894793,0.6745624028540953,2.111247948621582,drowsy
06,sedacao_moderada,14,0.402338723893479,0.6740107807769405,2.0933149615524522,drowsy
06,sedacao_moderada,15,0.40640726198193194,0.6613147706446202,2.0452933320021702,drowsy
06,sedacao_moderada,16,0.43806247296282225,0.6751626876079476,1.978307803263056,drowsy
06,sedacao_moderada,17,0.3901331096281201,0.6689161255471765,2.1536813442100855,drowsy
06,sedacao_moderada,18,0.39554128830667346,0.6709995341860333,1.9612548655474047,drowsy
06,sedacao_moderada,19,0.3844768493588074,0.6727041108222005,2.004542072995017,drowsy
06,sedacao_moderada,20,0.43364662064730636,0.6677339254165687,1.94057372613279,drowsy
06,sedacao_moderada,21,0.40799498416279173,0.6659399816853044,2.0391844099903262,drowsy
06,sedacao_moderada,22,0.42486453233442606,0.6704405155447419,1.9834658677330317,drowsy
06,sedacao_moderada,23,0.4284865235595123,0.681987706017965,1.9345258347574827,drowsy
06,sedacao_moderada,24,0.3984190347594816,0.6687672231604794,2.221139160584384,drowsy
06,sedacao_moderada,25,0.40670495989084327,0.6616858026284087,2.0580986806047954,drowsy
06,sedacao_moderada,26,0.4253606955159447,0.6652052410679536,2.041568608132367,drowsy
06,sedacao_moderada,27,0.44064252150671945,0.673294216575174,2.08609565501882,drowsy
06,sedacao_moderada,28,0.3698896518221588,0.6764702118122508,1.984748528525942,drowsy
06,sedacao_moderada,29,0.41811671306577225,0.6752069536959616,2.02646356602925,drowsy
06,sedacao_moderada,30,0.39420164771657296,0.6697085304592103,2.17895009779713,drowsy
06,sedacao_moderada,31,0.41459395447698977,0.675982803669573,2.053465767106784,drowsy
06,sedacao_moderada,32,0.4167770724756719,0.6732244341251984,2.1525148448656486,drowsy
06,sedacao_moderada,33,0.40759805361757684,0.6573782523264796,2.2507289896376617,drowsy
06,sedacao_moderada,34,0.42640263819713375,0.6715033991530968,2.1147387366864487,drowsy
06,sedacao_moderada,35,0.40308296866575694,0.6659198883036866,2.2027520575595974,drowsy
06,sedacao_moderada,36,0.412658918069067,0.6741940913583336,2.1147783263650566,drowsy
06,sedacao_moderada,37,0.40134639753044166,0.6724770125693541,1.9470735265152734,drowsy
06,sedacao_moderada,38,0.38904155062877904,0.6717102597441067,2.1667946443426396,drowsy
06,sedacao_moderada,39,0.42025021474630253,0.6722416449945734,2.0363420132751178,drowsy
06,sedacao_moderada,40,0.422979112244655,0.6750738034077824,2.106387172244344,drowsy
06,sedacao_moderada,41,0.40720112307236184,0.6678211192099782,2.1634757119859636,drowsy
06,recuperacao,0,0.48435449779851303,0.6959031732618132,1.4776833518712773,drowsy
06,recuperacao,1,0.47075962662490184,0.6936479514351512,1.4849448531199774,drowsy
06,recuperacao,2,0.46138214249419923,0.6857674624093351,1.575587186945284,drowsy
06,recuperacao,3,0.45126041359121855,0.6726815532454473,1.4871615898182342,drowsy
06,recuperacao,4,0.464756052128526,0.6880992490884238,1.4896242754584288,drowsy
06,recuperacao,5,0.4633171789021218,0.6837263746844015,1.5635670881177461,drowsy
06,recuperacao,6,0.47145425507902805,0.6933769581401951,1.4698024815281887,drowsy
06,recuperacao,7,0.44897806295623277,0.6767186829596055,1.6141992864470744,drowsy
06,recuperacao,8,0.47090847557935733,0.685057591679658,1.459310326270796,drowsy
06,recuperacao,9,0.4455049206856021,0.6750428190496043,1.5357301873468183,drowsy
06,recuperacao,10,0.457760151269113,0.6815506333404442,1.5258927021876456,drowsy
06,recuperacao,11,0.4601913508585544,0.679894493536766,1.5094471014106279,drowsy
06,recuperacao,12,0.4688245902169791,0.6935549044431967,1.506926478679726,drowsy
06,recuperacao,13,0.47800360907507417,0.6923191623682897,1.4629230178221542,drowsy
06,recuperacao,14,0.469221520762194,0.6835295283777386,1.5057556425082377,drowsy
06,recuperacao,15,0.4440164311410461,0.6668942022709421,1.6569750929865426,drowsy
06,recuperacao,16,0.46733610067242315,0.690638900190706,1.5595340905748032,drowsy
06,recuperacao,17,0.4656491458552596,0.6897911946304193,1.4637229367318478,drowsy
06,recuperacao,18,0.47373660571401377,0.6915583393801042,1.4821400345667364,drowsy
06,recuperacao,19,0.4690726718077385,0.6857340421006527,1.473582200984898,drowsy
06,recuperacao,20,0.45245120522686344,0.6751226969715393,1.5645843060125506,drowsy
06,recuperacao,21,0.4461499328215764,0.6716582121409257,1.5792992246211277,drowsy
06,recuperacao,22,0.44044405623411176,0.6670344643774921,1.641349925495824,drowsy
06,recuperacao,23,0.43895556668955593,0.6641101022303852,1.629631491061361,drowsy
06,recuperacao,24,0.4471422591846138,0.6723736171692716,1.660465791547595,drowsy
06,recuperacao,25,0.4428752558235533,0.6863558470537025,1.6583802830763243,drowsy
06,recuperacao,26,0.46048904876746555,0.6770086996677088,1.6029032099401854,drowsy
06,recuperacao,27,0.4510619483186112,0.6744862583318842,1.5226255287218935,drowsy
06,recuperacao,28,0.434093167510673,0.6626925848667086,1.7152200645350966,drowsy
06,recuperacao,29,0.44456221064071677,0.6720592039932817,1.6065803422593359,drowsy
06,recuperacao,30,0.4371197629179369,0.6715957262018488,1.7836143645526912,drowsy
06,recuperacao,31,0.45458470690739367,0.6672981550934431,1.7345030045936158,drowsy
06,recuperacao,32,0.4784997722565928,0.6935266553309541,1.5038698278225027,drowsy
06,recuperacao,33,0.46381334208364067,0.6838053532444249,1.5537200935914908,drowsy
06,recuperacao,34,0.4428256395054014,0.6798195579855337,1.5939314817516015,drowsy
06,recuperacao,35,0.447787271320588,0.6729875124886884,1.6094835488362123,drowsy
06,recuperacao,36,0.4420317784149716,0.6731327408787209,1.669995377727491,drowsy
06,recuperacao,37,0.46277139940245143,0.676053029935119,1.533085191357598,drowsy
06,recuperacao,38,0.47314120989619146,0.6856328928891509,1.6308997595060943,drowsy
06,recuperacao,39,0.46222561990278094,0.6838829185003251,1.5111223375424374,drowsy
07,basal,0,0.4261545566063745,0.7082766430651901,1.525439329879563,drowsy
07,basal,1,0.4572639880875944,0.7305813424937417,1.5562582460653724,drowsy
07,basal,2,0.43711976291793697,0.7322853212422579,1.6443695761573083,drowsy
07,basal,3,0.42173870429085847,0.7327547995248612,1.7559616765304682,drowsy
07,basal,4,0.40700265779975425,0.7293010099633076,1.6964822680174336,drowsy
07,basal,5,0.39578936989743274,0.7294964161213477,1.7048959488073612,drowsy
07,basal,6,0.41464357079514175,0.7141474796959824,1.825126480282295,drowsy
07,basal,7,0.38462569831326304,0.7317910391647464,1.8425671677983588,drowsy
07,basal,8,0.39613668412449576,0.7114268526603731,1.8436126450974208,drowsy
07,basal,9,0.3726681656386633,0.7222928776854978,1.8490140587969186,drowsy
07,basal,10,0.38859500376541223,0.7194911751335439,1.8602782444260162,drowsy
07,basal,11,0.34994389192510883,0.7173653760580772,2.0140221308509165,drowsy
07,basal,12,0.3467684475633894,0.7108879573803483,2.0761524592252942,drowsy
07,basal,13,0.3743551204558267,0.7160837992291936,2.0866674298721977,drowsy
07,basal,14,0.3407648730670137,0.6961166155712167,2.117107005323504,drowsy
07,basal,15,0.33416590275281555,0.6903104687476643,2.1696668944655104,drowsy
07,basal,16,0.3487034839713122,0.6762922907817371,2.305087400832224,drowsy
07,basal,17,0.3489515655620716,0.6703344169985652,2.2089948326545943,drowsy
07,basal,18,0.3457761212003521,0.6847712743764657,2.1950739950508553,drowsy
07,basal,19,0.3544093605587767,0.681245762624202,2.270922011226679,drowsy
07,basal,20,0.3404671751581025,0.6815002908425556,2.2867163781584456,drowsy
07,basal,21,0.3305439115277294,0.705066569554654,2.3638946987732212,drowsy
07,basal,22,0.333272809026082,0.693770744129084,2.23501129200467,drowsy
07,basal,23,0.35480629110399164,0.6720140072491364,2.413325435727452,drowsy
07,basal,24,0.3282119445745917,0.6888152919307712,2.3847789632437486,drowsy
07,basal,25,0.32265491694158266,0.6973984596046802,2.3853207222084656,drowsy
07,basal,26,0.3593709923739633,0.6656488382239232,2.3271544515550384,drowsy
07,sedacao_leve,0,0.3898850280373606,0.6642212797803715,2.1620250859345322,drowsy
07,sedacao_leve,1,0.388297305856501,0.666662347186818,2.246090776639693,drowsy
07,sedacao_leve,2,0.37822519327167226,0.6595777630734194,2.288330340315929,drowsy
07,sedacao_leve,3,0.35872598023798913,0.6681822939980742,2.316306462211536,drowsy
07,sedacao_leve,4,0.35922214341950776,0.6551296042623161,2.2782474540842346,drowsy
07,sedacao_leve,5,0.3732139451383337,0.6522452927700466,2.38705585806445,drowsy
07,sedacao_leve,6,0.363191448871657,0.6799036020608789,2.2135440531727633,drowsy
07,sedacao_leve,7,0.3513331488333611,0.6556537410541569,2.3828334726730116,drowsy
07,sedacao_leve,8,0.3765878547726607,0.6607309075191148,2.2701992180450956,drowsy
07,sedacao_leve,9,0.3411121872940767,0.668759412548043,2.2484610709210493,drowsy
07,sedacao_leve,10,0.35579861746702895,0.6599634971536534,2.4495313047668668,drowsy
07,sedacao_leve,11,0.343245688974607,0.6626307493810197,2.377718766488721,drowsy
07,sedacao_leve,12,0.3553520706036622,0.666365496524756,2.3889963238762957,drowsy
07,sedacao_leve,13,0.35029120615217185,0.6561508083788823,2.364831560575916,drowsy
07,sedacao_leve,14,0.33014698098251444,0.6633982654548933,2.4079321982914137,drowsy
07,sedacao_leve,15,0.32473880230396107,0.6568350112987763,2.540946989260232,drowsy
07,sedacao_leve,16,0.338432906113876,0.6458618913053228,2.4841927265349324,drowsy
07,sedacao_leve,17,0.3511346835607536,0.6580734285616273,2.3596540583682377,drowsy
07,sedacao_leve,18,0.3217122068966973,0.6497786151663683,2.5356322673248957,drowsy
07,sedacao_leve,19,0.30434649554354426,0.6622249356167023,2.5391791133936286,drowsy
07,sedacao_leve,20,0.34468456220101107,0.6540988151061135,2.4530103517051383,drowsy
07,sedacao_leve,21,0.2951178603672972,0.6652984117940474,2.5519566259758024,drowsy
07,sedacao_leve,22,0.2885188900530991,0.6602678869842592,2.511389430012903,drowsy
07,sedacao_leve,23,0.24847852130454343,0.6565517475757537,2.612745780738742,drowsy
07,sedacao_leve,24,0.28777464528082103,0.6490735843601302,2.6189281362627015,drowsy
07,sedacao_leve,25,0.27819869587751106,0.6567630534004716,2.5705207516802533,drowsy
07,sedacao_leve,26,0.283011478738242,0.6482839471043667,2.600514300147739,drowsy
07,sedacao_leve,27,0.2696646891553901,0.6521344761749265,2.5775774042504054,drowsy
07,sedacao_leve,28,0.2592452623434983,0.6450889887746944,2.695349128143857,drowsy
07,sedacao_leve,29,0.2627680209322808,0.6428401237484669,2.753923380908558,drowsy
07,sedacao_moderada,0,0.5107007627371538,0.6979801704698947,1.6803790499871274,drowsy
07,sedacao_moderada,1,0.48867111747772546,0.6943411607564687,1.7825943580171226,drowsy
07,sedacao_moderada,2,0.49943785851668027,0.6915297867770805,1.7207612860601855,drowsy
07,sedacao_moderada,3,0.49308696979324135,0.6939577013620362,1.8281186714068838,drowsy
07,sedacao_moderada,4,0.46991614921632013,0.6915676344638616,1.912897424194125,drowsy
07,sedacao_moderada,5,0.46540106426450034,0.6746392542046935,1.9222204220158248,drowsy
07,sedacao_moderada,6,0.468080345444701,0.6854870432080075,1.8684016933702723,drowsy
07,sedacao_moderada,7,0.46822919439915667,0.6753962046983144,1.975064923855453,drowsy
07,sedacao_moderada,8,0.4605386650856175,0.6669628184419006,1.9870266688201164,drowsy
07,sedacao_moderada,9,0.43582973864598834,0.6763241811880077,1.9880967101247422,drowsy
07,sedacao_moderada,10,0.4522031236361039,0.6714648477481292,2.1165041122338506,drowsy
07,sedacao_moderada,11,0.41776939883870917,0.6544333699139528,2.2664626271225448,drowsy
07,sedacao_moderada,12,0.4037279808017312,0.6552517074288857,2.249664724729252,drowsy
07,sedacao_moderada,13,0.4327039106024208,0.6636771857141782,2.131811075003682,drowsy
07,sedacao_moderada,14,0.4214410063819473,0.6575395036497957,2.2999441731787758,drowsy
07,sedacao_moderada,15,0.39524359039776213,0.660957029977864,2.5492868405571065,drowsy
07,sedacao_moderada,16,0.41747170092979796,0.6654345502221886,2.302975400768518,drowsy
07,sedacao_moderada,17,0.37579399368223093,0.6518022174560144,2.408443734603616,drowsy
07,sedacao_moderada,18,0.40228910757532715,0.6502343879008535,2.3619186557936627,drowsy
07,sedacao_moderada,19,0.40050292012186,0.6584888836447241,2.4286440553801927,drowsy
07,sedacao_moderada,20,0.35842828232907786,0.6575278490336879,2.419371639992017,drowsy
07,sedacao_moderada,21,0.3625960530538346,0.6637948266495919,2.501111290948002,drowsy
07,sedacao_moderada,22,0.36319144887165705,0.6476248659946727,2.430704594722039,drowsy
07,sedacao_moderada,23,0.42451721810736304,0.6675061571629141,2.24154132170546,drowsy
07,sedacao_moderada,24,0.38507224517662975,0.6543646512493054,2.366176588461799,drowsy
07,sedacao_moderada,25,0.3778282627264573,0.6576309148654672,2.40314246647896,drowsy
07,sedacao_moderada,26,0.35088660196999427,0.6454947596634064,2.61315216483587,drowsy
07,sedacao_moderada,27,0.36964157023139943,0.6555942687595326,2.433145984937148,drowsy
07,sedacao_moderada,28,0.3397229303858245,0.6543195302668785,2.487603213070596,drowsy
07,sedacao_moderada,29,0.32602882657590965,0.6424100540379468,2.6351945031072415,drowsy
07,sedacao_moderada,30,0.304445728179848,0.6432913731522684,2.685088589344812,drowsy
07,recuperacao,0,0.44227986000573094,0.6867718581734268,1.5853407091336271,drowsy
07,recuperacao,1,0.42283026329019957,0.6734314710884726,1.7127306137378935,drowsy
07,recuperacao,2,0.42377297333508496,0.683950337470001,1.680641812590246,drowsy
07,recuperacao,3,0.4273949645601712,0.6875720588968987,1.7346676608567546,drowsy
07,recuperacao,4,0.44872998136547343,0.6991627567181005,1.7598909470224462,drowsy
07,recuperacao,5,0.4229294959265033,0.6699939849339187,1.737011623719918,drowsy
07,recuperacao,6,0.4874803258420805,0.7242383515168441,1.4158618551416495,drowsy
07,recuperacao,7,0.4533442989535969,0.7018952879715411,1.5942022351798633,drowsy
07,recuperacao,8,0.4335970043291544,0.6860695968920821,1.7856014371124833,drowsy
07,recuperacao,9,0.4040256787106423,0.6644513048532388,1.8650015092360337,drowsy
07,recuperacao,10,0.42342565910802193,0.672057974199,1.8035494222870891,drowsy
07,recuperacao,11,0.399758675349582,0.7067720374897453,1.8233974567877431,drowsy
07,recuperacao,12,0.43503587755555856,0.7044655659469155,1.761688673537456,drowsy
07,recuperacao,13,0.4565693596334683,0.7181516257477005,1.8142975614929586,drowsy
07,recuperacao,14,0.4528481357720783,0.730431037844895,1.7400019252170862,drowsy
07,recuperacao,15,0.4254103118340966,0.6764271913856015,1.843088186264094,drowsy
07,recuperacao,16,0.4217387042908585,0.6745144036108333,1.4908645034397923,drowsy
07,recuperacao,17,0.44158523155160473,0.6911836592825124,1.528185103034222,drowsy
07,recuperacao,18,0.4457530022763615,0.7027916791642741,1.5177513210720284,drowsy
07,recuperacao,19,0.4338450859199138,0.6923212708741547,1.478635366867229,drowsy
07,recuperacao,20,0.4400967420070488,0.721774356061364,1.663368241513398,drowsy
07,recuperacao,21,0.43602820391859576,0.7009856977269552,1.7465620180767574,drowsy
07,recuperacao,22,0.39479704353439554,0.7260658661924986,1.760863716202913,drowsy
07,recuperacao,23,0.42640263819713387,0.7298020758310284,1.7813343490222213,drowsy
07,recuperacao,24,0.41186505697863723,0.7137000502813099,1.8178579135157613,drowsy
07,recuperacao,25,0.40119754857598616,0.6718742630252414,1.733989505943023,drowsy
07,recuperacao,26,0.43280314323872454,0.7372347560476143,1.6288400228209765,drowsy
07,recuperacao,27,0.4427264068690977,0.6968030948773901,1.743731207836226,drowsy
07,recuperacao,28,0.4020906423027196,0.6740276927879433,1.688922670114138,drowsy
07,recuperacao,29,0.43161235160307987,0.6905796746712717,1.6448449712319164,drowsy
07,recuperacao,30,0.44957345877405513,0.715639787329735,1.7054059738018668,drowsy
07,recuperacao,31,0.4263034055608302,0.7110166744714389,1.6720061119526777,drowsy
07,recuperacao,32,0.39717862680568505,0.7427913278357837,1.7246474616503886,drowsy
07,recuperacao,33,0.42803997669614546,0.7272269351459592,1.71076966530986,drowsy
07,recuperacao,34,0.39812133685057033,0.7222199302670055,1.8804484622317867,drowsy
07,recuperacao,35,0.410475800070385,0.7088502182979708,1.762724704922534,drowsy
07,recuperacao,36,0.46029058349485813,0.7117360051454947,1.6640084369610297,drowsy
07,recuperacao,37,0.42630340556083013,0.7328193681948894,1.744245759561429,drowsy
07,recuperacao,38,0.44446297800441303,0.7024763263437578,1.6976232742376898,drowsy
07,recuperacao,39,0.40333105025651633,0.6689504582183337,1.7888166664299459,drowsy
07,recuperacao,40,0.41588397874893834,0.6888912983386937,1.72564520629189,drowsy
07,recuperacao,41,0.4341924001469768,0.6835199153686444,1.7273725791049432,drowsy
07,recuperacao,42,0.40268603812054216,0.7385136532138997,1.746562620740252,drowsy
08,basal,0,0.5193340020955785,0.7258455872979475,1.2916214181502548,drowsy
08,basal,1,0.516853186187985,0.7295022524811247,1.264982099642174,drowsy
08,basal,2,0.4878772563872954,0.7282874175314576,1.3890578909165157,drowsy
08,basal,3,0.5097580526922684,0.7241811570583564,1.4019423873093289,drowsy
08,basal,4,0.48604145261567655,0.7340721176373158,1.40533225053202,drowsy
08,basal,5,0.49665934470017575,0.7077429092653945,1.5012160963160506,drowsy
08,basal,6,0.4995370911529839,0.7101684516479919,1.4492842593904314,drowsy
08,basal,7,0.4855949057523096,0.6978788971160562,1.4754857048704306,drowsy
08,basal,8,0.5030102334236146,0.7127306321005121,1.418957634735799,drowsy
08,basal,9,0.499189776925921,0.715536711418103,1.4751212743145818,drowsy
08,basal,10,0.5057887472401191,0.7269468521475013,1.4352720764335167,drowsy
08,basal,11,0.5083191794658641,0.7232413797945914,1.4022385417502943,drowsy
08,basal,12,0.4982966831991873,0.7146397269757149,1.4812095122732574,drowsy
08,basal,13,0.4924915739754191,0.7087527401564108,1.5213328598103981,drowsy
08,basal,14,0.4889191990684847,0.7235795597485359,1.5152109493596848,drowsy
08,basal,15,0.5048460371952335,0.7197916394105307,1.45950142009066,drowsy
08,basal,16,0.4770608990301889,0.7024447372856937,1.4800379946601228,drowsy
08,basal,17,0.4901596070222813,0.7071114429568194,1.5639638014005146,drowsy
08,basal,18,0.47502662998596235,0.7045607893956864,1.5943985865634513,drowsy
08,basal,19,0.48901843170478837,0.7083144242295457,1.5600907598389742,drowsy
08,basal,20,0.4836102530262351,0.7152008628053304,1.4704190185171526,drowsy
08,basal,21,0.49313658611139327,0.7153605933346029,1.5527709763936028,drowsy
08,basal,22,0.47482816471335487,0.7143852402163451,1.5520330130864342,drowsy
08,basal,23,0.49090385179455936,0.6979255355174118,1.529323272986976,drowsy
08,basal,24,0.4613821424941992,0.6966147202153333,1.761239828626533,drowsy
08,basal,25,0.4822209961179829,0.7002755270206064,1.5239512888799707,drowsy
08,basal,26,0.4772097479846443,0.7080855643219318,1.6675905031153377,drowsy
08,basal,27,0.5013232786064512,0.7086709165333218,1.506874416155693,drowsy
08,basal,28,0.48628953420643584,0.7041319719436575,1.520578354159606,drowsy
08,basal,29,0.5114450075094318,0.715006396530526,1.446459131004194,drowsy
08,basal,30,0.4655995295371077,0.7257295581987333,1.579071953024535,drowsy
08,basal,31,0.48802610534175106,0.6975010575676727,1.5014078664008566,drowsy
08,basal,32,0.473339675168799,0.6852258975924015,1.4794151855549198,drowsy
08,basal,33,0.4818240655727679,0.6940270327648269,1.5620556814146658,drowsy
08,basal,34,0.48594221997937276,0.7065112614877727,1.493859666117423,drowsy
08,basal,35,0.4753739442130254,0.7137057309621054,1.5159359980659304,drowsy
08,basal,36,0.5037048618777407,0.7031458963813988,1.539544808277281,drowsy
08,sedacao_leve,0,0.5019186744242735,0.7006264851837679,1.3288034814979144,drowsy
08,sedacao_leve,1,0.5303984410434444,0.7081772045769194,1.2388507000550233,drowsy
08,sedacao_leve,2,0.5043002576955631,0.6911332091505507,1.4959756565607987,drowsy
08,sedacao_leve,3,0.5077733999661935,0.6969498297338045,1.4229182034590384,drowsy
08,sedacao_leve,4,0.5114946238275836,0.6982720059507455,1.4380032498767112,drowsy
08,sedacao_leve,5,0.502811768151007,0.689664143995141,1.4098261268022494,drowsy
08,sedacao_leve,6,0.4969074262909351,0.6871597947846135,1.5159949402002422,drowsy
08,sedacao_leve,7,0.4922931087028115,0.6939776983639839,1.5622856065247313,drowsy
08,sedacao_leve,8,0.5087161100110791,0.6943716280168007,1.4636429726074864,drowsy
08,sedacao_leve,9,0.502464453923944,0.7086422273613978,1.528733719520554,drowsy
08,sedacao_leve,10,0.5138762070988732,0.7030320136257487,1.6045585037101622,drowsy
08,sedacao_leve,11,0.48733147688762485,0.7034974691120346,1.5497053592873224,drowsy
08,sedacao_leve,12,0.5137273581444175,0.6953317491879724,1.4545213940626012,drowsy
08,sedacao_leve,13,0.5107007627371537,0.695442447049738,1.5466372136513962,drowsy
08,sedacao_leve,14,0.5145212192348474,0.7156450250505806,1.4886371654401804,drowsy
08,sedacao_leve,15,0.5130327296902913,0.6940936694444608,1.449654457399996,drowsy
08,sedacao_leve,16,0.5010751970156918,0.7043378192017985,1.4445507426511044,drowsy
08,sedacao_leve,17,0.5087657263292309,0.7273221399568024,1.56086635687559,drowsy
08,sedacao_leve,18,0.5018690581061216,0.7114351029615569,1.4812716805936923,drowsy
08,sedacao_leve,19,0.4506154014552443,0.7250244620100484,1.7590961299005914,drowsy
08,sedacao_leve,20,0.46192792199386973,0.7282379033578558,1.631381921014487,drowsy
08,sedacao_leve,21,0.47656473584867004,0.7037054119563688,1.5016796518488045,drowsy
08,sedacao_leve,22,0.4723969651239134,0.7239305994595009,1.5784753160498024,drowsy
08,sedacao_leve,23,0.4818240655727679,0.7074349532428537,1.7040664830250842,drowsy
08,sedacao_leve,24,0.4725954303965208,0.7104822623313607,1.7545074832314116,drowsy
08,sedacao_leve,25,0.45408854372587487,0.7093752306817854,1.8184893433359965,drowsy
08,sedacao_leve,26,0.45671820858792384,0.6981875007446762,1.7869834049017794,drowsy
08,sedacao_leve,27,0.4506650177733963,0.6968679746473726,1.799853080553866,drowsy
08,sedacao_leve,28,0.43682206500902565,0.697333158946368,2.0431573682432695,drowsy
08,sedacao_leve,29,0.4455049206856022,0.6803562774773809,1.9017436173541635,drowsy
08,sedacao_leve,30,0.45949672240442835,0.6912119540969694,1.8474875131025805,drowsy
08,sedacao_leve,31,0.4349862612374067,0.6927890099840329,1.9423494126078025,drowsy
08,sedacao_leve,32,0.43066964155819426,0.6725469260041599,2.139277579269227,drowsy
08,sedacao_leve,33,0.44684456127570255,0.6625085068192156,1.8668573407406972,drowsy
08,sedacao_leve,34,0.4794424823014784,0.7108247498625039,1.8477316464916416,drowsy
08,sedacao_leve,35,0.4360778202367476,0.6970292295757471,2.0156905871397606,drowsy
08,sedacao_leve,36,0.4540389274077231,0.6833582600883181,1.910792125872195,drowsy
08,sedacao_leve,37,0.43444048173773614,0.6613699562766276,2.07660680402058,drowsy
08,sedacao_leve,38,0.4186624925654429,0.6674843081534478,2.1353889522760965,drowsy
08,sedacao_moderada,0,0.5073764694209788,0.6901218645199569,1.324185939565939,drowsy
08,sedacao_moderada,1,0.5133800439173545,0.6966447171668056,1.4632662168097674,drowsy
08,sedacao_moderada,2,0.5173989656876555,0.6960738448297298,1.4759103181602737,drowsy
08,sedacao_moderada,3,0.48926651329554777,0.6820139862969036,1.5028091452148757,drowsy
08,sedacao_moderada,4,0.49735397315430185,0.6862904585688905,1.5444866396407972,drowsy
08,sedacao_moderada,5,0.5012240459701474,0.6989710864076893,1.516625174314884,drowsy
08,sedacao_moderada,6,0.4914000149760779,0.6852268181217319,1.7551626842506347,drowsy
08,sedacao_moderada,7,0.460687514040073,0.6675017142204084,1.9370026990049471,drowsy
08,sedacao_moderada,8,0.46411103999255177,0.6685487570390257,1.7371748287001987,drowsy
08,sedacao_moderada,9,0.46128290985789533,0.6738778076104605,1.8329260100610822,drowsy
08,sedacao_moderada,10,0.4512107972730667,0.6588439056980824,1.903155386695368,drowsy
08,sedacao_moderada,11,0.4018425607119604,0.6564526013680374,2.2851538198773302,drowsy
08,sedacao_moderada,12,0.49794936897212433,0.6930579682120119,1.494142823348399,drowsy
08,sedacao_moderada,13,0.4815759839820085,0.678830975014571,1.7145838523455266,drowsy
08,sedacao_moderada,14,0.4678322638539417,0.6729121733703427,1.8413965991302619,drowsy
08,sedacao_moderada,15,0.41876172520174665,0.6479476664545712,2.17592093992156,drowsy
08,sedacao_moderada,16,0.42049829633706187,0.6582999423395718,2.0141469001995485,drowsy
08,sedacao_moderada,17,0.43354738801100257,0.6605909256645303,1.9949380231081133,drowsy
08,sedacao_moderada,18,0.42967731519515695,0.6438355295988993,1.9854670001853476,drowsy
08,sedacao_moderada,19,0.39569013726112906,0.6387581440804883,2.4963288620119655,drowsy
08,sedacao_moderada,20,0.4200021331555432,0.6615085306658034,2.1402168577230176,drowsy
08,sedacao_moderada,21,0.4368716813271775,0.660306150342425,2.059134214784819,drowsy
08,sedacao_moderada,22,0.4467949449575506,0.6630264109594172,1.814871584857996,drowsy
08,sedacao_moderada,23,0.4120635222512447,0.6585906347367605,2.0483509418352943,drowsy
08,sedacao_moderada,24,0.45661897595162004,0.6678235386809879,1.908102950653489,drowsy
08,sedacao_moderada,25,0.4442645127318055,0.6545405253666018,2.0065463202657337,drowsy
08,sedacao_moderada,26,0.3882476895383491,0.6439995866036468,2.4258499010215258,drowsy
08,sedacao_moderada,27,0.4356808896915327,0.6645126739278027,2.0581699158138713,drowsy
08,sedacao_moderada,28,0.46019135085855445,0.672230148979239,1.9190296650559477,drowsy
08,sedacao_moderada,29,0.45324506631729333,0.6612388006447228,1.9757511372288223,drowsy
08,sedacao_moderada,30,0.4376159260994556,0.6629324565390848,1.94067300051431,drowsy
08,sedacao_moderada,31,0.4892168969773959,0.7068324721712363,1.5337104120707332,drowsy
08,sedacao_moderada,32,0.45532895167967163,0.6697703517278206,1.8511173915512313,drowsy
08,sedacao_moderada,33,0.4396005788255301,0.6547461090902851,2.020724644380999,drowsy
08,sedacao_moderada,34,0.4476880386842842,0.6665749874870082,1.944543501208138,drowsy
08,sedacao_moderada,35,0.4519054257271929,0.66423852165348,2.0577512186334097,drowsy
08,recuperacao,0,0.5322342448150633,0.7226590729786545,1.175104146666172,drowsy
08,recuperacao,1,0.5065826083305489,0.7060163377344865,1.1763565138831582,drowsy
08,recuperacao,2,0.49383121456551937,0.7082956385231637,1.2640050883177374,drowsy
08,recuperacao,3,0.49110231706716667,0.7053037596602003,1.2790982361733736,drowsy
08,recuperacao,4,0.4963120304731127,0.7034988213553249,1.3570090197507674,drowsy
08,recuperacao,5,0.4956174020189865,0.6965218398501093,1.335031473000902,drowsy
08,recuperacao,6,0.4933350513840006,0.7130378846850064,1.395388160202934,drowsy
08,recuperacao,7,0.4759693400308476,0.6918194357945137,1.3002425021037622,drowsy
08,recuperacao,8,0.4726450467146727,0.6923638002866017,1.3343192073257681,drowsy
08,recuperacao,9,0.4671376353998156,0.6905528526034993,1.4767845726089537,drowsy
08,recuperacao,10,0.5093115058289016,0.7024466887110147,1.3388259503942395,drowsy
08,recuperacao,11,0.4749770136678104,0.7015674344942986,1.398620877713002,drowsy
08,recuperacao,12,0.49343428402030454,0.6964874098093992,1.4026276368688748,drowsy
08,recuperacao,13,0.48455296307112045,0.701575144239371,1.3678649129481895,drowsy
08,recuperacao,14,0.5032086986962221,0.7022681556565933,1.393708606416615,drowsy
08,recuperacao,15,0.49899131165331345,0.7006814353576198,1.2993180331431295,drowsy
08,recuperacao,16,0.4818736818909197,0.6926461347673684,1.415275207381123,drowsy
08,recuperacao,17,0.4977509036995168,0.7023095263786353,1.3571234647622112,drowsy
08,recuperacao,18,0.48192329820907154,0.6996506885157304,1.481009942950068,drowsy
08,recuperacao,19,0.49090385179455936,0.7010345119020825,1.3562589070942883,drowsy
08,recuperacao,20,0.5118915543727985,0.7174161432026639,1.3961251830404555,drowsy
08,recuperacao,21,0.49735397315430185,0.7034788658684492,1.390264286559759,drowsy
08,recuperacao,22,0.48946497856815524,0.7042488167200847,1.4069503831415786,drowsy
08,recuperacao,23,0.4787974701655042,0.6977403971540698,1.3895272583910578,drowsy
08,recuperacao,24,0.4819729145272235,0.6980140286411486,1.3016821115789525,drowsy
08,recuperacao,25,0.49070538652195184,0.6980112904951926,1.386606898775156,drowsy
08,recuperacao,26,0.512090019645406,0.7074744815468808,1.3968868894422237,drowsy
08,recuperacao,27,0.49660972838202383,0.7023120269821642,1.4309495394993212,drowsy
08,recuperacao,28,0.49293812083878585,0.6980214816437826,1.4146585482287353,drowsy
08,recuperacao,29,0.5005790338341731,0.7031983178117238,1.3711561540847172,drowsy
08,recuperacao,30,0.5063345267397895,0.7132975839016898,1.329787003113721,drowsy
08,recuperacao,31,0.5160097087794034,0.7158268708002804,1.3267149903240065,drowsy
08,recuperacao,32,0.48807572165990293,0.7021344990639514,1.3897262192561444,drowsy
08,recuperacao,33,0.48088135552788247,0.7047434281861078,1.5427720920544892,drowsy
08,recuperacao,34,0.49254119029357096,0.7111633560425944,1.414428322595668,drowsy
08,recuperacao,35,0.509509971101509,0.7067292271934248,1.3706263001235128,drowsy
08,recuperacao,36,0.48847265220511793,0.6962470274301662,1.3557059579149882,drowsy
08,recuperacao,37,0.49636164679126443,0.7078537769508848,1.3956196012057955,drowsy
08,recuperacao,38,0.5014225112427549,0.712716463249207,1.3410090937150336,drowsy
08,recuperacao,39,0.4935335166566081,0.7102185273050814,1.3626251573522608,drowsy
09,basal,0,0.4076972862538806,0.656129268577879,1.7030136652422234,responsive
09,basal,1,0.38556840835814843,0.6506064532728234,1.656010536398912,responsive
09,basal,2,0.41161697538787795,0.6664658291051637,1.7841716897684987,responsive
09,basal,3,0.4039760623924906,0.6553913721689034,1.7988916211570738,responsive
09,basal,4,0.40075100171261924,0.6637450094742383,1.8206919285467085,responsive
09,basal,5,0.41449472184068603,0.6663059403158117,1.671749396812413,responsive
09,basal,6,0.425658393424856,0.676265051447452,1.6641067026623553,responsive
09,basal,7,0.4063080293456284,0.6653659811363879,1.7539288486928268,responsive
09,basal,8,0.4060103314367171,0.6629816274094524,1.7641124278767448,responsive
09,basal,9,0.41161697538787795,0.6629307980567253,1.7724726293056605,responsive
09,basal,10,0.40670495989084315,0.6541705370891763,1.7401452006935523,responsive
09,basal,11,0.402338723893479,0.6517733902910646,1.7415473807111008,responsive
09,basal,12,0.41260930175091526,0.6628133532642395,1.7278379831949549,responsive
09,basal,13,0.4134031628413451,0.6622786438107806,1.7671267967441426,responsive
09,basal,14,0.4261049402882226,0.6740970991709879,1.7210431232782832,responsive
09,basal,15,0.41017810216147377,0.6577135108780722,1.7707727731075613,responsive
09,basal,16,0.41548704820372345,0.6630665667451463,1.7053006173197558,responsive
09,basal,17,0.42729573192386744,0.6707023768435514,1.5966075882041275,responsive
09,basal,18,0.4155862808400272,0.6635438176713363,1.6853035750607446,responsive
09,basal,19,0.4194563536558727,0.6724562676653981,1.7333900474979216,responsive
09,basal,20,0.4044226092558574,0.6610091613126194,1.761461882336786,responsive
09,basal,21,0.4176701662024055,0.6663373686667157,1.720336997850305,responsive
09,basal,22,0.39817095316872236,0.6573791322965877,1.8002605088895445,responsive
09,basal,23,0.41752131724794994,0.665684445271895,1.6895278303525465,responsive
09,basal,24,0.41811671306577225,0.6726510751720983,1.7707845399075135,responsive
09,basal,25,0.4195555862921763,0.6758517081713031,1.7521301924491568,responsive
09,basal,26,0.4105254163885369,0.6640355045106857,1.6866241388196308,responsive
09,basal,27,0.43429163278328037,0.676514082453151,1.7720935946478824,responsive
09,basal,28,0.4038768297561869,0.6532439340175414,1.7679011210928763,responsive
09,basal,29,0.4100292532070182,0.6616248486677989,1.8490290264090283,responsive
09,basal,30,0.42769266246908233,0.6707520589797612,1.6989370689829988,responsive
09,basal,31,0.4174717009297981,0.6807202653792769,1.79705059528079,responsive
09,basal,32,0.4166778398393682,0.6768179079541553,1.7591193997510617,responsive
09,basal,33,0.426005707651919,0.6786810149381536,1.7980012134647172,responsive
09,basal,34,0.42803997669614546,0.7007833868273863,1.8533428291562948,responsive
09,basal,35,0.4454056880492985,0.6876468979766358,1.8258605907910115,responsive
09,basal,36,0.4073003557086657,0.6529617960229005,1.792405025879163,responsive
09,basal,37,0.41910903942880956,0.6706603633287317,1.8187679510442056,responsive
09,basal,38,0.42357450806247743,0.6903866083813576,1.878090052102278,responsive
09,basal,39,0.43002462942222014,0.6701544149109707,1.7465129338360208,responsive
09,basal,40,0.4207959942459731,0.6877781683062483,1.8397077662500925,responsive
09,sedacao_leve,0,0.46048904876746555,0.6881809290516453,1.522570795539469,responsive
09,sedacao_leve,1,0.4451576064585392,0.683572223472348,1.579558029724212,responsive
09,sedacao_leve,2,0.4463483980941839,0.683758542358209,1.6986385982983683,responsive
09,sedacao_leve,3,0.4481842018658029,0.6808747714725437,1.7251001585022752,responsive
09,sedacao_leve,4,0.4687253575806753,0.6867273285507925,1.636596236624707,responsive
09,sedacao_leve,5,0.4504665525007888,0.6832021818154956,1.7083440821747362,responsive
09,sedacao_leve,6,0.45944710608627637,0.6849692345373273,1.6181030192351018,responsive
09,sedacao_leve,7,0.4649545174011336,0.6849370247755553,1.691500356374213,responsive
09,sedacao_leve,8,0.45111156463676294,0.6850723038723321,1.7294011109856917,responsive
09,sedacao_leve,9,0.4623248525390848,0.682776152544972,1.7134763100298034,responsive
09,sedacao_leve,10,0.46981691658001634,0.6868353712945879,1.6250966512268918,responsive
09,sedacao_leve,11,0.4486307487291698,0.6785443734570688,1.7085487358500087,responsive
09,sedacao_leve,12,0.44887883031992903,0.6786152607208848,1.674419448423028,responsive
09,sedacao_leve,13,0.4514588788638261,0.6789267204972158,1.7342658521305552,responsive
09,sedacao_leve,14,0.4455545370037541,0.6834809841208629,1.7079309868676362,responsive
09,sedacao_leve,15,0.45860362867769466,0.6822685135883536,1.7032392186829413,responsive
09,sedacao_leve,16,0.44872998136547354,0.6815349541989804,1.7402112269952952,responsive
09,sedacao_leve,17,0.458901326586606,0.6872299025736377,1.6380496524840131,responsive
09,sedacao_leve,18,0.4635652604928814,0.6824642677845808,1.6233486059252247,responsive
09,sedacao_leve,19,0.471454255079028,0.688349338665946,1.6654385144146158,responsive
09,sedacao_leve,20,0.4483330508202586,0.6764453235067455,1.7129520152759865,responsive
09,sedacao_leve,21,0.466244541673082,0.6845082840547173,1.6968379111936436,responsive
09,sedacao_leve,22,0.4612332935397436,0.6858552886159894,1.6772015634091761,responsive
09,sedacao_leve,23,0.45909979185921335,0.6879240763462688,1.6392423953811894,responsive
09,sedacao_leve,24,0.4703626960796869,0.6876844054170049,1.6743666513528244,responsive
09,sedacao_leve,25,0.4557754985430384,0.6774752254157902,1.6479680594681894,responsive
09,sedacao_leve,26,0.4696184513074088,0.6870531862599655,1.7082670579087078,responsive
09,sedacao_leve,27,0.46118367722159176,0.6854026671975147,1.628719991689047,responsive
09,sedacao_leve,28,0.46971768394371255,0.6905509760103327,1.6676330144494897,responsive
09,sedacao_leve,29,0.45577549854303834,0.6812671888072099,1.66363681873855,responsive
09,sedacao_leve,30,0.4552793353615199,0.6792763612607214,1.7115490394774748,responsive
09,sedacao_leve,31,0.449623075092207,0.6784139656323214,1.6620789300741032,responsive
09,sedacao_leve,32,0.465152982673741,0.6891107748609037,1.5965308667058111,responsive
09,sedacao_leve,33,0.4592982571318208,0.6873218219050999,1.675538326336176,responsive
09,sedacao_leve,34,0.4487795976836253,0.6759575318276042,1.7142877619739645,responsive
09,sedacao_leve,35,0.4705611613522943,0.6865645291342574,1.6510490825480957,responsive
09,sedacao_leve,36,0.4893161296136996,0.6921490442972938,1.6218307450129161,responsive
09,sedacao_leve,37,0.4520542746816484,0.6804624983499162,1.6680292377202812,responsive
09,sedacao_leve,38,0.471057324533813,0.6860143026567666,1.6340059418880688,responsive
09,sedacao_leve,39,0.4565197433153165,0.6851106732302363,1.5830777596934096,responsive
09,sedacao_leve,40,0.47254581407836904,0.6902768231088952,1.5382107837633887,responsive
09,sedacao_leve,41,0.4584051634050873,0.6812561967206103,1.5978375471068633,responsive
09,sedacao_moderada,0,0.5160097087794033,0.6990656598658712,1.4914408734023377,responsive
09,sedacao_moderada,1,0.5146204518711511,0.6954303470126056,1.4712047570577387,responsive
09,sedacao_moderada,2,0.5109488443279131,0.6979973964301853,1.5721330850147108,responsive
09,sedacao_moderada,3,0.4912015497034705,0.6896874734649892,1.6014623884026755,responsive
09,sedacao_moderada,4,0.5089145752836866,0.6940041382179662,1.4499419934815054,responsive
09,sedacao_moderada,5,0.49948747483483197,0.6904589794117769,1.563972530094398,responsive
09,sedacao_moderada,6,0.4960143325642014,0.6888227937489994,1.5603195865462949,responsive
09,sedacao_moderada,7,0.491747329203141,0.6896190118146336,1.6031342935553792,responsive
09,sedacao_moderada,8,0.5016209765153623,0.6938135410301569,1.5080940072888962,responsive
09,sedacao_moderada,9,0.4873810932057769,0.6857431023219227,1.6107104796212393,responsive
09,sedacao_moderada,10,0.4933350513840007,0.6881969660975104,1.6234503868257908,responsive
09,sedacao_moderada,11,0.5063345267397895,0.6954954767462973,1.4985701561402176,responsive
09,sedacao_moderada,12,0.5099565179648757,0.6923267603960761,1.5637514537434654,responsive
09,sedacao_moderada,13,0.504300257695563,0.6954522837116177,1.6540774272620846,responsive
09,sedacao_moderada,14,0.49814783424473164,0.6907756591059262,1.5431037251220672,responsive
09,sedacao_moderada,15,0.4950220062011641,0.692401640027836,1.618476738672196,responsive
09,sedacao_moderada,16,0.5196317000044895,0.699308910801867,1.534160140525121,responsive
09,sedacao_moderada,17,0.5330281059054933,0.7100301248324571,1.4633799378642136,responsive
09,sedacao_moderada,18,0.5221125159120829,0.7078854179624081,1.5128608879273415,responsive
09,sedacao_moderada,19,0.5118915543727985,0.7016715761662622,1.4219511893485066,responsive
09,sedacao_moderada,20,0.5160097087794033,0.6951247925212548,1.5061395401629558,responsive
09,sedacao_moderada,21,0.5109984606460649,0.6928775115033081,1.4993443074605812,responsive
09,sedacao_moderada,22,0.5100061342830274,0.6989269853735701,1.5038243829175946,responsive
09,sedacao_moderada,23,0.5143723702803917,0.6941610800091506,1.5476236075174068,responsive
09,sedacao_moderada,24,0.49859438110809845,0.6936028218756688,1.538730100845325,responsive
09,sedacao_moderada,25,0.49923939324407274,0.6929692317534972,1.5884005617580175,responsive
09,sedacao_moderada,26,0.49998363801635065,0.6899088784261878,1.5085757579387493,responsive
09,sedacao_moderada,27,0.5070291551939157,0.6985411079203688,1.7021319053645159,responsive
09,sedacao_moderada,28,0.5086664936929273,0.6940574550743663,1.5291409003439247,responsive
09,sedacao_moderada,29,0.5089145752836866,0.6929916467559644,1.5516742401822914,responsive
09,sedacao_moderada,30,0.5097580526922681,0.6940067780351709,1.5216993712092977,responsive
09,sedacao_moderada,31,0.51352889287181,0.7011351835544546,1.6107066986675311,responsive
09,sedacao_moderada,32,0.5137273581444176,0.701361606529067,1.4998950135896707,responsive
09,sedacao_moderada,33,0.5143227539622397,0.7052163658472955,1.5035616953810924,responsive
09,sedacao_moderada,34,0.4989416953351614,0.6975627793039516,1.5867759189821595,responsive
09,sedacao_moderada,35,0.489167280659244,0.7056588527478105,1.7293901538817877,responsive
09,sedacao_moderada,36,0.5118419380546466,0.7070996180019887,1.5871890364686108,responsive
09,sedacao_moderada,37,0.49730435683614993,0.6930553738242137,1.672287081188958,responsive
09,sedacao_moderada,38,0.5074260857391305,0.6930443427926626,1.5357499443858895,responsive
09,sedacao_moderada,39,0.5069299225576119,0.705760280670434,1.6430949865119768,responsive
09,sedacao_moderada,40,0.5029110007873108,0.6900389488687197,1.577114806201828,responsive
09,recuperacao,0,0.44659647968494326,0.6817559758894558,1.741599683674428,responsive
09,recuperacao,1,0.41737246829349434,0.6698516378926758,1.7568755539615823,responsive
09,recuperacao,2,0.42674995242419694,0.6743530227193537,1.6528365194380423,responsive
09,recuperacao,3,0.44490952486777985,0.6828716670890992,1.6971873489696134,responsive
09,recuperacao,4,0.43156273528492795,0.6723514775624451,1.7682420254385436,responsive
09,recuperacao,5,0.43116580473971305,0.683198812432522,1.7684337472842293,responsive
09,recuperacao,6,0.4340931675106732,0.6744173908160366,1.7332066635859253,responsive
09,recuperacao,7,0.44198216209681973,0.6774724772348183,1.841203106656882,responsive
09,recuperacao,8,0.441882929460516,0.6852247225697987,1.7591775772119427,responsive
09,recuperacao,9,0.4371197629179368,0.6757383193238622,1.7198063444330136,responsive
09,recuperacao,10,0.4451079901403873,0.6844294230766967,1.7548111554512846,responsive
09,recuperacao,11,0.445207222776691,0.6826760567440254,1.7260574227758687,responsive
09,recuperacao,12,0.41563589715817906,0.6600277765937502,1.7586541685990231,responsive
09,recuperacao,13,0.4172236193390387,0.6676753256282356,1.817242850401481,responsive
09,recuperacao,14,0.4053653193007429,0.6576990466424922,1.7765644025792633,responsive
09,recuperacao,15,0.40739958834496937,0.6605971315945429,1.7869373289191812,responsive
09,recuperacao,16,0.42526146287964095,0.6734481333859657,1.7562553752912735,responsive
09,recuperacao,17,0.4111704285245111,0.6611524594727469,1.8149734494072935,responsive
09,recuperacao,18,0.4276926624690825,0.6738940889210311,1.6726683174194001,responsive
09,recuperacao,19,0.4063576456637802,0.6652379944241351,1.8122516063341336,responsive
09,recuperacao,20,0.4178190151568611,0.6711411171102967,1.7813690125840282,responsive
09,recuperacao,21,0.41538781556741966,0.6668204120914947,1.7439432755887536,responsive
09,recuperacao,22,0.4334481553746987,0.6839711085885454,1.7702430728804517,responsive
09,recuperacao,23,0.4434706516413757,0.6820386454657151,1.8155031589193322,responsive
09,recuperacao,24,0.45150849518197794,0.6896700759568591,1.7654343071262242,responsive
09,recuperacao,25,0.4302727110129794,0.6835649154553378,1.7657076609316416,responsive
09,recuperacao,26,0.4169259214301274,0.666857392926376,1.8662303959262208,responsive
09,recuperacao,27,0.4256087771067041,0.6764363859594915,1.7125934697595793,responsive
09,recuperacao,28,0.41613206033969763,0.672548037252856,1.900785689783348,responsive
09,recuperacao,29,0.412311603842004,0.672774619043364,1.7657080414292987,responsive
09,recuperacao,30,0.4262041729245264,0.672125845234143,1.6750148103313605,responsive
09,recuperacao,31,0.44044405623411187,0.6901542156331908,1.7385433239020065,responsive
09,recuperacao,32,0.43225736373905405,0.7148689479509762,1.799084307772533,responsive
09,recuperacao,33,0.4402455909615045,0.7113574826822514,1.8489003936705484,responsive
09,recuperacao,34,0.46857650862621963,0.6867425603299598,1.6793181105422579,responsive
09,recuperacao,35,0.4369212976453294,0.6714182566102428,1.7339370883090675,responsive
09,recuperacao,36,0.42059752897336555,0.6663033076329106,1.736054340846393,responsive
09,recuperacao,37,0.4092850084347402,0.6670050984235149,1.7884450389187114,responsive
09,recuperacao,38,0.4244179854710593,0.6884509010167267,1.7927300828086845,responsive
09,recuperacao,39,0.43151311896677597,0.6693715283144143,1.8067289438402585,responsive
09,recuperacao,40,0.4478865039568918,0.6772001720947249,1.6898137277601348,responsive
09,recuperacao,41,0.445604153321906,0.6897138264768018,1.741905601111895,responsive
10,basal,0,0.42511261392518546,0.712781451388328,1.709530933637232,drowsy
10,basal,1,0.352474324150854,0.7292935777373732,1.7955805640362814,drowsy
10,basal,2,0.35192854465118345,0.7138092283771015,2.029413979721585,drowsy
10,basal,3,0.3662676605970726,0.7325030441553609,1.9933205887084935,drowsy
10,basal,4,0.3166017261270551,0.7120185075331795,2.1344562029620717,drowsy
10,basal,5,0.3575351886023443,0.7216406013148927,2.1227702771671564,drowsy
10,basal,6,0.3160559466273845,0.7136532237777725,2.048431419439276,drowsy
10,basal,7,0.3002779574550913,0.7026630281712463,2.36301608785559,drowsy
10,basal,8,0.3192810073072559,0.7121805697991579,2.003975026185489,drowsy
10,basal,9,0.334364368025423,0.7066545696175294,2.0159382521421927,drowsy
10,basal,10,0.3113423964029573,0.6897661208016113,2.19456770165815,drowsy
10,basal,11,0.30216337754486217,0.6772483984902732,2.2629487095608827,drowsy
10,basal,12,0.29144625282405917,0.6858763490628844,2.2008189425492515,drowsy
10,basal,13,0.2913966365059073,0.6598151355188543,2.3876983936144267,drowsy
10,basal,14,0.2934309055501338,0.6555204841252917,2.381915586386337,drowsy
10,basal,15,0.3266738387118838,0.6783187514608497,2.168797004983623,drowsy
10,basal,16,0.29601095409403083,0.6906118553065488,2.1454586058556053,drowsy
10,basal,17,0.28177107078444535,0.6743631228365642,2.2016117456700104,drowsy
10,basal,18,0.2958621051395752,0.6626198648933826,2.3166544335217787,drowsy
10,basal,19,0.29224011391448895,0.6686648644522697,2.375014466747767,drowsy
10,basal,20,0.4331504574657877,0.6758203926523472,1.5206591523151842,drowsy
10,basal,21,0.42674995242419694,0.6948937846761531,1.5307758220698158,drowsy
10,basal,22,0.41310546493243383,0.7363889651023575,1.8144743530514793,drowsy
10,basal,23,0.35842828232907786,0.7260014897817944,1.9153049851331834,drowsy
10,basal,24,0.3491004145165271,0.7150883872643697,2.007177408708434,drowsy
10,basal,25,0.3917208318089798,0.6608628061830585,1.89509940047526,drowsy
10,basal,26,0.3937551008532062,0.7025777287820438,1.8682860113322723,drowsy
10,basal,27,0.3512835325152093,0.7340596214681753,1.8342048347505127,drowsy
10,basal,28,0.3091592784042752,0.7276885821287723,2.0490355213200333,drowsy
10,basal,29,0.3423029789297215,0.6834536862086339,2.2569452763239943,drowsy
10,basal,30,0.37901905436210215,0.7108630046319663,1.937741119939447,drowsy
10,basal,31,0.32751731612046553,0.7112993201996719,2.0819420846013457,drowsy
10,basal,32,0.33267741320825955,0.7208001458278441,2.009201961717632,drowsy
10,sedacao_leve,0,0.43667321605457005,0.7516279695844675,1.6363747257420806,drowsy
10,sedacao_leve,1,0.39856788371393714,0.704596932850861,2.0050386080745386,drowsy
10,sedacao_leve,2,0.36750806855086915,0.703581561335456,1.8786254006215894,drowsy
10,sedacao_leve,3,0.3477111576082748,0.6712900832432598,2.1554396238911067,drowsy
10,sedacao_leve,4,0.33838328979572413,0.6710388438200199,2.1197090116608166,drowsy
10,sedacao_leve,5,0.35029120615217185,0.6699942566190497,2.0640932474874556,drowsy
10,sedacao_leve,6,0.35659247855745885,0.6880324158260592,1.9766366389351324,drowsy
10,sedacao_leve,7,0.3597183066010263,0.6806100045710889,2.0859441979094577,drowsy
10,sedacao_leve,8,0.3671607543238063,0.6706810322749243,2.0942544786263624,drowsy
10,sedacao_leve,9,0.32493726757656843,0.6684352626975993,2.2543954134903244,drowsy
10,sedacao_leve,10,0.32533419812178344,0.6662280694275621,2.291472197125603,drowsy
10,sedacao_leve,11,0.3113423964029573,0.6826679613549524,2.1615550896178632,drowsy
10,sedacao_leve,12,0.3087623478590603,0.6801158274601015,2.218163674695874,drowsy
10,sedacao_leve,13,0.30509074031582223,0.6980253477171802,2.0747238462571973,drowsy
10,sedacao_leve,14,0.3065792298603782,0.6686050864603821,2.353475791661467,drowsy
10,sedacao_leve,15,0.28757618000821367,0.6784451806761518,2.277427008021929,drowsy
10,sedacao_leve,16,0.28712963314484685,0.6731887558082639,2.254677061537111,drowsy
10,sedacao_leve,17,0.2687219791105047,0.6822123467833335,2.2208921073658674,drowsy
10,sedacao_leve,18,0.29978179427357265,0.6784165255649062,2.266057350393297,drowsy
10,sedacao_leve,19,0.2578063891170942,0.6734491934708006,2.368806533747564,drowsy
10,sedacao_leve,20,0.21022434000945503,0.689917526116623,2.417609516122462,drowsy
10,sedacao_leve,21,0.2792406385587002,0.6837388582484256,2.343617613511277,drowsy
10,sedacao_leve,22,0.2807291281032562,0.6809048525042753,2.4080485545000014,drowsy
10,sedacao_leve,23,0.2663403958392151,0.6780509972342785,2.3820171824996885,drowsy
10,sedacao_leve,24,0.23017009990650503,0.67824195159463,2.3626885528744563,drowsy
10,sedacao_leve,25,0.26529845315802597,0.6879794081875794,2.5203013099962517,drowsy
10,sedacao_leve,26,0.29055315909732554,0.6923524489835056,2.3141130933995266,drowsy
10,sedacao_leve,27,0.2749736351976398,0.6824451607218156,2.3981501916800347,drowsy
10,sedacao_leve,28,0.23141050786030168,0.6884313206024989,2.403336134710518,drowsy
10,sedacao_leve,29,0.26043605397914316,0.7047527721320822,2.2834839896048402,drowsy
10,sedacao_leve,30,0.26271840461412893,0.7146119182520603,2.2359833470670405,drowsy
10,sedacao_leve,31,0.23716600076591807,0.6963232034874445,2.571036867451098,drowsy
10,sedacao_leve,32,0.2511578024847442,0.7107481689795576,2.3960222124268764,drowsy
10,sedacao_leve,33,0.19821719101670351,0.6950725563454513,2.549641721196295,drowsy
10,sedacao_leve,34,0.22937623881607522,0.6911044479325334,2.5641567175039657,drowsy
10,sedacao_leve,35,0.23413940535865427,0.703044188875406,2.3343950031352674,drowsy
10,sedacao_leve,36,0.2593941112979539,0.6971237333121858,2.335844763094537,drowsy
10,sedacao_leve,37,0.23910103717384085,0.6969256580218262,2.363524018117237,drowsy
10,sedacao_leve,38,0.22972355304313818,0.6818186832862612,2.512037805012642,drowsy
10,sedacao_leve,39,0.21290362118965583,0.6801256286862719,2.546460968069055,drowsy
10,sedacao_moderada,0,0.39529320671591406,0.6897765082648226,1.8878449121706755,drowsy
10,sedacao_moderada,1,0.3701873497310701,0.6933290866028238,1.9528691419202713,drowsy
10,sedacao_moderada,2,0.3516308467422723,0.6876758708752791,2.0074336395692174,drowsy
10,sedacao_moderada,3,0.3631914488716569,0.6925213953557037,1.9894448118785903,drowsy
10,sedacao_moderada,4,0.3745535857284343,0.6971640333794265,1.9120839094679323,drowsy
10,sedacao_moderada,5,0.35411166264986554,0.6902878588490112,1.9836618823813323,drowsy
10,sedacao_moderada,6,0.3202237173521412,0.6941244904201658,2.2027046856134564,drowsy
10,sedacao_moderada,7,0.30945697631318647,0.680022405423169,2.1535127023858047,drowsy
10,sedacao_moderada,8,0.3120370248570834,0.6843960254212197,2.1861180274867396,drowsy
10,sedacao_moderada,9,0.33833367347757226,0.6830978411434812,2.145747896144815,drowsy
10,sedacao_moderada,10,0.34716537810860437,0.6889385794187829,2.0757007740194675,drowsy
10,sedacao_moderada,11,0.27323706406232445,0.6935568054190928,2.184460038137141,drowsy
10,sedacao_moderada,12,0.26688617533888565,0.6876629549636868,2.313129464917998,drowsy
10,sedacao_moderada,13,0.26673732638443004,0.6901755838534642,2.0644893559400685,drowsy
10,sedacao_moderada,14,0.25661559748144946,0.6816165816343999,2.3993454930419316,drowsy
10,sedacao_moderada,15,0.28772502896266927,0.6975405591687495,2.1618566614135357,drowsy
10,sedacao_moderada,16,0.2981940720927129,0.6982019101983209,2.2576074606611343,drowsy
10,sedacao_moderada,17,0.28023296492173755,0.6965836970100311,2.185251628454924,drowsy
10,sedacao_moderada,18,0.21895681200418338,0.687406865040362,2.533635756576863,drowsy
10,sedacao_moderada,19,0.268225815928986,0.7073557035897776,2.1869709547312164,drowsy
10,sedacao_moderada,20,0.3036518670894181,0.7163107195315773,2.0744689769521933,drowsy
10,sedacao_moderada,21,0.263065718841192,0.6938458373525273,2.3519621560067496,drowsy
10,sedacao_moderada,22,0.25492864266428594,0.7028779348062033,2.1296408980141583,drowsy
10,sedacao_moderada,23,0.2336432421771356,0.7069204997604944,2.147633105269397,drowsy
10,sedacao_moderada,24,0.22218187268405465,0.7067690041718376,2.2980846810731483,drowsy
10,sedacao_moderada,25,0.28196953605705277,0.7012693522133451,2.281019032608668,drowsy
10,sedacao_moderada,26,0.26167646193293975,0.7000798471279764,2.2457314744310466,drowsy
10,sedacao_moderada,27,0.20769390778370983,0.6908767260547047,2.4371229205313627,drowsy
10,sedacao_moderada,28,0.26901967701941587,0.7007915110209417,2.2095404923045106,drowsy
10,sedacao_moderada,29,0.2714508766088573,0.7080785165085827,2.0673115737559087,drowsy
10,sedacao_moderada,30,0.2154340534154009,0.6970597795138949,2.2874796515246483,drowsy
10,sedacao_moderada,31,0.20332767178634564,0.6939706581256693,2.441615286624918,drowsy
10,sedacao_moderada,32,0.19246169811108704,0.6822254608299662,2.419063830494148,drowsy
10,sedacao_moderada,33,0.20838853623783596,0.6870442259907527,2.350619153171038,drowsy
10,sedacao_moderada,34,0.21503712287018595,0.6862404074663165,2.3720805681880424,drowsy
10,sedacao_moderada,35,0.2402918288094856,0.6959067709127191,2.3113430724150454,drowsy
10,sedacao_moderada,36,0.22024683627613192,0.7042190651673449,2.2352037603962707,drowsy
10,recuperacao,0,0.44555453700375414,0.748344887716328,1.6408792074959277,drowsy
10,recuperacao,1,0.41136889379711855,0.7401382844593035,1.8888812196463536,drowsy
10,recuperacao,2,0.4059110988004133,0.7420666070820349,1.8449628540141556,drowsy
10,recuperacao,3,0.386808816311945,0.7461664938945582,1.8007044800685472,drowsy
10,recuperacao,4,0.4068538088452988,0.6955086575761209,1.8580204878053967,drowsy
10,recuperacao,5,0.43528395914631784,0.6844118855016806,1.7583240707666044,drowsy
10,recuperacao,6,0.45051616881894063,0.6953957207486539,1.7970028307233552,drowsy
10,recuperacao,7,0.4631683299476664,0.6993733047023232,1.5987353016356718,drowsy
10,recuperacao,8,0.4113192774789667,0.738512832722016,1.8986536293013494,drowsy
10,recuperacao,9,0.46912228812589035,0.7369663620605917,1.7091608925212922,drowsy
10,recuperacao,10,0.43642513446381076,0.7486623092362404,1.7906946596686135,drowsy
10,recuperacao,11,0.4125596854327633,0.7354640018394171,1.8911613394454723,drowsy
10,recuperacao,12,0.461828689357566,0.7061310320673598,1.6752182098224695,drowsy
10,recuperacao,13,0.41811671306577225,0.7534959416266361,1.7628505079931218,drowsy
10,recuperacao,14,0.4581570818143279,0.7088173991422176,1.7447774587987885,drowsy
10,recuperacao,15,0.4241202875621481,0.677412930732261,1.638535758172342,drowsy
10,recuperacao,16,0.46435912158331116,0.7335830312520709,1.561807024482422,drowsy
10,recuperacao,17,0.42883383778657524,0.749723799556815,1.9342523041805295,drowsy
10,recuperacao,18,0.4551801027252161,0.7086497686487083,1.742839499438457,drowsy
10,recuperacao,19,0.45701590649683504,0.7046212272055071,1.6889644287313739,drowsy
10,recuperacao,20,0.4519054257271929,0.7005890414894558,1.6160522746937065,drowsy
10,recuperacao,21,0.4557258822248865,0.7315125800633528,1.629630495473201,drowsy
10,recuperacao,22,0.43141388633047234,0.6853900481549077,1.5721568018391687,drowsy
10,recuperacao,23,0.46252331781169204,0.7216539603554601,1.621145923359972,drowsy
10,recuperacao,24,0.4412379173245417,0.7490811543270673,1.789191564608548,drowsy
10,recuperacao,25,0.4561724290882533,0.7467708618525757,1.7581405384978652,drowsy
10,recuperacao,26,0.4165786072030645,0.749413785044006,1.8663618398369595,drowsy
10,recuperacao,27,0.408590379980614,0.7579517542748535,1.9470472953184506,drowsy
10,recuperacao,28,0.389041550628779,0.7417609393139413,1.9127015041685953,drowsy
10,recuperacao,29,0.39519397407961043,0.7328827112434079,1.9136707062987486,drowsy
10,recuperacao,30,0.3843280004043517,0.7463267503999859,1.9035606079076477,drowsy
10,recuperacao,31,0.4210440758367324,0.6698501329713114,1.6528142878631515,drowsy
10,recuperacao,32,0.4371693792360886,0.6926983972932222,1.5280569263192099,drowsy
10,recuperacao,33,0.4372686118723926,0.6881683416931156,1.5769470181176406,drowsy
10,recuperacao,34,0.4582066981324799,0.7188229192380262,1.635505878930486,drowsy
10,recuperacao,35,0.45458470690739367,0.7528226055627191,1.6863046706977447,drowsy
10,recuperacao,36,0.47041231239783865,0.7272875424921674,1.6538394438618413,drowsy
10,recuperacao,37,0.4128077670235226,0.6719116664348203,1.5005249358927666,drowsy
13,basal,0,0.4096819389799552,0.6778365935849769,1.6532115138693486,responsive
13,basal,1,0.40571263352780595,0.6795704181170675,1.7629197744961536,responsive
13,basal,2,0.40080061803077116,0.6707856728325552,1.74711585840568,responsive
13,basal,3,0.3985678837139373,0.6763922540097693,1.8176984786811812,responsive
13,basal,4,0.4039760623924906,0.6752252840788183,1.6983114198933402,responsive
13,basal,5,0.39578936989743274,0.6656848021520242,1.6640150575623631,responsive
13,basal,6,0.394251264034725,0.6709227001724399,1.740415658258289,responsive
13,basal,7,0.4324558290116615,0.684024389648105,1.6631169792326101,responsive
13,basal,8,0.38943848117399393,0.6669589476871866,1.7170793610807955,responsive
13,basal,9,0.39797248789611483,0.6667607212875934,1.7223930750537444,responsive
13,basal,10,0.42193716956346605,0.6906634591990473,1.649646238829012,responsive
13,basal,11,0.40610956407302073,0.6784865676573069,1.6958995909948873,responsive
13,basal,12,0.402338723893479,0.6733521662331172,1.718210436051548,responsive
13,basal,13,0.4085407636624622,0.684963737295015,1.719232010061672,responsive
13,basal,14,0.39757555735089994,0.66436121504608,1.7151052511950573,responsive
13,basal,15,0.42605532397007084,0.6829662831284714,1.623151259421127,responsive
13,basal,16,0.4128077670235228,0.680553972400107,1.690011668054009,responsive
13,basal,17,0.4103765674340813,0.6708179837113776,1.7013424709061755,responsive
13,basal,18,0.404968388755528,0.6694246948047348,1.671273109505609,responsive
13,basal,19,0.39777402262350736,0.6636756943919373,1.7239417309593044,responsive
13,basal,20,0.39479704353439543,0.6751603867663877,1.7660113709546055,responsive
13,basal,21,0.4085407636624623,0.6745895123574805,1.7158954808117797,responsive
13,basal,22,0.4069034251634507,0.683136888446705,1.638787769883863,responsive
13,basal,23,0.40452184189216117,0.6719350057371113,1.6860795627975032,responsive
13,basal,24,0.4269980340149563,0.6842989882726711,1.6639546458161492,responsive
13,basal,25,0.40318220130206084,0.6697970917521175,1.7815931586108695,responsive
13,basal,26,0.3961366841244959,0.6676688380922009,1.7661480245696461,responsive
13,basal,27,0.41042618375223316,0.6692326874042882,1.7122863985384456,responsive
13,basal,28,0.4079949841627916,0.6716119562428593,1.7751073190600335,responsive
13,basal,29,0.39112543599115746,0.6645857819905066,1.8104378153258236,responsive
13,basal,30,0.4038272134380351,0.6723050554192278,1.5884675310574605,responsive
13,basal,31,0.40496838875552793,0.6675110118543937,1.753761533150266,responsive
13,basal,32,0.41513973397666043,0.6799269913276567,1.7480705343916623,responsive
13,basal,33,0.41429625656807867,0.6726926607309859,1.7787000231112085,responsive
13,basal,34,0.4098804042525626,0.6686082019274371,1.6861106374456762,responsive
13,basal,35,0.40720112307236184,0.6682028878316473,1.7261364839716218,responsive
13,basal,36,0.40958270634365135,0.6698378557751329,1.800365823815563,responsive
13,basal,37,0.4067545762089952,0.6742683078607422,1.6997250299822493,responsive
13,basal,38,0.41841441097468346,0.6764052245040026,1.7142057720253443,responsive
13,sedacao_leve,0,0.4290819193773347,0.6789564254970417,1.6601733529299434,responsive
13,sedacao_leve,1,0.41558628084002724,0.6788502695706758,1.56632149689353,responsive
13,sedacao_leve,2,0.41022771847962564,0.6793217679017757,1.7163193221919835,responsive
13,sedacao_leve,3,0.4162809092941534,0.6775373826493593,1.6730492293251764,responsive
13,sedacao_leve,4,0.4170251540664313,0.6739380883378548,1.6557785716220663,responsive
13,sedacao_leve,5,0.4200021331555432,0.6810930265191234,1.6030371375184098,responsive
13,sedacao_leve,6,0.4164297582486089,0.6814254560128399,1.6531994470695193,responsive
13,sedacao_leve,7,0.4159335950670902,0.675163582392396,1.673711130574654,responsive
13,sedacao_leve,8,0.4184640272928354,0.6804377773033219,1.6324264660496377,responsive
13,sedacao_leve,9,0.4050180050736798,0.6803731250062086,1.7103366452393025,responsive
13,sedacao_leve,10,0.4349862612374067,0.688329627578698,1.7040877238179202,responsive
13,sedacao_leve,11,0.4041745276650981,0.6837739754388461,1.7012236193246961,responsive
13,sedacao_leve,12,0.4099300205707145,0.6771442598328233,1.679940790416316,responsive
13,sedacao_leve,13,0.41191467329678927,0.6793476523898501,1.7004814135735429,responsive
13,sedacao_leve,14,0.4224333327449846,0.6861068466712666,1.7003628215253874,responsive
13,sedacao_leve,15,0.4127085343872189,0.6801121743064685,1.6898350938585482,responsive
13,sedacao_leve,16,0.4224333327449846,0.6864070556484847,1.6602192023011453,responsive
13,sedacao_leve,17,0.41647937456676076,0.6807952172198207,1.7427873298039405,responsive
13,sedacao_leve,18,0.42714688296941183,0.6854880973220029,1.691242387669216,responsive
13,sedacao_leve,19,0.4212425411093398,0.6810073492422697,1.6611498598754502,responsive
13,sedacao_leve,20,0.4166778398393682,0.6846028245296495,1.703503660081419,responsive
13,sedacao_leve,21,0.4287842214684234,0.6886468358257553,1.652496258370323,responsive
13,sedacao_leve,22,0.4209448432004287,0.6837088777111345,1.6207562374412332,responsive
13,sedacao_leve,23,0.41752131724795,0.6822680298180752,1.7183822586889148,responsive
13,sedacao_leve,24,0.42803997669614535,0.6865542511194617,1.6470154535589676,responsive
13,sedacao_leve,25,0.42853613987766404,0.6907601200977929,1.6391024912326784,responsive
13,sedacao_leve,26,0.42025021474630253,0.6879599159096645,1.6520322341587759,responsive
13,sedacao_leve,27,0.42511261392518535,0.6864974855698134,1.730921079041557,responsive
13,sedacao_leve,28,0.4484322834565623,0.6907864015634335,1.6709697016870977,responsive
13,sedacao_leve,29,0.42342565910802193,0.6835464210365004,1.6958977760160496,responsive
13,sedacao_leve,30,0.4254103118340966,0.6844697988799757,1.7074618780061874,responsive
13,sedacao_leve,31,0.4200021331555432,0.6854926556910506,1.697971729720576,responsive
13,sedacao_leve,32,0.4342420164651288,0.6844683279636049,1.6385306151983166,responsive
13,sedacao_leve,33,0.43394431855621746,0.6820884447115393,1.6571350148888315,responsive
13,sedacao_leve,34,0.423772973335085,0.6799170413273944,1.7274220712035935,responsive
13,sedacao_leve,35,0.41380009338656,0.6760133504169038,1.6766301085206807,responsive
13,sedacao_leve,36,0.41231160384200416,0.6734126800740592,1.7037265796617154,responsive
13,sedacao_leve,37,0.4194563536558727,0.6822258658155503,1.5988620815042154,responsive
13,sedacao_leve,38,0.4213913900637955,0.6747051539397908,1.776273955135979,responsive
13,sedacao_leve,39,0.4225325653812884,0.6879214269197976,1.6285273801504696,responsive
13,sedacao_leve,40,0.43225736373905405,0.6875855975259116,1.7317940603120792,responsive
13,sedacao_leve,41,0.4202998310644545,0.6936114684815999,1.6410444971752793,responsive
13,sedacao_leve,42,0.4069530414816025,0.6738838564573454,1.7065879659726866,responsive
13,sedacao_moderada,0,0.4324558290116614,0.6872190462244803,1.7111698043293684,responsive
13,sedacao_moderada,1,0.4280895930142973,0.679330185475734,1.812588048971027,responsive
13,sedacao_moderada,2,0.40670495989084315,0.6706829551143536,1.7797070500375198,responsive
13,sedacao_moderada,3,0.420051749473695,0.673570598466782,1.7351882175997604,responsive
13,sedacao_moderada,4,0.42049829633706187,0.6817561467476608,1.7882670766868394,responsive
13,sedacao_moderada,5,0.4361770528730514,0.6856644316947439,1.6684158568847327,responsive
13,sedacao_moderada,6,0.4289330704228789,0.6822466785262533,1.8015552102102736,responsive
13,sedacao_moderada,7,0.4323069800572059,0.6734104493737643,1.733539809311124,responsive
13,sedacao_moderada,8,0.4193075047014172,0.6745377390773464,1.8681996366116211,responsive
13,sedacao_moderada,9,0.4382609382354299,0.6840917191592204,1.8027879363533312,responsive
13,sedacao_moderada,10,0.45369161318066004,0.7083311966471596,1.785145908026126,responsive
13,sedacao_moderada,11,0.48028595971006005,0.7136118761988837,1.6457050687854329,responsive
13,sedacao_moderada,12,0.4364747507819625,0.67915392331907,1.6827651292962633,responsive
13,sedacao_moderada,13,0.4264522545152856,0.6737214966019781,1.7037711864022587,responsive
13,sedacao_moderada,14,0.42094484320042863,0.6743171270860846,1.704158271214557,responsive
13,sedacao_moderada,15,0.4513100299093704,0.7060300607508012,1.6185390520988951,responsive
13,sedacao_moderada,16,0.489514594886307,0.7018844296877274,1.596684191745784,responsive
13,sedacao_moderada,17,0.44818420186580293,0.6870229737509842,1.6458390101981237,responsive
13,sedacao_moderada,18,0.43270391060242075,0.6800523278331718,1.615827523571402,responsive
13,sedacao_moderada,19,0.4648552847648298,0.714689895363891,1.5880654704565529,responsive
13,sedacao_moderada,20,0.4848506609800317,0.7164926058077107,1.5213522218398017,responsive
13,sedacao_moderada,21,0.4967089610183275,0.7230423831459235,1.524147002446327,responsive
13,sedacao_moderada,22,0.45185580940904096,0.6836580778121948,1.6274820964589514,responsive
13,sedacao_moderada,23,0.43364662064730636,0.6805907210744744,1.6067979272330855,responsive
13,sedacao_moderada,24,0.4287346051502715,0.673116341644185,1.707819041347352,responsive
13,sedacao_moderada,25,0.43994789305259324,0.6775269240848616,1.6127587545857038,responsive
13,sedacao_moderada,26,0.4391540319621633,0.6833648502657514,1.719576375417933,responsive
13,sedacao_moderada,27,0.42803997669614546,0.6800618167751318,1.72191098301513,responsive
13,sedacao_moderada,28,0.4382609382354298,0.677947345422707,1.6434962688068842,responsive
13,sedacao_moderada,29,0.43166196792123157,0.6802678733966381,1.8069188879564062,responsive
13,sedacao_moderada,30,0.43647475078196263,0.6812371365185469,1.6777116042530138,responsive
13,sedacao_moderada,31,0.4689734391714347,0.7070604501021495,1.6236280359007718,responsive
13,sedacao_moderada,32,0.4532450663172932,0.6963748909670276,1.7189792803992165,responsive
13,sedacao_moderada,33,0.4538900784532675,0.6981498952848811,1.681380989195852,responsive
13,sedacao_moderada,34,0.47100770821566124,0.6952475377042485,1.647373150027783,responsive
13,sedacao_moderada,35,0.4272461156057155,0.6700528250827847,1.7556701498479466,responsive
13,sedacao_moderada,36,0.43057040892189063,0.6823486430025257,1.6835662462378944,responsive
13,sedacao_moderada,37,0.4131550812505858,0.6675503882118844,1.8141317416969744,responsive
13,sedacao_moderada,38,0.4286353725139677,0.6727627243548633,1.6667723680625555,responsive
13,sedacao_moderada,39,0.42441798547105924,0.678498013971057,1.6742661503473872,responsive
13,sedacao_moderada,40,0.4476880386842842,0.692635942034544,1.719080781686216,responsive
13,recuperacao,0,0.40859037998061404,0.6837577900426496,1.6075519612372118,responsive
13,recuperacao,1,0.4122619875238521,0.6876255318829341,1.65185786566248,responsive
13,recuperacao,2,0.4117658243423335,0.6843922738836958,1.6173752423734014,responsive
13,recuperacao,3,0.4306200252400425,0.7017815732964334,1.648886897241035,responsive
13,recuperacao,4,0.42987578046776453,0.69305568983075,1.5381874575685286,responsive
13,recuperacao,5,0.4113192774789667,0.6919450827528973,1.7176403370197477,responsive
13,recuperacao,6,0.3981213368505704,0.679440786981404,1.6151592130399437,responsive
13,recuperacao,7,0.40908654316213283,0.6812370235703613,1.6684680084034846,responsive
13,recuperacao,8,0.4392532645984671,0.7115924273157478,1.531786154270749,responsive
13,recuperacao,9,0.4292803846499421,0.6912175435675779,1.5946603090884828,responsive
13,recuperacao,10,0.4331008411476357,0.698070179452599,1.5791832267857437,responsive
13,recuperacao,11,0.41370086075025625,0.6980797528364568,1.6179399671690333,responsive
13,recuperacao,12,0.42764304615093063,0.6996801125927209,1.6099069233603072,responsive
13,recuperacao,13,0.4287346051502714,0.7008492754983723,1.609034581399283,responsive
13,recuperacao,14,0.4352343428281661,0.6987153844587659,1.6397615031251407,responsive
13,recuperacao,15,0.4283376746050567,0.7035268868060228,1.6229819761602522,responsive
13,recuperacao,16,0.4289826867410309,0.6972577710137046,1.6297754484823608,responsive
13,recuperacao,17,0.44366911691398325,0.7044480348166291,1.5863405286705834,responsive
13,recuperacao,18,0.4386082524624928,0.7007801030005812,1.670867826040132,responsive
13,recuperacao,19,0.4217883206090104,0.6894375618329948,1.7037597166303273,responsive
13,recuperacao,20,0.41454433815883807,0.6781557557529515,1.742687696709268,responsive
13,recuperacao,21,0.421589855336403,0.6845005912601022,1.7007321952568693,responsive
13,recuperacao,22,0.420795994245973,0.6827446074507378,1.7346408843627612,responsive
13,recuperacao,23,0.4054645519370466,0.6765997801658736,1.8295880445473134,responsive
13,recuperacao,24,0.4024875728479345,0.6821898273970566,1.7369799554940428,responsive
13,recuperacao,25,0.415685513476331,0.6830577621324587,1.67153794826874,responsive
13,recuperacao,26,0.4138993260228637,0.6793681190976797,1.783194756210559,responsive
13,recuperacao,27,0.4381120892809742,0.6991162800985213,1.64176123207251,responsive
13,recuperacao,28,0.42327681015356633,0.691722207686289,1.6965231615329985,responsive
13,recuperacao,29,0.40923539211658844,0.6809443794721054,1.6775123686135405,responsive
13,recuperacao,30,0.3947970435343954,0.6719265006679955,1.7440198257927422,responsive
13,recuperacao,31,0.39038119121887943,0.674539391854172,1.8051098510972965,responsive
13,recuperacao,32,0.41082311429744806,0.6909289941497002,1.7364530195876502,responsive
13,recuperacao,33,0.4140481749773193,0.6874977341546928,1.7675705817942373,responsive
13,recuperacao,34,0.4074988209812731,0.6895622554468512,1.6300795310578358,responsive
13,recuperacao,35,0.40903692684398096,0.6825988040590154,1.7693986448588286,responsive
13,recuperacao,36,0.40596071511856524,0.6866876215042143,1.776978842803332,responsive
13,recuperacao,37,0.4044226092558574,0.68781992190855,1.7635706389283456,responsive
13,recuperacao,38,0.38467531463141474,0.6825448045719116,1.7906509226366925,responsive
14,basal,0,0.48177444925461604,0.7082769181475214,1.5389160138817255,drowsy
14,basal,1,0.4651033663555891,0.6935402948508873,1.536601633235258,drowsy
14,basal,2,0.4632675625839701,0.6996060063312722,1.6174337520820952,drowsy
14,basal,3,0.4907550028401037,0.6988706665937281,1.5124161896854718,drowsy
14,basal,4,0.48718262793316947,0.6926260204127324,1.4788077645589113,drowsy
14,basal,5,0.47502662998596223,0.6879023952336493,1.5572693699406894,drowsy
14,basal,6,0.4565693596334683,0.6861964523706915,1.5641519609538788,drowsy
14,basal,7,0.4756716421219365,0.6906124234023947,1.5686952729013162,drowsy
14,basal,8,0.4833621714354756,0.6925405049327429,1.4477316797887707,drowsy
14,basal,9,0.5106015301008499,0.7029272004178531,1.4197309993877556,drowsy
14,basal,10,0.5013232786064511,0.6915399194833992,1.5531229220328586,drowsy
14,basal,11,0.4957166346552903,0.6943413462321434,1.5672164382976854,drowsy
14,basal,12,0.5047964208770817,0.6919274228166145,1.5284826449532363,drowsy
14,basal,13,0.49144963129422986,0.6926213773050083,1.5551284934144352,drowsy
14,basal,14,0.49358313297476,0.6927404102170612,1.5637026177893405,drowsy
14,basal,15,0.4885222685232697,0.6912285480641774,1.6820722448810435,drowsy
14,basal,16,0.4733396751687988,0.6942694669833784,1.7447324957283326,drowsy
14,basal,17,0.49035807229488876,0.6895088844530423,1.6042337415364332,drowsy
14,basal,18,0.4879268727054474,0.6869855405346796,1.6064289906194775,drowsy
14,basal,19,0.4990409279714653,0.687691322815686,1.4221009177514838,drowsy
14,basal,20,0.4610844445852881,0.6790105592516618,1.6068450125313556,drowsy
14,basal,21,0.485793371024917,0.6940789242137433,1.5403302419798592,drowsy
14,basal,22,0.47522509525856976,0.6904758258946022,1.6142417356644572,drowsy
14,basal,23,0.4565693596334683,0.6877408507728724,1.6360165753942941,drowsy
14,basal,24,0.4911519333853186,0.6844085346902654,1.4808851626216264,drowsy
14,basal,25,0.5006782664704768,0.6963490887499086,1.523670616742103,drowsy
14,basal,26,0.4809805881641861,0.6892131371570236,1.5965128739568784,drowsy
14,basal,27,0.4971058915635425,0.69776111710101,1.4301196813262362,drowsy
14,basal,28,0.46887420653513096,0.692161077247172,1.65750747479917,drowsy
14,basal,29,0.45086348304600365,0.7000472489961896,1.7736974861516153,drowsy
14,basal,30,0.46703840276351194,0.6860965613791856,1.6019574390193148,drowsy
14,basal,31,0.4506154014552445,0.6930334853256166,1.7333514658748024,drowsy
14,basal,32,0.5087161100110791,0.6895977620957768,1.5210124282518107,drowsy
14,basal,33,0.5119411706909504,0.6988926081010509,1.5028655749792186,drowsy
14,basal,34,0.4676834148994861,0.6953010022642364,1.5608104391283708,drowsy
14,basal,35,0.43791362400836675,0.6943066887928661,1.6907528028058185,drowsy
14,basal,36,0.4660956927186265,0.6868030601877658,1.7219505377692408,drowsy
14,basal,37,0.4668399374909044,0.6926718773781387,1.787561708659108,drowsy
14,basal,38,0.4987432300625541,0.6916405154099958,1.5210375069286712,drowsy
14,basal,39,0.4412379173245418,0.7025116815861661,1.8496154747338314,drowsy
14,basal,40,0.44917652822884024,0.690973586528242,1.7338607374013253,drowsy
14,sedacao_leve,0,0.5033575476506775,0.7056797054281179,1.3011553818111221,drowsy
14,sedacao_leve,1,0.49839591583549103,0.6994843295287341,1.299589892556749,drowsy
14,sedacao_leve,2,0.5011744296519955,0.6951954591704766,1.3300925848357135,drowsy
14,sedacao_leve,3,0.5033575476506775,0.6959558855354222,1.4256367465779716,drowsy
14,sedacao_leve,4,0.4981974505628835,0.6914658251730876,1.3276839920954273,drowsy
14,sedacao_leve,5,0.4974532057906056,0.69096148842037,1.4840267769608586,drowsy
14,sedacao_leve,6,0.5011248133338436,0.6879533174540924,1.4294820068798522,drowsy
14,sedacao_leve,7,0.49636164679126443,0.6897419432225294,1.4077914282281363,drowsy
14,sedacao_leve,8,0.5033575476506775,0.691664767899191,1.415931246450633,drowsy
14,sedacao_leve,9,0.5130327296902915,0.6929376207419319,1.323790247120066,drowsy
14,sedacao_leve,10,0.5237002380929425,0.699181671778998,1.309990446006279,drowsy
14,sedacao_leve,11,0.5024148376057922,0.6866951193128091,1.4629041160852712,drowsy
14,sedacao_leve,12,0.5107503790553055,0.695740247301897,1.3332970102440245,drowsy
14,sedacao_leve,13,0.5122388685998616,0.6951809033762477,1.4133475930648625,drowsy
14,sedacao_leve,14,0.5082695631477123,0.6931369671957106,1.4928084781513502,drowsy
14,sedacao_leve,15,0.5069299225576118,0.6933921197865341,1.4485224109358972,drowsy
14,sedacao_leve,16,0.5069795388757637,0.6959792798236223,1.475572464349298,drowsy
14,sedacao_leve,17,0.49829668319918724,0.6890045401686917,1.4484959388785177,drowsy
14,sedacao_leve,18,0.5172997330513518,0.6961348529951712,1.3815700721675053,drowsy
14,sedacao_leve,19,0.5104526811463943,0.6947181316843751,1.3791477893021573,drowsy
14,sedacao_leve,20,0.5020675233787291,0.6898448360025969,1.4055230300798687,drowsy
14,sedacao_leve,21,0.5030102334236145,0.689161642843497,1.337156931250858,drowsy
14,sedacao_leve,22,0.503208698696222,0.6909943573588513,1.3971285541008773,drowsy
14,sedacao_leve,23,0.5103038321919388,0.6961588613608609,1.2909187402333004,drowsy
14,sedacao_leve,24,0.5172005004150481,0.6935947644044603,1.3243471647304137,drowsy
14,sedacao_leve,25,0.5144716029166956,0.6945653560764325,1.3332344653772124,drowsy
14,sedacao_leve,26,0.5108992280097612,0.6934025699297346,1.3654061272667848,drowsy
14,sedacao_leve,27,0.5096588200559644,0.693721997492503,1.422142773412181,drowsy
14,sedacao_leve,28,0.5152654640071254,0.6900348761094598,1.3472497219013848,drowsy
14,sedacao_leve,29,0.5099565179648756,0.6896308955921227,1.3172481039104995,drowsy
14,sedacao_leve,30,0.5143723702803917,0.6969853518627408,1.3717982689774524,drowsy
14,sedacao_leve,31,0.5189866878685152,0.6952783757983818,1.2958629337558834,drowsy
14,sedacao_leve,32,0.52017747950416,0.699341829467807,1.296745945048355,drowsy
14,sedacao_leve,33,0.5240971686381575,0.6999185566451814,1.3848163937890998,drowsy
14,sedacao_leve,34,0.508716110011079,0.6980311634662846,1.4106929733567888,drowsy
14,sedacao_leve,35,0.5121892522817096,0.6933584917678954,1.3405786899670542,drowsy
14,sedacao_leve,36,0.5128838807358358,0.6917849414817545,1.2873144540957226,drowsy
14,sedacao_leve,37,0.5134296602355063,0.6910784358701264,1.3308630452622296,drowsy
14,sedacao_leve,38,0.5101549832374831,0.6971375900586311,1.3995318306969489,drowsy
14,sedacao_leve,39,0.5217155853668679,0.694486183425961,1.285600401053568,drowsy
14,sedacao_moderada,0,0.4974035894724537,0.6826309279555328,1.535941759287955,drowsy
14,sedacao_moderada,1,0.48137751870940115,0.6754767598095458,1.4975132956217834,drowsy
14,sedacao_moderada,2,0.485842987343069,0.6787006276187569,1.546044735157867,drowsy
14,sedacao_moderada,3,0.4885222685232698,0.6776039636412745,1.5611415989974116,drowsy
14,sedacao_moderada,4,0.4770608990301889,0.6731905972463625,1.621154287936565,drowsy
14,sedacao_moderada,5,0.47725936430279636,0.6758014769316623,1.6261433456520988,drowsy
14,sedacao_moderada,6,0.4704619287159907,0.6701419721707479,1.742645974707259,drowsy
14,sedacao_moderada,7,0.47701128271203685,0.6724466103766246,1.729966733570247,drowsy
14,sedacao_moderada,8,0.4891176643410921,0.679256551064303,1.6080296817010473,drowsy
14,sedacao_moderada,9,0.4760685726671515,0.673127471098409,1.7006763670194194,drowsy
14,sedacao_moderada,10,0.48782764006914364,0.6821524244740906,1.604884454448349,drowsy
14,sedacao_moderada,11,0.46907267180773843,0.6753813066066319,1.938913641586693,drowsy
14,sedacao_moderada,12,0.47140463876087607,0.6701792967481082,1.8945017199581564,drowsy
14,sedacao_moderada,13,0.4651033663555892,0.675414038826236,1.7605385156521742,drowsy
14,sedacao_moderada,14,0.47492739734965855,0.6794274066797417,1.660624125069089,drowsy
14,sedacao_moderada,15,0.46629415799123397,0.6688871504719057,1.805165152881025,drowsy
14,sedacao_moderada,16,0.49179694552129277,0.6801617086295446,1.654500253185698,drowsy
14,sedacao_moderada,17,0.46411103999255177,0.6711457397176328,1.9069718670412266,drowsy
14,sedacao_moderada,18,0.46301948099321066,0.6755105399654664,1.8840005672135247,drowsy
14,sedacao_moderada,19,0.4767135848031257,0.6716161491904006,1.815314874728303,drowsy
14,sedacao_moderada,20,0.4654010642645005,0.6608743736165026,1.9677185151863101,drowsy
14,sedacao_moderada,21,0.474728932077051,0.6796297833570052,1.666400516530085,drowsy
14,sedacao_moderada,22,0.4267499524241969,0.6612091556158379,2.171510557334552,drowsy
14,sedacao_moderada,23,0.4248149160162742,0.6534735830762213,1.9627101736163606,drowsy
14,sedacao_moderada,24,0.44545530436745023,0.6614266852063475,1.919682219816567,drowsy
14,sedacao_moderada,25,0.40546455193704656,0.6386687938785357,2.2144691607226648,drowsy
14,sedacao_moderada,26,0.40734997202681744,0.6537150423956887,2.1576489415489557,drowsy
14,sedacao_moderada,27,0.42049829633706187,0.6558388199241111,2.0136541849116556,drowsy
14,sedacao_moderada,28,0.4003540711674044,0.6510278813481345,2.185108133520364,drowsy
14,sedacao_moderada,29,0.41950596997402456,0.658805858845565,2.070662250431558,drowsy
14,recuperacao,0,0.5232536912295758,0.713884779678734,1.1296066660013897,drowsy
14,recuperacao,1,0.514670068189303,0.7084869152605018,1.244224350886937,drowsy
14,recuperacao,2,0.503556012923285,0.7035410140589098,1.2918433042463495,drowsy
14,recuperacao,3,0.4945258430196454,0.6969728559216564,1.318486474361133,drowsy
14,recuperacao,4,0.5230552259569682,0.7105168980306209,1.3086989163352527,drowsy
14,recuperacao,5,0.5256848908190173,0.7040604179387844,1.2860228610948452,drowsy
14,recuperacao,6,0.5058383635582708,0.6952801944042278,1.294056927746293,drowsy
14,recuperacao,7,0.5098572853285719,0.6926207383486159,1.26205988347504,drowsy
14,recuperacao,8,0.5066322246487006,0.6945594491301388,1.3592242110576496,drowsy
14,recuperacao,9,0.4916480965668372,0.6879626989106733,1.2641125465408707,drowsy
14,recuperacao,10,0.5117427054183429,0.6978403544601662,1.2874127977860785,drowsy
14,recuperacao,11,0.5015713601972105,0.6920552096699701,1.3064721890895572,drowsy
14,recuperacao,12,0.5022163723331846,0.6920798994482769,1.1891220025649898,drowsy
14,recuperacao,13,0.49105270074901486,0.6882303898278928,1.4692231620213816,drowsy
14,recuperacao,14,0.5056895146038152,0.6957637219471269,1.3315019201048732,drowsy
14,recuperacao,15,0.49556778570083465,0.6885415891701294,1.3496054300711748,drowsy
14,recuperacao,16,0.4884726522051178,0.6882938692798317,1.4360624691578838,drowsy
14,recuperacao,17,0.49283888820248195,0.686837748079467,1.353132009841401,drowsy
14,recuperacao,18,0.49040768861304057,0.6893340469010144,1.3406163207630135,drowsy
14,recuperacao,19,0.5085672610566234,0.6952442944724988,1.3044256756469013,drowsy
14,recuperacao,20,0.5085672610566235,0.6957727676273386,1.3951418687026207,drowsy
14,recuperacao,21,0.4956174020189865,0.6857715108761127,1.3251529569773641,drowsy
14,recuperacao,22,0.4860910689338283,0.6833813387147067,1.416466072062208,drowsy
14,recuperacao,23,0.48762917479653617,0.6929580713223791,1.5296206051632009,drowsy
14,recuperacao,24,0.49948747483483213,0.6897295795839161,1.3062882792507484,drowsy
14,recuperacao,25,0.5042506413774113,0.6875430623563888,1.3330856139587852,drowsy
14,recuperacao,26,0.4661949253549301,0.7003367617490024,1.5999357248581334,drowsy
14,recuperacao,27,0.5005294175160213,0.6914556127874056,1.2822763013466654,drowsy
14,recuperacao,28,0.49948747483483213,0.6887564615113358,1.3993358936320717,drowsy
14,recuperacao,29,0.5000332543345025,0.6895192092974756,1.4354300085296883,drowsy
14,recuperacao,30,0.4942281451107343,0.6926889950019105,1.4412698696076067,drowsy
14,recuperacao,31,0.49963632378928763,0.6895794578123801,1.4768264712866401,drowsy
14,recuperacao,32,0.5030598497417664,0.6910394741429178,1.316988707345572,drowsy
14,recuperacao,33,0.4720000345786985,0.7008018762410928,1.6472397282183329,drowsy
14,recuperacao,34,0.49169771288498915,0.6881108234363633,1.457219010083733,drowsy
14,recuperacao,35,0.5117427054183429,0.6919776163783636,1.345802788505382,drowsy
14,recuperacao,36,0.5117923217364947,0.698845118718658,1.3595868663967001,drowsy
14,recuperacao,37,0.4967585773364795,0.6927010516318816,1.4562216069156555,drowsy
14,recuperacao,38,0.5087161100110791,0.6941135403412177,1.3068149951897896,drowsy
14,recuperacao,39,0.5067314572850046,0.6974229535285255,1.4655027583992426,drowsy
18,basal,0,0.44471105959517226,0.6928630189994537,1.5196359771044936,responsive
18,basal,1,0.4331008411476358,0.681144205347839,1.5324837762083348,responsive
18,basal,2,0.4202005984281508,0.6800467947282685,1.619688740838589,responsive
18,basal,3,0.43295199219318015,0.6809539102861758,1.5228763657501774,responsive
18,basal,4,0.4353335754644697,0.6801363102935637,1.5252464936605519,responsive
18,basal,5,0.43161235160307987,0.6776372938383731,1.5067110260532428,responsive
18,basal,6,0.4317115842393836,0.6788235029840183,1.5700529174455085,responsive
18,basal,7,0.4421310110512754,0.6844298235818073,1.5895348545806445,responsive
18,basal,8,0.4272957319238675,0.6822585131039333,1.5819266481375331,responsive
18,basal,9,0.42029983106445434,0.6720511431689832,1.6796864147060764,responsive
18,basal,10,0.4096819389799551,0.670956795857895,1.7366999011635456,responsive
18,basal,11,0.4275438135146267,0.674286141383346,1.5515621230207761,responsive
18,basal,12,0.4027852707568459,0.6551810166591779,1.591162893852441,responsive
18,basal,13,0.4241202875621481,0.6743070879990306,1.697689346029821,responsive
18,basal,14,0.41702515406643126,0.6699757783192678,1.6836193992170663,responsive
18,basal,15,0.41509011765850856,0.6673399175011847,1.5657215338344976,responsive
18,basal,16,0.4120635222512447,0.6679379330071901,1.6133296737803349,responsive
18,basal,17,0.42878422146842343,0.6746383686603121,1.6548560375469943,responsive
18,basal,18,0.42610494028822277,0.6708452500480505,1.6196668803373475,responsive
18,basal,19,0.4243683691529074,0.6717323366822325,1.6214490060787088,responsive
18,basal,20,0.4208952268822768,0.6791183183491138,1.7484357091163394,responsive
18,basal,21,0.43339853905654696,0.6845310783073375,1.6339256410541407,responsive
18,basal,22,0.4229294959265033,0.6672524129110728,1.6475839034491158,responsive
18,basal,23,0.41260930175091526,0.6628944498706643,1.6867621915830922,responsive
18,basal,24,0.44019597464335253,0.6875680121024639,1.655178265023709,responsive
18,basal,25,0.42674995242419694,0.6733327595227566,1.622102172610099,responsive
18,basal,26,0.4194067373377208,0.6732775598777618,1.6085578209994364,responsive
18,basal,27,0.4109223469337518,0.6733103889865202,1.6806857211009374,responsive
18,basal,28,0.42044868001891006,0.6681437179288737,1.7014596067400845,responsive
18,basal,29,0.42173870429085847,0.6770227896782566,1.5982680704051757,responsive
18,basal,30,0.4208952268822768,0.6761996384707877,1.6810246424539983,responsive
18,basal,31,0.4313146536941686,0.6823346182939547,1.5427842614014442,responsive
18,basal,32,0.4357305060096847,0.6760613601165227,1.6386760046392792,responsive
18,basal,33,0.4196548189284802,0.6819319297515704,1.7295540381260175,responsive
18,basal,34,0.42144100638194737,0.6733237358436459,1.765122060570708,responsive
18,basal,35,0.41915865574696154,0.6702100406507471,1.65678762644588,responsive
18,basal,36,0.41161697538787795,0.7110313027711623,1.71085992387256,responsive
18,basal,37,0.4204982963370619,0.6622077285184607,1.7039445295519535,responsive
18,basal,38,0.3934077866261432,0.6608208968301986,1.6752041282167394,responsive
18,basal,39,0.43101695578525745,0.6798121012453426,1.701971733676845,responsive
18,basal,40,0.43592897128229213,0.6982165677448123,1.684637502407026,responsive
18,sedacao_leve,0,0.47324044253249514,0.699552071304386,1.4039260336495472,responsive
18,sedacao_leve,1,0.47135502244272426,0.6980432561330888,1.3514423219780005,responsive
18,sedacao_leve,2,0.4531458336809895,0.6906415344481904,1.442335807713995,responsive
18,sedacao_leve,3,0.4432721863687682,0.6868142044546534,1.5135453874013958,responsive
18,sedacao_leve,4,0.45845477972323906,0.6894375359573877,1.5882821083742682,responsive
18,sedacao_leve,5,0.45374122949881185,0.6855300469714742,1.6471911556671128,responsive
18,sedacao_leve,6,0.43453971437403976,0.675351011915405,1.60418162041721,responsive
18,sedacao_leve,7,0.431860433193839,0.6701271681541858,1.5104103035323584,responsive
18,sedacao_leve,8,0.4382113219172779,0.6757762226822557,1.6124892953824914,responsive
18,sedacao_leve,9,0.4364251344638108,0.6769189748366149,1.6584284472844442,responsive
18,sedacao_leve,10,0.432306980057206,0.6728848865225333,1.6115114623641436,responsive
18,sedacao_leve,11,0.43592897128229213,0.6765939645034982,1.56383208421887,responsive
18,sedacao_leve,12,0.455577033270431,0.6851972744073161,1.5281717693793815,responsive
18,sedacao_leve,13,0.4113192774789667,0.6645517295847565,1.625325549845681,responsive
18,sedacao_leve,14,0.4240210549258444,0.6765527516642692,1.5435155269397947,responsive
18,sedacao_leve,15,0.43582973864598834,0.6785300696998832,1.5538069950793303,responsive
18,sedacao_leve,16,0.4516077278182816,0.6839771612530557,1.6061265507848796,responsive
18,sedacao_leve,17,0.46123329353974357,0.6847905169529971,1.6311359718142526,responsive
18,sedacao_leve,18,0.4497719240466626,0.681782269446614,1.608506141616301,responsive
18,sedacao_leve,19,0.43637551814565884,0.6820238762971551,1.4522438125707073,responsive
18,sedacao_leve,20,0.43602820391859587,0.6801927331391351,1.6131703012168193,responsive
18,sedacao_leve,21,0.44967269141035887,0.6840593808196513,1.5491527501783942,responsive
18,sedacao_leve,22,0.43731822819054433,0.6768834204841804,1.6949146775391095,responsive
18,sedacao_leve,23,0.4365243671001145,0.6763083431622272,1.6662466547838488,responsive
18,sedacao_leve,24,0.4241699038802999,0.668674676658891,1.6225596584542141,responsive
18,sedacao_leve,25,0.4606378977219213,0.6830222620036717,1.5921942822588449,responsive
18,sedacao_leve,26,0.4578097675872649,0.6829991735072707,1.6665195623748679,responsive
18,sedacao_leve,27,0.4630194809932107,0.6924539573748041,1.5850790515679838,responsive
18,sedacao_leve,28,0.4465468633667914,0.6814636249724023,1.5931770266302054,responsive
18,sedacao_leve,29,0.46197753831202165,0.69244191383131,1.6136187637527257,responsive
18,sedacao_leve,30,0.45701590649683504,0.6999263624835098,1.6683132721742673,responsive
18,sedacao_leve,31,0.4730915935780395,0.6871669305846988,1.5968465357595845,responsive
18,sedacao_leve,32,0.45031770354633316,0.6852675918380785,1.5995759434878916,responsive
18,sedacao_leve,33,0.47130540612457233,0.7063914882828429,1.6275412012020172,responsive
18,sedacao_leve,34,0.5148685334619103,0.7319846340370547,1.5914340799977151,responsive
18,sedacao_leve,35,0.4936823656110637,0.7057213776056254,1.6671758131832377,responsive
18,sedacao_leve,36,0.4957166346552902,0.7055243332124123,1.668201137802418,responsive
18,sedacao_leve,37,0.4856941383886134,0.6943595710676082,1.4899880693094865,responsive
18,sedacao_leve,38,0.4239714386076924,0.6709306785328507,1.6367736905425638,responsive
18,sedacao_leve,39,0.46133252617604736,0.6887764075880596,1.6227632664537084,responsive
18,sedacao_leve,40,0.48822457061435853,0.7114104032608467,1.5694536955445197,responsive
18,sedacao_moderada,0,0.4963120304731126,0.7015998528684981,1.6175340828741864,responsive
18,sedacao_moderada,1,0.496163181518657,0.6974068697693542,1.5174287194910665,responsive
18,sedacao_moderada,2,0.49700665892723883,0.702899995798189,1.557964815216564,responsive
18,sedacao_moderada,3,0.49378159824736756,0.7002586636455723,1.6199190104461791,responsive
18,sedacao_moderada,4,0.5028117681510071,0.7014798554927147,1.5236629689789545,responsive
18,sedacao_moderada,5,0.5053422003767524,0.7052056274674338,1.5936178014317732,responsive
18,sedacao_moderada,6,0.504697188240778,0.7018769701964955,1.5225462824150688,responsive
18,sedacao_moderada,7,0.49254119029357085,0.6990375514359662,1.4585120166294983,responsive
18,sedacao_moderada,8,0.5114946238275836,0.6953154890139334,1.540907722618803,responsive
18,sedacao_moderada,9,0.5224598301391459,0.707732426490238,1.4789011591962586,responsive
18,sedacao_moderada,10,0.5305969063160518,0.7091817458695443,1.4476494268802536,responsive
18,sedacao_moderada,11,0.5444894753985743,0.7316140634468837,1.392594743148634,responsive
18,sedacao_moderada,12,0.5503442009404944,0.7272984013380862,1.5906793276970093,responsive
18,sedacao_moderada,13,0.5275703109087881,0.7112665131855387,1.5403441127127881,responsive
18,sedacao_moderada,14,0.5297038125893182,0.7178319256513065,1.5125897477789727,responsive
18,sedacao_moderada,15,0.5609620930249936,0.7309361641066755,1.4691197238302363,responsive
18,sedacao_moderada,16,0.5244940991833724,0.7234980988646604,1.64693015316388,responsive
18,sedacao_moderada,17,0.5221125159120829,0.7085009610182852,1.6508514651210315,responsive
18,sedacao_moderada,18,0.5457794996705227,0.718654419702262,1.5645455423803498,responsive
18,sedacao_moderada,19,0.5318869305880004,0.7279580461058295,1.5300289207343927,responsive
18,sedacao_moderada,20,0.5184905246869966,0.7262538736656595,1.5253317147591103,responsive
18,sedacao_moderada,21,0.5227079117299053,0.7267187945740322,1.5035126745701137,responsive
18,sedacao_moderada,22,0.5255360418645616,0.7238783109464552,1.6432704015580146,responsive
18,sedacao_moderada,23,0.5195820836863376,0.745441075406692,1.5183644218481802,responsive
18,sedacao_moderada,24,0.49799898529027614,0.7205739617040243,1.750962152549661,responsive
18,sedacao_moderada,25,0.489911525431522,0.7241859943583187,1.6909639006413424,responsive
18,sedacao_moderada,26,0.4862895342064358,0.7114340417834693,1.7072494079629967,responsive
18,sedacao_moderada,27,0.5066322246487007,0.7357183444989729,1.5160965795789494,responsive
18,sedacao_moderada,28,0.47775552748431493,0.7257718487766158,1.6413348915200656,responsive
18,sedacao_moderada,29,0.5339708159503788,0.7312444050331983,1.515063056781893,responsive
18,sedacao_moderada,30,0.47676320112127757,0.7267775851536589,1.627272636964308,responsive
18,sedacao_moderada,31,0.4518061930908891,0.7229280400105069,1.6743345438700583,responsive
18,sedacao_moderada,32,0.436325901827507,0.7088737218732731,1.6990288044453836,responsive
18,sedacao_moderada,33,0.4141970239317749,0.701977364784074,1.8599844604982982,responsive
18,sedacao_moderada,34,0.4032814339383644,0.7034045308175381,1.8381322878978779,responsive
18,sedacao_moderada,35,0.4226814143357439,0.7024224325375853,1.8531937183836187,responsive
18,sedacao_moderada,36,0.4380128566446705,0.6780029435962183,1.9250883780480177,responsive
18,sedacao_moderada,37,0.4590005592229097,0.6680902288598832,2.0142284784146547,responsive
18,sedacao_moderada,38,0.49353351665660816,0.7390350703235903,1.5327820432590142,responsive
18,sedacao_moderada,39,0.4663437743093858,0.7213702825253203,1.8236516611371762,responsive
18,recuperacao,0,0.4232271938354144,0.6826371041829394,1.5312307383818489,responsive
18,recuperacao,1,0.41891057415620214,0.6772179308778965,1.7479162768253618,responsive
18,recuperacao,2,0.4117658243423335,0.6725508164040502,1.6216315562303092,responsive
18,recuperacao,3,0.40814383311724733,0.6677716301681138,1.7428204826749212,responsive
18,recuperacao,4,0.43627628550935516,0.6788969838250052,1.6651874373633826,responsive
18,recuperacao,5,0.4134527791594969,0.6663178120145015,1.6332725337294935,responsive
18,recuperacao,6,0.4214410063819473,0.6731267525718743,1.6590968326673268,responsive
18,recuperacao,7,0.40734997202681744,0.6744420863402432,1.6124144128617186,responsive
18,recuperacao,8,0.4194563536558726,0.6707948514725742,1.6816981532037336,responsive
18,recuperacao,9,0.4198532842010876,0.6721903270242197,1.7100260373529215,responsive
18,recuperacao,10,0.4173724682934943,0.6653032914811671,1.632043600151427,responsive
18,recuperacao,11,0.42322719383541446,0.673927104601737,1.5838407294506653,responsive
18,recuperacao,12,0.41538781556741966,0.6753354271551992,1.6246387995755487,responsive
18,recuperacao,13,0.39946097744067083,0.6731462416682458,1.620565571908476,responsive
18,recuperacao,14,0.42213563483607336,0.6728016231585324,1.6732508063083404,responsive
18,recuperacao,15,0.40025483853110067,0.6766541126245424,1.6671820565813493,responsive
18,recuperacao,16,0.4271964992875637,0.6941622200922501,1.7289602534801745,responsive
18,recuperacao,17,0.4527985194539264,0.710135640445235,1.7393098072976487,responsive
18,recuperacao,18,0.44158523155160484,0.7145370456763658,1.7823026072767487,responsive
18,recuperacao,19,0.4520542746816486,0.7078193491814861,1.8956254893460898,responsive
18,recuperacao,20,0.42674995242419694,0.6672751357303232,1.6750508729066829,responsive
18,recuperacao,21,0.4158839787489384,0.6704751306299209,1.6558000555066317,responsive
18,recuperacao,22,0.41925788838326533,0.6758643338736646,1.7318498257714814,responsive
18,recuperacao,23,0.4209448432004287,0.6765724837836031,1.6389042119191692,responsive
18,recuperacao,24,0.41687630511197565,0.6717893551589978,1.6772166393502337,responsive
18,recuperacao,25,0.4238225896532368,0.6700681834048058,1.6732143142574092,responsive
18,recuperacao,26,0.42471568337997057,0.6809872319918072,1.690418019277074,responsive
18,recuperacao,27,0.414147407613623,0.6795097604229908,1.7746476710057435,responsive
18,recuperacao,28,0.4223837164268327,0.6704494080443533,1.7087494780008101,responsive
18,recuperacao,29,0.4184144109746835,0.6670678647593203,1.7103827822245619,responsive
18,recuperacao,30,0.4100292532070184,0.6633471499954742,1.7005253847460244,responsive
18,recuperacao,31,0.3818471844967586,0.6451112778091446,1.729519484238105,responsive
18,recuperacao,32,0.4199525168373913,0.6874628653285297,1.715804510514606,responsive
18,recuperacao,33,0.4347381796466473,0.6732502368880535,1.7282356544020772,responsive
18,recuperacao,34,0.4113688937971186,0.6653445808786569,1.6832237650697357,responsive
18,recuperacao,35,0.4151893502948123,0.6657788607555524,1.5929357666430042,responsive
18,recuperacao,36,0.4155862808400272,0.6744744674253289,1.6705591564458186,responsive
18,recuperacao,37,0.3879996079475897,0.6529884831818112,1.7402829328696252,responsive
18,recuperacao,38,0.41841441097468357,0.6758652099253192,1.6768012991757641,responsive
20,basal,0,0.38690804894824876,0.7468676564075479,1.591183799553686,responsive
20,basal,1,0.365374566870339,0.7387781934244411,1.7735606927647871,responsive
20,basal,2,0.36998888445846256,0.7380847196721593,1.6874236353032523,responsive
20,basal,3,0.3904308075370312,0.7307245265592343,1.7543786628487403,responsive
20,basal,4,0.3872057468571599,0.7300015188679322,1.7825820103798289,responsive
20,basal,5,0.39266354185386515,0.7397293309319191,1.6884879578133039,responsive
20,basal,6,0.4017929443938084,0.7495123927242092,1.6704776850331944,responsive
20,basal,7,0.37371010831985246,0.74941753800658,1.6852793509446242,responsive
20,basal,8,0.3777786464083055,0.7443480652085593,1.7613346941043109,responsive
20,basal,9,0.3576344212386481,0.7347837862305177,1.8067474204109202,responsive
20,basal,10,0.36353876309872,0.7427823617903229,1.681147487940136,responsive
20,basal,11,0.39613668412449576,0.7422991935802613,1.675286703829069,responsive
20,basal,12,0.3879003753112861,0.7348183015116388,1.669140545678876,responsive
20,basal,13,0.392713158172017,0.7254477185161083,1.7047112742998343,responsive
20,basal,14,0.3830379761324033,0.7340932889540208,1.752282579395801,responsive
20,basal,15,0.37941598490731704,0.7330694580451239,1.754366849970272,responsive
20,basal,16,0.39177044812713163,0.7322870095972863,1.7134556006322001,responsive
20,basal,17,0.3821448824056696,0.7337762322727049,1.6836229391060311,responsive
20,basal,18,0.3823433476782771,0.729295352458789,1.7275482727213956,responsive
20,basal,19,0.3785725074987354,0.7319222393348801,1.752453446556643,responsive
20,basal,20,0.3664165095515282,0.7354600696982454,1.7300461748696958,responsive
20,basal,21,0.37385895727430807,0.7314285735658426,1.752607561205088,responsive
20,basal,22,0.39281239080832075,0.7400210648849789,1.650829098343624,responsive
20,basal,23,0.3884461548109567,0.7294637279728634,1.67707643684958,responsive
20,basal,24,0.39296123976277625,0.7303186532961331,1.7839859640404607,responsive
20,basal,25,0.3733131777746376,0.7283419461484972,1.6983264591213403,responsive
20,basal,26,0.384576081995111,0.7201516210421489,1.7207955964283723,responsive
20,basal,27,0.37395818991061186,0.7358676101488327,1.6685220420943772,responsive
20,basal,28,0.37073312923074064,0.7326677730725025,1.6845052399695273,responsive
20,basal,29,0.3860149552215152,0.7266155248270459,1.7107055409892382,responsive
20,basal,30,0.3684011622776029,0.7335260499136939,1.6997949661121268,responsive
20,basal,31,0.3556497685125734,0.7338191467656686,1.7812574993402588,responsive
20,basal,32,0.3839806861772887,0.7243183781417282,1.641062201639797,responsive
20,basal,33,0.36522571791588354,0.7250733493777904,1.7562717446166642,responsive
20,basal,34,0.38343490667761804,0.721038349550698,1.7427840593470225,responsive
20,basal,35,0.36864924386836223,0.7266728196683867,1.7067385444460892,responsive
20,basal,36,0.37390857359245994,0.7315335729371388,1.7878947895368156,responsive
20,basal,37,0.3829387434960995,0.7291963139661669,1.7336337142210947,responsive
20,basal,38,0.37921751963470957,0.7226190751697484,1.792589263879279,responsive
20,basal,39,0.37549629577331955,0.7365120123796061,1.651744123134258,responsive
20,basal,40,0.3919192970815872,0.7275222631919759,1.725704287386514,responsive
20,sedacao_leve,0,0.4610348282671361,0.7542304708769116,1.460776452085836,responsive
20,sedacao_leve,1,0.4464972470486395,0.7363366453560976,1.5715079867709125,responsive
20,sedacao_leve,2,0.4259560913337671,0.7364979695511407,1.6337008238741024,responsive
20,sedacao_leve,3,0.4537908458169637,0.7411124385104538,1.549059563725838,responsive
20,sedacao_leve,4,0.429726931513309,0.7403809424530888,1.5128039157439743,responsive
20,sedacao_leve,5,0.4395013461892265,0.732742588236783,1.5888271026815401,responsive
20,sedacao_leve,6,0.4463483980941839,0.7422423412156206,1.5673572606250947,responsive
20,sedacao_leve,7,0.41796786411131676,0.7214121110073246,1.6247217198193311,responsive
20,sedacao_leve,8,0.42471568337997045,0.7291243546308731,1.6805834780208468,responsive
20,sedacao_leve,9,0.4251622302433372,0.7353632847811512,1.6292574437543446,responsive
20,sedacao_leve,10,0.42223486747237715,0.7363878241375017,1.6295591130901859,responsive
20,sedacao_leve,11,0.42754381351462684,0.7372460542899696,1.6791784126859797,responsive
20,sedacao_leve,12,0.4194563536558727,0.7406456789517787,1.629543155425006,responsive
20,sedacao_leve,13,0.4582066981324798,0.7610979461892157,1.5303852619678737,responsive
20,sedacao_leve,14,0.4467453286393989,0.7584213602785617,1.5388812972892683,responsive
20,sedacao_leve,15,0.434142783828825,0.7391147168930854,1.6491715320643037,responsive
20,sedacao_leve,16,0.43667321605457016,0.7580137967705034,1.613961027082941,responsive
20,sedacao_leve,17,0.43592897128229213,0.746760761233286,1.5754227335085358,responsive
20,sedacao_leve,18,0.4444629780044129,0.7551396904626307,1.6371950905369963,responsive
20,sedacao_leve,19,0.42749419719647497,0.7567365040017089,1.5997695670455105,responsive
20,sedacao_leve,20,0.4386082524624928,0.7446049457828797,1.6229194227549688,responsive
20,sedacao_leve,21,0.409731555298107,0.7375879555582175,1.681977343008316,responsive
20,sedacao_leve,22,0.42436836915290743,0.7438896967958789,1.6379938487270929,responsive
20,sedacao_leve,23,0.4241699038802999,0.741009331591949,1.702313764637535,responsive
20,sedacao_leve,24,0.44466144327702045,0.7405435471513973,1.6084200577309435,responsive
20,sedacao_leve,25,0.42476529969812227,0.7462760051536939,1.6789663159328148,responsive
20,sedacao_leve,26,0.4279903603779936,0.7399340035313792,1.6660458350126142,responsive
20,sedacao_leve,27,0.4289826867410308,0.7370863088489676,1.595153524766826,responsive
20,sedacao_leve,28,0.4660460764004745,0.7469678495331209,1.5740145965756922,responsive
20,sedacao_leve,29,0.44872998136547343,0.7520201728032138,1.6015417752719112,responsive
20,sedacao_leve,30,0.4638133420836406,0.7423241249405471,1.5751551892435878,responsive
20,sedacao_leve,31,0.44729110813906936,0.7344626374857717,1.6214075427021382,responsive
20,sedacao_leve,32,0.42952846624070146,0.741806617410615,1.562740379521981,responsive
20,sedacao_leve,33,0.458901326586606,0.7471150595892007,1.5132309625528406,responsive
20,sedacao_leve,34,0.45006962195557376,0.7460354775535437,1.5846764594469915,responsive
20,sedacao_leve,35,0.4356808896915329,0.7475049488605714,1.6066204323681443,responsive
20,sedacao_leve,36,0.41920827206511335,0.7476613434163689,1.6585283454986057,responsive
20,sedacao_leve,37,0.43592897128229213,0.7393458624985937,1.6826307502303288,responsive
20,sedacao_leve,38,0.4657483784915633,0.7427344057609706,1.5665705730514394,responsive
20,sedacao_leve,39,0.4499207730011182,0.7389741371179961,1.5707013800414371,responsive
20,sedacao_moderada,0,0.5295549636348627,0.7389266563262213,1.3979773982845263,responsive
20,sedacao_moderada,1,0.5268260661365102,0.7367318984393064,1.4708900781428256,responsive
20,sedacao_moderada,2,0.5346654444045047,0.7281257981058749,1.366789014279158,responsive
20,sedacao_moderada,3,0.5336731180414674,0.7278386408302643,1.370581957504312,responsive
20,sedacao_moderada,4,0.519135536822971,0.7307987305947601,1.4837937498248943,responsive
20,sedacao_moderada,5,0.5156127782341885,0.7401545437114987,1.5081103547991288,responsive
20,sedacao_moderada,6,0.5276695435450918,0.7363352320916028,1.4135389969621324,responsive
20,sedacao_moderada,7,0.5062352941034859,0.735290336404199,1.548861644656147,responsive
20,sedacao_moderada,8,0.5331273385417971,0.7303203454632,1.3664141671273293,responsive
20,sedacao_moderada,9,0.5274710782724844,0.7361201743418626,1.4965122554915675,responsive
20,sedacao_moderada,10,0.4993386258803765,0.7461309075570781,1.4604684275937736,responsive
20,sedacao_moderada,11,0.5396766925378434,0.7352143656053173,1.350044867772989,responsive
20,sedacao_moderada,12,0.5335242690870119,0.7357208258144672,1.4191788897295388,responsive
20,sedacao_moderada,13,0.5115938564638872,0.7445156059725311,1.4400682061404344,responsive
20,sedacao_moderada,14,0.5300015104982295,0.7361552833664425,1.460539024772791,responsive
20,sedacao_moderada,15,0.5188874552322116,0.740962859126973,1.4597648752593024,responsive
20,sedacao_moderada,16,0.44768803868428436,0.7333169134446386,1.592922660146115,responsive
20,sedacao_moderada,17,0.51352889287181,0.736051931852903,1.5280764702196112,responsive
20,sedacao_moderada,18,0.5290091841351922,0.7410128366377584,1.4605813607796914,responsive
20,sedacao_moderada,19,0.49497238988301234,0.7399966280930932,1.5323780619079443,responsive
20,sedacao_moderada,20,0.479889029164845,0.7428320593829483,1.6395843664329706,responsive
20,sedacao_moderada,21,0.4565197433153163,0.7428299411504141,1.6264266310207138,responsive
20,sedacao_moderada,22,0.4498711566829664,0.7478976195096175,1.6648320218533392,responsive
20,sedacao_moderada,23,0.4537412294988119,0.7423542111227497,1.6891274684253528,responsive
20,sedacao_moderada,24,0.4821713797998309,0.7299777501661707,1.6397509865358584,responsive
20,sedacao_moderada,25,0.4487795976836253,0.7488075505578498,1.6476073132266822,responsive
20,sedacao_moderada,26,0.45522971904336795,0.743450865325595,1.6101345731204488,responsive
20,sedacao_moderada,27,0.471057324533813,0.7295524519160553,1.6656990441339152,responsive
20,sedacao_moderada,28,0.5377912724480725,0.7352152858651341,1.474571826792875,responsive
20,sedacao_moderada,29,0.5252879602738023,0.74174756291431,1.4741045073900072,responsive
20,sedacao_moderada,30,0.4984455321536429,0.7597938773120528,1.4946873596215624,responsive
20,sedacao_moderada,31,0.5052925840586004,0.7482468965950437,1.5477389999483033,responsive
20,sedacao_moderada,32,0.48534682416155034,0.741525212891932,1.675179490542395,responsive
20,sedacao_moderada,33,0.47666396848497394,0.7574662025830167,1.5946768703685574,responsive
20,sedacao_moderada,34,0.45180619309088915,0.7340528772108001,1.7067024110046904,responsive
20,sedacao_moderada,35,0.5150173824163661,0.724619683042201,1.5893291643165492,responsive
20,sedacao_moderada,36,0.5270741477272695,0.7398003471454672,1.5080831299517814,responsive
20,sedacao_moderada,37,0.5159104761430997,0.7395087331224702,1.5340874069767274,responsive
20,sedacao_moderada,38,0.4883734195688142,0.7518933157859431,1.5862498281009747,responsive
20,sedacao_moderada,39,0.4475888060479805,0.7395164253160847,1.7029180518985156,responsive
20,recuperacao,0,0.4224829490631365,0.7537746361828577,1.5901500610926074,responsive
20,recuperacao,1,0.4280895930142974,0.7378997982575299,1.609095970188501,responsive
20,recuperacao,2,0.40749882098127305,0.7352301283513853,1.6896127954949052,responsive
20,recuperacao,3,0.39946097744067083,0.7332837676724799,1.6466922713447971,responsive
20,recuperacao,4,0.4090369268439809,0.7267316420936103,1.7064418909262797,responsive
20,recuperacao,5,0.40243795652978276,0.7241600161112934,1.7709146700912046,responsive
20,recuperacao,6,0.4032318176202126,0.7093261241071399,1.7469761204686833,responsive
20,recuperacao,7,0.39881596530469654,0.712365731767976,1.7905182604271497,responsive
20,recuperacao,8,0.39901443057730407,0.7201088945104943,1.793308783806175,responsive
20,recuperacao,9,0.40774690257203233,0.7017278777416963,1.6827476563254093,responsive
20,recuperacao,10,0.3842287677680481,0.7287952164443188,1.7459381823833044,responsive
20,recuperacao,11,0.4100292532070182,0.7183329901304351,1.73181958128153,responsive
20,recuperacao,12,0.4092353921165883,0.7355498469929296,1.5460817488016416,responsive
20,recuperacao,13,0.4158343624307864,0.7361729185475048,1.6801407949647154,responsive
20,recuperacao,14,0.41246045279645965,0.7261893710354984,1.7426232289630692,responsive
20,recuperacao,15,0.4106246490248405,0.7406282638749455,1.6575013235532643,responsive
20,recuperacao,16,0.4026364218023903,0.7414964415132872,1.6611196346407675,responsive
20,recuperacao,17,0.39767478998720357,0.7300160100272886,1.6621879802256927,responsive
20,recuperacao,18,0.4063080293456282,0.731261937232535,1.650391623306556,responsive
20,recuperacao,19,0.39995714062218934,0.7181330709067395,1.750945212098929,responsive
20,recuperacao,20,0.38963694644660135,0.7142611624616381,1.7027724568403693,responsive
20,recuperacao,21,0.40799498416279156,0.7264524480235991,1.6876275727822274,responsive
20,recuperacao,22,0.4031325849839088,0.7225712203852489,1.7315645449519113,responsive
20,recuperacao,23,0.39087735440039817,0.7309074964852558,1.7064449578918293,responsive
20,recuperacao,24,0.40392644607433875,0.7251885447019534,1.6836448675392692,responsive
20,recuperacao,25,0.39514435776145845,0.718817032777705,1.7657795694265184,responsive
20,recuperacao,26,0.4007013853944674,0.7153313891934279,1.7194865575579945,responsive
20,recuperacao,27,0.4008502343489231,0.7327892490558521,1.7361539875321785,responsive
20,recuperacao,28,0.40283488707499765,0.7331037646686926,1.684758260222387,responsive
20,recuperacao,29,0.4197044352466321,0.7299630304934092,1.6349352322362363,responsive
20,recuperacao,30,0.4034302828928201,0.7229397399857014,1.7453332214710011,responsive
20,recuperacao,31,0.3936062518987507,0.7124711983070702,1.7704505389438268,responsive
20,recuperacao,32,0.3869576652664007,0.7247285126544835,1.7399962486586789,responsive
20,recuperacao,33,0.40481953980107227,0.7276114697037324,1.7359104831471124,responsive
20,recuperacao,34,0.39251469289940966,0.7159363045861394,1.7712380794163347,responsive
20,recuperacao,35,0.39276277449016894,0.7055027064204084,1.7495035151314224,responsive
20,recuperacao,36,0.39226661130865026,0.717514470224086,1.7293678191238604,responsive
20,recuperacao,37,0.41171620802418174,0.730107263403055,1.6776434139035117,responsive
20,recuperacao,38,0.3900834933099682,0.7188235355045806,1.7653740383980918,responsive
20,recuperacao,39,0.3825914292690364,0.7147686804016966,1.7654108916019793,responsive
20,recuperacao,40,0.37261854932051136,0.7299394908784216,1.7916178619793817,responsive
20,recuperacao,41,0.41920827206511335,0.7253085186358689,1.6256873068215694,responsive
22,basal,0,0.47750744589355565,0.7096004972478771,1.527220181814231,responsive
22,basal,1,0.47294274462358393,0.7008514770466681,1.4715466204009209,responsive
22,basal,2,0.45140926254567426,0.7042579243570477,1.656311495095682,responsive
22,basal,3,0.4724465814420653,0.7151161990110446,1.4991150618661009,responsive
22,basal,4,0.49135039865792607,0.7113553284485884,1.561450989685211,responsive
22,basal,5,0.47711051534834076,0.7013373430117715,1.5741971223463855,responsive
22,basal,6,0.4624737014935403,0.7008727825201524,1.569243287516539,responsive
22,basal,7,0.4612332935397436,0.7021038897416362,1.655539465023206,responsive
22,basal,8,0.4710573245338131,0.7104033482641217,1.473547323251542,responsive
22,basal,9,0.490258839658585,0.7070537279347552,1.4560890638900454,responsive
22,basal,10,0.47214888353315404,0.7148212387647318,1.4873487723893837,responsive
22,basal,11,0.44783688763873986,0.7015051860599201,1.6434656668494676,responsive
22,basal,12,0.4556762659067346,0.7066016800394043,1.5380555431024634,responsive
22,basal,13,0.4886711174777253,0.7099040106681741,1.5065120143839446,responsive
22,basal,14,0.479938645482997,0.70118078609655,1.5215773834372137,responsive
22,basal,15,0.47462969944074734,0.7021093592374117,1.4438102329723985,responsive
22,basal,16,0.469618451307409,0.7077856132362016,1.6339613368444748,responsive
22,basal,17,0.46450797053776677,0.7100332297892414,1.5966892953131855,responsive
22,basal,18,0.4676834148994861,0.7120974561867817,1.4941779093334044,responsive
22,basal,19,0.47363737307771,0.7129327059661922,1.3828601215869556,responsive
22,basal,20,0.4722481161694578,0.7095493261390375,1.5579754834467916,responsive
22,basal,21,0.5012736622882992,0.7108923251323582,1.4511523170592113,responsive
22,basal,22,0.4930373534750896,0.7102259174430946,1.4136432185996495,responsive
22,basal,23,0.48827418693251046,0.6984299460638135,1.4334885142330267,responsive
22,basal,24,0.483262938799172,0.7024860060043667,1.490853289034282,responsive
22,basal,25,0.4582066981324798,0.7086820450006988,1.557784794680462,responsive
22,basal,26,0.47879747016550406,0.7014906543952677,1.653003721948643,responsive
22,basal,27,0.48961382752261073,0.7021803429136952,1.5099552706730346,responsive
22,basal,28,0.4692215207621939,0.7153728016757869,1.6371038579852537,responsive
22,basal,29,0.48827418693251046,0.7086448856165984,1.5114479042756748,responsive
22,basal,30,0.47780514380246675,0.7028659546363198,1.6101727103443362,responsive
22,basal,31,0.49770128738136493,0.7074133142102624,1.492425416087545,responsive
22,basal,32,0.47363737307771003,0.6958207945016008,1.66934366611863,responsive
22,basal,33,0.4648056684466778,0.6947124953797925,1.6488499539487405,responsive
22,basal,34,0.4714046387608761,0.6970819016236649,1.5658204380194352,responsive
22,basal,35,0.44456221064071666,0.6921445298675273,1.711155679898846,responsive
22,sedacao_leve,0,0.4583555470869354,0.7098578085813088,1.644601400513085,responsive
22,sedacao_leve,1,0.46197753831202165,0.705874326966451,1.781987611663674,responsive
22,sedacao_leve,2,0.44133714996084544,0.6981815394545977,1.8952795315196642,responsive
22,sedacao_leve,3,0.4512604135912186,0.707915558559205,1.7513318183054354,responsive
22,sedacao_leve,4,0.4661949253549302,0.7053402317140992,1.748695287833587,responsive
22,sedacao_leve,5,0.45681744122422757,0.7071629334680328,1.8468294299641201,responsive
22,sedacao_leve,6,0.45056578513709256,0.7105992392624584,1.694466968197343,responsive
22,sedacao_leve,7,0.45865324499584653,0.7035714578037598,1.7240083859829822,responsive
22,sedacao_leve,8,0.4657979948097153,0.7105587766765284,1.7436252083609984,responsive
22,sedacao_leve,9,0.4404440562341119,0.7103762847928403,1.7663399697442876,responsive
22,sedacao_leve,10,0.4826675429813496,0.716921367472476,1.6134159075236987,responsive
22,sedacao_leve,11,0.4580082328598724,0.7127419230021543,1.7252185487417158,responsive
22,sedacao_leve,12,0.4807821228915787,0.7074688369381612,1.7347956393922512,responsive
22,sedacao_leve,13,0.46425988894700737,0.709763341817886,1.7301270988708466,responsive
22,sedacao_leve,14,0.489216896977396,0.7195677336222862,1.4915584795372583,responsive
22,sedacao_leve,15,0.4790951680744154,0.7181532739313758,1.4416053325908458,responsive
22,sedacao_leve,16,0.5291084167714958,0.7204271272014902,1.3267838966281627,responsive
22,sedacao_leve,17,0.474728932077051,0.7068883661561151,1.5874274346944046,responsive
22,sedacao_leve,18,0.48341178775362764,0.7081963429193522,1.6382528108754983,responsive
22,sedacao_leve,19,0.4864383831608914,0.7153226638931628,1.4548574121298425,responsive
22,sedacao_leve,20,0.4943769940651898,0.7201997026268706,1.56224418394576,responsive
22,sedacao_leve,21,0.5021667560150327,0.7030044277986944,1.4593486801100648,responsive
22,sedacao_leve,22,0.48251869402689396,0.7185266840313129,1.670180244373209,responsive
22,sedacao_leve,23,0.5068306899213082,0.7167358212150758,1.4670461319084462,responsive
22,sedacao_leve,24,0.5009263480612361,0.7217112733952694,1.384163852055151,responsive
22,sedacao_leve,25,0.5222117485483866,0.7152615893076711,1.4423200711110191,responsive
22,sedacao_leve,26,0.49973555642559137,0.7199093398996425,1.581264737975301,responsive
22,sedacao_leve,27,0.492888504520634,0.7151921546370439,1.5497082005291603,responsive
22,sedacao_leve,28,0.49378159824736756,0.7125650144503411,1.5840500195279574,responsive
22,sedacao_leve,29,0.5031094660599182,0.7114591428902598,1.4850127729006783,responsive
22,sedacao_leve,30,0.5002317196071101,0.7193424811530882,1.3951021999202955,responsive
22,sedacao_leve,31,0.504697188240778,0.7083014706296791,1.489359731973194,responsive
22,sedacao_leve,32,0.4871330116150176,0.6968290451218492,1.6575945009477762,responsive
22,sedacao_leve,33,0.49685780997278317,0.7090566036640413,1.51172865297111,responsive
22,sedacao_leve,34,0.5090634242381421,0.7161982265183925,1.3459269491069905,responsive
22,sedacao_leve,35,0.5196317000044894,0.7071109239889062,1.3675247570921825,responsive
22,sedacao_leve,36,0.48514835888894287,0.6957210223680618,1.4147629990089077,responsive
22,sedacao_leve,37,0.49333505138400074,0.7033945234133627,1.384555513104706,responsive
22,sedacao_leve,38,0.5040025597866519,0.7067718243004223,1.393068080425751,responsive
22,sedacao_leve,39,0.5096588200559645,0.7129361073516713,1.4760365916290914,responsive
22,sedacao_leve,40,0.5531723310751508,0.726999162718298,1.1004556098025093,responsive
22,sedacao_moderada,0,0.513925823417025,0.7084356519156652,1.4148111591929609,responsive
22,sedacao_moderada,1,0.5175478146421112,0.7082483144497219,1.4452918886082673,responsive
22,sedacao_moderada,2,0.5141242886896323,0.7113940505555862,1.4225392187027814,responsive
22,sedacao_moderada,3,0.5184409083688447,0.7078437131769922,1.4202974437406288,responsive
22,sedacao_moderada,4,0.5114946238275835,0.7021063298485977,1.4576552737532253,responsive
22,sedacao_moderada,5,0.4917969455212929,0.6991094966409399,1.4864423483580362,responsive
22,sedacao_moderada,6,0.5066322246487008,0.7010329569406457,1.4836665655345271,responsive
22,sedacao_moderada,7,0.5125365665087728,0.7088727997041987,1.473591941893632,responsive
22,sedacao_moderada,8,0.5172501167332,0.7103675800926872,1.409969986515055,responsive
22,sedacao_moderada,9,0.4893161296136996,0.7081135902329581,1.5671262519967883,responsive
22,sedacao_moderada,10,0.48941536225000337,0.7035378822567467,1.4687115662868204,responsive
22,sedacao_moderada,11,0.5028613844691588,0.7081833242502811,1.5412884272392673,responsive
22,sedacao_moderada,12,0.4909038517945593,0.7060337461484482,1.5441349551701147,responsive
22,sedacao_moderada,13,0.5089641916018384,0.7129886666873753,1.5011538857635958,responsive
22,sedacao_moderada,14,0.4881749542962066,0.7082105764727903,1.5874139053199332,responsive
22,sedacao_moderada,15,0.4744312341681399,0.7054071249300334,1.6691328799386902,responsive
22,sedacao_moderada,16,0.45860362867769483,0.7078673804418542,1.716398719825046,responsive
22,sedacao_moderada,17,0.5192347694592746,0.7116623572770121,1.4240033758660446,responsive
22,sedacao_moderada,18,0.5237498544110943,0.7008816130020383,1.48772354141382,responsive
22,sedacao_moderada,19,0.5002813359252618,0.7026116392695168,1.5581410405885987,responsive
22,sedacao_moderada,20,0.4907550028401037,0.7045789810336885,1.455992532552656,responsive
22,sedacao_moderada,21,0.5236010054566388,0.7053073659686743,1.5012372570291428,responsive
22,sedacao_moderada,22,0.49348390033845635,0.7003160481457575,1.6015799462330804,responsive
22,sedacao_moderada,23,0.5057887472401189,0.705522968335745,1.531410766562753,responsive
22,sedacao_moderada,24,0.5206736426856788,0.7090673657574528,1.4003983760439942,responsive
22,sedacao_moderada,25,0.5050445024678409,0.711449619192275,1.4922832073062602,responsive
22,sedacao_moderada,26,0.5072276204665231,0.7019769001791076,1.5872511850913986,responsive
22,sedacao_moderada,27,0.5069795388757637,0.7037418304171089,1.486259029129028,responsive
22,sedacao_moderada,28,0.5121396359635577,0.6994209701185687,1.4597228690221202,responsive
22,sedacao_moderada,29,0.5177462799147186,0.7084714396071083,1.552496991600987,responsive
22,sedacao_moderada,30,0.5299022778619259,0.7097714934169671,1.4225621998553868,responsive
22,sedacao_moderada,31,0.4941785287925824,0.7028076474917381,1.485862625114136,responsive
22,sedacao_moderada,32,0.520921724276438,0.7072482867464461,1.4401184393579773,responsive
22,sedacao_moderada,33,0.5136777418262657,0.7090181000644642,1.43201684829283,responsive
22,sedacao_moderada,34,0.506136061467182,0.7057852396215454,1.5070100617803086,responsive
22,sedacao_moderada,35,0.5098076690104201,0.7029407985448904,1.4754504324788622,responsive
22,sedacao_moderada,36,0.5177462799147186,0.7083727185112424,1.4281793493171164,responsive
22,sedacao_moderada,37,0.5098076690104201,0.7068469435842145,1.4806159449955165,responsive
22,sedacao_moderada,38,0.48693454634240996,0.7036421590787764,1.4968786006180363,responsive
22,sedacao_moderada,39,0.5076245510117381,0.7091037206428524,1.4706184260738162,responsive
22,recuperacao,0,0.5227575280480571,0.7156862659431444,1.1942193808369084,responsive
22,recuperacao,1,0.49497238988301234,0.7111807818520721,1.2778036835984223,responsive
22,recuperacao,2,0.49497238988301234,0.701922261795474,1.3217228613111665,responsive
22,recuperacao,3,0.4918465618394448,0.7164620647442935,1.2815892219676401,responsive
22,recuperacao,4,0.4620271546301735,0.7082707128823752,1.3992060071308363,responsive
22,recuperacao,5,0.4795913312559339,0.7102225878148782,1.5281520281369971,responsive
22,recuperacao,6,0.49462507565594915,0.7077767665339553,1.4104595095457573,responsive
22,recuperacao,7,0.4693703697166496,0.7022154905590996,1.4963660285710134,responsive
22,recuperacao,8,0.4794920986196302,0.7046090767488413,1.382228071433677,responsive
22,recuperacao,9,0.5049452698315372,0.7083972716899912,1.250312258247251,responsive
22,recuperacao,10,0.4968081936546313,0.7080630461756389,1.3804716833148034,responsive
22,recuperacao,11,0.5219140506394754,0.7236558364969197,1.2082088792874746,responsive
22,recuperacao,12,0.5090634242381421,0.7160163967488253,1.0198830732020185,responsive
22,recuperacao,13,0.5015217438790587,0.7115238451859797,1.2445706832656382,responsive
22,recuperacao,14,0.5074757020572824,0.7102025981554116,1.2656224221390675,responsive
22,recuperacao,15,0.48936574593185156,0.7053699556367149,1.3627153004467867,responsive
22,recuperacao,16,0.4977012873813649,0.7008730633678338,1.3236838587718225,responsive
22,recuperacao,17,0.47596934003084773,0.6958407965186177,1.38681103621516,responsive
22,recuperacao,18,0.4443637453681093,0.7068484203647463,1.4766799408259108,responsive
22,recuperacao,19,0.4777555274843149,0.7098156532820182,1.334636122273099,responsive
22,recuperacao,20,0.49189617815759673,0.709287237679018,1.2933306042815316,responsive
22,recuperacao,21,0.509113040556294,0.7186176195842046,1.1979278121909263,responsive
22,recuperacao,22,0.4926900392480264,0.7138936757277295,1.2912770379003013,responsive
22,recuperacao,23,0.5136777418262656,0.7195284213883884,1.1852531896586593,responsive
22,recuperacao,24,0.5164562556427703,0.7167584872804539,1.0735255284623304,responsive
22,recuperacao,25,0.49546855306453086,0.7019787120672091,1.2681334985035924,responsive
22,recuperacao,26,0.49120154970347046,0.7132100283234952,1.253108262809529,responsive
22,recuperacao,27,0.5071780041483712,0.7148998880675244,1.2445371518738761,responsive
22,recuperacao,28,0.5049948861496891,0.7102502811488299,1.2034917505040175,responsive
22,recuperacao,29,0.5008271154249324,0.7075019466113316,1.2937993164687134,responsive
22,recuperacao,30,0.5068306899213082,0.7285686904375813,1.1864099793412113,responsive
22,recuperacao,31,0.5043498740137149,0.7291434103659491,1.10394620640198,responsive
22,recuperacao,32,0.5105022974645465,0.7205005316362143,1.142424470961588,responsive
22,recuperacao,33,0.5284634046355215,0.7368295528908313,1.0518612006602888,responsive
22,recuperacao,34,0.52761992722694,0.7317941980653075,1.0568922342513751,responsive
22,recuperacao,35,0.5248910297285873,0.7301806004277933,1.1032067845315434,responsive
22,recuperacao,36,0.5309938368612668,0.7239470809602696,1.1071931652350513,responsive
22,recuperacao,37,0.5075749346935862,0.7139038872450554,1.0652696241534076,responsive
22,recuperacao,38,0.5223109811846903,0.7242641632006638,1.109253797306796,responsive
23,basal,0,0.3506385203792349,0.6597383120797884,2.0515763704868117,responsive
23,basal,1,0.3426006768386327,0.6482349385239634,2.0544149621184884,responsive
23,basal,2,0.34150911783929166,0.6685458227171492,1.9870889218692807,responsive
23,basal,3,0.35207739360563906,0.6634214236593883,1.9626284515125605,responsive
23,basal,4,0.35173007937857603,0.6552663280946267,2.0188357462591213,responsive
23,basal,5,0.35728710701158495,0.6532627878625739,1.9547456116256507,responsive
23,basal,6,0.3560466990577883,0.6465147489223908,2.0808698985085146,responsive
23,basal,7,0.35371473210465065,0.655971429670443,2.0674597549717126,responsive
23,basal,8,0.3429976073838476,0.6272420270758443,2.0626044104346772,responsive
23,basal,9,0.34483341115546673,0.6532908439587547,2.0269278564456563,responsive
23,basal,10,0.3542108952861692,0.6517751265695573,2.048228187833481,responsive
23,basal,11,0.3439403174287331,0.6527332926815518,2.027256220747051,responsive
23,basal,12,0.35381396474095433,0.6545967606767341,1.9868043705495726,responsive
23,basal,13,0.3625960530538346,0.6484653858088808,1.9222659798065205,responsive
23,basal,14,0.3563940132848514,0.6445466537418091,2.027933172210624,responsive
23,basal,15,0.3412114199303805,0.6439544229214644,2.130657029337391,responsive
23,basal,16,0.352821638377917,0.6366413064945313,1.9577287364007623,responsive
23,basal,17,0.35078736933369054,0.632312662211956,2.0719787377779038,responsive
23,basal,18,0.34150911783929166,0.6347226680386545,2.0903328942440234,responsive
23,basal,19,0.34284875842939205,0.6361782699572333,1.9924839270199488,responsive
23,basal,20,0.3573863396478887,0.6423246125138211,1.948783356876743,responsive
23,basal,21,0.3506385203792349,0.6395263531930135,1.998403900763283,responsive
23,basal,22,0.36572188109740206,0.6474651629291857,1.974622324393747,responsive
23,basal,23,0.356542862239307,0.6532843105026628,1.9592898074626195,responsive
23,basal,24,0.34136026888483606,0.6225760587116665,2.064763175509683,responsive
23,basal,25,0.3496461940161976,0.6200529356655872,2.0040866273510822,responsive
23,basal,26,0.3427991421112402,0.6270636058849242,1.9820073951054922,responsive
23,basal,27,0.34587535383665585,0.6329432087453022,1.9795438849174616,responsive
23,basal,28,0.33724211447823127,0.6196279110773937,1.9205248005601432,responsive
23,basal,29,0.34438686429209986,0.632010263011462,2.01148995059641,responsive
23,basal,30,0.348405786062401,0.6304596377875291,1.9919763966443012,responsive
23,basal,31,0.3485546350168566,0.6261043087333245,1.9907665373103527,responsive
23,basal,32,0.34359300320167,0.6239360211054888,1.9661425017163099,responsive
23,basal,33,0.3549551400584473,0.6380728609138783,1.9913721188720415,responsive
23,basal,34,0.3453295743369853,0.6207466855185622,2.0202132615038004,responsive
23,basal,35,0.3392763835224577,0.6309643135115647,1.8936725205347413,responsive
23,basal,36,0.3578825028294073,0.6401671427026117,1.9417735957444415,responsive
23,basal,37,0.3533674178775876,0.6301352821011006,1.9514938901996002,responsive
23,basal,38,0.35693979278452187,0.636954249701717,1.90984617708682,responsive
23,basal,39,0.3441883990194924,0.6314879030244012,1.954178004051016,responsive
23,basal,40,0.35242470783270213,0.6286279698683579,1.9669685343839558,responsive
23,basal,41,0.34656998229078195,0.6350564085154172,1.9781544057816418,responsive
23,sedacao_leve,0,0.39668246362416637,0.6734245394532754,1.7555544957575098,responsive
23,sedacao_leve,1,0.37271778195681515,0.6532693988232664,1.9130177463589264,responsive
23,sedacao_leve,2,0.3943504966710286,0.6713986078234893,1.9677470051108048,responsive
23,sedacao_leve,3,0.39350701926244697,0.6761475000524654,1.8069976054062709,responsive
23,sedacao_leve,4,0.3836829882683774,0.6710748616267613,1.8644848647121328,responsive
23,sedacao_leve,5,0.3858164899489078,0.6700272697216672,1.9346978077756543,responsive
23,sedacao_leve,6,0.38427838408619985,0.6593545040036889,1.915656971408322,responsive
23,sedacao_leve,7,0.380160229679595,0.6658618865786584,1.853914095874047,responsive
23,sedacao_leve,8,0.3925643092175615,0.6711072078788066,1.9563944619246325,responsive
23,sedacao_leve,9,0.3749505162736491,0.6562897969631564,1.8452518480148314,responsive
23,sedacao_leve,10,0.37827480958982407,0.6632389245758687,1.9121451710612338,responsive
23,sedacao_leve,11,0.390877354400398,0.6745247386917148,1.9085480523805507,responsive
23,sedacao_leve,12,0.38785075899313415,0.664536651339586,1.8086499120774535,responsive
23,sedacao_leve,13,0.3915223665363723,0.6592149385704564,1.7661932155516369,responsive
23,sedacao_leve,14,0.3715269903211704,0.6556462451989192,1.8756241261475115,responsive
23,sedacao_leve,15,0.3821944987238215,0.6613145733134399,1.813519747920636,responsive
23,sedacao_leve,16,0.39271315817201713,0.660838860262862,1.7817754326006114,responsive
23,sedacao_leve,17,0.3717750719119297,0.6568964994690069,1.89200630570791,responsive
23,sedacao_leve,18,0.4032318176202126,0.671035467279928,1.7463302460867314,responsive
23,sedacao_leve,19,0.40705227411790634,0.6712393718973185,1.824117154741254,responsive
23,sedacao_leve,20,0.37832442590797594,0.6718468550749123,1.8870434762240873,responsive
23,sedacao_leve,21,0.38909116694693097,0.6698800829096504,1.8663685151794893,responsive
23,sedacao_leve,22,0.3856676409944522,0.6493840445699889,1.8624033245972123,responsive
23,sedacao_leve,23,0.3950451251251548,0.6599106470909272,1.8553485318144682,responsive
23,sedacao_leve,24,0.389438481173994,0.6641060440257265,1.889046234234645,responsive
23,sedacao_leve,25,0.4088880778895253,0.6698207545313977,1.8513968732942747,responsive
23,sedacao_leve,26,0.41399855865916746,0.6804936169625844,1.765252954618902,responsive
23,sedacao_leve,27,0.41712438670273505,0.6778799263197901,1.7770053976486648,responsive
23,sedacao_leve,28,0.40610956407302085,0.6746485244793408,1.787315762658432,responsive
23,sedacao_leve,29,0.3973770920782924,0.670155118930896,1.8188485957838394,responsive
23,sedacao_leve,30,0.3965336146697107,0.6686966153467607,1.811001258494584,responsive
23,sedacao_leve,31,0.4049683887555279,0.6671593257953529,1.7355774160575381,responsive
23,sedacao_leve,32,0.40605994775486887,0.6823433763732631,1.4619924048222668,responsive
23,sedacao_leve,33,0.3997090590314301,0.6891748128097154,1.7740269080552318,responsive
23,sedacao_leve,34,0.41191467329678916,0.6929675714904364,1.7490283542896334,responsive
23,sedacao_leve,35,0.384973012540326,0.6543649729132529,1.7822252684270483,responsive
23,sedacao_leve,36,0.38864462008356404,0.667692652887775,1.7991949992928884,responsive
23,sedacao_leve,37,0.38561802467630035,0.6742798497718185,1.8468147490102187,responsive
23,sedacao_leve,38,0.3918696807634353,0.6755011955302725,1.7946413140394661,responsive
23,sedacao_leve,39,0.395739753579281,0.6698330992702667,1.8901961210878,responsive
23,sedacao_moderada,0,0.485148358888943,0.7011409039099917,1.5974258135392183,responsive
23,sedacao_moderada,1,0.4772097479846444,0.6923894930746597,1.6241384834328363,responsive
23,sedacao_moderada,2,0.45002000563742206,0.6937977493455879,1.8321423079167678,responsive
23,sedacao_moderada,3,0.4644583542196148,0.6937006643081712,1.7186039417645946,responsive
23,sedacao_moderada,4,0.48504912625263924,0.6994863805527738,1.5525538370825063,responsive
23,sedacao_moderada,5,0.4769616663938851,0.6925673902858142,1.6575556652141705,responsive
23,sedacao_moderada,6,0.48832380325066227,0.7069478585900205,1.5934131048754991,responsive
23,sedacao_moderada,7,0.46366449312918495,0.6862836589493828,1.6749166068725487,responsive
23,sedacao_moderada,8,0.47284351198728014,0.700405617457018,1.6899110832750122,responsive
23,sedacao_moderada,9,0.4711069408519648,0.6919999399875866,1.6746781591808284,responsive
23,sedacao_moderada,10,0.4550312537707604,0.6821541119322841,1.7778573625503695,responsive
23,sedacao_moderada,11,0.48559490575230974,0.7046590556746353,1.6216460315022616,responsive
23,sedacao_moderada,12,0.4672864843542712,0.6915621159380175,1.8271539083316155,responsive
23,sedacao_moderada,13,0.47869823752920043,0.7041368506089505,1.7031164777300039,responsive
23,sedacao_moderada,14,0.47413353625922866,0.7044474107809511,1.8088345800105035,responsive
23,sedacao_moderada,15,0.4696680676255608,0.7063189450773695,1.7250101764001766,responsive
23,sedacao_moderada,16,0.46951921867110524,0.6967599591431791,1.6844476261175756,responsive
23,sedacao_moderada,17,0.45319544999914135,0.6996293925559529,1.8373300858608592,responsive
23,sedacao_moderada,18,0.481774449254616,0.7046987029128777,1.68297869313224,responsive
23,sedacao_moderada,19,0.46048904876746555,0.7117586174190833,1.6666610751138051,responsive
23,sedacao_moderada,20,0.44456221064071677,0.7104936126306446,1.7630126264474797,responsive
23,sedacao_moderada,21,0.42322719383541446,0.686341896261423,2.0613028798708286,responsive
23,sedacao_moderada,22,0.45002000563742206,0.7076067747414962,1.6032522645494278,responsive
23,sedacao_moderada,23,0.4243683691529074,0.6996091453499559,1.903951298338753,responsive
23,sedacao_moderada,24,0.4177693988387092,0.6844226352470542,1.862832477229006,responsive
23,sedacao_moderada,25,0.4211929247911879,0.6857213410211398,1.939320747142756,responsive
23,sedacao_moderada,26,0.4028348870749977,0.6987189107388883,1.8296067862940248,responsive
23,sedacao_moderada,27,0.41657860720306455,0.6645369928083615,2.0464269147041785,responsive
23,sedacao_moderada,28,0.4190594231106577,0.6967405806788208,1.7645406259036047,responsive
23,sedacao_moderada,29,0.4313146536941687,0.7037787583059912,1.8243660662531702,responsive
23,sedacao_moderada,30,0.42888345410472717,0.701442403345847,1.8414213034566551,responsive
23,sedacao_moderada,31,0.44381796586843875,0.6870263047736604,1.7145157461118918,responsive
23,sedacao_moderada,32,0.432257363739054,0.6847616093655265,1.8582112263929482,responsive
23,sedacao_moderada,33,0.4097811716162588,0.6945137205596157,2.074713168086706,responsive
23,sedacao_moderada,34,0.4308681068308018,0.6993539809215422,1.8919100406027114,responsive
23,sedacao_moderada,35,0.38958733012844954,0.68448585436132,1.9990392469502873,responsive
23,sedacao_moderada,36,0.39474742721624356,0.6823831448831142,1.916345944636719,responsive
23,sedacao_moderada,37,0.44570338595820974,0.6787488592547292,1.9396885027582171,responsive
23,sedacao_moderada,38,0.43979904409813764,0.72932343403834,1.7631273124199107,responsive
23,sedacao_moderada,39,0.4438675821865906,0.7198983587433707,1.6127185955096588,responsive
23,sedacao_moderada,40,0.4198036678829357,0.6893047616000333,1.8505014455336217,responsive
23,recuperacao,0,0.4471918755027656,0.7338681320297055,1.1820080153928467,responsive
23,recuperacao,1,0.4546343232255454,0.7315980068708842,1.2946458606293108,responsive
23,recuperacao,2,0.45676782490607565,0.7232651738821442,1.320109919954597,responsive
23,recuperacao,3,0.46907267180773843,0.7428300522879571,1.3136022985651055,responsive
23,recuperacao,4,0.4460010838671209,0.7263758924655418,1.2893614128467397,responsive
23,recuperacao,5,0.44585223491266524,0.7390341958686345,1.3541502585749274,responsive
23,recuperacao,6,0.45135964622752234,0.7331081369315209,1.251547458348911,responsive
23,recuperacao,7,0.4683780433536123,0.7303727770914018,1.1139511966586995,responsive
23,recuperacao,8,0.4804844249826675,0.7235323948300598,1.1555729875181053,responsive
23,recuperacao,9,0.502811768151007,0.7460741420361283,1.1173830309607595,responsive
23,recuperacao,10,0.4985447647899467,0.7531716763064029,1.0348610847514073,responsive
23,recuperacao,11,0.488373419568814,0.7249418751054335,1.1862120876822035,responsive
23,recuperacao,12,0.48306447352656456,0.7151238574145234,1.2822950784995302,responsive
23,recuperacao,13,0.4964112631094163,0.7291046211983442,1.1309083974261953,responsive
23,recuperacao,14,0.5100557506011795,0.7358317107942737,1.125252029782101,responsive
23,recuperacao,15,0.4926900392480264,0.729720902542764,1.4011260502352594,responsive
23,recuperacao,16,0.48490027729818347,0.7409418874254077,1.3273534575421984,responsive
23,recuperacao,17,0.48068289025527494,0.732793965456975,1.3926601672346295,responsive
23,recuperacao,18,0.45473355586184916,0.7037312041240402,1.424138650855934,responsive
23,recuperacao,19,0.4041745276650981,0.7000342951734673,1.4899124454490775,responsive
23,recuperacao,20,0.4227806469720476,0.7237168921682614,1.5048751563966005,responsive
23,recuperacao,21,0.47492739734965855,0.7127042599825912,1.270471993177828,responsive
23,recuperacao,22,0.42759342983277876,0.6952462950687862,1.3918365662491579,responsive
23,recuperacao,23,0.42426913651660364,0.6943439395566317,1.4115347495654682,responsive
23,recuperacao,24,0.4096819389799551,0.7104225696167757,1.4580379727590116,responsive
23,recuperacao,25,0.4389555666895558,0.7065473770727783,1.3541996071989153,responsive
23,recuperacao,26,0.468477275989916,0.7253844351758909,1.2233255103164948,responsive
23,recuperacao,27,0.4369212976453294,0.7167576384848501,1.2956903714260304,responsive
23,recuperacao,28,0.44014635832520066,0.7048152688923941,1.3845141938767531,responsive
23,recuperacao,29,0.4310665721034092,0.7353213033876511,1.579433625549395,responsive
23,recuperacao,30,0.43498626123740664,0.7409864625021471,1.4659123927227962,responsive
23,recuperacao,31,0.42674995242419694,0.7174657060331827,1.5790842033948338,responsive
23,recuperacao,32,0.4111704285245112,0.7059689234988215,1.5020497133049235,responsive
23,recuperacao,33,0.3982205694868741,0.6833321623091274,1.6777023225557748,responsive
23,recuperacao,34,0.4097315552981071,0.6999106347292446,1.4017335632202992,responsive
23,recuperacao,35,0.4249637649707298,0.7118802768728555,1.477193805801628,responsive
23,recuperacao,36,0.43027271101297937,0.7245623856747339,1.47058197087799,responsive
23,recuperacao,37,0.4366235997364182,0.72961224490697,1.4148155292617184,responsive
23,recuperacao,38,0.4383601708717335,0.7013212624728508,1.4873659293830692,responsive
23,recuperacao,39,0.45011923827372563,0.7299055329828723,1.3655737153977465,responsive
24,basal,0,0.4014952464848973,0.6815598334097973,1.6747351501634038,responsive
24,basal,1,0.3802098459977469,0.6726783546475265,1.9999075385572627,responsive
24,basal,2,0.3632410651898089,0.6550121612398666,2.053826526249184,responsive
24,basal,3,0.38978579540105707,0.6571905283209931,1.9114563961926903,responsive
24,basal,4,0.3976251736690517,0.6520549028697536,1.9207513366115556,responsive
24,basal,5,0.39291162344462455,0.6535878394802215,1.886575511686165,responsive
24,basal,6,0.3665653585059838,0.6421188615019988,1.9330003864015715,responsive
24,basal,7,0.3803586949522024,0.6491496452588861,1.877238671182469,responsive
24,basal,8,0.3828395108597956,0.6484735726713289,1.9237114578223558,responsive
24,basal,9,0.3829387434960995,0.6537370102334797,2.0110333315746747,responsive
24,basal,10,0.38492339622217414,0.6434586237853234,1.9639498470374004,responsive
24,basal,11,0.38403030249544057,0.661809048209635,1.8306994711145472,responsive
24,basal,12,0.3640349262802387,0.6519150170931399,1.912345636548613,responsive
24,basal,13,0.39132390126376493,0.6548357658359324,1.8929449096934718,responsive
24,basal,14,0.38189680081491034,0.638700564017387,2.0916952317560358,responsive
24,basal,15,0.37817557695352033,0.6476873479524784,1.975540703384918,responsive
24,basal,16,0.38804922426574157,0.6459003554363915,2.1088531766763943,responsive
24,basal,17,0.39226661130865026,0.6479949571928599,1.9159389398884943,responsive
24,basal,18,0.38204564976936595,0.6570057513772465,1.941143553123251,responsive
24,basal,19,0.35088660196999427,0.6718079358344448,2.0542510499562607,responsive
24,basal,20,0.36031370241884875,0.6592447438683173,2.093161927064995,responsive
24,basal,21,0.32935311989208454,0.6638334129940293,2.043028724864919,responsive
24,basal,22,0.34136026888483606,0.6637024253603767,2.0795464436909756,responsive
24,basal,23,0.3641837752346943,0.6584062436467766,1.9169742622725605,responsive
24,basal,24,0.3662676605970726,0.6786297956444914,1.8320526930881709,responsive
24,sedacao_leve,0,0.4324062126935096,0.7130515765099202,1.7059942368172993,responsive
24,sedacao_leve,1,0.4024875728479346,0.6741488558555158,1.7478342813214325,responsive
24,sedacao_leve,2,0.43721899555424054,0.6867065986822303,1.705995048335461,responsive
24,sedacao_leve,3,0.4224829490631365,0.6683624309920964,1.7131341906477566,responsive
24,sedacao_leve,4,0.41563589715817906,0.6690065104499885,1.8605215830316957,responsive
24,sedacao_leve,5,0.4243187528347555,0.6775030063781261,1.512881804476635,responsive
24,sedacao_leve,6,0.4339939348743694,0.6818635990322965,1.5639033429541884,responsive
24,sedacao_leve,7,0.4126589180690671,0.6657187060413212,1.6290165806643662,responsive
24,sedacao_leve,8,0.4075980536175767,0.6959209050677116,1.5183478936553365,responsive
24,sedacao_leve,9,0.4499703893192701,0.7008786257313275,1.2770132905634768,responsive
24,sedacao_leve,10,0.4453064554129947,0.6965766938418934,1.2388311102251626,responsive
24,sedacao_leve,11,0.40997963688886624,0.6869269258549429,1.5917273759830481,responsive
24,sedacao_leve,12,0.43806247296282236,0.6910124361731607,1.4386161898714203,responsive
24,sedacao_leve,13,0.4464972470486394,0.6943354801246356,1.4185243335265512,responsive
24,sedacao_leve,14,0.4131550812505857,0.678276123257089,1.7049461113445954,responsive
24,sedacao_leve,15,0.4323565963753578,0.6946438872591246,1.3982492220271538,responsive
24,sedacao_leve,16,0.4432225700506163,0.7003297227907751,1.6220198532401244,responsive
24,sedacao_leve,17,0.4331008411476357,0.6810418489107276,1.5871360861463188,responsive
24,sedacao_leve,18,0.42754381351462684,0.6819567753444293,1.5953683600908692,responsive
24,sedacao_leve,19,0.4351847265100141,0.6865013373864609,1.4422892291676643,responsive
24,sedacao_leve,20,0.3781259606353686,0.6590444013217988,1.8557494622674395,responsive
24,sedacao_leve,21,0.42962769887700525,0.6744101785627072,1.5210352904509488,responsive
24,sedacao_leve,22,0.4162809092941533,0.6698027569260188,1.648928473867273,responsive
24,sedacao_leve,23,0.41022771847962564,0.6718212134443284,1.5329135428064709,responsive
24,sedacao_leve,24,0.4251622302433372,0.6734989036996956,1.6821386293722906,responsive
24,sedacao_leve,25,0.41677707247567203,0.6760388865181494,1.4741743247193995,responsive
24,sedacao_leve,26,0.3979724878961149,0.6792507544272561,1.5863061569909078,responsive
24,sedacao_leve,27,0.43037194364928316,0.6871875329217886,1.3717022838565147,responsive
24,sedacao_leve,28,0.42322719383541446,0.6772148130007042,1.6078548428582864,responsive
24,sedacao_leve,29,0.43002462942222014,0.7050051420389579,1.4032591107769399,responsive
24,sedacao_leve,30,0.45423739268033053,0.7041674114978548,1.4123438499862648,responsive
24,sedacao_leve,31,0.4568174412242275,0.7074448509386825,1.274650769625765,responsive
24,sedacao_leve,32,0.47011461448892766,0.7040024400071375,1.2972967711852308,responsive
24,sedacao_leve,33,0.43840978718988544,0.6862385237220262,1.3631523034042583,responsive
24,sedacao_leve,34,0.43240621269350965,0.693128953771924,1.4280542497713542,responsive
24,sedacao_leve,35,0.4327039106024209,0.6832393285327005,1.501779949652963,responsive
24,sedacao_leve,36,0.4351351101918622,0.7025101847146252,1.5530759002858752,responsive
24,sedacao_moderada,0,0.45984403663149154,0.6866846662107814,1.6122348954785597,responsive
24,sedacao_moderada,1,0.44972230772851074,0.6868773315008331,1.6625787449974991,responsive
24,sedacao_moderada,2,0.4430737210961607,0.6817993777546303,1.6505484452847672,responsive
24,sedacao_moderada,3,0.43126503737601674,0.680182927499619,1.708191832077546,responsive
24,sedacao_moderada,4,0.4301238620585239,0.6711020192525702,1.8096179642003747,responsive
24,sedacao_moderada,5,0.46073713035822494,0.6984381310990909,1.7080755243241499,responsive
24,sedacao_moderada,6,0.46133252617604736,0.7013173858860674,1.7053841471033362,responsive
24,sedacao_moderada,7,0.4413371499608455,0.7005940869488152,1.66809791195751,responsive
24,sedacao_moderada,8,0.4321085147845985,0.6818176907695259,1.7240424160437997,responsive
24,sedacao_moderada,9,0.4421310110512753,0.6870388996408447,1.7071406493899823,responsive
24,sedacao_moderada,10,0.4406425215067193,0.6975246925929915,1.6598712422562645,responsive
24,sedacao_moderada,11,0.4324062126935096,0.6805555460533074,1.6756899507454595,responsive
24,sedacao_moderada,12,0.4431233374143126,0.6920916319827688,1.4021834295063906,responsive
24,sedacao_moderada,13,0.4526496704994708,0.693173434011441,1.5410594555332564,responsive
24,sedacao_moderada,14,0.469965765534472,0.7062867958798085,1.6003292055590048,responsive
24,sedacao_moderada,15,0.5115442401457354,0.7338858918601222,1.2614874840059784,responsive
24,sedacao_moderada,16,0.47110694085196486,0.7250156869052471,1.678937709258459,responsive
24,sedacao_moderada,17,0.4528481357720783,0.7229740413863829,1.7240739728989924,responsive
24,sedacao_moderada,18,0.46197753831202165,0.7191452731468155,1.564365927327674,responsive
24,sedacao_moderada,19,0.43379546960176185,0.7218550825310951,1.6869611585320503,responsive
24,sedacao_moderada,20,0.43726861187239247,0.7158883389358736,1.7748260562966907,responsive
24,sedacao_moderada,21,0.4450087575040836,0.7283765146147966,1.748036188557209,responsive
24,sedacao_moderada,22,0.48008749443745263,0.7018615593338103,1.7399863767654524,responsive
24,sedacao_moderada,23,0.4475888060479805,0.7154407067401828,1.6858468632065575,responsive
24,sedacao_moderada,24,0.4469437939120063,0.7232497377407772,1.7550920851919865,responsive
24,sedacao_moderada,25,0.42893307042287904,0.7108701452204149,1.831101138993412,responsive
24,sedacao_moderada,26,0.38502262885847793,0.6985167590080948,1.9844087500086243,responsive
24,sedacao_moderada,27,0.44332180268692006,0.69276019624957,1.8823013162916782,responsive
24,sedacao_moderada,28,0.39132390126376476,0.6854807981781293,2.0376816231737966,responsive
24,sedacao_moderada,29,0.3896369464466015,0.6632441269154634,2.109034549871169,responsive
24,sedacao_moderada,30,0.3928620071264726,0.677357553100571,2.129708993572148,responsive
24,sedacao_moderada,31,0.3865607347211858,0.670563849230704,2.1497534106060594,responsive
24,sedacao_moderada,32,0.3834349066776183,0.6681593098022869,2.1064637024349273,responsive
24,sedacao_moderada,33,0.394598578261788,0.6741382480839632,1.9927739518901841,responsive
24,sedacao_moderada,34,0.3839806861772887,0.6599552176343546,2.1886557435599214,responsive
24,sedacao_moderada,35,0.3993617448043671,0.6733959402635048,2.1030591450841873,responsive
24,sedacao_moderada,36,0.38715613053900816,0.6775851187238129,2.015195915205788,responsive
24,sedacao_moderada,37,0.3806067765429619,0.6875777876671362,2.0407989177035115,responsive
24,recuperacao,0,0.40328143393836446,0.6833287533033922,1.6810928113145833,responsive
24,recuperacao,1,0.41246045279645965,0.6814464861138659,1.6106462777336956,responsive
24,recuperacao,2,0.401247164894138,0.6613136177502166,1.8244631640698794,responsive
24,recuperacao,3,0.3959382188518884,0.6484570452735459,1.8736296092539197,responsive
24,recuperacao,4,0.3962855330789515,0.6505333199850589,1.8378572879972668,responsive
24,recuperacao,5,0.39117505230930927,0.6433993276843641,1.911638311370427,responsive
24,recuperacao,6,0.3875034447660712,0.6437444661780797,1.9735075685346533,responsive
24,recuperacao,7,0.3844768493588072,0.6444475894282261,1.9350477075539205,responsive
24,recuperacao,8,0.3879003753112861,0.6458993808237466,1.9428183404478823,responsive
24,recuperacao,9,0.3935566355805989,0.6397244459669627,1.9035314268910062,responsive
24,recuperacao,10,0.3831868250868588,0.6432059116272062,1.9760503282353064,responsive
24,recuperacao,11,0.3955909046248254,0.645880873607265,1.9413821396777502,responsive
24,recuperacao,12,0.3671607543238061,0.6658965333512586,1.8982833554954468,responsive
24,recuperacao,13,0.3797136828162282,0.7077026328914823,1.7584406625887523,responsive
24,recuperacao,14,0.40541493561889475,0.668107251156695,1.7325217037948801,responsive
24,recuperacao,15,0.4155366645218753,0.6637634569794812,1.7943906612186424,responsive
24,recuperacao,16,0.39539243935221796,0.6488444692414009,1.8447194606097679,responsive
24,recuperacao,17,0.4182655620202279,0.6566967043442995,1.6805918595296487,responsive
24,recuperacao,18,0.412658918069067,0.6592541707537409,1.7140164513813267,responsive
24,recuperacao,19,0.38551879203999645,0.6501701803198249,1.8765538236392487,responsive
24,recuperacao,20,0.40447222557400925,0.6549872593118665,1.8523622856438837,responsive
24,recuperacao,21,0.3995105937588226,0.6476171181482852,1.8433773664013822,responsive
24,recuperacao,22,0.40943385738919585,0.6509641237035787,1.775352722007189,responsive
24,recuperacao,23,0.39931212848621517,0.6601779472500126,1.6630586148404496,responsive
24,recuperacao,24,0.3863126531304264,0.6475196468127574,1.882595210402651,responsive
24,recuperacao,25,0.40849114734431036,0.6574297402565044,1.9155273960533448,responsive
24,recuperacao,26,0.403479899210972,0.6528882029414496,1.7654505137092709,responsive
24,recuperacao,27,0.40060215275816374,0.6518137705998706,1.800026089493122,responsive
24,recuperacao,28,0.39464819457993977,0.6618346107811816,1.835073588553447,responsive
24,recuperacao,29,0.38879346903801976,0.6358705671050353,2.0704327297449057,responsive
24,recuperacao,30,0.4092353921165883,0.6615020048075488,1.7401247106963875,responsive
24,recuperacao,31,0.3919689133997391,0.6651632185989896,1.9007402420831248,responsive
24,recuperacao,32,0.38651111840303387,0.6520363850719535,1.8842587958950072,responsive
24,recuperacao,33,0.39464819457993977,0.6578519529832041,1.900219709477757,responsive
24,recuperacao,34,0.3954916719885216,0.6671104448923405,1.7865195038859913,responsive
24,recuperacao,35,0.3786717401350391,0.6546601981298594,1.8925906113349051,responsive
24,recuperacao,36,0.40085023434892303,0.6815666998535993,1.7215958486398104,responsive
24,recuperacao,37,0.3985182673957854,0.6632949427182677,1.7020485791371749,responsive
24,recuperacao,38,0.4138993260228637,0.66751288265688,1.6983978131252877,responsive
24,recuperacao,39,0.4404440562341119,0.6796493139854188,1.640001279485078,responsive
24,recuperacao,40,0.4202998310644544,0.6793757571209426,1.4900759658792293,responsive
25,basal,0,0.4942777614288862,0.7550120540431977,1.2277278978849544,responsive
25,basal,1,0.4954189367463791,0.7574317081421679,1.2621980212478676,responsive
25,basal,2,0.48375910198069066,0.7530888551174351,1.2232432920022125,responsive
25,basal,3,0.46664147221829694,0.7519567391079441,1.2883009518846031,responsive
25,basal,4,0.4532946826354451,0.7467301597507431,1.225259110090395,responsive
25,basal,5,0.4640614236743999,0.7459940505476625,1.242547143423188,responsive
25,basal,6,0.5108992280097612,0.7430943858040929,1.1905895219599893,responsive
25,basal,7,0.48430488148036116,0.7515444260225322,1.2790925152670074,responsive
25,basal,8,0.5144716029166956,0.7474025062867307,1.078977448256023,responsive
25,basal,9,0.5057391309219672,0.7491571945235252,1.263146044536134,responsive
25,basal,10,0.49646087942756834,0.7478565656928597,1.2455231703062575,responsive
25,basal,11,0.5054414330130559,0.755222526001771,1.2252513482006158,responsive
25,basal,12,0.5189866878685153,0.7554200734134549,1.1459964112577459,responsive
25,basal,13,0.4904076886130407,0.7513682390595458,1.3221393443714664,responsive
25,basal,14,0.49144963129422975,0.7445647818232534,1.2581177780351283,responsive
25,basal,15,0.5060368288308783,0.747614243281039,1.1601032806857363,responsive
25,basal,16,0.4775074458935556,0.7546463131982576,1.0596432541059182,responsive
25,basal,17,0.49517085515561976,0.7525093401411677,1.1266623055619631,responsive
25,basal,18,0.5019186744242734,0.7574292902277695,1.0700449479461995,responsive
25,basal,19,0.4945754593377973,0.7641436032168283,1.0719978518862727,responsive
25,basal,20,0.49269003924802657,0.7613810327713822,1.014526642420465,responsive
25,basal,21,0.46490490108298166,0.7613476695108484,1.0678749262569516,responsive
25,basal,22,0.4812286697549456,0.7574563191773872,1.008194168589076,responsive
25,basal,23,0.5021667560150329,0.764704868744967,1.0036696313298392,responsive
25,basal,24,0.5257841234553208,0.7525825676451904,1.0212591924256278,responsive
25,basal,25,0.52389870336555,0.7626417211291198,0.9034992243789164,responsive
25,basal,26,0.5510388293946206,0.7677689860321487,0.9282179005239325,responsive
25,basal,27,0.5514853762579873,0.7632105229065342,0.8840158601530488,responsive
25,basal,28,0.5221125159120829,0.7534492957619526,1.046673296164111,responsive
25,basal,29,0.5284634046355217,0.7512260804699611,1.0341993878532665,responsive
25,basal,30,0.5419094268546772,0.7535671948501992,1.105825920418336,responsive
25,basal,31,0.5392797619926284,0.7563497743902083,0.9275040629682598,responsive
25,basal,32,0.5469702913061676,0.7573492784597405,0.972666575075729,responsive
25,basal,33,0.5338219669959231,0.7497421837346911,0.979066864523929,responsive
25,basal,34,0.523501772820335,0.7546367473280694,1.0952252882999005,responsive
25,basal,35,0.5415621126276141,0.765683137535115,0.9832843913398095,responsive
25,basal,36,0.5251887276374986,0.764567702652005,0.9545442254298367,responsive
25,sedacao_leve,0,0.5106511464190019,0.732972969572077,1.3225616813594547,responsive
25,sedacao_leve,1,0.5077237836480417,0.7360456595111837,1.316201636708878,responsive
25,sedacao_leve,2,0.5136281255081139,0.7363291541572645,1.2693942075015718,responsive
25,sedacao_leve,3,0.5558019959371996,0.7526471402332061,1.0509731475668773,responsive
25,sedacao_leve,4,0.5792208981048802,0.7553097412910402,0.8799083029030877,responsive
25,sedacao_leve,5,0.5226086790936015,0.7506183055446216,1.047997253749222,responsive
25,sedacao_leve,6,0.5428521368995627,0.7471153089833359,0.9706099290436808,responsive
25,sedacao_leve,7,0.5463252791701932,0.7560563383018611,0.9331446576705316,responsive
25,sedacao_leve,8,0.5597713013893489,0.757930170202273,0.9696605219513847,responsive
25,sedacao_leve,9,0.5577370323451224,0.751484325107204,0.9446430235491096,responsive
25,sedacao_leve,10,0.5493022582593052,0.7468411473806678,1.022215302408389,responsive
25,sedacao_leve,11,0.5374439582210094,0.7406094029982897,1.0659366916210233,responsive
25,sedacao_leve,12,0.559721685071197,0.756520231750683,0.9999527427622749,responsive
25,sedacao_leve,13,0.5468214423517119,0.7469589597343023,1.0567445031549372,responsive
25,sedacao_leve,14,0.5687518549748366,0.7561614442583972,0.9260959838006176,responsive
25,sedacao_leve,15,0.5834382851477888,0.7556976475359604,0.9523269915269159,responsive
25,sedacao_leve,16,0.5776827922421723,0.7550685905940665,0.9530096978739308,responsive
25,sedacao_leve,17,0.5287611025444328,0.7346028653935832,1.0233090444183996,responsive
25,sedacao_leve,18,0.5606643951160826,0.7528057643039114,1.0664646232282566,responsive
25,sedacao_leve,19,0.5632940599781313,0.7449263221114528,1.0238295224757763,responsive
25,sedacao_leve,20,0.5382378193114392,0.7439488238866002,1.1965015078921282,responsive
25,sedacao_leve,21,0.5369974113576426,0.734506043111462,1.0881037803116864,responsive
25,sedacao_leve,22,0.5331273385417971,0.7416173729963201,1.1327132711019294,responsive
25,sedacao_leve,23,0.5690991692018996,0.7559190089893031,0.9813880881723719,responsive
25,sedacao_leve,24,0.5669656675213695,0.7599499979757179,1.000381748640096,responsive
25,sedacao_leve,25,0.5605155461616269,0.7508314817663658,1.1107851695658315,responsive
25,sedacao_leve,26,0.5623017336150942,0.7502677341378191,1.0499857272033255,responsive
25,sedacao_leve,27,0.5430009858540183,0.7398985966552775,1.1383700429697718,responsive
25,sedacao_leve,28,0.5681068428388624,0.7499154051612549,1.0086816411874837,responsive
25,sedacao_leve,29,0.5377416561299206,0.7390957989425135,1.1529331036030126,responsive
25,sedacao_leve,30,0.5638398394778019,0.7491501794628528,0.9717717982849186,responsive
25,sedacao_leve,31,0.5295053473167108,0.7524739270852385,1.140557161389475,responsive
25,sedacao_leve,32,0.5491534093048496,0.7428420403389354,1.0980599178862331,responsive
25,sedacao_leve,33,0.535360072858631,0.7379790678534514,1.1130555079615665,responsive
25,sedacao_leve,34,0.532035779542456,0.7396981525387103,1.149765478374805,responsive
25,sedacao_leve,35,0.5457794996705227,0.7434076921123097,1.0928931133294795,responsive
25,sedacao_leve,36,0.5522792373484171,0.7498774721270571,1.0452119813086613,responsive
25,sedacao_leve,37,0.546077197579434,0.749521699253017,1.0729699079370607,responsive
25,sedacao_leve,38,0.5498480377589758,0.7539183262774356,0.9883396544566593,responsive
25,sedacao_moderada,0,0.5359058523583015,0.7230313546692868,1.2064007247579862,responsive
25,sedacao_moderada,1,0.5352112239041755,0.7222451649397141,1.237622539443148,responsive
25,sedacao_moderada,2,0.5083191794658641,0.714814890157266,1.223572345413424,responsive
25,sedacao_moderada,3,0.5031590823780702,0.7190411089766834,1.3958891339307598,responsive
25,sedacao_moderada,4,0.46862612494437167,0.705807760683146,1.6891479127118803,responsive
25,sedacao_moderada,5,0.4524015889087115,0.7006874587210092,1.8533188555923943,responsive
25,sedacao_moderada,6,0.4660956927186264,0.7036861829725616,1.757316690347965,responsive
25,sedacao_moderada,7,0.4193075047014171,0.6798431609952394,2.2051479029988945,responsive
25,sedacao_moderada,8,0.4613325261760472,0.6911271486493001,1.8389452884804451,responsive
25,sedacao_moderada,9,0.4569662901786832,0.6890344908437547,2.0320819864686723,responsive
25,sedacao_moderada,10,0.44019597464335253,0.6840775001970828,2.150269704185893,responsive
25,sedacao_moderada,11,0.46430950526515935,0.6835034714599589,1.8088018311680494,responsive
25,sedacao_moderada,12,0.4572143717694426,0.6864028470120981,1.876059441595103,responsive
25,sedacao_moderada,13,0.40670495989084315,0.6722418634840319,2.025697702692162,responsive
25,sedacao_moderada,14,0.4413371499608455,0.6656357250002234,2.0239433440787575,responsive
25,sedacao_moderada,15,0.4312650373760167,0.6640162422370106,1.9508039301682722,responsive
25,sedacao_moderada,16,0.4398486604162895,0.670475377194822,1.9459315982663155,responsive
25,sedacao_moderada,17,0.42779189510538607,0.6669482074625402,1.9606864819428982,responsive
25,sedacao_moderada,18,0.4257576260611596,0.6730131701100894,1.9776731240080392,responsive
25,sedacao_moderada,19,0.43017347837667563,0.67121211448263,1.8771993540500282,responsive
25,sedacao_moderada,20,0.4121627548875484,0.6708856233589453,1.9369715098144789,responsive
25,sedacao_moderada,21,0.5300015104982294,0.7525190960910438,1.0306219311423586,responsive
25,sedacao_moderada,22,0.5632444436599794,0.7456096869919214,1.1278525796499137,responsive
25,sedacao_moderada,23,0.5432490674447776,0.7534297542368228,0.841034221519248,responsive
25,sedacao_moderada,24,0.5259825887279285,0.746211031430878,1.046240787136204,responsive
25,sedacao_moderada,25,0.5019186744242735,0.7270222855075462,1.379982206036051,responsive
25,sedacao_moderada,26,0.5010255806975399,0.723533510043062,1.341767662931954,responsive
25,sedacao_moderada,27,0.4970562752453907,0.7188394370658814,1.289833763531854,responsive
25,sedacao_moderada,28,0.46416065631070363,0.7237976111090298,1.580750270370848,responsive
25,sedacao_moderada,29,0.4520542746816485,0.7242193613296527,1.5086192452705525,responsive
25,sedacao_moderada,30,0.4387074850987966,0.693835659913513,1.640683335797999,responsive
25,sedacao_moderada,31,0.42114330847303605,0.6909727109880971,1.5922327631919426,responsive
25,sedacao_moderada,32,0.4394021135529226,0.697793947040188,1.7225406998366144,responsive
25,sedacao_moderada,33,0.4145939544769899,0.6908657850829749,1.7397780961809595,responsive
25,sedacao_moderada,34,0.42913153569548645,0.6931894547806378,1.6192022342063808,responsive
25,sedacao_moderada,35,0.3955909046248254,0.7174027934758906,1.5279204395780324,responsive
25,recuperacao,0,0.4956174020189865,0.7359095581797681,1.2864794942428956,responsive
25,recuperacao,1,0.520574410049375,0.7397463857278933,1.1610302509966677,responsive
25,recuperacao,2,0.5102542158737869,0.7313323628861238,1.1925529583568557,responsive
25,recuperacao,3,0.5322838611332152,0.7505466826354161,1.235274325283229,responsive
25,recuperacao,4,0.519036304186667,0.739492503639194,1.067827377118869,responsive
25,recuperacao,5,0.5328296406328858,0.7590593601705424,1.046954270777252,responsive
25,recuperacao,6,0.5134792765536581,0.7415050386989629,1.1350546493027378,responsive
25,recuperacao,7,0.5053918166949041,0.7440783725267667,1.2066923597525745,responsive
25,recuperacao,8,0.48569413838861336,0.7376015560595968,1.2972711086420459,responsive
25,recuperacao,9,0.5239979360018537,0.7461186798984961,1.1602639178520335,responsive
25,recuperacao,10,0.4909534681127112,0.7271946186575035,1.274404334180917,responsive
25,recuperacao,11,0.5054910493312077,0.734629078358726,1.3312840784908477,responsive
25,recuperacao,12,0.5041017924229556,0.7356733073461493,1.2619125020731818,responsive
25,recuperacao,13,0.5069299225576119,0.7283886680068261,1.2082538203178688,responsive
25,recuperacao,14,0.5130327296902913,0.7394260288321188,1.2122319798765913,responsive
25,recuperacao,15,0.5014721275609066,0.7369245379686602,1.215281654999439,responsive
25,recuperacao,16,0.48529720784339836,0.7288207193117577,1.3225899856536047,responsive
25,recuperacao,17,0.5274214619543325,0.7427912146405115,1.164851051829177,responsive
25,recuperacao,18,0.5272229966817249,0.7572538972504876,1.138156663512849,responsive
25,recuperacao,19,0.5302992084071407,0.7435005866966126,1.2104707731171438,responsive
25,recuperacao,20,0.48559490575230974,0.7382133954533598,1.3491943923705911,responsive
25,recuperacao,21,0.49060615388564804,0.7265245838911425,1.294188870178455,responsive
25,recuperacao,22,0.508021481556953,0.7397025248857938,1.2846716737223707,responsive
25,recuperacao,23,0.5217652016850197,0.7533229270458528,1.1336237524913353,responsive
25,recuperacao,24,0.49581586729159405,0.7375335654791416,1.2388176477685335,responsive
25,recuperacao,25,0.5026629191965515,0.7362983050024954,1.2954400594671973,responsive
25,recuperacao,26,0.459992885585947,0.72067538698389,1.5524969039784322,responsive
25,recuperacao,27,0.516902802506137,0.7524044635509405,1.2310900672165455,responsive
25,recuperacao,28,0.5056895146038152,0.7426014897574879,1.1806195154026398,responsive
25,recuperacao,29,0.5221125159120827,0.7533240944566221,1.1061851824574274,responsive
25,recuperacao,30,0.4342420164651286,0.6987656147298005,1.594608098704028,responsive
25,recuperacao,31,0.5132808112810509,0.7411072636977707,1.1905228003713832,responsive
25,recuperacao,32,0.5000332543345025,0.7444834843567072,1.3072532995446953,responsive
25,recuperacao,33,0.530894604224963,0.7552607642695048,1.1127651851295899,responsive
26,basal,0,0.4598936529496433,0.6965420647350562,1.4007052418856285,drowsy
26,basal,1,0.4425279415964903,0.6988594518437615,1.5855172293755815,drowsy
26,basal,2,0.43821132191727785,0.685224671815343,1.6013259863660172,drowsy
26,basal,3,0.4398486604162895,0.6884664572980289,1.5621906538590056,drowsy
26,basal,4,0.4267499524241969,0.6806111694499731,1.614899378594515,drowsy
26,basal,5,0.4424783252783384,0.6872241305594151,1.5164578172603025,drowsy
26,basal,6,0.436325901827507,0.6834937190243335,1.6508152760056054,drowsy
26,basal,7,0.43672283237272197,0.6928024911457292,1.5764416850771412,drowsy
26,basal,8,0.4256087771067041,0.6762654073588359,1.6202336230945569,drowsy
26,basal,9,0.4288338377865753,0.6717455628632022,1.7259239973559013,drowsy
26,basal,10,0.42362412438062946,0.6679846123711581,1.7126770474416408,drowsy
26,basal,11,0.42714688296941195,0.6837974547474658,1.6537637869488095,drowsy
26,basal,12,0.45294736840838196,0.6905648857783768,1.5055984060377696,drowsy
26,basal,13,0.4402952072796562,0.6821760819181113,1.5637410600194241,drowsy
26,basal,14,0.43716937923608873,0.681564640858393,1.6445223315532405,drowsy
26,basal,15,0.4306200252400425,0.6851756237544874,1.6779521699678148,drowsy
26,basal,16,0.4277422787872344,0.6859474196168586,1.694692131397947,drowsy
26,basal,17,0.4165289908849127,0.6807749325398245,1.7060462619941263,drowsy
26,basal,18,0.4392532645984671,0.6905554406238522,1.5812511780983767,drowsy
26,basal,19,0.44113868468823797,0.6802638522848982,1.6845839359323536,drowsy
26,basal,20,0.43141388633047234,0.6853668741365498,1.695315460880595,drowsy
26,basal,21,0.4123612201601559,0.6727349069442596,1.6751717724861546,drowsy
26,basal,22,0.45046655250078876,0.6970673865187247,1.6040311506918619,drowsy
26,basal,23,0.45369161318066,0.6937788432914603,1.588637356347305,drowsy
26,basal,24,0.4318604331938391,0.6992640785024925,1.6358747991018945,drowsy
26,basal,25,0.43320007378393943,0.688233627486642,1.5804203163605821,drowsy
26,basal,26,0.4229294959265033,0.673532103192555,1.7482129450218789,drowsy
26,basal,27,0.42451721810736304,0.6826506293734937,1.6626899932325327,drowsy
26,basal,28,0.4206967616096694,0.6741358322291556,1.6990986629296074,drowsy
26,basal,29,0.4324558290116615,0.6859580414479042,1.5642898373722904,drowsy
26,basal,30,0.4350854938737103,0.6825900114660826,1.685187839195011,drowsy
26,basal,31,0.4240210549258444,0.6739664014872626,1.7267237318836186,drowsy
26,basal,32,0.43052079260373877,0.678140629830537,1.5468249481311416,drowsy
26,basal,33,0.4320092821482947,0.6794910755816755,1.7218340985414915,drowsy
26,basal,34,0.4247652996981223,0.6892268982589483,1.6029231457557924,drowsy
26,basal,35,0.44396681482289435,0.6920759167625679,1.594082305332802,drowsy
26,basal,36,0.42560877710670414,0.6833196485508546,1.7248453920028637,drowsy
26,basal,37,0.4157847461126346,0.6758274617426396,1.758925606713181,drowsy
26,basal,38,0.4298757804677645,0.6924958876272728,1.654444764159511,drowsy
26,basal,39,0.4448599085496279,0.6956799176477,1.6621108004576866,drowsy
26,basal,40,0.4388563340532522,0.6960280863263902,1.5675081633199093,drowsy
26,basal,41,0.4390051830077078,0.693457142939481,1.5451713139636487,drowsy
26,sedacao_leve,0,0.459248640813669,0.6983719390599018,1.3495187303231702,drowsy
26,sedacao_leve,1,0.44416528009550177,0.6860467755925314,1.5424390935611818,drowsy
26,sedacao_leve,2,0.4294788499225495,0.6676171316328151,1.667171474290768,drowsy
26,sedacao_leve,3,0.41737246829349434,0.6703602424607796,1.7437059397743049,drowsy
26,sedacao_leve,4,0.42942923360439766,0.6771997305730407,1.6530494585879272,drowsy
26,sedacao_leve,5,0.4283376746050566,0.6697363261970748,1.6991667468045257,drowsy
26,sedacao_leve,6,0.41285738334167454,0.6699001689214845,1.6698193829870762,drowsy
26,sedacao_leve,7,0.4357305060096846,0.6830847032451567,1.6899461754100296,drowsy
26,sedacao_leve,8,0.43404355119252114,0.6760757377680354,1.6990654372241014,drowsy
26,sedacao_leve,9,0.43453971437403993,0.6784035602490581,1.6609657436850764,drowsy
26,sedacao_leve,10,0.41513973397666043,0.670883410319869,1.633321295796869,drowsy
26,sedacao_leve,11,0.44545530436745023,0.6807759082732091,1.6254274380038662,drowsy
26,sedacao_leve,12,0.4255591607885521,0.6727870951661808,1.6626213746051774,drowsy
26,sedacao_leve,13,0.42362412438062946,0.6713852791552781,1.7706978703095484,drowsy
26,sedacao_leve,14,0.4142466402499268,0.6730640071126063,1.670765084038532,drowsy
26,sedacao_leve,15,0.45150849518197783,0.6858164968491876,1.613255469269186,drowsy
26,sedacao_leve,16,0.4336466206473062,0.6714302830946425,1.7080662368913755,drowsy
26,sedacao_leve,17,0.4135520117958006,0.6709204994659338,1.6933861427890744,drowsy
26,sedacao_leve,18,0.42044868001891,0.6857562473260124,1.7120888498627387,drowsy
26,sedacao_leve,19,0.4418333131423641,0.7188463851563809,1.7033617210096064,drowsy
26,sedacao_leve,20,0.4399478930525933,0.7046690371705231,1.6436376489864886,drowsy
26,sedacao_leve,21,0.4632675625839701,0.6830349127417953,1.5212490332383075,drowsy
26,sedacao_leve,22,0.4441652800955019,0.6844405563405411,1.6949002705527505,drowsy
26,sedacao_leve,23,0.44466144327702045,0.7050233471640333,1.5892095041514627,drowsy
26,sedacao_leve,24,0.44203177841497165,0.7213362003110783,1.5844088816072344,drowsy
26,sedacao_leve,25,0.43324969010209136,0.7247953991470092,1.7554755500692896,drowsy
26,sedacao_leve,26,0.4097811716162588,0.7156923549973707,1.76693559081706,drowsy
26,sedacao_leve,27,0.45418777636217866,0.6851621933711816,1.586844959981858,drowsy
26,sedacao_leve,28,0.4465468633667914,0.6863988511000253,1.6212740196024913,drowsy
26,sedacao_leve,29,0.44356988427767935,0.6934347701668614,1.6957276800352543,drowsy
26,sedacao_leve,30,0.4580578491780243,0.710292740293153,1.5450584254861766,drowsy
26,sedacao_leve,31,0.4445125943225649,0.6859702757428877,1.5871692467963627,drowsy
26,sedacao_leve,32,0.469221520762194,0.6897174732228144,1.6278628399356267,drowsy
26,sedacao_leve,33,0.46391257471994435,0.7052304827537564,1.6335695083148787,drowsy
26,sedacao_leve,34,0.4525504378631672,0.6849714740879677,1.673807321149193,drowsy
26,sedacao_leve,35,0.4398982767344414,0.703833568696638,1.81417834702369,drowsy
26,sedacao_leve,36,0.4210440758367324,0.7374324485771563,1.6610270932024032,drowsy
26,sedacao_leve,37,0.4117658243423335,0.7173214915364324,1.8532357330598794,drowsy
26,sedacao_leve,38,0.42094484320042863,0.7056997309512302,1.9131629223708144,drowsy
26,sedacao_leve,39,0.4332993064202432,0.6774043397465888,1.7117540004899374,drowsy
26,sedacao_leve,40,0.44257755791464204,0.6769424216020051,1.6662222615097135,drowsy
26,sedacao_leve,41,0.4332000737839395,0.7231103396786762,1.6414759574236009,drowsy
26,sedacao_moderada,0,0.4635652604928814,0.6955759978765688,1.5968346601462435,drowsy
26,sedacao_moderada,1,0.4735381404414064,0.6890123179585468,1.6360902592462192,drowsy
26,sedacao_moderada,2,0.4467949449575507,0.6790436782800733,1.7400190704239467,drowsy
26,sedacao_moderada,3,0.4408409867793268,0.673243516043206,1.861345517429301,drowsy
26,sedacao_moderada,4,0.4471422591846138,0.6763391285294887,1.784885703935945,drowsy
26,sedacao_moderada,5,0.42630340556083013,0.6678552746698581,1.8466232408048888,drowsy
26,sedacao_moderada,6,0.4327535269205728,0.6779320286593087,1.8181398396871111,drowsy
26,sedacao_moderada,7,0.43915403196216346,0.675431659701572,1.7465166543961843,drowsy
26,sedacao_moderada,8,0.45036731986448497,0.7022690413721605,1.8231890641170903,drowsy
26,sedacao_moderada,9,0.4585043960413909,0.7107860831588387,1.6763820729674836,drowsy
26,sedacao_moderada,10,0.4539893110895713,0.6927034270571929,1.9401923627404005,drowsy
26,sedacao_moderada,11,0.4200517494736951,0.6910364546218096,1.8564123870898295,drowsy
26,sedacao_moderada,12,0.43885633405325214,0.7079370638096241,1.8414201338519507,drowsy
26,sedacao_moderada,13,0.41087273061559987,0.6807423031689669,2.1230087683580847,drowsy
26,sedacao_moderada,14,0.4410394520519343,0.6898948529570732,1.9691332533207058,drowsy
26,sedacao_moderada,15,0.4406425215067193,0.6890931902768359,1.929951791970954,drowsy
26,sedacao_moderada,16,0.41136889379711855,0.6827490882149347,2.0154903649499314,drowsy
26,sedacao_moderada,17,0.4223341001086809,0.6759042083713178,2.0882467744045865,drowsy
26,sedacao_moderada,18,0.38298835981425144,0.6819323918304017,2.138612144759214,drowsy
26,sedacao_moderada,19,0.4546343232255454,0.6916347232768584,1.7561531129356345,drowsy
26,sedacao_moderada,20,0.4345893306921917,0.6809932685312415,2.0411768604739597,drowsy
26,sedacao_moderada,21,0.4188113415198984,0.698691447732037,2.0296399261619644,drowsy
26,sedacao_moderada,22,0.4419325457786677,0.6834681609653075,1.9554846273454625,drowsy
26,sedacao_moderada,23,0.4351847265100141,0.6800314070197163,1.9625559417921978,drowsy
26,sedacao_moderada,24,0.42526146287964095,0.6971296867582564,1.941023184558994,drowsy
26,sedacao_moderada,25,0.4276926624690824,0.6925370863332502,1.8849599361170526,drowsy
26,sedacao_moderada,26,0.41201390593309284,0.6819110271725151,2.10430835289628,drowsy
26,sedacao_moderada,27,0.431910049511991,0.6799495173809963,1.9666883566020543,drowsy
26,sedacao_moderada,28,0.44272640686909764,0.6861586620506726,1.8828167039729398,drowsy
26,sedacao_moderada,29,0.41776939883870934,0.6761855466388058,2.047360159108785,drowsy
26,sedacao_moderada,30,0.37926713595286154,0.6633366333389235,2.290886152687835,drowsy
26,sedacao_moderada,31,0.3232006964412532,0.6605767016446603,2.4341343052062645,drowsy
26,sedacao_moderada,32,0.4243683691529074,0.6967186265533079,1.9247842208476396,drowsy
26,sedacao_moderada,33,0.4052164703462872,0.6806295263414787,2.1774507807449,drowsy
26,sedacao_moderada,34,0.4209944595185806,0.675889319696323,2.138571224279664,drowsy
26,sedacao_moderada,35,0.43255506164796526,0.6776676854987462,2.016637148410051,drowsy
26,sedacao_moderada,36,0.40794536784463986,0.6795572127774488,2.1232983414368944,drowsy
26,sedacao_moderada,37,0.4102773347977775,0.676532870291062,2.153981007828922,drowsy
26,sedacao_moderada,38,0.4148420360677492,0.6871761176255333,2.0100370981080293,drowsy
26,sedacao_moderada,39,0.38398068617728875,0.6777168887729487,2.199037602653096,drowsy
26,recuperacao,0,0.4203494473826063,0.6739329945571799,1.5643891280296138,drowsy
26,recuperacao,1,0.42198678588161787,0.6634628294081175,1.6805411650061648,drowsy
26,recuperacao,2,0.408243065753551,0.6599387582659381,1.7474462037445495,drowsy
26,recuperacao,3,0.4092850084347403,0.6588302469713081,1.7443040390867834,drowsy
26,recuperacao,4,0.4018425607119604,0.6626233384727028,1.7456599022372867,drowsy
26,recuperacao,5,0.406407261981932,0.6543614317261383,1.7449030031601427,drowsy
26,recuperacao,6,0.39732747576014055,0.6556960966637584,1.859390974342376,drowsy
26,recuperacao,7,0.3948466598525473,0.6587186171529813,1.734911468013607,drowsy
26,recuperacao,8,0.4146931871132935,0.6658937880511745,1.6962859429269401,drowsy
26,recuperacao,9,0.4161320603396976,0.6690617473881477,1.67186466598098,drowsy
26,recuperacao,10,0.41409779129547114,0.6661622717862525,1.7389894242098338,drowsy
26,recuperacao,11,0.3991632795317597,0.6585208305355911,1.7449672399663376,drowsy
26,recuperacao,12,0.4017929443938086,0.6570486235208319,1.8273574303106728,drowsy
26,recuperacao,13,0.40610956407302085,0.6610683164186755,1.8027298986790548,drowsy
26,recuperacao,14,0.398667116350241,0.6641954849098105,1.813328969427338,drowsy
26,recuperacao,15,0.4039760623924906,0.6578267183357834,1.6996426374065305,drowsy
26,recuperacao,16,0.4001556058947969,0.6608487626278048,1.9011591195287993,drowsy
26,recuperacao,17,0.40432337661955364,0.662737605209549,1.7644144829415591,drowsy
26,recuperacao,18,0.40586148248226145,0.6664326375490042,1.7373515797431942,drowsy
26,recuperacao,19,0.4140481749773193,0.6701910986561989,1.6520329661987387,drowsy
26,recuperacao,20,0.39866711635024105,0.6588811442911781,1.6970342608869429,drowsy
26,recuperacao,21,0.4026364218023901,0.6642223651650839,1.768969960604279,drowsy
26,recuperacao,22,0.41747170092979813,0.6678173675759648,1.6765009588931088,drowsy
26,recuperacao,23,0.4006517690763156,0.6628404290534247,1.7582707024966722,drowsy
26,recuperacao,24,0.40318220130206084,0.667281006917648,1.77047447550044,drowsy
26,recuperacao,25,0.40695304148160255,0.6676635257740559,1.6569183201877813,drowsy
26,recuperacao,26,0.41360162811395257,0.6690512401798991,1.692648232202805,drowsy
26,recuperacao,27,0.41260930175091515,0.6646203983406784,1.7056284799082633,drowsy
26,recuperacao,28,0.41251006911461147,0.6718398600171063,1.6763917474730423,drowsy
26,recuperacao,29,0.41082311429744806,0.6651147744708982,1.7201891189159861,drowsy
26,recuperacao,30,0.4264026381971339,0.6764070346382408,1.6142701556169157,drowsy
26,recuperacao,31,0.4071515067542101,0.6661298051280689,1.7047753915070272,drowsy
26,recuperacao,32,0.3970297778512294,0.6585923311346289,1.7942094515617537,drowsy
26,recuperacao,33,0.4103269511159293,0.6624219550832625,1.7078491507735745,drowsy
26,recuperacao,34,0.40968193897995525,0.6703070921743627,1.65795663758229,drowsy
26,recuperacao,35,0.42511261392518535,0.6711966096310648,1.7154610034387918,drowsy
26,recuperacao,36,0.39276277449016883,0.6628791276596551,1.8278007648262045,drowsy
26,recuperacao,37,0.40343028289282007,0.6649715984233767,1.6692214289250857,drowsy
26,recuperacao,38,0.39440011298918054,0.6647243381717826,1.796669198774737,drowsy
26,recuperacao,39,0.4262537892426782,0.6819961363162832,1.5462526286722464,drowsy
26,recuperacao,40,0.4130558486142821,0.6729778840593313,1.745182808563601,drowsy
27,basal,0,0.36095871455482303,0.6891444473775155,1.7168520375127547,responsive
27,basal,1,0.3787213564531909,0.6708456045778748,1.849023923070654,responsive
27,basal,2,0.33848252243202787,0.6700130756603323,1.9627280737235555,responsive
27,basal,3,0.3605617840096081,0.6450391390296434,1.9054033766560434,responsive
27,basal,4,0.3665653585059839,0.6757409646769164,1.8898961733574877,responsive
27,basal,5,0.3648784036888204,0.681843663391456,1.8048523276722583,responsive
27,basal,6,0.3477111576082749,0.6573739786643022,1.797688562297786,responsive
27,basal,7,0.3663172769152245,0.6632411532560935,1.9585425448742928,responsive
27,basal,8,0.37147737400301856,0.6676746479966953,1.9136482131514325,responsive
27,basal,9,0.38348452299577,0.6616578200438302,1.8676608259168568,responsive
27,basal,10,0.3325781805719558,0.681576556935437,1.9851659339151366,responsive
27,basal,11,0.3728666309112707,0.6800472005869926,1.8808152530158717,responsive
27,basal,12,0.39077812176409427,0.674634786587516,1.7995954769558395,responsive
27,basal,13,0.38353413931392194,0.6767516943260127,1.7967215218879373,responsive
27,basal,14,0.38586610626705964,0.6783734565839006,1.9050657475695192,responsive
27,basal,15,0.38586610626705964,0.6677392239177206,1.8060343707077162,responsive
27,basal,16,0.37901905436210204,0.6724766590144483,1.7858602834079242,responsive
27,basal,17,0.3464707496544782,0.681660636349799,1.9561580069277098,responsive
27,basal,18,0.39395356612581367,0.6703305805453134,1.7615014386801642,responsive
27,basal,19,0.3642333915528461,0.6712507622910387,1.7970382957675535,responsive
27,basal,20,0.387602677402375,0.6740812378676486,1.8416854274833772,responsive
27,basal,21,0.3773320995449388,0.6664687767248956,1.8232382601757315,responsive
27,basal,22,0.3874538284479193,0.6742554101458174,1.7495405735470888,responsive
27,basal,23,0.3729658635475745,0.6748861559093656,1.9151097056292388,responsive
27,basal,24,0.39479704353439543,0.6787077970516172,1.7483522889400993,responsive
27,basal,25,0.3784236585442797,0.6699416079434622,1.8051332104545568,responsive
27,basal,26,0.3796640664980763,0.6783815124282118,1.8862579385285014,responsive
27,basal,27,0.35768403755679984,0.68450087524216,1.867753464992431,responsive
27,basal,28,0.3734620267290931,0.6782548477138541,1.8220543551621515,responsive
27,basal,29,0.3591725271013559,0.6660899144002288,1.9171524914393923,responsive
27,basal,30,0.3684507785957547,0.6711394783663823,1.8863530463233151,responsive
27,basal,31,0.36348914678056815,0.6814984689830782,1.9569418665789258,responsive
27,basal,32,0.38790037531128607,0.6771445687480269,1.8070174765999,responsive
27,basal,33,0.3893888648558421,0.6730555045822256,1.7477388394428888,responsive
27,basal,34,0.38164871922415106,0.6636986953031379,1.7907398393741554,responsive
27,basal,35,0.38417915144989623,0.6705105046772255,1.8711284680440836,responsive
27,basal,36,0.3765878547726606,0.6858135013250176,1.915179154011626,responsive
27,basal,37,0.3665653585059838,0.6920268590057512,1.8231875743245405,responsive
27,sedacao_leve,0,0.4990409279714654,0.7380946803709779,1.1882877656650104,responsive
27,sedacao_leve,1,0.478102841711378,0.7240684350932192,1.24553839861224,responsive
27,sedacao_leve,2,0.4692711370803458,0.7146641710695176,1.2610340680952048,responsive
27,sedacao_leve,3,0.4773585969390998,0.7233445526006251,1.249026842619949,responsive
27,sedacao_leve,4,0.47467931575889905,0.7206075592496904,1.2708305096912689,responsive
27,sedacao_leve,5,0.47214888353315404,0.7193330732527644,1.2385629317656475,responsive
27,sedacao_leve,6,0.46440873790146303,0.7187486286316953,1.2578600307816425,responsive
27,sedacao_leve,7,0.4946746919741012,0.7248806986978724,1.1717773246912198,responsive
27,sedacao_leve,8,0.48867111747772535,0.725468509406404,1.1717684207788919,responsive
27,sedacao_leve,9,0.4823698450724384,0.7260631730936529,1.276825046891501,responsive
27,sedacao_leve,10,0.48574375470676523,0.7256408109961809,1.1840734725053068,responsive
27,sedacao_leve,11,0.4769120500757332,0.7243302799077876,1.1902965864647743,responsive
27,sedacao_leve,12,0.48286600825395704,0.7270546369820055,1.2117367968735715,responsive
27,sedacao_leve,13,0.4582066981324798,0.7296484711153313,1.2622402083394793,responsive
27,sedacao_leve,14,0.4789463191199597,0.7269241417763785,1.2117830556311104,responsive
27,sedacao_leve,15,0.48346140407177945,0.7259789349088994,1.1884979837157943,responsive
27,sedacao_leve,16,0.4960143325642014,0.7263893318294115,1.2025265304929005,responsive
27,sedacao_leve,17,0.48921689697739584,0.730744989331099,1.1405346150823776,responsive
27,sedacao_leve,18,0.48455296307112045,0.7224934923329461,1.2224933638665332,responsive
27,sedacao_leve,19,0.4664926232638414,0.7204353492944503,1.1377805154117966,responsive
27,sedacao_leve,20,0.5113457748731279,0.7367739518503031,1.1539727876770525,responsive
27,sedacao_leve,21,0.4650041337192853,0.7187546225000438,1.3907594761550617,responsive
27,sedacao_leve,22,0.49561740201898663,0.7245241986746562,1.2331168576871672,responsive
27,sedacao_leve,23,0.4950716225193161,0.7243159169872893,1.2411210869254221,responsive
27,sedacao_leve,24,0.49586548360974597,0.7224248579740525,1.2366961814301654,responsive
27,sedacao_leve,25,0.48127828607309736,0.7379884961278494,1.1248920929153043,responsive
27,sedacao_leve,26,0.48142713502755297,0.7435244344248877,1.1198228766729355,responsive
27,sedacao_leve,27,0.4827667756176533,0.7484393759047832,1.2742977936452844,responsive
27,sedacao_leve,28,0.39881596530469654,0.7486987431017796,1.392181996705979,responsive
27,sedacao_leve,29,0.46500413371928534,0.7383168995350167,1.4008929237119847,responsive
27,sedacao_leve,30,0.45031770354633316,0.6999249876396373,1.4629576539638502,responsive
27,sedacao_leve,31,0.43543280810077334,0.6958762281210982,1.5892931919764823,responsive
27,sedacao_leve,32,0.4506650177733963,0.7278463890320624,1.4874089810544893,responsive
27,sedacao_leve,33,0.43994789305259313,0.7392563766839803,1.5498075868850327,responsive
27,sedacao_leve,34,0.45145887886382613,0.7441197515038415,1.4626585897552895,responsive
27,sedacao_leve,35,0.4525008215450153,0.727645382083042,1.5132443930022317,responsive
27,sedacao_leve,36,0.4091361594802847,0.7371466925359478,1.643025648685396,responsive
27,sedacao_leve,37,0.41022771847962575,0.7274067784248848,1.6822573726624526,responsive
27,sedacao_leve,38,0.47691205007573306,0.7378622114308854,1.3870257005912394,responsive
27,sedacao_leve,39,0.44287525582355325,0.7385641584029747,1.5628730859914313,responsive
27,sedacao_leve,40,0.4372686118723926,0.6939473832733116,1.4851917438824185,responsive
27,sedacao_moderada,0,0.43776477505391115,0.6987950658320822,1.5614552340924535,responsive
27,sedacao_moderada,1,0.4828163919358052,0.713147017744954,1.4101979906552804,responsive
27,sedacao_moderada,2,0.4613821424941993,0.693115227481207,1.6153046894345957,responsive
27,sedacao_moderada,3,0.41360162811395257,0.6680585426074256,1.437322956404596,responsive
27,sedacao_moderada,4,0.4239714386076924,0.6992463937031878,1.6469694927678125,responsive
27,sedacao_moderada,5,0.3855684083581485,0.6593979136186761,2.0562304226020487,responsive
27,sedacao_moderada,6,0.4541381600440268,0.6859401704493542,1.6175351025970461,responsive
27,sedacao_moderada,7,0.4336962369654582,0.6995503462158241,1.6883032998439629,responsive
27,sedacao_moderada,8,0.41781901515686115,0.6816146603952123,1.64684810512212,responsive
27,sedacao_moderada,9,0.4411386846882379,0.6784874031015219,1.7853095439409499,responsive
27,sedacao_moderada,10,0.4166778398393682,0.686013294445875,2.159594841935104,responsive
27,sedacao_moderada,11,0.40070138539446754,0.6694516124971969,1.9987711912162038,responsive
27,sedacao_moderada,12,0.39941136112251896,0.6698184897724477,1.8935687249282125,responsive
27,sedacao_moderada,13,0.43439086541958427,0.6776823195714224,1.9850527885730647,responsive
27,sedacao_moderada,14,0.4295284662407015,0.6746473747061905,1.9357661979730212,responsive
27,sedacao_moderada,15,0.37504974890995274,0.6673533088611198,2.153512124337161,responsive
27,sedacao_moderada,16,0.4029341197113014,0.6730334356396503,2.0499234755425344,responsive
27,sedacao_moderada,17,0.43463894701034356,0.6754892134809084,1.7684785914331995,responsive
27,sedacao_moderada,18,0.40635764566378013,0.6836179486883386,1.892405869249156,responsive
27,sedacao_moderada,19,0.3699888844584626,0.667778715839599,2.0991241620107783,responsive
27,sedacao_moderada,20,0.38730497949346365,0.6617840982862511,2.286644618144665,responsive
27,sedacao_moderada,21,0.4397494277799859,0.6787231235001874,1.805888143530113,responsive
27,sedacao_moderada,22,0.3984686510776336,0.6689659079815776,1.9860446718280433,responsive
27,sedacao_moderada,23,0.438509019826189,0.6755665673617541,1.8160879886657881,responsive
27,sedacao_moderada,24,0.36368761205317557,0.6553813534429255,2.5332222307552885,responsive
27,sedacao_moderada,25,0.4348374122829509,0.6641401512109584,2.0384097890447355,responsive
27,sedacao_moderada,26,0.4251622302433372,0.6653469319620784,2.028920224504928,responsive
27,sedacao_moderada,27,0.3564932459211551,0.6586847907647512,2.411515769994766,responsive
27,sedacao_moderada,28,0.384625698313263,0.6688920374147568,2.4243440180375835,responsive
27,sedacao_moderada,29,0.40903692684398096,0.6757521910355803,2.092847396566807,responsive
27,sedacao_moderada,30,0.4298261641496126,0.69227669187975,1.887616265504227,responsive
27,recuperacao,0,0.40417452766509815,0.7143094594420724,1.5684354085295564,responsive
27,recuperacao,1,0.40407529502879425,0.70208801873527,1.5161899760513278,responsive
27,recuperacao,2,0.4013960138485936,0.6954404129727224,1.6175897315147534,responsive
27,recuperacao,3,0.38938886485584207,0.6893698384478296,1.7533229702360649,responsive
27,recuperacao,4,0.3902323422644237,0.6971161254246736,1.74335777153231,responsive
27,recuperacao,5,0.38780114267498234,0.6924742469672003,1.7946778086460127,responsive
27,recuperacao,6,0.36517610159773156,0.7142062057855065,1.8054648001843856,responsive
27,recuperacao,7,0.39638476571525516,0.6888935317052087,1.61253052009232,responsive
27,recuperacao,8,0.3806067765429617,0.6899161879849091,1.5792419351927105,responsive
27,recuperacao,9,0.3622487388267715,0.6854135715850385,1.7251470718205493,responsive
27,recuperacao,10,0.353218568923132,0.6922580360017477,1.8483243758615229,responsive
27,recuperacao,11,0.39067888912779064,0.6800248844057682,1.6758895946056338,responsive
27,recuperacao,12,0.39990752430403764,0.6874090124434674,1.7033596733008602,responsive
27,recuperacao,13,0.3939535661258137,0.6792453008895314,1.6273847366318785,responsive
27,recuperacao,14,0.40437299293770546,0.6998113969103744,1.630508384059689,responsive
27,recuperacao,15,0.3950451251251548,0.7060974105200727,1.7683434949055015,responsive
27,recuperacao,16,0.4009494669852268,0.6863678176698111,1.6958766871618807,responsive
27,recuperacao,17,0.38164871922415095,0.6861546136847886,1.676481133482251,responsive
27,recuperacao,18,0.3499438919251088,0.7172777440758227,1.762387592060268,responsive
27,recuperacao,19,0.29382783609534874,0.7219918258383524,1.8739423104140172,responsive
27,recuperacao,20,0.4062584130274764,0.6750993207147207,1.7729716880046038,responsive
27,recuperacao,21,0.3653249505521871,0.6841171269929014,1.8655732121056547,responsive
27,recuperacao,22,0.36661497482413574,0.7231050506344802,1.8365827945129714,responsive
27,recuperacao,23,0.37802672799906484,0.6833819942026599,1.8783805879322355,responsive
27,recuperacao,24,0.3829883598142514,0.6739014336431539,1.7664415944826168,responsive
27,recuperacao,25,0.3974763247145962,0.6890773018902419,1.660086847056302,responsive
27,recuperacao,26,0.40407529502879425,0.6799352789613141,1.7048115799033496,responsive
27,recuperacao,27,0.3810037070881768,0.7056627949591114,1.7397709287347995,responsive
27,recuperacao,28,0.3639356936439349,0.7164250376538367,1.8076502013293836,responsive
27,recuperacao,29,0.39956021007697445,0.69157208911491,1.7470964931249233,responsive
27,recuperacao,30,0.40883846157137327,0.697919546972413,1.7036705128294698,responsive
27,recuperacao,31,0.4124108364783078,0.6982584131651904,1.6793675614826389,responsive
27,recuperacao,32,0.3641837752346943,0.6871282214929962,1.9117329873003326,responsive
27,recuperacao,33,0.40675457620899497,0.6972186687457684,1.4998542699710364,responsive
27,recuperacao,34,0.41910903942880956,0.6969780222021222,1.6705745118970101,responsive
27,recuperacao,35,0.40640726198193194,0.6855204112620237,1.6700719618303388,responsive
27,recuperacao,36,0.3998082916677338,0.6791540948558309,1.6428435060415747,responsive
27,recuperacao,37,0.40610956407302085,0.6810512353528204,1.6071902770573894,responsive
27,recuperacao,38,0.42352489174432567,0.6959079702083949,1.5641947844536608,responsive
27,recuperacao,39,0.44113868468823797,0.7122959027417783,1.4506715696190275,responsive
27,recuperacao,40,0.41727323565719054,0.7043099450110242,1.524354972475532,responsive
28,basal,0,0.4429744884598571,0.7129799396116724,1.459639547183268,responsive
28,basal,1,0.4262041729245265,0.7190591005587187,1.4387060589845222,responsive
28,basal,2,0.40253718916608655,0.7267088981519051,1.605364188237276,responsive
28,basal,3,0.4246164507436668,0.7174916688043704,1.4579865544770838,responsive
28,basal,4,0.38606457153966706,0.6989415795854759,1.6777555838982976,responsive
28,basal,5,0.3830875924505551,0.7272216638446005,1.488245514712178,responsive
28,basal,6,0.3807556254974174,0.7027024173885019,1.560962169910631,responsive
28,basal,7,0.38765229372052684,0.7038195061474719,1.5097139935718016,responsive
28,basal,8,0.4258072423793116,0.7082822594168656,1.479998723521684,responsive
28,basal,9,0.42054791265521374,0.7230859758189767,1.6904832412384847,responsive
28,basal,10,0.384625698313263,0.7183010631143482,1.6033008430754694,responsive
28,basal,11,0.42803997669614546,0.732082869726237,1.6033563744300336,responsive
28,basal,12,0.4176205498842536,0.7288305105390538,1.5333971633553962,responsive
28,basal,13,0.4111208122063592,0.7132255702597019,1.6147670910284884,responsive
28,basal,14,0.38740421212976744,0.7185773248937265,1.6193421422034862,responsive
28,basal,15,0.4423790926420346,0.7195447542090366,1.4778162627572333,responsive
28,basal,16,0.4277422787872342,0.7265810727658976,1.5462378875868217,responsive
28,basal,17,0.4087888452532215,0.7034646475955201,1.5114078383640572,responsive
28,basal,18,0.34691729651784503,0.7105323173070055,1.608035399831252,responsive
28,basal,19,0.3927627744901689,0.7152365095453613,1.504976321932449,responsive
28,basal,20,0.3918200644452834,0.7212769900116567,1.5743206179349982,responsive
28,basal,21,0.38988502803736075,0.7179061775395753,1.4228890678482295,responsive
28,basal,22,0.42158985533640286,0.721938544458025,1.6109526531996652,responsive
28,basal,23,0.4653514479463485,0.7229409840912244,1.3911853207720397,responsive
28,basal,24,0.4061591803911726,0.7156593324270525,1.6834435268193464,responsive
28,basal,25,0.4234752754261738,0.7260854644546151,1.5458316189396357,responsive
28,basal,26,0.434093167510673,0.7165133355078687,1.5101454920389488,responsive
28,basal,27,0.4506650177733962,0.72148375089743,1.514062683444187,responsive
28,basal,28,0.40457145821031304,0.7045421110208019,1.785359383039536,responsive
28,basal,29,0.4269484176968044,0.7117976195839019,1.5423184976967046,responsive
28,basal,30,0.4667407048546007,0.7406018606014719,1.3966379253905004,responsive
28,basal,31,0.4223837164268328,0.7218268524998638,1.5265006194089408,responsive
28,basal,32,0.47785476012061867,0.734500590262524,1.4178384911397528,responsive
28,basal,33,0.43091772314895366,0.7291485546557513,1.5525877510901365,responsive
28,basal,34,0.44743995709352496,0.7188575716745871,1.4122220960695178,responsive
28,basal,35,0.44600108386712084,0.7362210013604671,1.5805034377325946,responsive
28,basal,36,0.4301238620585239,0.7302147750943526,1.6111759898830706,responsive
28,sedacao_leve,0,0.46450797053776666,0.722118898490863,1.515391892220381,responsive
28,sedacao_leve,1,0.4349366449192548,0.7148513614245836,1.4992862590770757,responsive
28,sedacao_leve,2,0.43027271101297937,0.7037259673522218,1.559787686308499,responsive
28,sedacao_leve,3,0.4095827063436515,0.7007601434296076,1.6782756247228252,responsive
28,sedacao_leve,4,0.42893307042287904,0.6965190425499558,1.5638330078416793,responsive
28,sedacao_leve,5,0.4264522545152858,0.688815651149533,1.6302681806421149,responsive
28,sedacao_leve,6,0.43439086541958427,0.691640963740051,1.6040886368553813,responsive
28,sedacao_leve,7,0.40516685402813546,0.6858837410325638,1.6395111448791249,responsive
28,sedacao_leve,8,0.3913735175819167,0.6940181164272425,1.692453706450729,responsive
28,sedacao_leve,9,0.45498163745260856,0.7087904601941332,1.6166915397804467,responsive
28,sedacao_leve,10,0.4349862612374065,0.6969625776763246,1.7497473394499499,responsive
28,sedacao_leve,11,0.431910049511991,0.7079023524667063,1.6140492568890497,responsive
28,sedacao_leve,12,0.4247652996981223,0.6901531070222953,1.6929701579939676,responsive
28,sedacao_leve,13,0.435234342828166,0.7006752635477718,1.5825219038418827,responsive
28,sedacao_leve,14,0.4413867662789973,0.6982834761578424,1.4787052580315552,responsive
28,sedacao_leve,15,0.4580578491780241,0.7050219112712521,1.5865019580828283,responsive
28,sedacao_leve,16,0.4258072423793115,0.6986514303867146,1.6384329020996504,responsive
28,sedacao_leve,17,0.390877354400398,0.6934729056942829,1.6313336532600209,responsive
28,sedacao_leve,18,0.4266011034697413,0.6897844242661673,1.5799882397720484,responsive
28,sedacao_leve,19,0.4333489227383951,0.6990193451179377,1.4854950215799192,responsive
28,sedacao_leve,20,0.4390051830077078,0.7046737950841874,1.5832422352563449,responsive
28,sedacao_leve,21,0.4490276792743847,0.7089892030337535,1.6437013651433612,responsive
28,sedacao_leve,22,0.4149412687040529,0.7053048434337895,1.6223112373787565,responsive
28,sedacao_leve,23,0.43855863614434093,0.7029033077749259,1.7056936013115804,responsive
28,sedacao_leve,24,0.440047125688897,0.7068355853643414,1.6338391394793286,responsive
28,sedacao_leve,25,0.43563127337338087,0.7000385786397613,1.6002217070474762,responsive
28,sedacao_leve,26,0.4290323030591828,0.6892870327121083,1.583941698782553,responsive
28,sedacao_leve,27,0.43503587755555845,0.6973223105982036,1.5215933979399412,responsive
28,sedacao_leve,28,0.4323565963753578,0.689100982788104,1.5594176481396542,responsive
28,sedacao_leve,29,0.4254599281522484,0.6912297155574184,1.6925508349210567,responsive
28,sedacao_leve,30,0.41509011765850845,0.6923619412084018,1.659662876261421,responsive
28,sedacao_leve,31,0.40794536784463986,0.6899476773344647,1.7102548966032434,responsive
28,sedacao_leve,32,0.4486307487291697,0.6944515880672845,1.5373647164967519,responsive
28,sedacao_leve,33,0.43141388633047234,0.6869354623984907,1.731694312935176,responsive
28,sedacao_leve,34,0.42888345410472717,0.686259942808762,1.7112462139868867,responsive
28,sedacao_leve,35,0.43582973864598823,0.6911121045381199,1.6002269465108163,responsive
28,sedacao_leve,36,0.42674995242419694,0.687671862462706,1.6420678684297167,responsive
28,sedacao_leve,37,0.41315508125058564,0.6930522568113292,1.7023111735207836,responsive
28,sedacao_leve,38,0.4202998310644544,0.6903040331384164,1.610991864251164,responsive
28,sedacao_leve,39,0.4342420164651286,0.6983993795940263,1.5761175331694102,responsive
28,sedacao_moderada,0,0.44739034077537315,0.7062334016426617,1.3605171362425115,responsive
28,sedacao_moderada,1,0.44193254577866786,0.7023183152350441,1.497506288874102,responsive
28,sedacao_moderada,2,0.47140463876087607,0.7051135787287628,1.444162564670809,responsive
28,sedacao_moderada,3,0.4561228127701014,0.710142058238936,1.4810072639342031,responsive
28,sedacao_moderada,4,0.45329468263544515,0.7111454658363601,1.4693096048359549,responsive
28,sedacao_moderada,5,0.43617705287305153,0.7084703943355228,1.455687023439582,responsive
28,sedacao_moderada,6,0.4384097871898854,0.7056798780275819,1.5063474631213152,responsive
28,sedacao_moderada,7,0.4656987621734116,0.7063165854785958,1.2623740432793409,responsive
28,sedacao_moderada,8,0.4564701269971645,0.7079680922353072,1.4573852116572974,responsive
28,sedacao_moderada,9,0.4472414918209175,0.7073583896502404,1.452380001298879,responsive
28,sedacao_moderada,10,0.4738358383503175,0.7150688909368844,1.420228646165213,responsive
28,sedacao_moderada,11,0.455577033270431,0.7211127094117975,1.393945345981154,responsive
28,sedacao_moderada,12,0.43890595037140406,0.7168624889058502,1.4891146845416847,responsive
28,sedacao_moderada,13,0.45116118095491486,0.7104937835927092,1.4425302207080108,responsive
28,sedacao_moderada,14,0.4760685726671514,0.7119451626715169,1.4778852811396264,responsive
28,sedacao_moderada,15,0.4602409671767063,0.7062208114594992,1.44885764352166,responsive
28,sedacao_moderada,16,0.46123329353974357,0.7229082015128286,1.3700268519004926,responsive
28,sedacao_moderada,17,0.4798394128466931,0.7137635960002039,1.336238401278939,responsive
28,sedacao_moderada,18,0.45260005418131893,0.7062510694918347,1.4321477531997155,responsive
28,sedacao_moderada,19,0.4578097675872648,0.7143990844944973,1.4326484062768552,responsive
28,sedacao_moderada,20,0.4522527399542559,0.7099970062222625,1.4662263466361452,responsive
28,sedacao_moderada,21,0.45289775209023003,0.7125011982657884,1.4161766791623396,responsive
28,sedacao_moderada,22,0.4718015693060911,0.7145952358716968,1.4209676326446448,responsive
28,sedacao_moderada,23,0.46793149649024557,0.7155853790608167,1.294823023728536,responsive
28,sedacao_moderada,24,0.4665918559001452,0.7145498585857495,1.3409813177469454,responsive
28,sedacao_moderada,25,0.46743533330872694,0.7141323192059937,1.4184864389773328,responsive
28,sedacao_moderada,26,0.45785938390541675,0.7150394615718566,1.4002138797433628,responsive
28,sedacao_moderada,27,0.4633667952202738,0.710706261179262,1.4022863914358739,responsive
28,sedacao_moderada,28,0.4888695827503327,0.7256544349989936,1.320797866429821,responsive
28,sedacao_moderada,29,0.4818736818909198,0.729571786686337,1.3774351768651383,responsive
28,sedacao_moderada,30,0.4426271742327939,0.7200704471280028,1.528251298927772,responsive
28,sedacao_moderada,31,0.43955096250737824,0.7109551923696688,1.4139809854173992,responsive
28,sedacao_moderada,32,0.4419325457786679,0.709152989255158,1.4799379631114062,responsive
28,sedacao_moderada,33,0.47075962662490184,0.7161748960601575,1.362694907715914,responsive
28,sedacao_moderada,34,0.44868036504732156,0.719403945171484,1.4287702923587406,responsive
28,sedacao_moderada,35,0.45175657677273723,0.7131435935672216,1.5149083290998262,responsive
28,sedacao_moderada,36,0.4519054257271929,0.705410510985903,1.326609806244193,responsive
28,sedacao_moderada,37,0.4322077474209022,0.7120898955687402,1.435510308250952,responsive
28,sedacao_moderada,38,0.49859438110809856,0.7260375441652202,1.2561221003054721,responsive
28,sedacao_moderada,39,0.4882245706143587,0.7250662334444516,1.443956737951591,responsive
28,sedacao_moderada,40,0.4753243278948735,0.7174520848274514,1.2581408114136154,responsive
28,recuperacao,0,0.41489165238590103,0.7186184870678048,1.3791134582557483,responsive
28,recuperacao,1,0.424120287562148,0.7116906548859719,1.36255907633929,responsive
28,recuperacao,2,0.42238371642683276,0.7298084460709883,1.478394215307981,responsive
28,recuperacao,3,0.43582973864598834,0.720828540072903,1.4617507009268251,responsive
28,recuperacao,4,0.42084561056412495,0.7245746316508546,1.5243385475249718,responsive
28,recuperacao,5,0.4333489227383951,0.7228345352681894,1.5003666100171127,responsive
28,recuperacao,6,0.4155366645218752,0.7260116482817248,1.5281739555195846,responsive
28,recuperacao,7,0.37475205100104175,0.7085299950246321,1.5238211553467171,responsive
28,recuperacao,8,0.4018921770301122,0.7174032383177058,1.426746413572401,responsive
28,recuperacao,9,0.4142962565680788,0.7197087649050498,1.4508773808750848,responsive
28,recuperacao,10,0.4061591803911727,0.7004353374639115,1.42773561264255,responsive
28,recuperacao,11,0.4242691365166036,0.7029805630603763,1.544172643403034,responsive
28,recuperacao,12,0.4111208122063592,0.705903011866427,1.5333429636595366,responsive
28,recuperacao,13,0.41990290051923945,0.7020046701679015,1.4175480275032344,responsive
28,recuperacao,14,0.41072388166114443,0.7088695112529876,1.5877291888327925,responsive
28,recuperacao,15,0.43900518300770786,0.7236634103308159,1.364396989799596,responsive
28,recuperacao,16,0.45294736840838207,0.7313719264076184,1.3771639764191914,responsive
28,recuperacao,17,0.4278911277416898,0.7147799135769071,1.4241936220403297,responsive
28,recuperacao,18,0.427146882969412,0.7105977240515045,1.4372865374638624,responsive
28,recuperacao,19,0.43439086541958427,0.7041643487751568,1.337322006679828,responsive
28,recuperacao,20,0.4172236193390387,0.7102321140330797,1.5567366073858162,responsive
28,recuperacao,21,0.4390051830077078,0.714514759764741,1.3610214908045495,responsive
28,recuperacao,22,0.4290819193773346,0.7166887239984129,1.4165814565851873,responsive
28,recuperacao,23,0.448134585547651,0.7165379520115214,1.3613925952460046,responsive
28,recuperacao,24,0.4043729929377055,0.7171120224355442,1.5350697973384544,responsive
28,recuperacao,25,0.41886095783805033,0.7177766843114659,1.4514891522700766,responsive
28,recuperacao,26,0.43503587755555856,0.7155485688963361,1.5173276740675077,responsive
28,recuperacao,27,0.4314138863304723,0.7098062487809139,1.4289042417460611,responsive
28,recuperacao,28,0.47691205007573306,0.7488248573725135,1.422738211724483,responsive
28,recuperacao,29,0.43865786878064467,0.7396748704519877,1.4869769756383848,responsive
28,recuperacao,30,0.4188113415198984,0.7278041071747476,1.4436161616946586,responsive
28,recuperacao,31,0.37375972463800433,0.7209234139262789,1.5250429778354282,responsive
28,recuperacao,32,0.42818882565060096,0.7160957508932356,1.4326555277510076,responsive
28,recuperacao,33,0.43647475078196263,0.7341707978831871,1.448379314067341,responsive
28,recuperacao,34,0.47110694085196486,0.7613317442680784,1.465257297046613,responsive
28,recuperacao,35,0.4526992868176226,0.7371184489889776,1.37011188544221,responsive
28,recuperacao,36,0.4291811520136383,0.7211133439512017,1.4051883456685674,responsive
28,recuperacao,37,0.4106742653429924,0.7132861207278408,1.5530754996260312,responsive
28,recuperacao,38,0.45284813577207833,0.7289699203195056,1.4599497117791076,responsive
29,basal,0,0.4163305256123051,0.6972513828976817,1.5967169456040078,responsive
29,basal,1,0.42312796119911084,0.6928843042706571,1.5344610997962767,responsive
29,basal,2,0.4161816766578495,0.6914721029081443,1.5345691613548242,responsive
29,basal,3,0.43920364828031533,0.693921479482778,1.4880423273893508,responsive
29,basal,4,0.4185632599291391,0.6847289916095457,1.753044941873182,responsive
29,basal,5,0.4220364021997696,0.6745884274587937,1.6892486214161153,responsive
29,basal,6,0.41861287624729093,0.6848339390654984,1.6620631250312554,responsive
29,basal,7,0.4118154406604855,0.6771642196104062,1.7576492930853234,responsive
29,basal,8,0.4386082524624928,0.6827997482685476,1.5691466894529615,responsive
29,basal,9,0.4381120892809742,0.6838886082336517,1.6782424243228353,responsive
29,basal,10,0.4273453482420193,0.6752885006781877,1.686782194862512,responsive
29,basal,11,0.4145939544769899,0.6811210998234446,1.738776534835109,responsive
29,basal,12,0.4255591607885521,0.6797289609090952,1.6175310083521344,responsive
29,basal,13,0.4231279611991108,0.6718919425986578,1.7044178709195652,responsive
29,basal,14,0.4310665721034092,0.6872382849062887,1.6626227265771414,responsive
29,basal,15,0.429726931513309,0.687718221821938,1.5880759853641087,responsive
29,basal,16,0.41896019047435407,0.6808174239100608,1.6302133611032896,responsive
29,basal,17,0.42273103065389583,0.6804040559966996,1.6810632169251225,responsive
29,basal,18,0.42933000096809393,0.686183719048257,1.6959730376626625,responsive
29,basal,19,0.4207959942459731,0.6729636427187927,1.7556613825948073,responsive
29,basal,20,0.4145939544769897,0.6659314730541496,1.7679736740488459,responsive
29,basal,21,0.41499088502220477,0.6725162928405197,1.8408731226022381,responsive
29,basal,22,0.4076476699357287,0.673597815044552,1.7558290037155242,responsive
29,basal,23,0.41945635365587275,0.671203817948429,1.7315646269775355,responsive
29,basal,24,0.4111208122063592,0.6686268468368649,1.9014056010945521,responsive
29,basal,25,0.4156855134763308,0.6757246295101301,1.773971265333575,responsive
29,basal,26,0.4276926624690824,0.6761652271946113,1.71668105283062,responsive
29,basal,27,0.41697553774827945,0.6858318933625576,1.826686813241434,responsive
29,basal,28,0.4157847461126346,0.6739629042582471,1.698107650404239,responsive
29,basal,29,0.41082311429744817,0.6755319551680491,1.7420733138673685,responsive
29,basal,30,0.4083919147080066,0.6680532332275262,1.7813030648734995,responsive
29,basal,31,0.4112696611608148,0.670036234186908,1.7685947293211588,responsive
29,basal,32,0.41910903942880967,0.680286221808137,1.7649355112951086,responsive
29,basal,33,0.42034944738260627,0.6802331618948702,1.7392209006363115,responsive
29,basal,34,0.42441798547105924,0.6750756713440635,1.7615150071121968,responsive
29,basal,35,0.41697553774827945,0.6714530131170382,1.8290232249228242,responsive
29,basal,36,0.41910903942880967,0.6681068975030349,1.8206655399228897,responsive
29,basal,37,0.41915865574696154,0.6709457006246646,1.8727584172803842,responsive
29,basal,38,0.40913615948028464,0.6684979456793859,1.862040087185461,responsive
29,basal,39,0.4169259214301275,0.6738833743973027,1.751494480726969,responsive
29,basal,40,0.4163305256123051,0.6742561811103064,1.7172982064078288,responsive
29,basal,41,0.4149412687040529,0.6708376894037754,1.7089846655168106,responsive
29,sedacao_leve,0,0.435978587600444,0.6855275283095332,1.6234524453013117,responsive
29,sedacao_leve,1,0.43240621269350965,0.682753883740679,1.7088177759480967,responsive
29,sedacao_leve,2,0.4241202875621481,0.6847327752937711,1.7244256007040244,responsive
29,sedacao_leve,3,0.4353335754644697,0.6794465481511622,1.6639703049591612,responsive
29,sedacao_leve,4,0.4375166934631518,0.6830503050702077,1.67355990353207,responsive
29,sedacao_leve,5,0.43305122482948394,0.6785809657848554,1.721205928908515,responsive
29,sedacao_leve,6,0.42600570765191886,0.679951811613667,1.7623698797359073,responsive
29,sedacao_leve,7,0.44972230772851074,0.6923978572672084,1.5674251347936385,responsive
29,sedacao_leve,8,0.44600108386712084,0.6905858674844969,1.6109588397042058,responsive
29,sedacao_leve,9,0.4351351101918623,0.6810584651834602,1.7204425426543208,responsive
29,sedacao_leve,10,0.43960057882553005,0.6882238149200319,1.7688891607160868,responsive
29,sedacao_leve,11,0.44118830100638984,0.6801634168216328,1.6904598290025588,responsive
29,sedacao_leve,12,0.425608777106704,0.681545148059916,1.7254723580329396,responsive
29,sedacao_leve,13,0.4157847461126346,0.6812796634006487,1.8400709759352065,responsive
29,sedacao_leve,14,0.457760151269113,0.6998020723345879,1.449475238449405,responsive
29,sedacao_leve,15,0.4411883010063898,0.6841353515717685,1.5435450691924741,responsive
29,sedacao_leve,16,0.4391044156440116,0.6805505453942824,1.7124781335152675,responsive
29,sedacao_leve,17,0.43503587755555845,0.6888446112942245,1.6952045028977678,responsive
29,sedacao_leve,18,0.430371943649283,0.68457801691199,1.7417665736603238,responsive
29,sedacao_leve,19,0.44600108386712084,0.6876633641657341,1.6811567739111808,responsive
29,sedacao_leve,20,0.4412875336426936,0.6832018479813,1.738835612370722,responsive
29,sedacao_leve,21,0.4297269315133089,0.6811187337262853,1.6644331243989197,responsive
29,sedacao_leve,22,0.43607782023674774,0.680506518707355,1.619220149625168,responsive
29,sedacao_leve,23,0.4464972470486395,0.6874447122723765,1.7748128064172521,responsive
29,sedacao_leve,24,0.427841511423538,0.6840679455380136,1.7464681293122457,responsive
29,sedacao_leve,25,0.45785938390541675,0.6928385116417752,1.611310487490182,responsive
29,sedacao_leve,26,0.43374585328361,0.6892231465097777,1.7787177725811287,responsive
29,sedacao_leve,27,0.42605532397007073,0.6826641761815087,1.668906976087313,responsive
29,sedacao_leve,28,0.42471568337997045,0.6917907422382004,1.737997324311794,responsive
29,sedacao_leve,29,0.42392182228954056,0.6934881185457624,1.6831673837360654,responsive
29,sedacao_moderada,0,0.4616302240849585,0.701479084421695,1.5686859124610735,responsive
29,sedacao_moderada,1,0.47830130698398543,0.6974495267195083,1.713833433512347,responsive
29,sedacao_moderada,2,0.4620271546301734,0.6923387612206047,1.668792566574397,responsive
29,sedacao_moderada,3,0.44605070018527265,0.6911366238697637,1.7918693601453115,responsive
29,sedacao_moderada,4,0.44530645541299474,0.6959168708783223,1.7223695252397482,responsive
29,sedacao_moderada,5,0.4457530022763616,0.6876542246124032,1.7708046093187966,responsive
29,sedacao_moderada,6,0.4480353529113474,0.6891493834409624,1.8164018156717157,responsive
29,sedacao_moderada,7,0.4566189759516202,0.6951145597275028,1.6757054325189435,responsive
29,sedacao_moderada,8,0.44094021941563044,0.69817507878709,1.7231484736851896,responsive
29,sedacao_moderada,9,0.4597944203133395,0.6927091485439769,1.7731359584204958,responsive
29,sedacao_moderada,10,0.46485528476482985,0.6939094998067219,1.7173057028404206,responsive
29,sedacao_moderada,11,0.4571647554512907,0.6957135994247965,1.7767610208924456,responsive
29,sedacao_moderada,12,0.47800360907507433,0.7059163501560194,1.7181448796975698,responsive
29,sedacao_moderada,13,0.48494989361633545,0.7065333330200296,1.6062145927777274,responsive
29,sedacao_moderada,14,0.46321794626581825,0.6970737054533968,1.6695170138395543,responsive
29,sedacao_moderada,15,0.46301948099321083,0.6975866456789157,1.7610596373673522,responsive
29,sedacao_moderada,16,0.46812996176285304,0.6971251906707844,1.703713915271601,responsive
29,sedacao_moderada,17,0.4778547601206186,0.6995225826022936,1.6606133124302755,responsive
29,sedacao_moderada,18,0.4697673002618645,0.699842984265733,1.6676937160796417,responsive
29,sedacao_moderada,19,0.46912228812589024,0.6937764816103046,1.6982940913917213,responsive
29,sedacao_moderada,20,0.4575616859965056,0.7014514969548519,1.7505369871021816,responsive
29,sedacao_moderada,21,0.4586036286776948,0.6965988078805391,1.6742235217351011,responsive
29,sedacao_moderada,22,0.46287063203875517,0.6957066117598263,1.7593719708024866,responsive
29,sedacao_moderada,23,0.463317178902122,0.6974774182261329,1.8229166588902703,responsive
29,sedacao_moderada,24,0.459992885585947,0.6924949865282293,1.7667923452081966,responsive
29,sedacao_moderada,25,0.46927113708034585,0.6936362965615765,1.77475706124123,responsive
29,sedacao_moderada,26,0.45279851945392646,0.6992396800501246,1.785305917208711,responsive
29,sedacao_moderada,27,0.479541714937782,0.7011092842512893,1.60676649628746,responsive
29,sedacao_moderada,28,0.47001538185262387,0.7010992557611346,1.6484406621824421,responsive
29,sedacao_moderada,29,0.46912228812589035,0.6944591273202331,1.803950393242714,responsive
29,sedacao_moderada,30,0.4692711370803459,0.7029592798339227,1.6723624475773005,responsive
29,sedacao_moderada,31,0.4663437743093858,0.6983432652292523,1.7132089702684454,responsive
29,sedacao_moderada,32,0.46530183162819666,0.6973739888950612,1.7481288908792048,responsive
29,sedacao_moderada,33,0.4585540123595429,0.7005117465644237,1.6975456576159103,responsive
29,sedacao_moderada,34,0.4705611613522944,0.6967923781340681,1.6717969655508795,responsive
29,sedacao_moderada,35,0.45423739268033053,0.6959911851586266,1.7356560887542245,responsive
29,sedacao_moderada,36,0.4832133224810201,0.6955856359720952,1.704732910833103,responsive
29,sedacao_moderada,37,0.46971768394371266,0.6968384324472551,1.7225677947615592,responsive
29,sedacao_moderada,38,0.47314120989619135,0.6932061419145019,1.6880703612811137,responsive
29,sedacao_moderada,39,0.47725936430279636,0.6944771669111544,1.6706103444535825,responsive
29,sedacao_moderada,40,0.45121079727306684,0.6848850861474156,1.8822344465114418,responsive
29,recuperacao,0,0.409384241071044,0.6716125414147699,1.765732544627618,responsive
29,recuperacao,1,0.3983198021231778,0.6666844526666574,1.7962937317039527,responsive
29,recuperacao,2,0.4102277184796258,0.6691178469941741,1.7456311998388199,responsive
29,recuperacao,3,0.418215945702076,0.6744231785857546,1.6803344968835814,responsive
29,recuperacao,4,0.41638014193045697,0.6836341605740587,1.6606293248893724,responsive
29,recuperacao,5,0.39618630044264763,0.6735278000767535,1.772991339000012,responsive
29,recuperacao,6,0.4017433280756566,0.6746015679861082,1.788675202944414,responsive
29,recuperacao,7,0.4198532842010876,0.6838327568782699,1.6547933693911487,responsive
29,recuperacao,8,0.4129069996598264,0.6816706752138727,1.812822586448395,responsive
29,recuperacao,9,0.4352839591463178,0.6893947690475619,1.660654438069979,responsive
29,recuperacao,10,0.4303223273311313,0.6840018774692636,1.6750542874557703,responsive
29,recuperacao,11,0.41499088502220477,0.6920634948249179,1.7950886821003647,responsive
29,recuperacao,12,0.41340316284134504,0.6874421635119695,1.8164785111129955,responsive
29,recuperacao,13,0.4323069800572059,0.6856836131885004,1.6753486658595753,responsive
29,recuperacao,14,0.4142466402499267,0.6797795887680104,1.849997597921813,responsive
29,recuperacao,15,0.4135520117958007,0.6733878062589144,1.8770142589306453,responsive
29,recuperacao,16,0.40169371175750473,0.6776215649741955,1.8763885388699004,responsive
29,recuperacao,17,0.4460010838671209,0.6989176353821037,1.5534604195562796,responsive
29,recuperacao,18,0.43354738801100257,0.6964627101482684,1.6779108236306701,responsive
29,recuperacao,19,0.41811671306577225,0.6975721623719227,1.813070021396828,responsive
29,recuperacao,20,0.40258680548423825,0.6745878400706912,1.883715443011772,responsive
29,recuperacao,21,0.40918577579843646,0.6747810449025221,1.80847198064759,responsive
29,recuperacao,22,0.40432337661955364,0.6745683054443335,1.7786129827194328,responsive
29,recuperacao,23,0.4046210745284648,0.6756662138103561,1.8137953243597518,responsive
29,recuperacao,24,0.4103765674340813,0.6770774156983633,1.799955157681648,responsive
29,recuperacao,25,0.42908191937733453,0.6885577120112387,1.5700868819918274,responsive
29,recuperacao,26,0.3925146928994096,0.6708364888728597,1.8768862838770846,responsive
29,recuperacao,27,0.4241699038803,0.6849646081556363,1.7156452732836533,responsive
29,recuperacao,28,0.4132046975687377,0.6811389982514342,1.7805702137653416,responsive
29,recuperacao,29,0.42402105492584435,0.6770600078607422,1.576731119203081,responsive
29,recuperacao,30,0.4214906227000992,0.6858758221012868,1.7571014684136737,responsive
29,recuperacao,31,0.419357121019569,0.6931317019675417,1.7139519822562599,responsive
29,recuperacao,32,0.4317115842393835,0.6830813031352156,1.620440787138494,responsive
29,recuperacao,33,0.43022309469482756,0.6763123259692262,1.7165183024643518,responsive
29,recuperacao,34,0.42154023901825105,0.6783492046111982,1.756622263885729,responsive
29,recuperacao,35,0.42302872856280704,0.6850650563089042,1.6807246329339858,responsive
29,recuperacao,36,0.4323565963753579,0.6944721833203836,1.640602423761343,responsive
29,recuperacao,37,0.43592897128229213,0.6860717556000416,1.634512271054164,responsive
29,recuperacao,38,0.42749419719647497,0.6806292201716726,1.6626537293225205,responsive
29,recuperacao,39,0.42764304615093046,0.6874904434473188,1.6742035582644763,responsive
29,recuperacao,40,0.41861287624729104,0.6849552452092759,1.7687353584859318,responsive
